PDE,BC,IC,Data
11829.1025390625,11278.0224609375,74669.359375,23437.666015625
10522.412109375,10558.93359375,74647.0,23433.09765625
2550.349609375,5548.4765625,74449.609375,23392.447265625
627.0112915039062,1130.21484375,74126.953125,23275.515625
564.2803344726562,391.6917724609375,73880.359375,23136.80078125
266.46710205078125,1103.1236572265625,72881.734375,22588.62109375
541.9946899414062,1750.4619140625,69850.328125,20960.2578125
16965.296875,6772.7080078125,60274.9140625,15962.580078125
12360.2685546875,38119.16796875,61801.9765625,17189.8203125
2646.7529296875,7256.68017578125,58212.703125,15032.05078125
972.0159912109375,2595.11279296875,58141.65625,15027.8955078125
2687.329833984375,1792.0557861328125,57743.51171875,14844.4931640625
386.8488464355469,1215.242431640625,57677.92578125,14774.138671875
241.6891326904297,599.069580078125,57623.890625,14756.08984375
229.24472045898438,346.7792663574219,57247.953125,14586.71484375
518.1309204101562,1303.142333984375,55848.3046875,13937.7646484375
700.37255859375,3005.8447265625,50979.28125,11769.8369140625
8573.9736328125,10642.8740234375,37581.375,6313.630859375
11656.6142578125,29723.671875,36755.0859375,6270.861328125
17572.072265625,7785.5185546875,33511.09375,5100.5771484375
2537.9658203125,5033.04541015625,34796.14453125,5438.359375
915.8410034179688,5926.20849609375,32748.9375,4747.380859375
5026.576171875,10336.296875,29721.8125,3904.8310546875
1978.9229736328125,9475.650390625,25103.75,2699.99169921875
3046.151611328125,7731.6279296875,22428.103515625,2160.796142578125
3046.151611328125,7731.6279296875,22428.103515625,2160.796142578125
14780.1171875,6567.29052734375,16610.541015625,1492.502685546875
1925.1719970703125,1825.7344970703125,14256.74609375,1510.271728515625
1255.6390380859375,1185.580322265625,14717.126953125,1484.6982421875
938.8651123046875,638.6475219726562,13531.3486328125,1526.2835693359375
515.2926025390625,395.61114501953125,12566.931640625,1615.0137939453125
334.7934875488281,349.9322509765625,12520.90625,1613.161865234375
254.09176635742188,334.1225280761719,12703.708984375,1581.8948974609375
225.21676635742188,370.4787292480469,13103.41015625,1506.5035400390625
166.96029663085938,284.9397888183594,12971.171875,1497.7611083984375
192.78257751464844,304.75701904296875,12326.564453125,1501.65966796875
205.1894989013672,334.508056640625,11681.2587890625,1528.3048095703125
260.0372009277344,669.694091796875,11872.05859375,1445.0908203125
164.0493927001953,394.9292297363281,11839.953125,1438.87841796875
165.71934509277344,350.2953186035156,12035.81640625,1405.48583984375
156.29342651367188,291.22320556640625,12351.63671875,1349.68408203125
215.0753936767578,218.8512725830078,12320.810546875,1319.5679931640625
189.93289184570312,390.4180908203125,11748.712890625,1308.447509765625
470.05267333984375,504.6945495605469,11580.3720703125,1261.424072265625
456.6388854980469,426.1127014160156,11004.5380859375,1285.4901123046875
277.1406555175781,368.6463623046875,10349.1513671875,1352.2406005859375
277.1406555175781,368.6463623046875,10349.1513671875,1352.2406005859375
358.09246826171875,318.45819091796875,10371.3515625,1323.2315673828125
683.6466674804688,436.87005615234375,10508.6337890625,1230.7666015625
684.2686157226562,654.4374389648438,10611.783203125,1152.53564453125
965.8607177734375,658.4383544921875,10381.8515625,1075.125732421875
1104.720458984375,1144.0618896484375,9116.4052734375,1120.5440673828125
1022.9087524414062,725.49609375,9642.29296875,1086.736083984375
1004.2506103515625,807.0769653320312,8981.7314453125,1107.4814453125
873.4801635742188,596.461669921875,8980.5458984375,1097.9425048828125
850.9962158203125,678.3854370117188,9079.576171875,1041.747314453125
908.8704223632812,528.1799926757812,8989.4462890625,965.00439453125
473.5072326660156,796.7232666015625,8202.6494140625,856.706787109375
1523.5316162109375,5464.0341796875,7714.298828125,682.9396362304688
544.1071166992188,1049.0311279296875,7809.1259765625,744.7066650390625
1113.4527587890625,1719.982666015625,7104.0087890625,783.0022583007812
514.382568359375,875.392822265625,7555.681640625,752.3855590820312
1178.3065185546875,2141.574462890625,5974.53759765625,722.6511840820312
709.1702880859375,1122.8785400390625,6654.09326171875,728.7301635742188
1078.636474609375,1122.30859375,6368.34912109375,670.490966796875
989.1411743164062,1424.912109375,6065.8427734375,625.4873046875
1115.08837890625,2080.747314453125,5533.5224609375,553.3994750976562
568.9506225585938,2926.058837890625,5216.76806640625,572.3533935546875
789.026123046875,2056.27880859375,5385.41259765625,554.7359008789062
1014.5571899414062,2103.25927734375,5567.1103515625,482.87872314453125
633.2705688476562,1289.8060302734375,5579.0576171875,493.66595458984375
633.2705688476562,1289.8060302734375,5579.0576171875,493.66595458984375
536.8395385742188,1449.16455078125,4781.2587890625,516.3230590820312
731.6583251953125,1437.776123046875,4542.57275390625,471.3052978515625
934.4390258789062,1656.2838134765625,4023.29638671875,410.5400695800781
777.85595703125,1471.6044921875,4351.314453125,366.99005126953125
1223.6585693359375,1210.887939453125,3599.430908203125,334.2579040527344
492.6219482421875,1549.1202392578125,3252.6982421875,359.29962158203125
789.2662353515625,1613.0703125,2975.10791015625,315.9515686035156
828.4683227539062,1259.9859619140625,2921.83642578125,304.6313781738281
643.3605346679688,1381.785888671875,2706.25732421875,277.0250244140625
1761.6993408203125,1746.0751953125,1750.9892578125,201.7183837890625
1066.433837890625,1573.849609375,2086.90771484375,223.99041748046875
641.7340087890625,2238.523193359375,1846.448974609375,200.2483673095703
741.8834838867188,2034.70263671875,1774.17919921875,196.97994995117188
665.1002807617188,2131.353759765625,1717.212646484375,199.70362854003906
698.427001953125,2021.2265625,1744.375732421875,197.22195434570312
816.7506713867188,2017.61767578125,1551.825927734375,188.67462158203125
782.8870239257812,2055.587158203125,1498.2135009765625,171.6071319580078
1000.130126953125,2263.730224609375,1140.615478515625,125.76611328125
484.436279296875,2505.2060546875,1353.0703125,124.6510238647461
634.9149169921875,2290.19287109375,1265.139404296875,119.46266174316406
692.8118896484375,2235.937744140625,1232.127197265625,118.56065368652344
723.2230224609375,2250.618408203125,1170.671630859375,114.24681854248047
723.2230224609375,2250.618408203125,1170.671630859375,114.24681854248047
709.6776123046875,2236.288330078125,1159.107177734375,110.5230712890625
715.0686645507812,2180.62841796875,1150.361328125,107.56380462646484
667.9300537109375,2124.55908203125,1178.291259765625,105.47725677490234
620.95654296875,2144.343994140625,1180.1435546875,101.0658187866211
586.3026733398438,2187.549560546875,1141.249267578125,95.32868957519531
577.257080078125,2215.340576171875,1089.998291015625,87.85841369628906
638.3682861328125,2159.884765625,1013.25,79.51609802246094
524.3477783203125,2291.767578125,933.5786743164062,74.65164184570312
602.0344848632812,2205.36376953125,923.578369140625,71.4880142211914
547.4984741210938,2196.302734375,954.0924072265625,70.34577941894531
551.3701782226562,2169.7890625,951.652587890625,68.32649993896484
534.46728515625,2126.81640625,961.8181762695312,65.30388641357422
501.15582275390625,2121.88232421875,944.7264404296875,61.08463668823242
549.8630981445312,2013.745849609375,948.6783447265625,57.72080612182617
381.41510009765625,2118.986083984375,962.864990234375,55.28059005737305
541.0243530273438,1952.7969970703125,931.9420166015625,54.10026168823242
520.9898071289062,1961.497802734375,921.7772216796875,52.519447326660156
514.8138427734375,1973.60302734375,901.4169921875,51.88901138305664
510.6814880371094,1994.36279296875,880.4620971679688,50.670047760009766
545.1240844726562,1985.5684814453125,850.6248779296875,48.4899787902832
545.1240844726562,1985.5684814453125,850.6248779296875,48.4899787902832
552.9616088867188,1973.267822265625,837.6295166015625,46.9222297668457
576.424560546875,1946.498779296875,823.0433349609375,44.70189666748047
534.7030639648438,1941.364013671875,844.288818359375,43.40964889526367
485.5596008300781,1964.8358154296875,845.3419189453125,40.50886154174805
474.267822265625,1944.815185546875,849.6516723632812,38.65211868286133
458.14794921875,1921.0950927734375,844.6881713867188,35.85960388183594
487.4201354980469,1842.960693359375,843.7603149414062,32.70754623413086
441.949462890625,1865.09033203125,834.2242431640625,30.826208114624023
479.9085998535156,1840.8280029296875,815.34912109375,30.744922637939453
458.3905944824219,1845.6690673828125,823.3912353515625,29.75834846496582
423.0719909667969,1868.9072265625,809.9900512695312,28.976741790771484
429.24871826171875,1844.607177734375,801.0999755859375,28.370939254760742
404.3349609375,1862.948974609375,789.3203125,26.922407150268555
415.9701232910156,1844.14453125,782.259033203125,26.33737564086914
430.32073974609375,1842.347412109375,762.8099975585938,25.742639541625977
423.6602783203125,1853.3206787109375,754.5164794921875,24.88738441467285
406.8423156738281,1874.21728515625,745.5814208984375,24.024105072021484
430.26007080078125,1840.1275634765625,748.3760986328125,23.409860610961914
393.1003723144531,1849.2432861328125,768.4109497070312,23.377927780151367
406.4652404785156,1801.399658203125,792.4105224609375,23.562841415405273
402.9984436035156,1774.4947509765625,811.2503662109375,23.7923641204834
402.9984436035156,1774.4947509765625,811.2503662109375,23.7923641204834
400.6796875,1748.3436279296875,824.842041015625,23.6225643157959
395.6039123535156,1740.416259765625,820.7717895507812,22.721338272094727
390.0182800292969,1727.2384033203125,815.380859375,21.930044174194336
369.51629638671875,1745.855224609375,784.221435546875,20.883769989013672
388.01904296875,1713.7733154296875,771.6678466796875,20.719619750976562
393.8338928222656,1689.54638671875,778.4803466796875,20.464778900146484
385.03369140625,1667.72119140625,799.7957763671875,20.57042121887207
389.0130615234375,1629.96484375,823.0927734375,20.84320068359375
367.561279296875,1630.59326171875,834.021484375,20.984560012817383
365.4392395019531,1611.2630615234375,841.307861328125,20.891551971435547
343.0223388671875,1627.551513671875,833.7149658203125,20.214933395385742
353.5163879394531,1605.969482421875,817.0928955078125,20.40468978881836
360.3313903808594,1606.9951171875,793.8060302734375,19.700395584106445
341.741455078125,1610.307861328125,793.2581787109375,19.873552322387695
386.3094482421875,1527.584716796875,813.778564453125,20.229711532592773
366.8946533203125,1534.3037109375,819.6622314453125,20.22220230102539
373.353515625,1519.013916015625,823.0872802734375,20.057065963745117
392.55731201171875,1511.6510009765625,800.1148071289062,19.165992736816406
398.8451232910156,1526.4522705078125,764.4791259765625,18.250383377075195
408.72210693359375,1527.0927734375,741.9869995117188,18.193361282348633
408.72210693359375,1527.0927734375,741.9869995117188,18.193361282348633
382.6473083496094,1540.1326904296875,744.34033203125,18.07417869567871
364.71807861328125,1539.8291015625,754.8582763671875,18.370874404907227
371.8279724121094,1521.039794921875,763.5587158203125,18.323516845703125
369.0908203125,1506.3876953125,771.896484375,18.404123306274414
355.0859680175781,1484.8223876953125,780.7742919921875,18.302553176879883
388.0712890625,1426.275390625,762.5013427734375,21.40596580505371
355.9080810546875,1477.5028076171875,738.1971435546875,19.41471290588379
366.03863525390625,1490.4442138671875,716.32568359375,18.364805221557617
365.74908447265625,1496.4354248046875,698.634521484375,18.557830810546875
363.47247314453125,1502.4967041015625,686.948486328125,18.754568099975586
353.7008361816406,1516.3804931640625,676.1663818359375,18.754947662353516
353.15216064453125,1513.717041015625,672.961669921875,18.60979461669922
338.5290832519531,1521.3968505859375,671.4118041992188,18.613618850708008
333.67767333984375,1507.294921875,675.9664916992188,19.06320571899414
332.9483337402344,1495.03515625,670.3424072265625,19.579105377197266
344.3153076171875,1472.459228515625,658.3037719726562,20.206113815307617
354.818359375,1475.5283203125,630.0045166015625,19.89151382446289
355.1872863769531,1462.3424072265625,628.9228515625,19.789630889892578
359.5151672363281,1435.815185546875,639.4610595703125,18.93492317199707
332.0529479980469,1435.749755859375,652.3189697265625,19.44164276123047
332.0529479980469,1435.749755859375,652.3189697265625,19.44164276123047
340.9471740722656,1403.923095703125,667.3416748046875,19.520334243774414
333.1026306152344,1402.97900390625,668.4417114257812,19.85001564025879
343.13201904296875,1385.343505859375,663.140625,20.389856338500977
324.1553039550781,1395.3756103515625,654.8140869140625,21.234710693359375
351.08087158203125,1371.76708984375,636.12158203125,21.946592330932617
353.5779113769531,1376.862548828125,619.9148559570312,22.105274200439453
367.6655578613281,1371.656005859375,600.20166015625,22.263622283935547
378.3007507324219,1374.5218505859375,582.468017578125,21.553752899169922
375.8678283691406,1358.9342041015625,582.34814453125,21.735870361328125
373.5167236328125,1319.04541015625,592.983642578125,23.150243759155273
364.5540466308594,1302.000732421875,606.0875854492188,23.862483978271484
360.989013671875,1300.0186767578125,604.44189453125,24.308181762695312
365.1980895996094,1290.978271484375,607.7007446289062,24.164661407470703
356.49078369140625,1291.2867431640625,611.5423583984375,24.170108795166016
359.9439697265625,1278.931396484375,610.9344482421875,24.40006446838379
362.08380126953125,1269.2874755859375,603.1714477539062,24.331993103027344
385.2049560546875,1242.9498291015625,573.3609619140625,25.217802047729492
392.3121337890625,1243.866943359375,548.0020141601562,24.938247680664062
387.6870422363281,1261.387451171875,523.9324951171875,25.080982208251953
427.4085388183594,1213.0999755859375,524.194091796875,25.61351776123047
427.4085388183594,1213.0999755859375,524.194091796875,25.61351776123047
378.8587646484375,1264.41748046875,526.5496826171875,24.658859252929688
390.3334655761719,1242.487060546875,529.0202026367188,25.01812171936035
393.7744140625,1226.41162109375,529.1829833984375,25.98893928527832
419.9408264160156,1178.8309326171875,536.31494140625,27.06287384033203
399.814697265625,1186.333251953125,535.110107421875,28.039310455322266
383.7114562988281,1191.595947265625,535.906005859375,28.385723114013672
381.5796203613281,1183.823486328125,531.3975830078125,28.92715835571289
389.71478271484375,1172.83447265625,525.941162109375,28.826745986938477
397.632080078125,1167.8453369140625,518.4600830078125,28.39046287536621
408.769287109375,1152.8011474609375,515.4584350585938,28.331676483154297
386.8074645996094,1189.5347900390625,507.59490966796875,26.7833251953125
382.9078369140625,1187.3052978515625,502.1952819824219,26.795616149902344
371.1656188964844,1189.3262939453125,503.30670166015625,26.28331184387207
381.1435241699219,1170.6141357421875,496.8573303222656,26.816579818725586
383.0947265625,1154.57373046875,490.94952392578125,27.732742309570312
384.7423095703125,1123.8514404296875,491.45074462890625,29.489898681640625
379.5392150878906,1085.0672607421875,495.509033203125,31.24655532836914
403.50592041015625,1007.903076171875,502.569580078125,34.04825210571289
321.25048828125,1054.8155517578125,520.8629760742188,34.20195007324219
348.32379150390625,1045.4385986328125,509.17474365234375,32.400943756103516
348.32379150390625,1045.4385986328125,509.17474365234375,32.400943756103516
424.1702880859375,989.6347045898438,482.30084228515625,33.79074478149414
377.1375427246094,1016.8172607421875,497.5543212890625,32.8422966003418
350.063720703125,1073.331787109375,472.41583251953125,31.74839210510254
348.9744567871094,1066.5211181640625,473.0828552246094,31.849285125732422
358.57012939453125,1053.8831787109375,466.2469482421875,31.92022132873535
375.0823059082031,1052.6004638671875,438.746337890625,31.60369873046875
389.3920593261719,1053.446533203125,410.7830810546875,31.709609985351562
352.86614990234375,1083.1612548828125,402.4425048828125,31.358762741088867
398.6268005371094,1026.060302734375,385.0087585449219,32.73087692260742
348.8095397949219,1071.2667236328125,373.03179931640625,32.18562698364258
369.4394836425781,1035.6766357421875,362.2311706542969,32.55527877807617
407.2248840332031,994.599365234375,333.39117431640625,34.46705627441406
371.37408447265625,1034.352783203125,328.78448486328125,33.2520637512207
376.0021667480469,1022.3799438476562,330.8363037109375,32.940673828125
372.0439758300781,1018.005615234375,328.35003662109375,33.00819778442383
389.372802734375,990.0205688476562,319.790771484375,33.572837829589844
348.28857421875,1021.6685791015625,315.86474609375,33.265357971191406
372.2087707519531,997.2147827148438,302.80694580078125,33.43350601196289
317.3471374511719,1032.8563232421875,314.77044677734375,33.92005157470703
347.9844970703125,1002.487060546875,303.4141540527344,34.21438217163086
340.8608093261719,1003.5423583984375,305.29644775390625,34.35239791870117
340.8608093261719,1003.5423583984375,305.29644775390625,34.35239791870117
341.558837890625,991.7496337890625,308.1207275390625,34.8726806640625
333.80303955078125,964.52099609375,311.82342529296875,36.59318161010742
345.060302734375,907.9295654296875,306.406982421875,39.32897186279297
299.8365478515625,953.1846313476562,301.062255859375,38.154205322265625
352.9825439453125,925.0621337890625,273.28668212890625,38.01673126220703
307.0569763183594,986.5283203125,267.6922607421875,35.8687629699707
312.3970642089844,971.3475952148438,267.9750061035156,36.248817443847656
313.9546813964844,963.1300659179688,262.34197998046875,36.630645751953125
324.0532531738281,941.2071533203125,248.94540405273438,37.612789154052734
298.8960876464844,960.1004638671875,246.8424530029297,37.11418151855469
287.5460510253906,957.84423828125,248.41641235351562,37.33040237426758
288.6177978515625,934.5277709960938,258.792236328125,37.851985931396484
291.800048828125,925.7584228515625,264.8778076171875,37.495235443115234
295.03765869140625,917.436767578125,266.444580078125,37.60728073120117
300.8359069824219,907.5164184570312,267.14105224609375,37.69142150878906
301.6141662597656,906.3350830078125,264.06298828125,37.46441650390625
308.6576843261719,903.3202514648438,252.17086791992188,37.05868148803711
316.10113525390625,895.8958129882812,242.7274627685547,36.506988525390625
309.4017639160156,892.265869140625,232.501708984375,36.49534225463867
320.61199951171875,865.7466430664062,234.39224243164062,36.676979064941406
320.61199951171875,865.7466430664062,234.39224243164062,36.676979064941406
292.29193115234375,873.5830688476562,245.45706176757812,36.67787551879883
296.886962890625,846.175537109375,252.10409545898438,37.51770782470703
286.3353576660156,864.6201171875,240.46990966796875,37.15100860595703
269.0350341796875,891.072265625,223.93157958984375,36.936405181884766
273.3945007324219,877.1572265625,209.97177124023438,38.4129638671875
241.96856689453125,901.6621704101562,208.76895141601562,38.49747848510742
247.83377075195312,876.250732421875,215.7371368408203,39.11945343017578
260.5960693359375,836.5131225585938,223.11788940429688,40.43962860107422
262.7511901855469,830.709228515625,222.55604553222656,40.627628326416016
260.20904541015625,831.57666015625,217.367431640625,40.845699310302734
260.39202880859375,818.0584716796875,205.540771484375,42.22181701660156
254.89224243164062,803.5045776367188,183.54190063476562,44.495262145996094
272.9499206542969,741.248779296875,163.51565551757812,49.88547134399414
241.36314392089844,779.3987426757812,167.39315795898438,48.56953430175781
254.34249877929688,763.77490234375,179.78598022460938,45.72645568847656
254.71238708496094,754.2709350585938,171.11288452148438,46.31735610961914
269.05657958984375,730.0477905273438,163.9871063232422,47.22793197631836
261.9213562011719,736.52001953125,161.3633270263672,46.515045166015625
274.8410949707031,742.452880859375,153.00311279296875,44.68475341796875
269.99285888671875,739.2980346679688,153.4290771484375,44.69648361206055
269.99285888671875,739.2980346679688,153.4290771484375,44.69648361206055
285.8056640625,721.9444580078125,151.06967163085938,44.626731872558594
271.4764099121094,739.6214599609375,151.5727996826172,43.696468353271484
280.6300048828125,731.0565185546875,149.30368041992188,43.353328704833984
286.0113830566406,725.0118408203125,146.6136474609375,43.12435531616211
287.952392578125,722.8812255859375,143.05221557617188,43.19264221191406
282.92645263671875,726.875244140625,140.85061645507812,42.795223236083984
280.993896484375,734.5506591796875,133.59898376464844,41.6936149597168
279.2726135253906,736.635009765625,128.3318634033203,40.77545166015625
285.9163818359375,726.406005859375,124.00997924804688,39.764732360839844
258.5574951171875,725.0110473632812,117.26715087890625,41.81126403808594
290.97918701171875,656.8717041015625,125.91478729248047,42.42086410522461
272.4335632324219,651.7832641601562,130.1069793701172,43.330928802490234
272.5167236328125,616.3239135742188,131.48037719726562,46.23876190185547
258.711669921875,627.1222534179688,130.68502807617188,45.9237060546875
256.378173828125,631.3301391601562,127.48387145996094,45.71211624145508
261.7704772949219,629.761962890625,122.67559814453125,45.61735534667969
250.80873107910156,628.787109375,120.99459838867188,46.67467498779297
251.51559448242188,622.641357421875,126.24844360351562,46.53034973144531
247.22267150878906,616.3515625,132.31292724609375,46.746009826660156
249.326416015625,610.0963745117188,134.22996520996094,46.67788314819336
249.326416015625,610.0963745117188,134.22996520996094,46.67788314819336
244.46360778808594,605.2164306640625,135.44276428222656,46.921913146972656
240.9638214111328,596.6407470703125,133.70326232910156,47.00501251220703
238.77694702148438,585.82275390625,129.79476928710938,47.13664245605469
254.580810546875,556.2119140625,126.21733093261719,46.84507751464844
170.43312072753906,626.8751220703125,124.65425109863281,51.10926818847656
213.86680603027344,572.4495849609375,125.37576293945312,48.24918746948242
236.40585327148438,554.7758178710938,112.55186462402344,50.4085807800293
219.77980041503906,555.7918701171875,119.75595092773438,48.48015594482422
211.94903564453125,538.5314331054688,123.276123046875,49.810184478759766
201.82357788085938,546.1061401367188,125.8192367553711,49.189170837402344
219.402099609375,533.4003295898438,119.17579650878906,48.95524215698242
201.8460693359375,555.4168701171875,114.96658325195312,48.527671813964844
207.60870361328125,542.2402954101562,116.62054443359375,48.70036315917969
210.33932495117188,534.0745849609375,117.96451568603516,48.71597671508789
218.33346557617188,523.819580078125,115.9055404663086,48.476070404052734
229.40440368652344,522.6893310546875,110.77168273925781,47.27629089355469
224.6012725830078,535.3311157226562,105.2227783203125,46.396236419677734
226.4049530029297,541.57763671875,102.12303161621094,45.59850311279297
225.71531677246094,540.5289916992188,103.11788177490234,45.36649703979492
214.93739318847656,548.0659790039062,105.79078674316406,44.9715576171875
216.7177276611328,551.061279296875,105.23808288574219,44.06262969970703
210.0403594970703,557.8367309570312,102.46770477294922,43.62968063354492
210.0403594970703,557.8367309570312,102.46770477294922,43.62968063354492
207.1059112548828,565.9443359375,96.4638671875,42.66106033325195
203.15623474121094,575.559326171875,86.96195983886719,41.88712692260742
194.0658721923828,575.4620971679688,80.44303894042969,42.1982307434082
190.02061462402344,570.17919921875,72.9095687866211,42.59090042114258
184.06198120117188,553.7048950195312,73.25331115722656,43.89246368408203
187.590087890625,534.7764282226562,76.88196563720703,44.57854461669922
184.3998260498047,530.7221069335938,75.55463409423828,44.99955368041992
181.3516082763672,527.7520751953125,73.09297180175781,45.37164306640625
182.2290802001953,520.194580078125,65.87885284423828,46.220977783203125
178.03875732421875,515.1593627929688,62.330284118652344,46.90896224975586
184.23455810546875,494.3846435546875,55.05841064453125,48.41128921508789
177.1887969970703,495.48773193359375,54.9304313659668,48.57817459106445
184.74900817871094,488.99200439453125,55.84919738769531,48.08547592163086
183.53860473632812,485.6112976074219,54.54216766357422,48.37822723388672
184.3275909423828,483.97198486328125,53.724700927734375,48.278160095214844
185.55941772460938,478.45733642578125,52.34105682373047,48.363826751708984
185.73121643066406,475.03167724609375,51.122650146484375,48.31840896606445
178.06280517578125,479.14697265625,51.391841888427734,47.813331604003906
190.6598358154297,461.8352966308594,52.454444885253906,47.54070281982422
175.2624053955078,473.67742919921875,55.833778381347656,46.89678192138672
175.2624053955078,473.67742919921875,55.833778381347656,46.89678192138672
173.8825225830078,468.3047180175781,62.14936828613281,46.29110336303711
175.51881408691406,462.95379638671875,65.68701934814453,45.890228271484375
177.5535888671875,459.56817626953125,67.89429473876953,45.49849319458008
177.52236938476562,458.039306640625,65.33953094482422,45.642372131347656
178.4771728515625,458.0935363769531,62.118831634521484,45.363746643066406
161.7266845703125,466.5176696777344,57.39560317993164,45.67658233642578
171.44859313964844,458.6875915527344,54.91143035888672,44.83667755126953
170.87973022460938,443.90484619140625,56.623695373535156,44.87730026245117
169.09622192382812,421.15301513671875,64.35183715820312,44.727230072021484
169.47225952148438,397.0633544921875,70.24458312988281,45.42997360229492
156.93069458007812,398.2620849609375,71.26773071289062,45.29547882080078
171.96681213378906,382.3360290527344,74.79642486572266,44.203285217285156
161.33001708984375,388.79522705078125,69.22608184814453,44.16123962402344
159.51478576660156,382.5838928222656,66.02967071533203,44.770423889160156
165.18251037597656,368.2402648925781,70.62904357910156,44.815093994140625
161.7196502685547,365.49188232421875,74.1524658203125,44.85751724243164
162.60955810546875,359.8600158691406,75.18408203125,45.04119110107422
157.19989013671875,355.4277648925781,76.3646240234375,45.771026611328125
161.0870361328125,350.41754150390625,75.56816101074219,45.82065200805664
164.53701782226562,349.9345397949219,72.6536865234375,45.63254928588867
164.53701782226562,349.9345397949219,72.6536865234375,45.63254928588867
165.90621948242188,350.33831787109375,70.79288482666016,45.43397903442383
162.76341247558594,352.25909423828125,70.1627426147461,45.1497688293457
154.39759826660156,360.0619201660156,70.6220703125,44.225040435791016
150.5087432861328,361.34796142578125,72.85111236572266,43.58838653564453
142.66342163085938,363.83837890625,74.6961669921875,42.507843017578125
141.08424377441406,350.7637634277344,83.794189453125,41.102317810058594
131.79400634765625,345.279052734375,87.41702270507812,40.609737396240234
140.46128845214844,333.7746887207031,86.94520568847656,39.962467193603516
137.44728088378906,330.51519775390625,85.08475494384766,40.351070404052734
134.97439575195312,331.1865539550781,82.38043212890625,40.605953216552734
140.09075927734375,327.8773498535156,82.06250762939453,40.3015251159668
135.34567260742188,331.7250061035156,81.6478042602539,40.335384368896484
135.6407470703125,328.16839599609375,82.68592071533203,40.398414611816406
138.25672912597656,322.41827392578125,82.97010803222656,40.58607864379883
137.02378845214844,322.4294738769531,82.22508239746094,40.64925003051758
137.87510681152344,318.131591796875,78.7013168334961,41.02760314941406
136.6785888671875,320.55517578125,74.9395751953125,41.02940368652344
136.67759704589844,320.79693603515625,70.98117065429688,41.10127639770508
132.99258422851562,324.6319274902344,66.36294555664062,41.12313461303711
132.2039031982422,330.00347900390625,61.457977294921875,40.44034957885742
132.2039031982422,330.00347900390625,61.457977294921875,40.44034957885742
123.84046936035156,330.09918212890625,58.21947479248047,40.57643127441406
120.08578491210938,333.671630859375,55.24571228027344,39.52940368652344
123.83873748779297,327.0303955078125,55.769901275634766,38.40810775756836
119.79598236083984,327.7498779296875,53.478729248046875,37.965301513671875
121.24504852294922,323.3680419921875,48.75977325439453,37.80559539794922
121.00401306152344,320.58770751953125,47.29632568359375,37.93158721923828
136.42495727539062,311.90228271484375,39.91314697265625,37.517330169677734
118.53990173339844,313.0147705078125,43.335166931152344,38.08551788330078
123.52571105957031,304.62847900390625,46.050270080566406,37.90894317626953
125.83812713623047,299.7673034667969,45.87793731689453,37.93202209472656
122.22796630859375,299.63250732421875,44.540245056152344,38.266212463378906
123.58550262451172,295.26629638671875,46.69153594970703,38.16036605834961
122.0606689453125,292.6730651855469,48.64268493652344,38.056541442871094
120.45442962646484,295.58245849609375,49.34247970581055,37.4040641784668
119.84969329833984,300.31390380859375,47.997802734375,36.512962341308594
115.39790344238281,309.56622314453125,46.244163513183594,35.45275115966797
121.99992370605469,310.3019104003906,44.179847717285156,34.21598815917969
115.4542465209961,307.19793701171875,43.79460144042969,34.25851821899414
116.4994125366211,294.9935607910156,45.5847053527832,34.43183135986328
111.0404281616211,283.9020690917969,44.9893684387207,35.447025299072266
111.0404281616211,283.9020690917969,44.9893684387207,35.447025299072266
111.98399353027344,273.8327331542969,45.46366882324219,35.57612991333008
110.95928192138672,264.0012512207031,43.57656478881836,35.56109619140625
111.4988784790039,249.93099975585938,37.150386810302734,36.13063430786133
102.65238189697266,257.2490539550781,34.7037353515625,35.856666564941406
107.38797760009766,250.34747314453125,33.884944915771484,35.5392951965332
107.09642028808594,243.84027099609375,32.57775115966797,36.02521896362305
111.98896789550781,236.50111389160156,33.89729309082031,35.872249603271484
106.04864501953125,242.86282348632812,32.381927490234375,35.57262420654297
108.08656311035156,236.2879180908203,32.11004638671875,35.690162658691406
106.79546356201172,234.04449462890625,31.526918411254883,35.77655029296875
111.56991577148438,224.9863739013672,31.643871307373047,35.98011779785156
107.19374084472656,228.840087890625,31.31381607055664,35.92637634277344
106.92140197753906,229.41729736328125,30.49799346923828,35.921897888183594
109.09590911865234,227.68295288085938,29.712825775146484,35.87906265258789
109.82796478271484,226.7578125,27.32827377319336,36.00742721557617
112.64663696289062,223.96311950683594,25.816844940185547,35.912288665771484
115.73169708251953,220.5308837890625,23.623289108276367,35.71037292480469
115.47571563720703,217.6300811767578,19.627483367919922,35.56898498535156
113.37680053710938,215.65733337402344,19.296554565429688,35.23578643798828
109.24546813964844,213.99041748046875,18.15908432006836,35.308650970458984
109.24546813964844,213.99041748046875,18.15908432006836,35.308650970458984
103.23033905029297,224.55079650878906,19.9999942779541,34.91031265258789
106.40744018554688,214.68153381347656,18.94194793701172,35.099037170410156
101.8326416015625,213.1598358154297,20.238117218017578,35.05473327636719
105.5571517944336,207.00953674316406,20.963346481323242,34.54144287109375
95.60558319091797,212.01011657714844,24.467073440551758,33.4085693359375
101.30523681640625,205.22837829589844,24.159818649291992,32.63943099975586
93.41764831542969,209.6741943359375,26.91808319091797,32.22883605957031
92.40089416503906,208.9727783203125,27.709821701049805,32.13704299926758
92.57710266113281,208.38636779785156,28.632410049438477,31.929641723632812
91.96958923339844,208.75698852539062,29.32488250732422,31.747882843017578
91.58731842041016,209.2225799560547,29.22337532043457,31.580018997192383
92.32382202148438,207.35763549804688,28.796920776367188,31.495771408081055
93.28702545166016,205.77084350585938,26.700389862060547,31.458587646484375
94.55238342285156,202.6968994140625,24.444541931152344,31.574119567871094
94.28980255126953,201.68832397460938,22.86407470703125,31.368736267089844
90.70841979980469,204.13116455078125,18.665870666503906,31.15538787841797
90.94540405273438,204.23101806640625,15.892374038696289,30.98057746887207
92.17359924316406,203.00047302246094,12.788558006286621,30.602216720581055
92.52274322509766,201.57522583007812,10.622664451599121,30.167064666748047
91.5328140258789,200.8269805908203,10.10080337524414,29.715438842773438
87.0151138305664,200.05825805664062,11.176661491394043,29.688669204711914
87.0151138305664,200.05825805664062,11.176661491394043,29.688669204711914
94.91619873046875,193.45211791992188,12.84274673461914,29.36224365234375
90.67833709716797,194.84056091308594,12.041542053222656,29.472957611083984
88.01516723632812,196.35305786132812,12.567533493041992,29.213623046875
89.02044677734375,191.54507446289062,14.616541862487793,28.89687156677246
91.11614227294922,185.6719207763672,15.941094398498535,28.692270278930664
89.03250885009766,186.53973388671875,16.477066040039062,28.5389347076416
88.00601959228516,187.5457763671875,15.897392272949219,28.37714195251465
85.68727111816406,190.39755249023438,14.246557235717773,28.213138580322266
84.89241790771484,191.1987762451172,13.782737731933594,27.815404891967773
80.35367584228516,192.15402221679688,13.203874588012695,27.69736099243164
80.12002563476562,184.1925048828125,13.459954261779785,27.706546783447266
74.99153137207031,179.0347442626953,14.335798263549805,28.17091941833496
76.91922760009766,171.48214721679688,15.368772506713867,28.303377151489258
76.90190887451172,166.43386840820312,15.329066276550293,28.541122436523438
75.93390655517578,164.7239990234375,15.226187705993652,28.64229393005371
76.79175567626953,162.31341552734375,14.887110710144043,28.63715362548828
74.98311614990234,162.8217010498047,13.546721458435059,28.690698623657227
75.46696472167969,162.07179260253906,11.907662391662598,28.54432487487793
73.94331359863281,163.06964111328125,9.73773193359375,28.386384963989258
76.56570434570312,161.4440460205078,8.284038543701172,27.968050003051758
76.74539947509766,161.56149291992188,7.8488993644714355,27.543861389160156
76.74539947509766,161.56149291992188,7.8488993644714355,27.543861389160156
74.20530700683594,160.9127197265625,8.952421188354492,27.30081558227539
78.26915740966797,158.03404235839844,10.551870346069336,26.584941864013672
74.29705810546875,159.97726440429688,9.327556610107422,26.58707618713379
72.99674987792969,161.34713745117188,8.581328392028809,26.424184799194336
74.91525268554688,160.26174926757812,7.582803726196289,26.220945358276367
75.53421783447266,158.744140625,7.236102104187012,26.131698608398438
75.6382064819336,157.51785278320312,7.037336826324463,26.08763313293457
75.98355865478516,156.05455017089844,7.418314456939697,25.98797035217285
75.76995849609375,156.13136291503906,7.2698774337768555,25.833452224731445
74.80791473388672,156.54293823242188,7.7646098136901855,25.581157684326172
74.86417388916016,155.84071350097656,7.915594100952148,25.438377380371094
75.97132873535156,153.0971221923828,8.91537857055664,25.29252052307129
77.28777313232422,150.84352111816406,8.933270454406738,25.09622573852539
77.69662475585938,147.92002868652344,10.379202842712402,24.88157844543457
77.49039459228516,145.69912719726562,11.240458488464355,24.65468406677246
77.46106719970703,143.03359985351562,11.660097122192383,24.30360221862793
75.17707061767578,144.35069274902344,11.623456954956055,24.089492797851562
74.65631103515625,143.8680419921875,10.994436264038086,24.006044387817383
73.65633392333984,143.58079528808594,10.52330207824707,24.010337829589844
71.3228988647461,144.59396362304688,9.773580551147461,24.062868118286133
71.3228988647461,144.59396362304688,9.773580551147461,24.062868118286133
70.86688232421875,142.3844451904297,9.961742401123047,24.143978118896484
69.39585876464844,138.99147033691406,9.769371032714844,24.293567657470703
66.3683090209961,136.3860626220703,10.054483413696289,24.439342498779297
67.60852813720703,130.8833770751953,9.836517333984375,24.52715492248535
63.24945831298828,132.22451782226562,9.062822341918945,24.574642181396484
65.29595947265625,127.16929626464844,9.028162002563477,24.539384841918945
63.7136344909668,125.07361602783203,8.32353401184082,24.664560317993164
64.90859985351562,122.2935562133789,8.094850540161133,24.60361099243164
65.35249328613281,118.48054504394531,7.493730545043945,24.767789840698242
67.57465362548828,116.37957000732422,7.1513991355896,24.68549919128418
67.34699249267578,116.41773986816406,6.713294982910156,24.679651260375977
67.43852233886719,115.28343200683594,6.405786037445068,24.694839477539062
64.70305633544922,116.5416030883789,5.893537521362305,24.727195739746094
64.53717803955078,116.55976104736328,6.152682304382324,24.5401611328125
65.209228515625,112.80643463134766,7.018905162811279,24.490333557128906
62.79896926879883,112.07350158691406,7.5251922607421875,24.511520385742188
64.45145416259766,108.91259002685547,7.934174537658691,24.47381591796875
64.00638580322266,109.17513275146484,7.442728042602539,24.456817626953125
63.5734748840332,109.54203796386719,7.010886192321777,24.379348754882812
63.39493942260742,109.20393371582031,6.823724746704102,24.347105026245117
63.39493942260742,109.20393371582031,6.823724746704102,24.347105026245117
63.46681594848633,108.80659484863281,6.957897186279297,24.1805477142334
63.97763442993164,108.54389953613281,7.379148483276367,23.95138931274414
63.33635711669922,109.22050476074219,7.242457389831543,23.82066535949707
63.188194274902344,109.48374938964844,7.253817081451416,23.697256088256836
62.26029586791992,110.08026885986328,6.7904815673828125,23.632251739501953
61.91792297363281,110.28614807128906,6.549530029296875,23.471303939819336
59.32929611206055,111.02975463867188,6.051985740661621,23.40719985961914
57.62702560424805,108.74111938476562,5.894389629364014,23.393945693969727
52.63866424560547,110.3254623413086,4.565616130828857,23.60425567626953
53.79853439331055,107.0169677734375,4.683145046234131,23.50952911376953
53.20716094970703,106.267333984375,4.720471382141113,23.454265594482422
54.04054260253906,104.51280975341797,4.764220237731934,23.383739471435547
52.57543182373047,105.423583984375,4.492686748504639,23.352161407470703
52.47457504272461,106.00933837890625,4.088349342346191,23.272977828979492
52.038185119628906,106.21101379394531,4.044748306274414,23.238309860229492
51.7459716796875,105.68595123291016,3.9364471435546875,23.265851974487305
51.68413543701172,103.81505584716797,4.0018415451049805,23.298492431640625
50.923805236816406,100.38917541503906,2.8397629261016846,23.59209632873535
49.81986618041992,95.11563110351562,4.228689670562744,23.590547561645508
46.415626525878906,99.4821548461914,5.733247756958008,23.647117614746094
48.25996398925781,93.90167999267578,4.821934700012207,23.492156982421875
48.25996398925781,93.90167999267578,4.821934700012207,23.492156982421875
47.428409576416016,91.21051025390625,7.053851127624512,22.924705505371094
41.58804702758789,94.72516632080078,7.150703430175781,22.68950653076172
43.495540618896484,93.8287124633789,6.012955188751221,22.41383171081543
46.47234344482422,91.4825439453125,5.837468147277832,22.110984802246094
43.76126480102539,92.06260681152344,5.508846282958984,22.068151473999023
41.37931442260742,93.96267700195312,5.225278854370117,22.025094985961914
41.962406158447266,94.34178161621094,4.686539649963379,21.823945999145508
41.91127395629883,95.41764831542969,3.9332494735717773,21.69353485107422
42.080055236816406,95.27530670166016,3.4541711807250977,21.65231704711914
42.02253341674805,94.96812438964844,3.021683692932129,21.618200302124023
41.73197555541992,94.44061279296875,2.8978495597839355,21.607624053955078
41.56325912475586,93.15548706054688,2.9171314239501953,21.586767196655273
40.82514190673828,92.88038635253906,3.068676471710205,21.48822784423828
41.708003997802734,90.03318786621094,3.2942206859588623,21.458284378051758
41.18915939331055,90.25205993652344,3.4511821269989014,21.3035831451416
41.74628448486328,88.3111572265625,3.958436965942383,21.28836441040039
41.26296615600586,89.43368530273438,3.5570101737976074,21.122013092041016
40.4878044128418,91.03071594238281,2.9820871353149414,20.95501136779785
41.12160873413086,91.81111907958984,2.4512882232666016,20.727840423583984
39.631553649902344,92.2575454711914,2.225409507751465,20.72228240966797
39.631553649902344,92.2575454711914,2.225409507751465,20.72228240966797
39.003108978271484,92.06570434570312,2.2657854557037354,20.648929595947266
38.73820877075195,91.32852935791016,2.191532611846924,20.573070526123047
38.709659576416016,90.80014038085938,2.186018466949463,20.455121994018555
38.80025863647461,90.77169799804688,2.0571486949920654,20.298660278320312
38.33202362060547,90.75244140625,2.1073431968688965,20.175065994262695
38.39619064331055,90.3248062133789,2.053870677947998,20.052627563476562
38.113895416259766,88.69927978515625,2.3497867584228516,20.008020401000977
37.32884979248047,87.29615020751953,2.3281641006469727,20.120595932006836
37.0852165222168,83.89752197265625,2.7096686363220215,20.103212356567383
36.62066650390625,82.70700073242188,3.004263401031494,20.121110916137695
36.5547981262207,81.94569396972656,3.1757476329803467,20.14112663269043
36.48371124267578,81.46481323242188,2.9886226654052734,20.14179801940918
35.82601547241211,82.08364868164062,2.9993016719818115,20.08896827697754
36.1563606262207,81.77279663085938,3.1140408515930176,19.986801147460938
35.138633728027344,81.8650131225586,3.5191240310668945,19.923669815063477
35.82476806640625,79.755615234375,3.9508063793182373,19.923931121826172
35.663639068603516,78.72428131103516,4.279671669006348,19.93017578125
36.11643600463867,77.45540618896484,4.154963970184326,19.95730972290039
35.86946105957031,78.02273559570312,3.7342517375946045,19.88532066345215
36.47016143798828,77.48089599609375,3.3114118576049805,19.85006332397461
36.47016143798828,77.48089599609375,3.3114118576049805,19.85006332397461
36.544891357421875,78.15250396728516,2.9168508052825928,19.760547637939453
36.74462127685547,78.17366790771484,2.7964839935302734,19.704051971435547
36.96735763549805,77.85045623779297,2.7507667541503906,19.66801643371582
36.84907913208008,77.40472412109375,2.7383904457092285,19.665102005004883
36.69667434692383,76.47216033935547,2.814128875732422,19.648334503173828
36.04879379272461,75.75831604003906,2.7305169105529785,19.6455020904541
32.906280517578125,77.89334869384766,3.0829033851623535,20.095626831054688
34.57108688354492,75.70203399658203,2.8546557426452637,19.61249351501465
33.1714973449707,76.08849334716797,3.124626874923706,19.48055076599121
32.577857971191406,74.66144561767578,3.0937798023223877,19.366004943847656
31.5499324798584,74.34053039550781,2.8008995056152344,19.1794490814209
30.331607818603516,74.47257995605469,2.6153056621551514,19.00410270690918
30.459388732910156,73.0431900024414,2.8742499351501465,18.902189254760742
28.98497772216797,73.38931274414062,2.983931541442871,18.89011001586914
29.66547966003418,72.4533920288086,3.0696253776550293,18.84085464477539
30.527992248535156,71.44740295410156,3.2261385917663574,18.750661849975586
29.706525802612305,72.34333038330078,3.0651068687438965,18.692733764648438
29.634017944335938,71.92686462402344,3.021164894104004,18.708375930786133
29.046518325805664,71.88184356689453,3.078207015991211,18.72629165649414
28.606502532958984,71.95292663574219,3.1263253688812256,18.713735580444336
28.32002830505371,71.67398071289062,3.2313590049743652,18.681255340576172
28.32002830505371,71.67398071289062,3.2313590049743652,18.681255340576172
28.38742446899414,70.81000518798828,3.3568642139434814,18.606801986694336
27.64422607421875,71.22994995117188,2.9421794414520264,18.523828506469727
28.40584945678711,70.10899353027344,2.5265212059020996,18.436124801635742
28.654277801513672,69.31379699707031,2.231564998626709,18.36945915222168
28.617464065551758,69.38197326660156,1.8626956939697266,18.259227752685547
28.979902267456055,68.8742446899414,1.7213736772537231,18.122520446777344
28.72405242919922,68.3876724243164,1.4280928373336792,17.94731330871582
28.886653900146484,68.3479995727539,1.2441165447235107,17.744335174560547
29.412221908569336,67.35001373291016,1.2156505584716797,17.65689468383789
29.02727699279785,67.16889190673828,1.2026478052139282,17.628265380859375
28.81272315979004,67.19632720947266,1.0947763919830322,17.582416534423828
29.22043228149414,66.57303619384766,1.1015030145645142,17.549774169921875
29.293598175048828,67.04837036132812,0.9637142419815063,17.435060501098633
29.347980499267578,66.90574645996094,1.0282102823257446,17.355175018310547
30.645471572875977,67.10482025146484,1.0859265327453613,17.12819480895996
29.91829490661621,67.34042358398438,1.1819508075714111,17.097976684570312
29.767663955688477,67.34813690185547,1.3244974613189697,17.029409408569336
29.39942169189453,67.91360473632812,1.466599941253662,16.9079647064209
29.287900924682617,68.44769287109375,1.6796680688858032,16.727521896362305
28.462366104125977,70.98245239257812,1.9560235738754272,16.4006404876709
28.462366104125977,70.98245239257812,1.9560235738754272,16.4006404876709
28.497922897338867,71.08534240722656,1.9065420627593994,16.235755920410156
27.53073501586914,71.7603988647461,1.863652229309082,16.01166343688965
26.620336532592773,72.51246643066406,1.9998652935028076,15.815146446228027
24.889753341674805,73.52503967285156,2.1130051612854004,15.684431076049805
24.42561912536621,73.35215759277344,2.2957615852355957,15.603405952453613
24.17819595336914,73.02522277832031,2.4042673110961914,15.557642936706543
24.233922958374023,72.09834289550781,2.52011775970459,15.570724487304688
24.7855224609375,73.01710510253906,2.3041434288024902,15.459442138671875
24.42152214050293,72.30831146240234,2.418973445892334,15.499040603637695
24.773649215698242,71.4152603149414,2.3627867698669434,15.465846061706543
24.091291427612305,71.3879623413086,2.264611005783081,15.426626205444336
24.009742736816406,70.92703247070312,2.0890560150146484,15.328856468200684
23.15517807006836,70.80723571777344,2.141745090484619,15.251134872436523
22.641225814819336,70.14513397216797,2.180216073989868,15.150679588317871
22.28691864013672,69.57913208007812,2.047215700149536,15.064549446105957
21.227252960205078,70.1161117553711,1.6212135553359985,15.009244918823242
22.46927833557129,68.41952514648438,0.8859492540359497,15.092111587524414
22.29624366760254,68.40162658691406,0.892642617225647,14.977837562561035
22.05742835998535,69.29051208496094,0.9274458885192871,14.83519172668457
22.565773010253906,69.06952667236328,1.086677074432373,14.674327850341797
23.19379234313965,68.69141387939453,1.0582160949707031,14.532401084899902
23.19379234313965,68.69141387939453,1.0582160949707031,14.532401084899902
23.04979133605957,68.60269165039062,1.284934401512146,14.444814682006836
23.23885726928711,68.56051635742188,1.247087836265564,14.36556339263916
22.91273307800293,68.91667938232422,1.088477611541748,14.32955551147461
23.574234008789062,68.42817687988281,1.082971453666687,14.253791809082031
23.521697998046875,68.7140121459961,1.050779938697815,14.166190147399902
23.570070266723633,68.69951629638672,1.0477489233016968,14.089195251464844
23.595998764038086,69.49508666992188,1.0910379886627197,13.912044525146484
22.94786834716797,69.41793060302734,1.1477882862091064,13.887734413146973
23.071252822875977,68.37269592285156,1.3818676471710205,13.841811180114746
23.178922653198242,66.91670989990234,1.7166755199432373,13.800924301147461
23.342670440673828,65.5107192993164,1.8974111080169678,13.778768539428711
24.03717041015625,63.74733352661133,1.5677410364151,13.66331958770752
23.851272583007812,62.578460693359375,1.329312801361084,13.614041328430176
24.23777198791504,62.594757080078125,0.8467039465904236,13.469237327575684
23.78611946105957,63.850318908691406,0.45005351305007935,13.346172332763672
23.70162010192871,64.21357727050781,0.44896069169044495,13.272295951843262
23.207359313964844,64.54127502441406,0.5014139413833618,13.242700576782227
22.665739059448242,64.98865509033203,0.5283836722373962,13.211868286132812
22.457439422607422,65.13595581054688,0.49484652280807495,13.187844276428223
22.16701889038086,65.12223052978516,0.36247485876083374,13.170638084411621
22.16701889038086,65.12223052978516,0.36247485876083374,13.170638084411621
22.1561279296875,64.78253173828125,0.24823392927646637,13.142109870910645
22.44757080078125,64.06407165527344,0.11987122148275375,13.09493637084961
22.33185577392578,63.828697204589844,0.038554444909095764,13.103843688964844
22.519235610961914,62.87562561035156,0.07273866981267929,13.023258209228516
22.13938331604004,62.32659149169922,0.10845290124416351,12.979342460632324
21.807098388671875,61.719993591308594,0.10292644053697586,12.92404842376709
21.15180015563965,61.178062438964844,0.07780157774686813,12.940217971801758
20.562862396240234,61.54265594482422,0.01708115264773369,12.90520191192627
20.68865203857422,61.025634765625,0.006561531685292721,12.9102201461792
20.3408203125,61.25746154785156,0.0026775659061968327,12.895413398742676
20.200519561767578,61.32950210571289,0.0038310158997774124,12.868452072143555
20.347745895385742,61.40817642211914,0.010576740838587284,12.807120323181152
19.71222686767578,63.679805755615234,0.1872847080230713,12.895608901977539
20.0582218170166,61.6329460144043,0.030359696596860886,12.787193298339844
19.91556739807129,62.07575225830078,0.03712581843137741,12.680845260620117
20.410423278808594,62.500633239746094,0.09468640387058258,12.438880920410156
20.129518508911133,62.883201599121094,0.06123902648687363,12.332114219665527
19.31135368347168,63.2801513671875,0.08435134589672089,12.290417671203613
19.665071487426758,62.156227111816406,0.01745753549039364,12.210434913635254
19.520898818969727,61.80136489868164,0.002078371588140726,12.098329544067383
19.717432022094727,61.86843490600586,0.030716504901647568,11.922133445739746
19.717432022094727,61.86843490600586,0.030716504901647568,11.922133445739746
19.64105224609375,61.462398529052734,0.053242817521095276,11.785056114196777
18.81556510925293,62.25100326538086,0.026391882449388504,11.591147422790527
20.366487503051758,61.58677291870117,0.029692962765693665,11.344900131225586
19.785558700561523,61.747989654541016,0.01835823431611061,11.252699851989746
19.562435150146484,60.57976150512695,0.01448986865580082,11.286898612976074
19.96318244934082,59.78982162475586,0.026157671585679054,11.276073455810547
20.381622314453125,59.18675231933594,0.018005166202783585,11.259953498840332
20.476415634155273,59.0462646484375,0.011575489304959774,11.243210792541504
20.563344955444336,58.75566101074219,0.004515426233410835,11.246283531188965
20.9716854095459,58.271453857421875,0.0014287533704191446,11.226751327514648
20.982131958007812,57.887428283691406,0.00406729057431221,11.230602264404297
21.18966293334961,57.56676483154297,0.0027534239925444126,11.210436820983887
21.262868881225586,57.528526306152344,0.0014786992687731981,11.167581558227539
21.209150314331055,57.44596862792969,0.004956615623086691,11.123941421508789
21.233802795410156,57.49849319458008,0.01207193173468113,11.05848503112793
21.12889862060547,57.326351165771484,0.016907431185245514,10.997631072998047
21.06641387939453,56.96001052856445,0.009192326106131077,10.939876556396484
20.88328742980957,56.471405029296875,0.002087692730128765,10.90622329711914
20.793563842773438,55.88909149169922,0.013497486710548401,10.885682106018066
20.848812103271484,55.393341064453125,0.03420884907245636,10.863836288452148
20.848812103271484,55.393341064453125,0.03420884907245636,10.863836288452148
20.512935638427734,55.20246887207031,0.0504407063126564,10.849588394165039
21.1146297454834,54.681671142578125,0.04242952913045883,10.7885160446167
20.717105865478516,55.193748474121094,0.04804267734289169,10.711370468139648
20.86806869506836,55.065975189208984,0.0242487620562315,10.638904571533203
20.32465934753418,55.65301513671875,0.007837153971195221,10.577661514282227
20.367021560668945,55.345252990722656,0.0034615248441696167,10.546690940856934
20.209991455078125,54.985008239746094,0.00836239755153656,10.54408073425293
20.329988479614258,54.770442962646484,0.00499843480065465,10.525775909423828
20.09165382385254,54.884490966796875,0.0015918411081656814,10.51641845703125
20.007064819335938,54.89583969116211,0.0015279445797204971,10.506760597229004
19.942781448364258,55.075782775878906,0.001492285868152976,10.48220157623291
19.618310928344727,55.18788528442383,0.0068621584214270115,10.49465560913086
19.57151985168457,55.24827194213867,0.007598433643579483,10.469700813293457
19.633522033691406,55.266353607177734,0.005950520746409893,10.441862106323242
19.50567054748535,55.19953918457031,0.005267476197332144,10.431142807006836
19.24279022216797,55.209381103515625,0.006302322261035442,10.417566299438477
18.9278621673584,55.256874084472656,0.009556852281093597,10.40162467956543
17.969276428222656,55.99724578857422,0.007831951603293419,10.43487548828125
18.410940170288086,55.519805908203125,0.008739372715353966,10.394357681274414
18.210660934448242,55.411346435546875,0.025414645671844482,10.347200393676758
17.865131378173828,55.81132507324219,0.023014143109321594,10.273015975952148
17.865131378173828,55.81132507324219,0.023014143109321594,10.273015975952148
18.818857192993164,55.0504150390625,0.03143751993775368,10.203505516052246
18.473649978637695,55.305667877197266,0.03152312710881233,10.166346549987793
18.399524688720703,55.35272979736328,0.014339841902256012,10.133502006530762
18.610334396362305,55.02491760253906,0.009923218749463558,10.115387916564941
18.85218620300293,54.825439453125,0.010675216093659401,10.08537769317627
18.825475692749023,54.794281005859375,0.011217309162020683,10.042989730834961
18.724746704101562,54.33292770385742,0.001800865400582552,10.001739501953125
18.836139678955078,53.60369110107422,0.009600167162716389,9.984214782714844
17.95079231262207,53.93016815185547,0.0055706687271595,9.992734909057617
17.681291580200195,53.58309555053711,0.005193726159632206,10.02965259552002
17.496463775634766,53.56875228881836,0.011204640381038189,10.02640438079834
17.439355850219727,53.514854431152344,0.018910862505435944,10.006623268127441
17.337907791137695,53.426170349121094,0.030249036848545074,9.981925010681152
17.86957550048828,53.05744934082031,0.039554789662361145,9.933032035827637
17.6663818359375,53.05537033081055,0.025482529774308205,9.911291122436523
17.408769607543945,53.01144790649414,0.012167631648480892,9.901933670043945
17.364879608154297,52.81299591064453,0.0016596679342910647,9.905016899108887
17.261573791503906,52.80352783203125,0.002807375742122531,9.898832321166992
17.12163543701172,52.749610900878906,0.003857661737129092,9.901494979858398
17.134910583496094,52.47002410888672,0.0038829511031508446,9.908738136291504
17.134910583496094,52.47002410888672,0.0038829511031508446,9.908738136291504
17.1258602142334,52.40302276611328,0.003117623273283243,9.89408016204834
16.72256851196289,52.50239562988281,0.0013669745530933142,9.916529655456543
17.236948013305664,51.67008972167969,0.0015855180099606514,9.8983154296875
17.351224899291992,51.45085144042969,0.002432376379147172,9.866826057434082
17.430564880371094,50.92139434814453,0.0015066456981003284,9.86206340789795
17.32365608215332,50.49199676513672,0.001999740255996585,9.850540161132812
17.100866317749023,50.19406509399414,0.0013569733127951622,9.815927505493164
16.39683723449707,51.14232635498047,0.002411539200693369,9.727046966552734
17.410816192626953,50.421897888183594,0.0036844315472990274,9.663652420043945
16.89268684387207,50.955657958984375,0.004099682904779911,9.596196174621582
16.772348403930664,51.32781219482422,0.005993553437292576,9.520946502685547
17.210317611694336,51.24093246459961,0.003690829034894705,9.440452575683594
17.421340942382812,51.094268798828125,0.0018913887906819582,9.40013313293457
17.63381004333496,50.71320724487305,0.0014309898251667619,9.39806079864502
17.408191680908203,50.53243637084961,0.002326293382793665,9.417196273803711
17.208961486816406,50.30623245239258,0.0018211663700640202,9.438408851623535
17.00059700012207,50.20433044433594,0.0013583891559392214,9.451604843139648
16.940631866455078,50.05036544799805,0.0045090592466294765,9.458962440490723
16.55512809753418,49.88133239746094,0.03655689209699631,9.53809928894043
16.775123596191406,49.91014862060547,0.011987153440713882,9.476706504821777
16.507280349731445,51.76010513305664,0.06812923401594162,9.335957527160645
16.601972579956055,50.571258544921875,0.029194863513112068,9.403447151184082
16.601972579956055,50.571258544921875,0.029194863513112068,9.403447151184082
16.573772430419922,50.11670684814453,0.047605231404304504,9.409133911132812
16.57545280456543,49.406654357910156,0.07669324427843094,9.398866653442383
16.3467960357666,48.816856384277344,0.08717811107635498,9.40602970123291
16.380191802978516,47.86669921875,0.09746761620044708,9.39641284942627
15.981475830078125,47.041473388671875,0.04546505957841873,9.404767990112305
16.59566307067871,46.49192810058594,0.02746998891234398,9.311705589294434
17.001354217529297,46.332427978515625,0.006428460590541363,9.21789836883545
16.81582260131836,46.32769775390625,0.005125698633491993,9.184636116027832
16.597620010375977,46.47072982788086,0.006363212130963802,9.124711990356445
16.77834129333496,46.321571350097656,0.0035070539452135563,9.036127090454102
16.304645538330078,46.771018981933594,0.00452425517141819,8.951981544494629
16.517763137817383,46.74509811401367,0.0020315363071858883,8.85371208190918
16.441255569458008,46.08793258666992,0.003024482633918524,8.87411117553711
16.132808685302734,46.05345916748047,0.0064051649533212185,8.869199752807617
15.995810508728027,45.86302947998047,0.0074620237573981285,8.869830131530762
15.929990768432617,45.58263397216797,0.0068795159459114075,8.87552547454834
15.705916404724121,45.672698974609375,0.009725243784487247,8.87042236328125
15.999072074890137,45.296173095703125,0.010351797565817833,8.859424591064453
16.191356658935547,45.24638366699219,0.014462664723396301,8.82280445098877
16.216976165771484,45.115806579589844,0.0160895437002182,8.815081596374512
16.216976165771484,45.115806579589844,0.0160895437002182,8.815081596374512
16.061763763427734,45.11049270629883,0.019734390079975128,8.792131423950195
16.028329849243164,44.99055862426758,0.019744835793972015,8.769998550415039
15.84277629852295,44.93312454223633,0.0094728022813797,8.755751609802246
15.588164329528809,45.126617431640625,0.01337457075715065,8.727502822875977
15.718928337097168,45.02680206298828,0.012938081286847591,8.703594207763672
15.603358268737793,45.165035247802734,0.01765480451285839,8.680354118347168
15.496612548828125,45.3395881652832,0.02855677157640457,8.652305603027344
15.3716459274292,45.79883575439453,0.05244619771838188,8.604925155639648
14.904522895812988,46.36807632446289,0.02901744842529297,8.590367317199707
15.08853816986084,45.859012603759766,0.027309885248541832,8.588488578796387
15.188384056091309,45.771060943603516,0.02730555459856987,8.574728012084961
15.19761848449707,45.70376968383789,0.02628978341817856,8.563384056091309
15.200472831726074,45.820953369140625,0.023922741413116455,8.514177322387695
15.32633113861084,45.810882568359375,0.03109930269420147,8.456666946411133
15.816605567932129,45.82524490356445,0.07094915211200714,8.308046340942383
16.08855438232422,45.67271423339844,0.10421261191368103,8.212209701538086
16.12784194946289,45.62256622314453,0.15606358647346497,8.128360748291016
15.611692428588867,45.54286575317383,0.19078412652015686,8.09318733215332
16.081287384033203,44.8289909362793,0.19753625988960266,8.055133819580078
15.587392807006836,44.30882263183594,0.1762755811214447,8.083221435546875
15.587392807006836,44.30882263183594,0.1762755811214447,8.083221435546875
15.375324249267578,43.9052619934082,0.1901501715183258,8.064169883728027
15.613930702209473,43.306556701660156,0.16523799300193787,8.018635749816895
15.216532707214355,43.54262924194336,0.14463651180267334,7.970500946044922
15.25450325012207,43.306236267089844,0.13255977630615234,7.937889099121094
15.272265434265137,43.04203414916992,0.13170570135116577,7.926671504974365
14.935648918151855,43.13618850708008,0.13548937439918518,7.918818950653076
15.34416675567627,42.60886001586914,0.14575305581092834,7.897762298583984
15.156671524047852,42.07762908935547,0.15346772968769073,7.929384231567383
15.36239242553711,41.230079650878906,0.18952783942222595,7.9503889083862305
15.235572814941406,40.612754821777344,0.2478911578655243,7.9846930503845215
14.967198371887207,40.256168365478516,0.3022362291812897,8.018657684326172
15.067586898803711,40.01499938964844,0.3363964259624481,8.013204574584961
15.269847869873047,39.630516052246094,0.3683967888355255,8.014622688293457
15.452903747558594,39.32514953613281,0.4096442759037018,8.006656646728516
15.585625648498535,38.93014144897461,0.43800103664398193,8.005663871765137
16.19285011291504,38.05888748168945,0.5315184593200684,8.012466430664062
15.14248275756836,38.8689079284668,0.4723294675350189,7.98430871963501
15.06944751739502,38.68841552734375,0.4441263675689697,7.991601467132568
14.971952438354492,38.51416015625,0.44975829124450684,8.00162410736084
14.940641403198242,38.300743103027344,0.4841521978378296,8.00757884979248
14.940641403198242,38.300743103027344,0.4841521978378296,8.00757884979248
15.04383373260498,37.666568756103516,0.5010883808135986,8.037728309631348
15.483538627624512,36.76171875,0.6175001859664917,8.049307823181152
15.231523513793945,36.894683837890625,0.6339512467384338,8.032825469970703
15.243768692016602,36.748931884765625,0.6302902698516846,8.02364730834961
15.360547065734863,36.78015899658203,0.6035079956054688,7.984132289886475
15.411870956420898,36.719608306884766,0.5993882417678833,7.934626579284668
15.717612266540527,36.34444046020508,0.5246738195419312,7.886817455291748
15.676236152648926,36.118289947509766,0.5026699304580688,7.861473083496094
15.827202796936035,35.89168930053711,0.44562703371047974,7.8392815589904785
16.028993606567383,35.56198501586914,0.4469359517097473,7.827631950378418
15.946822166442871,35.52859878540039,0.4582130014896393,7.8179030418396
15.912328720092773,35.569576263427734,0.4579654633998871,7.7918572425842285
15.720769882202148,36.062992095947266,0.47178590297698975,7.736410140991211
15.782393455505371,36.32804870605469,0.5025167465209961,7.698525428771973
15.724006652832031,36.14834213256836,0.48748430609703064,7.709575176239014
15.637340545654297,36.38761901855469,0.4454755187034607,7.676539421081543
15.414872169494629,36.62379837036133,0.39497536420822144,7.6523566246032715
15.366480827331543,36.625823974609375,0.3691495656967163,7.644787311553955
15.221810340881348,36.62577438354492,0.35233306884765625,7.646015167236328
15.070765495300293,36.639190673828125,0.3508486747741699,7.647721767425537
14.832681655883789,36.76543045043945,0.35931849479675293,7.643938064575195
14.832681655883789,36.76543045043945,0.35931849479675293,7.643938064575195
14.782718658447266,36.873477935791016,0.35553109645843506,7.627511024475098
14.705768585205078,36.9796028137207,0.349806547164917,7.615442276000977
14.77541446685791,37.023292541503906,0.3336896002292633,7.597705841064453
14.754451751708984,37.100196838378906,0.2961916923522949,7.588473320007324
14.769286155700684,37.052146911621094,0.25640130043029785,7.586305141448975
14.785591125488281,36.95021057128906,0.19417709112167358,7.580386638641357
14.682999610900879,36.83817672729492,0.1551012396812439,7.582827568054199
14.597576141357422,36.83024215698242,0.1671670377254486,7.5647783279418945
14.32559585571289,36.99058151245117,0.23322373628616333,7.55498743057251
14.216794967651367,37.15977478027344,0.35080671310424805,7.5172882080078125
14.31309986114502,36.9036865234375,0.35849109292030334,7.506174087524414
14.27591323852539,36.87548065185547,0.4171389937400818,7.4782586097717285
14.37572193145752,35.88923645019531,0.635590136051178,7.597073078155518
14.238487243652344,36.39271926879883,0.48866701126098633,7.501654148101807
14.162064552307129,36.36191940307617,0.590153694152832,7.461522102355957
13.966599464416504,36.42375946044922,0.7252130508422852,7.40382194519043
13.835654258728027,36.497005462646484,0.7371931076049805,7.345613479614258
13.657805442810059,36.761173248291016,0.5817070007324219,7.2835693359375
13.493977546691895,36.760066986083984,0.47656184434890747,7.282819747924805
13.522682189941406,36.8544921875,0.4063047170639038,7.263235569000244
13.539041519165039,36.7283935546875,0.37543144822120667,7.269813060760498
13.539041519165039,36.7283935546875,0.37543144822120667,7.269813060760498
13.586888313293457,36.60355758666992,0.368880957365036,7.2707953453063965
13.604811668395996,36.449554443359375,0.384803831577301,7.275305271148682
13.535276412963867,36.37919998168945,0.41618993878364563,7.275563716888428
13.74659538269043,36.476959228515625,0.422088086605072,7.2303314208984375
13.51720142364502,36.46238708496094,0.4539340138435364,7.231070518493652
13.34872055053711,36.558509826660156,0.4692249298095703,7.219067573547363
13.484912872314453,36.520450592041016,0.44975388050079346,7.198746204376221
13.581390380859375,36.464420318603516,0.40579545497894287,7.185896873474121
13.717767715454102,36.2996711730957,0.3568693697452545,7.175889015197754
13.847469329833984,35.98046875,0.3290223479270935,7.177278518676758
13.7826509475708,35.779998779296875,0.33130961656570435,7.17561149597168
13.722867965698242,35.59222412109375,0.3364407420158386,7.177628040313721
13.563528060913086,35.69316864013672,0.37764909863471985,7.1505446434021
13.335158348083496,36.93508529663086,0.25603657960891724,7.262714862823486
13.464210510253906,35.722076416015625,0.35280942916870117,7.148421287536621
13.331756591796875,35.81449890136719,0.3582710921764374,7.129186153411865
13.236068725585938,35.99393844604492,0.32970184087753296,7.099199295043945
13.157571792602539,36.02646255493164,0.293876588344574,7.0934529304504395
13.123497009277344,36.00288391113281,0.2377602905035019,7.088278293609619
13.240391731262207,35.6598014831543,0.19705364108085632,7.097681999206543
13.192255020141602,35.65896987915039,0.1805243343114853,7.089845180511475
13.192255020141602,35.65896987915039,0.1805243343114853,7.089845180511475
13.219759941101074,35.70634078979492,0.1753641963005066,7.070277690887451
13.169504165649414,35.84560012817383,0.20414167642593384,7.052223205566406
13.450569152832031,35.918827056884766,0.1800786554813385,7.008649826049805
13.530134201049805,35.916568756103516,0.17490330338478088,6.995208740234375
13.707036018371582,35.8968505859375,0.178775817155838,6.972250938415527
13.666653633117676,35.9537467956543,0.1887059211730957,6.964012145996094
13.687142372131348,36.00316619873047,0.2206418812274933,6.942737102508545
13.459122657775879,36.21391677856445,0.2889387011528015,6.931838512420654
13.527359962463379,36.09114074707031,0.29833340644836426,6.922083377838135
13.555533409118652,36.03089141845703,0.30262166261672974,6.911066055297852
13.512365341186523,35.94706344604492,0.331257700920105,6.90730619430542
13.39033317565918,35.96684265136719,0.37477195262908936,6.891635894775391
13.44629955291748,35.82276916503906,0.392007052898407,6.8774733543396
13.194535255432129,35.818145751953125,0.5867496728897095,6.86483907699585
13.185580253601074,35.80500030517578,0.4638083279132843,6.838281631469727
13.345752716064453,35.77146530151367,0.36290600895881653,6.8046746253967285
13.382142066955566,35.640750885009766,0.29604393243789673,6.805689334869385
13.291217803955078,35.72935485839844,0.3137970268726349,6.790068626403809
13.313495635986328,35.64653015136719,0.32559871673583984,6.786286354064941
13.266209602355957,35.532806396484375,0.31269899010658264,6.792494297027588
13.266209602355957,35.532806396484375,0.31269899010658264,6.792494297027588
13.22996711730957,35.4136962890625,0.27990037202835083,6.797476768493652
13.275724411010742,35.29042434692383,0.22645582258701324,6.790231227874756
13.211047172546387,35.21040725708008,0.20262658596038818,6.7782368659973145
13.130773544311523,35.328155517578125,0.1758141815662384,6.73549747467041
12.830480575561523,35.546546936035156,0.2139180302619934,6.699668884277344
12.677262306213379,35.68588638305664,0.24048173427581787,6.666537284851074
12.182133674621582,35.921817779541016,0.30863282084465027,6.665176868438721
12.246267318725586,35.90679168701172,0.3372003734111786,6.639927864074707
12.02125072479248,36.07170104980469,0.33659619092941284,6.6329240798950195
12.054420471191406,36.10021209716797,0.33951336145401,6.612630844116211
12.066052436828613,36.0686149597168,0.3211096525192261,6.607306003570557
12.031340599060059,36.2601203918457,0.2771552801132202,6.59033727645874
12.30706787109375,35.80134582519531,0.30794820189476013,6.59663200378418
12.406389236450195,35.634212493896484,0.33023601770401,6.596365451812744
12.355572700500488,35.62784194946289,0.32924216985702515,6.598836421966553
12.386334419250488,35.54542922973633,0.3275701403617859,6.599677085876465
12.436246871948242,35.44425582885742,0.3245816230773926,6.597330570220947
12.455742835998535,35.39142608642578,0.3369901776313782,6.589568138122559
12.528151512145996,35.41403579711914,0.3247298002243042,6.57371711730957
12.8777494430542,35.18131637573242,0.36350756883621216,6.545928955078125
12.8777494430542,35.18131637573242,0.36350756883621216,6.545928955078125
12.784444808959961,35.398807525634766,0.3607293963432312,6.514273643493652
12.70827579498291,35.70356750488281,0.35354945063591003,6.477850914001465
12.79793930053711,35.947452545166016,0.35017991065979004,6.425953388214111
12.966010093688965,36.22203826904297,0.35773640871047974,6.356018543243408
13.278057098388672,36.22220230102539,0.3738136887550354,6.2942094802856445
13.420989036560059,36.26375198364258,0.38468024134635925,6.243330955505371
13.698387145996094,35.835113525390625,0.3760743737220764,6.226809024810791
13.762991905212402,35.684913635253906,0.37761354446411133,6.210059642791748
13.571846008300781,35.3936882019043,0.3666294813156128,6.233952522277832
13.36523723602295,35.49261474609375,0.34491443634033203,6.230348110198975
13.33163070678711,35.71265411376953,0.34979546070098877,6.194067001342773
13.369707107543945,35.87937545776367,0.35888853669166565,6.153604030609131
13.601424217224121,36.03119659423828,0.3761354386806488,6.100248336791992
13.668251991271973,35.8487548828125,0.383566290140152,6.099329471588135
13.769147872924805,35.580711364746094,0.38611501455307007,6.10584831237793
13.769855499267578,35.32969284057617,0.3680364787578583,6.125025272369385
13.764691352844238,35.26155471801758,0.3521925210952759,6.126726150512695
13.72716236114502,35.226234436035156,0.31657323241233826,6.1246843338012695
13.792596817016602,35.21778106689453,0.2720028758049011,6.108288764953613
13.778252601623535,35.27876663208008,0.22104676067829132,6.094081401824951
13.778252601623535,35.27876663208008,0.22104676067829132,6.094081401824951
13.952436447143555,36.091617584228516,0.14624786376953125,6.054734230041504
13.814885139465332,35.42255783081055,0.1996738314628601,6.070398330688477
13.999883651733398,35.1875114440918,0.1982940137386322,6.0681986808776855
13.9693021774292,35.157806396484375,0.19796854257583618,6.070031642913818
14.009739875793457,35.0975341796875,0.1930035501718521,6.069465637207031
14.04369068145752,34.97074890136719,0.19104203581809998,6.0705037117004395
13.980006217956543,35.10671615600586,0.133886456489563,6.070680618286133
14.009489059448242,35.01856994628906,0.16385361552238464,6.068235874176025
13.962996482849121,34.95435333251953,0.15677040815353394,6.071768283843994
13.916278839111328,34.8695068359375,0.1581437885761261,6.074620246887207
13.791206359863281,34.88929748535156,0.1721530258655548,6.071608543395996
13.554449081420898,34.92683029174805,0.19355925917625427,6.067508697509766
13.010272979736328,34.917442321777344,0.20655956864356995,6.087705135345459
12.835854530334473,34.74348449707031,0.21965740621089935,6.07549524307251
12.487430572509766,34.64963912963867,0.21807833015918732,6.0759172439575195
12.414469718933105,34.04561996459961,0.21005326509475708,6.118283271789551
12.138006210327148,34.24818801879883,0.19390836358070374,6.101921081542969
12.085993766784668,34.28670120239258,0.1954023540019989,6.08417272567749
11.961077690124512,34.43540954589844,0.19157449901103973,6.069632530212402
11.982574462890625,34.46348571777344,0.18375517427921295,6.055249214172363
11.822317123413086,34.658084869384766,0.18147335946559906,6.033409595489502
11.828972816467285,34.634727478027344,0.1677388995885849,6.015004634857178
11.828972816467285,34.634727478027344,0.1677388995885849,6.015004634857178
11.784758567810059,34.70561599731445,0.15092583000659943,5.995755195617676
12.022215843200684,34.411808013916016,0.18211834132671356,5.986870765686035
12.075913429260254,34.19889450073242,0.2015213817358017,5.977898120880127
12.14073657989502,33.91737365722656,0.33026209473609924,5.960055828094482
12.221367835998535,33.60551071166992,0.4473256766796112,5.952898025512695
12.326855659484863,33.32795715332031,0.5994912385940552,5.937660217285156
12.343724250793457,33.002323150634766,0.7011825442314148,5.935937404632568
12.095966339111328,33.14893341064453,0.8519536256790161,5.901413440704346
12.071170806884766,33.07117462158203,0.7394514083862305,5.886021614074707
11.838814735412598,33.770381927490234,0.5943862795829773,5.8204522132873535
11.939769744873047,33.93989562988281,0.42485255002975464,5.793880462646484
12.021217346191406,33.912899017333984,0.420937180519104,5.76831579208374
12.196178436279297,33.83155822753906,0.4115539491176605,5.743619918823242
12.382994651794434,33.872920989990234,0.39827534556388855,5.704104900360107
12.352922439575195,33.843902587890625,0.29578444361686707,5.704343795776367
12.441492080688477,33.77804946899414,0.2826659083366394,5.691400051116943
12.131887435913086,33.97190856933594,0.3036388158798218,5.692862510681152
12.048839569091797,34.01837158203125,0.3048328459262848,5.690684795379639
11.839455604553223,34.20973587036133,0.30313777923583984,5.6819891929626465
11.91851806640625,34.2348518371582,0.30110669136047363,5.654927730560303
11.91851806640625,34.2348518371582,0.30110669136047363,5.654927730560303
11.839315414428711,34.553749084472656,0.29476696252822876,5.608099937438965
12.186573028564453,34.460609436035156,0.30988335609436035,5.5580549240112305
12.439946174621582,34.53292465209961,0.31010177731513977,5.502834320068359
12.490238189697266,34.79503631591797,0.31015676259994507,5.444698333740234
12.941275596618652,35.48649978637695,0.317635715007782,5.340874195098877
12.641437530517578,35.0222053527832,0.3129103183746338,5.393386363983154
12.902040481567383,35.11844253540039,0.3225858211517334,5.32982873916626
12.811912536621094,35.5084114074707,0.32328253984451294,5.272176265716553
12.209598541259766,36.22185516357422,0.31519150733947754,5.23537015914917
12.404182434082031,35.93999481201172,0.2993209958076477,5.216761112213135
12.728140830993652,35.352195739746094,0.2587781548500061,5.226499080657959
12.905373573303223,35.14540100097656,0.2454737275838852,5.2179083824157715
12.837259292602539,34.97022247314453,0.2480172961950302,5.232600212097168
13.142729759216309,34.89469528198242,0.26034411787986755,5.196907997131348
13.103689193725586,34.837608337402344,0.2833605408668518,5.192667007446289
12.874361991882324,35.002281188964844,0.32167917490005493,5.184064865112305
12.998287200927734,34.76923370361328,0.33987516164779663,5.184115886688232
12.99499225616455,34.658912658691406,0.33291590213775635,5.185359954833984
13.053491592407227,34.54248809814453,0.3095219135284424,5.180037498474121
13.006011962890625,34.54679870605469,0.2614041864871979,5.169801235198975
12.764960289001465,34.815006256103516,0.22264936566352844,5.190816402435303
12.886771202087402,34.57898712158203,0.2462541162967682,5.1694793701171875
12.886771202087402,34.57898712158203,0.2462541162967682,5.1694793701171875
12.598384857177734,34.71330642700195,0.1581408977508545,5.171830654144287
12.609851837158203,34.844791412353516,0.06983255594968796,5.162723064422607
12.58984661102295,34.20838928222656,0.10444850474596024,5.2412590980529785
12.562132835388184,34.45355987548828,0.08383653312921524,5.183547019958496
12.271477699279785,34.48486328125,0.09930025041103363,5.182241439819336
12.066032409667969,34.50725555419922,0.11021653562784195,5.183305740356445
11.967763900756836,34.243228912353516,0.11715270578861237,5.188406467437744
11.522366523742676,34.400367736816406,0.10560401529073715,5.194116115570068
11.576900482177734,34.05244064331055,0.11573824286460876,5.1951799392700195
11.645291328430176,33.57655334472656,0.14356014132499695,5.200337886810303
11.706058502197266,32.96630859375,0.20989161729812622,5.211028099060059
11.845331192016602,32.050537109375,0.24282294511795044,5.2587385177612305
11.935973167419434,31.597623825073242,0.2509511709213257,5.267208099365234
11.8927583694458,31.135639190673828,0.24363985657691956,5.2906036376953125
11.953761100769043,30.901365280151367,0.2237982153892517,5.284029483795166
12.100790977478027,30.719894409179688,0.23538263142108917,5.252886772155762
12.023486137390137,30.424606323242188,0.056621141731739044,5.44308614730835
12.032282829284668,30.38721466064453,0.17387476563453674,5.2770676612854
12.064180374145508,30.427154541015625,0.16367116570472717,5.236486911773682
12.059679985046387,30.44842529296875,0.14591002464294434,5.204710006713867
11.98951530456543,30.617835998535156,0.1364106833934784,5.166505336761475
11.872787475585938,30.64073944091797,0.14286546409130096,5.144254207611084
11.872787475585938,30.64073944091797,0.14286546409130096,5.144254207611084
11.857231140136719,30.613733291625977,0.1445521116256714,5.124422550201416
11.55881404876709,30.772804260253906,0.1799616813659668,5.115126132965088
11.571879386901855,30.45909881591797,0.18363909423351288,5.122565269470215
11.582609176635742,30.146841049194336,0.18169401586055756,5.13054895401001
11.357234954833984,30.09454345703125,0.17312249541282654,5.129645824432373
11.123147010803223,30.047651290893555,0.14506351947784424,5.124785423278809
10.912607192993164,30.158071517944336,0.12013211846351624,5.109038352966309
10.964681625366211,30.039745330810547,0.10179059952497482,5.096983432769775
10.878504753112793,30.254377365112305,0.07004455476999283,5.07024621963501
11.109601020812988,30.024534225463867,0.04425056651234627,5.053466320037842
10.91362190246582,30.192020416259766,0.03392336517572403,5.039708614349365
10.812450408935547,30.04361343383789,0.0371578224003315,5.049293518066406
10.838571548461914,29.859895706176758,0.04959293454885483,5.051590442657471
10.873895645141602,29.568376541137695,0.06247054412961006,5.064511775970459
10.951603889465332,29.44969940185547,0.07554078102111816,5.057483196258545
11.030916213989258,29.40653419494629,0.07601515203714371,5.04539680480957
11.020206451416016,29.46827507019043,0.07759064435958862,5.033164024353027
11.044984817504883,29.51300811767578,0.08257365226745605,5.0171732902526855
10.930777549743652,29.532760620117188,0.07481332123279572,5.017110824584961
10.942415237426758,29.61079216003418,0.12367889285087585,5.0036797523498535
10.925450325012207,29.541465759277344,0.09733734279870987,5.008332252502441
10.925450325012207,29.541465759277344,0.09733734279870987,5.008332252502441
10.75076675415039,29.465599060058594,0.09198443591594696,5.020658493041992
10.441596984863281,29.342985153198242,0.0766373872756958,5.046102523803711
10.173104286193848,29.42694664001465,0.07573050260543823,5.037005424499512
10.057233810424805,29.180797576904297,0.03240836411714554,5.062224864959717
9.978504180908203,29.626502990722656,0.02010887674987316,4.999269962310791
10.111710548400879,29.431421279907227,0.028385765850543976,4.9845967292785645
10.15283489227295,29.229869842529297,0.022510197013616562,4.972056865692139
10.177515029907227,28.94487190246582,0.009617584757506847,4.97294807434082
10.067468643188477,28.684062957763672,0.0015410996275022626,4.981889724731445
10.016016960144043,28.47858238220215,0.0023132089991122484,4.981896877288818
9.914085388183594,28.324966430664062,0.002418174874037504,4.9740986824035645
10.022411346435547,28.255762100219727,0.001294731511734426,4.940370559692383
10.129644393920898,28.285400390625,0.005833274684846401,4.902584552764893
10.360001564025879,28.217079162597656,0.01357455924153328,4.867319107055664
10.518765449523926,28.212121963500977,0.022692997008562088,4.833525657653809
10.680215835571289,28.026153564453125,0.020061109215021133,4.815605163574219
10.858126640319824,27.755592346191406,0.013246841728687286,4.802577018737793
10.897119522094727,27.635225296020508,0.007117064204066992,4.788411617279053
11.102334976196289,27.30205535888672,0.0109544163569808,4.774017333984375
10.963995933532715,27.507312774658203,0.021798808127641678,4.7397661209106445
10.963995933532715,27.507312774658203,0.021798808127641678,4.7397661209106445
11.095800399780273,27.473237991333008,0.05850490182638168,4.6988983154296875
11.111283302307129,27.738983154296875,0.10155314952135086,4.6476898193359375
10.863578796386719,28.287227630615234,0.13079142570495605,4.609045028686523
11.253249168395996,27.912281036376953,0.11702677607536316,4.59376859664917
11.117050170898438,27.99419593811035,0.09025788307189941,4.5929789543151855
10.974610328674316,28.04233741760254,0.0671795904636383,4.596331596374512
10.956581115722656,28.12841033935547,0.0396992526948452,4.5819478034973145
10.978006362915039,28.16387939453125,0.03430173173546791,4.568398952484131
11.078104019165039,28.153499603271484,0.03701026737689972,4.548637866973877
11.11485767364502,28.100421905517578,0.03987722843885422,4.542164325714111
11.182126998901367,28.021677017211914,0.04773120582103729,4.534964084625244
11.256864547729492,27.863637924194336,0.04750443622469902,4.53087854385376
11.309761047363281,27.691043853759766,0.03655096888542175,4.5213303565979
11.233386993408203,27.659788131713867,0.024798542261123657,4.507174015045166
11.268278121948242,27.63951873779297,0.01971970498561859,4.48549747467041
11.014371871948242,27.86125373840332,0.017565462738275528,4.467445373535156
10.93177318572998,28.000017166137695,0.02115316316485405,4.443044185638428
10.72823715209961,28.2421875,0.03630565479397774,4.404679298400879
11.060993194580078,28.101314544677734,0.03984348103404045,4.351212024688721
11.075153350830078,27.96686363220215,0.04042111337184906,4.349498271942139
11.075153350830078,27.96686363220215,0.04042111337184906,4.349498271942139
11.277909278869629,27.698326110839844,0.03259134665131569,4.343524932861328
11.438719749450684,27.56220817565918,0.027855131775140762,4.332499027252197
11.413199424743652,27.563446044921875,0.025843670591711998,4.329031944274902
11.531820297241211,27.561599731445312,0.023622505366802216,4.307013988494873
11.622849464416504,27.474977493286133,0.024442624300718307,4.299068450927734
11.881731033325195,27.38125991821289,0.02654808759689331,4.2628350257873535
12.148406982421875,27.079078674316406,0.0232560932636261,4.249337196350098
12.389581680297852,27.003541946411133,0.028292423114180565,4.212979793548584
12.315016746520996,26.97838020324707,0.0258279200643301,4.209323883056641
12.437360763549805,26.849971771240234,0.030947504565119743,4.199624538421631
12.377708435058594,26.883474349975586,0.030458837747573853,4.195478916168213
12.182665824890137,26.956449508666992,0.025963161140680313,4.19578742980957
12.266084671020508,26.87547492980957,0.029844576492905617,4.182844638824463
12.097646713256836,26.912755966186523,0.02644609473645687,4.176336765289307
12.02434253692627,27.000783920288086,0.0326552577316761,4.154794216156006
12.072006225585938,26.82880401611328,0.039136938750743866,4.147587299346924
12.243375778198242,27.362171173095703,0.068665511906147,4.066590309143066
12.310134887695312,27.00162696838379,0.10277135670185089,4.060997009277344
12.045509338378906,26.587467193603516,0.03781665489077568,4.10447883605957
12.153372764587402,26.60905647277832,0.024683095514774323,4.064095973968506
12.153372764587402,26.60905647277832,0.024683095514774323,4.064095973968506
11.894311904907227,26.912616729736328,0.023422658443450928,4.036873817443848
11.922070503234863,26.850618362426758,0.034377571195364,4.019755840301514
11.946653366088867,26.772226333618164,0.048478320240974426,3.994732618331909
11.822751998901367,26.674596786499023,0.09120645374059677,3.986435651779175
12.240530014038086,26.346296310424805,0.11369556933641434,3.953787088394165
11.863770484924316,26.577003479003906,0.07964292168617249,3.940749168395996
11.56847858428955,26.70532989501953,0.05303623527288437,3.935481071472168
11.127408027648926,26.99881362915039,0.0420728400349617,3.9233105182647705
10.805788040161133,27.187332153320312,0.037220150232315063,3.913522481918335
10.633401870727539,27.209823608398438,0.0556505061686039,3.9015724658966064
10.643200874328613,27.077980041503906,0.0778123289346695,3.8936643600463867
10.682487487792969,26.835145950317383,0.09016302973031998,3.8904833793640137
10.807003021240234,26.47956657409668,0.11247968673706055,3.890886068344116
10.800612449645996,26.43974494934082,0.06507415324449539,3.8901479244232178
10.833205223083496,26.133831024169922,0.0657980889081955,3.8947536945343018
10.743450164794922,26.26980972290039,0.050656866282224655,3.8749780654907227
10.652172088623047,26.45719337463379,0.031147010624408722,3.856943130493164
10.638077735900879,26.583879470825195,0.017632029950618744,3.834984302520752
10.608671188354492,26.835786819458008,0.005014424212276936,3.7912228107452393
10.905818939208984,26.80936050415039,0.001723989611491561,3.739896059036255
10.905818939208984,26.80936050415039,0.001723989611491561,3.739896059036255
10.866928100585938,26.814849853515625,0.0031560268253087997,3.715205430984497
10.766654014587402,26.74515724182129,0.00711951544508338,3.708505868911743
10.864507675170898,26.612817764282227,0.014619074761867523,3.6918039321899414
10.895919799804688,26.59726905822754,0.018504047766327858,3.6659204959869385
10.895407676696777,26.371562957763672,0.015121204778552055,3.641974687576294
10.94747543334961,26.854572296142578,0.03348006308078766,3.547492504119873
10.894575119018555,26.643356323242188,0.015434334054589272,3.5251710414886475
10.674700736999512,26.48684310913086,0.006639857776463032,3.537524700164795
10.644608497619629,26.639184951782227,0.004326196387410164,3.5067176818847656
10.731949806213379,26.615432739257812,0.009391756728291512,3.481321096420288
10.917606353759766,26.383230209350586,0.028635665774345398,3.4524145126342773
10.81379222869873,26.502140045166016,0.03391789272427559,3.432753324508667
10.725078582763672,26.655359268188477,0.040517374873161316,3.3933486938476562
10.430002212524414,26.870737075805664,0.04375346004962921,3.364931583404541
10.418070793151855,27.115617752075195,0.03458266705274582,3.3130767345428467
10.315754890441895,26.9130802154541,0.0343460813164711,3.325909376144409
10.172273635864258,26.932884216308594,0.037471018731594086,3.3273234367370605
10.289362907409668,26.823287963867188,0.04596704989671707,3.3177542686462402
10.225323677062988,26.790685653686523,0.048762157559394836,3.315366268157959
10.049532890319824,26.826704025268555,0.053657710552215576,3.3094282150268555
10.049532890319824,26.826704025268555,0.053657710552215576,3.3094282150268555
9.948929786682129,26.75589370727539,0.05144529044628143,3.3060896396636963
9.946887969970703,26.519792556762695,0.0634259432554245,3.310579776763916
9.770593643188477,26.61278533935547,0.05652477219700813,3.3014893531799316
9.906272888183594,26.427978515625,0.06364171952009201,3.2900030612945557
10.019584655761719,26.281965255737305,0.0816882997751236,3.280305862426758
10.04916763305664,26.162729263305664,0.09444066137075424,3.2761998176574707
10.065035820007324,26.002721786499023,0.11112469434738159,3.268439292907715
10.08807373046875,25.882352828979492,0.11410386115312576,3.240903377532959
10.066970825195312,25.816638946533203,0.10852418839931488,3.2048912048339844
10.324616432189941,25.719270706176758,0.09798894822597504,3.149862051010132
10.394355773925781,25.858293533325195,0.0632743239402771,3.103692054748535
10.560723304748535,25.893566131591797,0.05630185082554817,3.0669050216674805
10.672439575195312,26.06892967224121,0.04951726272702217,3.015714406967163
11.043269157409668,25.98847198486328,0.06007171422243118,2.9754679203033447
10.799242973327637,26.054807662963867,0.06766877323389053,2.975017786026001
10.756428718566895,25.983089447021484,0.08288754522800446,2.9740021228790283
10.784050941467285,25.98223114013672,0.09237179160118103,2.9582691192626953
11.017606735229492,25.86834716796875,0.10507738590240479,2.9294638633728027
11.323949813842773,25.86595344543457,0.0987313836812973,2.877619743347168
11.805975914001465,25.67707061767578,0.09147413074970245,2.8316028118133545
11.805975914001465,25.67707061767578,0.09147413074970245,2.8316028118133545
11.900439262390137,25.66439437866211,0.07343530654907227,2.8106400966644287
11.855804443359375,25.7158203125,0.06951028108596802,2.79732346534729
11.79775619506836,25.671232223510742,0.07803261280059814,2.7909369468688965
11.704992294311523,25.736942291259766,0.09504182636737823,2.7674789428710938
11.749998092651367,25.804798126220703,0.0919295996427536,2.71620774269104
11.891233444213867,25.518470764160156,0.0557432621717453,2.701444149017334
11.97802734375,25.804515838623047,0.03290648013353348,2.638380765914917
12.193302154541016,25.59702491760254,0.022539541125297546,2.616061210632324
11.946332931518555,25.490482330322266,0.017083030194044113,2.6290767192840576
11.732386589050293,25.589548110961914,0.015905344858765602,2.6205058097839355
11.949952125549316,25.397127151489258,0.019891727715730667,2.600775718688965
11.732330322265625,25.58746910095215,0.02085500955581665,2.5890207290649414
11.823277473449707,25.662704467773438,0.01947597786784172,2.5623855590820312
11.877326011657715,25.675373077392578,0.01695871353149414,2.5404586791992188
11.837965965270996,25.758373260498047,0.01291212160140276,2.5208311080932617
11.730656623840332,25.73324203491211,0.01384774036705494,2.5220136642456055
11.501863479614258,25.823503494262695,0.013839968480169773,2.5240955352783203
11.302462577819824,25.861724853515625,0.01902502030134201,2.5293045043945312
11.156119346618652,25.927167892456055,0.017406299710273743,2.5299065113067627
11.156261444091797,25.931297302246094,0.0251937136054039,2.5166051387786865
11.156261444091797,25.931297302246094,0.0251937136054039,2.5166051387786865
11.273515701293945,25.85948944091797,0.029110191389918327,2.497241735458374
11.516664505004883,25.74034309387207,0.03211440145969391,2.4688003063201904
11.45033073425293,25.83489227294922,0.06209561601281166,2.4489712715148926
11.055319786071777,25.875904083251953,0.1258525252342224,2.4719784259796143
11.064434051513672,25.813364028930664,0.0928899347782135,2.443528413772583
10.950145721435547,25.925790786743164,0.07980042695999146,2.4293668270111084
10.701690673828125,26.128557205200195,0.07442200928926468,2.4185633659362793
10.488664627075195,26.265806198120117,0.06347456574440002,2.4060940742492676
10.434854507446289,27.583480834960938,0.1417510062456131,2.4378676414489746
10.394779205322266,26.376272201538086,0.07736656069755554,2.3906667232513428
10.058269500732422,26.445823669433594,0.05541258305311203,2.3780903816223145
9.903958320617676,26.057741165161133,0.03704909235239029,2.421902656555176
9.910737991333008,26.08907699584961,0.040038153529167175,2.3786985874176025
10.014863014221191,26.018779754638672,0.03772978484630585,2.358844518661499
10.19547176361084,25.873960494995117,0.045615002512931824,2.3328704833984375
10.195493698120117,25.83489227294922,0.042572349309921265,2.3239450454711914
10.190203666687012,25.843273162841797,0.04678626358509064,2.3127760887145996
10.121941566467285,26.01358413696289,0.05148126929998398,2.289595603942871
9.973947525024414,26.170822143554688,0.05877106636762619,2.2766454219818115
9.896902084350586,26.372522354125977,0.06824268400669098,2.2511260509490967
9.859508514404297,26.406728744506836,0.07298792898654938,2.2385318279266357
9.859508514404297,26.406728744506836,0.07298792898654938,2.2385318279266357
9.798796653747559,26.441490173339844,0.0689462423324585,2.228332042694092
9.822370529174805,26.31330680847168,0.07083334028720856,2.223754405975342
9.788434028625488,26.24806785583496,0.07018798589706421,2.2144389152526855
9.698240280151367,26.147464752197266,0.08024965226650238,2.2030279636383057
11.634291648864746,28.56410026550293,0.12500061094760895,2.2638537883758545
9.799610137939453,26.156036376953125,0.036761701107025146,2.1841564178466797
9.462557792663574,26.32550811767578,0.026812298223376274,2.1759185791015625
9.427967071533203,26.43842887878418,0.018370499834418297,2.151838541030884
9.413235664367676,26.528095245361328,0.009127616882324219,2.134812593460083
9.385985374450684,26.662120819091797,0.0023669498041272163,2.112905979156494
9.483091354370117,26.636032104492188,0.001136482460424304,2.0939619541168213
9.394474983215332,26.7581729888916,0.0021378151141107082,2.0803604125976562
9.310293197631836,26.752521514892578,0.0014953601639717817,2.080899715423584
9.40381145477295,26.618541717529297,0.0020518468227237463,2.0766396522521973
9.347893714904785,26.618755340576172,0.004522974137216806,2.075432777404785
9.351770401000977,26.601863861083984,0.010908190160989761,2.067507743835449
9.341792106628418,26.616331100463867,0.013658039271831512,2.059684991836548
9.265783309936523,26.693758010864258,0.014203307218849659,2.049210548400879
9.231133460998535,26.73101043701172,0.020305724814534187,2.037036895751953
9.16028118133545,26.732736587524414,0.02459326945245266,2.02618670463562
8.937527656555176,26.769573211669922,0.0323827862739563,2.0224220752716064
8.937527656555176,26.769573211669922,0.0323827862739563,2.0224220752716064
9.007926940917969,26.579845428466797,0.04314979910850525,2.0128402709960938
9.012602806091309,26.47494125366211,0.046240612864494324,2.0099730491638184
9.043764114379883,26.41058349609375,0.03719102591276169,2.00571870803833
9.00467300415039,26.419641494750977,0.031585924327373505,2.005431652069092
8.955471992492676,26.415842056274414,0.025068454444408417,2.006049394607544
8.914100646972656,26.302600860595703,0.017959073185920715,2.0088436603546143
8.81149959564209,26.315765380859375,0.008672986179590225,2.0050065517425537
8.834511756896973,26.244892120361328,0.004207830876111984,1.9903885126113892
9.010716438293457,26.0020751953125,0.0016214821953326464,1.971714735031128
9.029114723205566,26.06244468688965,0.0012543948832899332,1.9412868022918701
9.42330265045166,25.66889190673828,0.003121938556432724,1.9123942852020264
9.393596649169922,25.70704460144043,0.007124502211809158,1.887856125831604
9.38200569152832,25.71524429321289,0.012073535472154617,1.8667033910751343
9.308099746704102,25.773487091064453,0.014184093102812767,1.8535091876983643
9.260466575622559,25.728879928588867,0.008409757167100906,1.843895673751831
9.250057220458984,25.6142578125,0.0023626284673810005,1.833209753036499
8.969917297363281,25.670560836791992,0.0022201708052307367,1.8459889888763428
9.119980812072754,25.398643493652344,0.003367041237652302,1.827235221862793
9.083415031433105,25.363250732421875,0.0025539963971823454,1.8168638944625854
8.904820442199707,25.375,0.0034778874833136797,1.803510069847107
8.904820442199707,25.375,0.0034778874833136797,1.803510069847107
8.826788902282715,25.337209701538086,0.010401093401014805,1.8011983633041382
8.783838272094727,25.337997436523438,0.01930539309978485,1.7961077690124512
8.770791053771973,25.264381408691406,0.02753255143761635,1.7953461408615112
8.77638053894043,25.21225357055664,0.031781043857336044,1.7904919385910034
8.862571716308594,25.13638687133789,0.03011004626750946,1.7805182933807373
8.969744682312012,25.079010009765625,0.02644571289420128,1.7667005062103271
9.104986190795898,25.009532928466797,0.02162151411175728,1.751857042312622
9.226122856140137,24.95347785949707,0.021576181054115295,1.736921787261963
9.216073989868164,24.95013427734375,0.02393978461623192,1.7308640480041504
9.268278121948242,24.895416259765625,0.026091760024428368,1.72096586227417
9.330153465270996,24.810697555541992,0.030017327517271042,1.7122268676757812
9.201648712158203,24.88045310974121,0.03619737550616264,1.7073482275009155
9.237605094909668,24.771915435791016,0.038868147879838943,1.705691933631897
9.150094985961914,24.777923583984375,0.03961028903722763,1.706934928894043
9.102246284484863,24.750328063964844,0.03694114461541176,1.7085621356964111
8.98093318939209,24.811376571655273,0.04197811335325241,1.7074583768844604
8.901217460632324,24.846176147460938,0.04817812889814377,1.7023468017578125
8.809725761413574,24.91336441040039,0.0610346719622612,1.694461703300476
8.8213529586792,24.9491024017334,0.08862905949354172,1.6797329187393188
8.871946334838867,25.046689987182617,0.10670850425958633,1.6635454893112183
8.842151641845703,24.966514587402344,0.09729333221912384,1.668288230895996
8.842151641845703,24.966514587402344,0.09729333221912384,1.668288230895996
8.854570388793945,24.903827667236328,0.10041894018650055,1.662863850593567
8.927953720092773,24.86971664428711,0.10134449601173401,1.643298864364624
9.015355110168457,24.80126953125,0.1230556070804596,1.628974199295044
8.92554759979248,25.057674407958984,0.1117701530456543,1.6015377044677734
9.075310707092285,24.890338897705078,0.13885384798049927,1.5846084356307983
9.069990158081055,24.82915496826172,0.14528632164001465,1.5752145051956177
9.113945007324219,24.759687423706055,0.14758262038230896,1.564951777458191
9.120477676391602,24.752790451049805,0.13950702548027039,1.5559213161468506
9.244243621826172,24.67803955078125,0.14079570770263672,1.5362234115600586
9.973727226257324,24.348388671875,0.11803413927555084,1.5155664682388306
9.46165657043457,24.521026611328125,0.1332060694694519,1.5257877111434937
9.520599365234375,24.48339080810547,0.1344023197889328,1.5104435682296753
9.606463432312012,24.346820831298828,0.171473428606987,1.4968594312667847
9.61727523803711,24.277191162109375,0.1499243676662445,1.4855674505233765
9.520570755004883,24.28622055053711,0.16422626376152039,1.4748488664627075
9.314330101013184,24.37187385559082,0.14872196316719055,1.4701274633407593
9.146988868713379,24.474817276000977,0.10300523787736893,1.4637069702148438
8.996918678283691,24.62868881225586,0.07674261182546616,1.452176570892334
8.948199272155762,24.71932029724121,0.0601375438272953,1.434707522392273
8.952759742736816,24.786508560180664,0.04915511608123779,1.414979338645935
8.861111640930176,24.875072479248047,0.06054307520389557,1.3979367017745972
8.861111640930176,24.875072479248047,0.06054307520389557,1.3979367017745972
8.909404754638672,24.78907585144043,0.0638197660446167,1.3844141960144043
8.96471118927002,24.747615814208984,0.06616197526454926,1.3697983026504517
8.981260299682617,24.695159912109375,0.06981271505355835,1.3588136434555054
9.015987396240234,24.672313690185547,0.060863010585308075,1.3455272912979126
8.963736534118652,24.763938903808594,0.05183057114481926,1.3265899419784546
8.903809547424316,24.79103660583496,0.05481160432100296,1.3164865970611572
8.87102222442627,24.86160659790039,0.057106319814920425,1.3048607110977173
8.83895206451416,24.861431121826172,0.061549730598926544,1.3015823364257812
9.116049766540527,24.555274963378906,0.056611984968185425,1.2989431619644165
8.912623405456543,24.652820587158203,0.0735069140791893,1.2996244430541992
8.775988578796387,24.73381805419922,0.08411343395709991,1.2983994483947754
8.687884330749512,24.733619689941406,0.09471754729747772,1.3004847764968872
8.655535697937012,24.738059997558594,0.09485792368650436,1.2981375455856323
8.655844688415527,24.71919059753418,0.09336365014314651,1.2964651584625244
8.662152290344238,24.716800689697266,0.08977055549621582,1.2935676574707031
8.653834342956543,24.72598648071289,0.08751018345355988,1.2898643016815186
8.613316535949707,24.7459659576416,0.08884623646736145,1.286299467086792
8.600409507751465,24.708576202392578,0.09865130484104156,1.2835073471069336
8.404694557189941,24.884296417236328,0.16003185510635376,1.3011682033538818
8.511358261108398,24.741596221923828,0.11672954261302948,1.281030535697937
8.643439292907715,24.6026611328125,0.12563636898994446,1.2731950283050537
8.643439292907715,24.6026611328125,0.12563636898994446,1.2731950283050537
8.66036319732666,24.430618286132812,0.13851962983608246,1.2803798913955688
8.8796968460083,24.35062599182129,0.20120127499103546,1.2523313760757446
8.846487045288086,24.334394454956055,0.16128936409950256,1.2516059875488281
8.841848373413086,24.300077438354492,0.14694364368915558,1.247604250907898
8.892293930053711,24.24055290222168,0.14956533908843994,1.2323369979858398
8.984160423278809,24.2005615234375,0.16406480967998505,1.2131577730178833
9.010479927062988,24.236682891845703,0.2106112539768219,1.1896662712097168
9.017682075500488,24.300615310668945,0.22544220089912415,1.1727311611175537
9.037999153137207,24.310291290283203,0.24058470129966736,1.1610608100891113
8.965736389160156,24.37615394592285,0.22957783937454224,1.154942512512207
8.899385452270508,24.483007431030273,0.19278484582901,1.146653652191162
8.795438766479492,24.57410430908203,0.18045058846473694,1.1434319019317627
8.774733543395996,24.631574630737305,0.16943828761577606,1.135217308998108
8.763375282287598,24.713411331176758,0.16072335839271545,1.1214715242385864
8.80321216583252,24.80428123474121,0.1319996565580368,1.102448582649231
8.897153854370117,24.89498519897461,0.15899750590324402,1.0759884119033813
8.887307167053223,24.872055053710938,0.1366782784461975,1.065606713294983
8.917634963989258,24.842363357543945,0.12831610441207886,1.0550471544265747
8.951874732971191,24.80388832092285,0.1436028778553009,1.042829155921936
9.038773536682129,24.811731338500977,0.13873609900474548,1.0221296548843384
9.038773536682129,24.811731338500977,0.13873609900474548,1.0221296548843384
9.120379447937012,24.7705078125,0.13917160034179688,1.0077571868896484
9.021389961242676,24.894752502441406,0.13264214992523193,0.9945549964904785
9.086614608764648,24.82579231262207,0.10300226509571075,0.9900398254394531
9.135993957519531,24.77352523803711,0.08190325647592545,0.9851782917976379
9.138314247131348,24.736446380615234,0.052489910274744034,0.983365535736084
9.338030815124512,24.580745697021484,0.04624450206756592,0.9723451137542725
9.463203430175781,24.48833656311035,0.04939734935760498,0.9607481360435486
9.49278736114502,24.423484802246094,0.04068795591592789,0.9540717005729675
9.49947452545166,24.435165405273438,0.04983800649642944,0.9387946128845215
9.367939949035645,24.58428955078125,0.05805135518312454,0.9256537556648254
9.40005874633789,24.594711303710938,0.057416871190071106,0.9175567030906677
9.37457275390625,24.580307006835938,0.053550682961940765,0.9185046553611755
9.346787452697754,24.576709747314453,0.054234594106674194,0.9177444577217102
9.331381797790527,24.595413208007812,0.05806444212794304,0.9120505452156067
9.33131217956543,24.612014770507812,0.07318049669265747,0.8989658355712891
9.178353309631348,24.84117317199707,0.08857550472021103,0.8743512630462646
9.217918395996094,24.826984405517578,0.10628640651702881,0.8582376837730408
9.136948585510254,24.92544174194336,0.10060089826583862,0.8408101797103882
9.135331153869629,24.982757568359375,0.07546036690473557,0.8203042149543762
9.019445419311523,25.08445167541504,0.04338671267032623,0.8110802173614502
9.019445419311523,25.08445167541504,0.04338671267032623,0.8110802173614502
9.04869270324707,25.068218231201172,0.028080523014068604,0.8000829219818115
9.074174880981445,24.99142074584961,0.026098189875483513,0.7952608466148376
9.155595779418945,24.968570709228516,0.027324752882122993,0.7800613045692444
9.191278457641602,24.944446563720703,0.042132750153541565,0.7670681476593018
9.107068061828613,25.06117820739746,0.05408410355448723,0.7463003993034363
9.072834968566895,25.054603576660156,0.06542795896530151,0.737465500831604
8.962306022644043,25.117053985595703,0.062063880264759064,0.7335968613624573
8.790319442749023,25.2536563873291,0.058306463062763214,0.7326965928077698
8.754772186279297,25.257606506347656,0.04490218684077263,0.7264846563339233
8.731975555419922,25.262672424316406,0.03826001659035683,0.7208930850028992
8.696418762207031,25.31968879699707,0.035688113421201706,0.7100933790206909
8.69652271270752,25.346054077148438,0.03984224051237106,0.7001737356185913
8.656109809875488,25.527328491210938,0.03554106131196022,0.6837112307548523
8.761298179626465,25.370845794677734,0.046168893575668335,0.6778317093849182
8.776237487792969,25.310184478759766,0.04624829813838005,0.6750947833061218
8.796512603759766,25.281862258911133,0.04266917333006859,0.6669465899467468
8.804057121276855,25.32444953918457,0.038050577044487,0.6488429307937622
8.775144577026367,25.420799255371094,0.02582886628806591,0.6336535811424255
8.579365730285645,25.552234649658203,0.02273336797952652,0.6317350268363953
8.487518310546875,25.65338706970215,0.025147587060928345,0.6227513551712036
8.487518310546875,25.65338706970215,0.025147587060928345,0.6227513551712036
8.423721313476562,25.68440818786621,0.032694995403289795,0.6179409027099609
8.324378967285156,25.76949691772461,0.056605592370033264,0.6088302731513977
8.351806640625,25.703702926635742,0.05312594398856163,0.6026681065559387
8.387286186218262,25.66309356689453,0.041646748781204224,0.5964387655258179
8.391488075256348,25.60519027709961,0.03685120493173599,0.5975387692451477
8.337224960327148,25.608734130859375,0.02989797480404377,0.5978091359138489
8.310964584350586,25.585329055786133,0.026202671229839325,0.5968297719955444
8.22964096069336,25.602317810058594,0.028641261160373688,0.5985217094421387
8.247564315795898,25.54751205444336,0.03533650562167168,0.597497284412384
8.25407886505127,25.474870681762695,0.0463351234793663,0.5999283194541931
8.276636123657227,25.416378021240234,0.05245793238282204,0.6010313034057617
8.30412769317627,25.357566833496094,0.052941933274269104,0.6016629934310913
8.301543235778809,25.29956817626953,0.048105787485837936,0.6044791340827942
8.27338695526123,25.27146339416504,0.045294709503650665,0.605719804763794
8.193924903869629,25.231449127197266,0.044810160994529724,0.6112632155418396
8.147307395935059,25.227157592773438,0.05105222016572952,0.6111664175987244
8.125971794128418,25.203800201416016,0.0628601685166359,0.6098877787590027
8.147167205810547,25.183189392089844,0.07641085982322693,0.6039272546768188
8.15671443939209,25.148103713989258,0.10348258912563324,0.5980206727981567
8.24428939819336,25.087566375732422,0.11136707663536072,0.5879052877426147
8.24428939819336,25.087566375732422,0.11136707663536072,0.5879052877426147
8.2579345703125,25.023258209228516,0.10731938481330872,0.5852762460708618
8.11444091796875,25.05108642578125,0.09886005520820618,0.580734133720398
8.025779724121094,25.019886016845703,0.096041239798069,0.5826563835144043
7.8783793449401855,24.958820343017578,0.10161235928535461,0.5900806188583374
7.906027793884277,24.860092163085938,0.11907447129487991,0.5867197513580322
7.884803295135498,24.801944732666016,0.13829535245895386,0.5798642635345459
8.042704582214355,24.638704299926758,0.14004066586494446,0.5674494504928589
8.154976844787598,24.55860137939453,0.13286161422729492,0.5576370358467102
8.248456954956055,24.537736892700195,0.13721032440662384,0.5470893383026123
8.232318878173828,24.50543975830078,0.13411325216293335,0.5474964380264282
8.218172073364258,24.48967933654785,0.13552209734916687,0.546971321105957
8.239784240722656,24.432945251464844,0.14263062179088593,0.5442967414855957
8.243361473083496,24.399127960205078,0.13147275149822235,0.5436462163925171
8.304125785827637,24.2821102142334,0.13538432121276855,0.5432466864585876
8.320159912109375,24.23887825012207,0.12050840258598328,0.5432353615760803
8.29305362701416,24.193899154663086,0.1221751868724823,0.5459610819816589
8.198108673095703,24.223644256591797,0.11257950961589813,0.5494210720062256
8.051139831542969,24.299114227294922,0.10685323178768158,0.5535036325454712
7.8808674812316895,24.40241241455078,0.10576140880584717,0.5564320087432861
7.735573768615723,24.497922897338867,0.09677483886480331,0.5577490329742432
7.735573768615723,24.497922897338867,0.09677483886480331,0.5577490329742432
7.598386287689209,24.584228515625,0.1033608466386795,0.5576750040054321
7.583543300628662,24.601638793945312,0.0866197720170021,0.5547968745231628
7.611059188842773,24.565996170043945,0.07562309503555298,0.5510887503623962
7.6733574867248535,24.48820686340332,0.05888109654188156,0.5472388863563538
7.57372522354126,24.509021759033203,0.03781776875257492,0.547235369682312
7.49794340133667,24.422176361083984,0.04237250238656998,0.5497846603393555
7.35563850402832,24.40161895751953,0.051765330135822296,0.5533096194267273
7.256669044494629,24.270029067993164,0.07788172364234924,0.5602739453315735
7.174159049987793,24.24062156677246,0.09223078191280365,0.5613508224487305
7.128896713256836,24.226408004760742,0.08860579133033752,0.5618067383766174
7.159278392791748,24.18236541748047,0.08381329476833344,0.5589801073074341
7.166066646575928,24.139110565185547,0.07091125845909119,0.5580883622169495
7.1698384284973145,24.084409713745117,0.06193509325385094,0.5550490021705627
7.192899227142334,23.99333381652832,0.04430992156267166,0.5551536083221436
7.133866310119629,23.968791961669922,0.05029773712158203,0.5565837621688843
7.099878311157227,23.941177368164062,0.050476301461458206,0.5584927201271057
7.099074840545654,23.9310359954834,0.052743393927812576,0.5555554628372192
7.114980220794678,23.87395477294922,0.045485153794288635,0.5544307827949524
7.21545934677124,23.763776779174805,0.03544323891401291,0.5488907098770142
7.276754379272461,23.66060447692871,0.026852106675505638,0.5476981401443481
7.276754379272461,23.66060447692871,0.026852106675505638,0.5476981401443481
7.340212345123291,23.568342208862305,0.024378886446356773,0.5454899668693542
7.334886074066162,23.504005432128906,0.026268113404512405,0.547153115272522
7.2604780197143555,23.463802337646484,0.03236113861203194,0.5511271357536316
7.1581315994262695,23.43819808959961,0.041005268692970276,0.5558850169181824
7.041647434234619,23.470016479492188,0.05498430132865906,0.5566375255584717
6.9055047035217285,23.50065040588379,0.07986457645893097,0.5581192970275879
6.814615249633789,23.540931701660156,0.10191940516233444,0.5544179677963257
6.720180511474609,23.545455932617188,0.12420229613780975,0.5535084009170532
6.695863246917725,23.53424072265625,0.13728287816047668,0.5486993789672852
6.710023403167725,23.4636173248291,0.14008262753486633,0.5480849146842957
6.757580757141113,23.373809814453125,0.13232742249965668,0.5483990907669067
6.803216934204102,23.26546287536621,0.12467832118272781,0.5493307113647461
6.854194641113281,23.130657196044922,0.11672542244195938,0.5529091954231262
6.833486557006836,23.09730339050293,0.12396706640720367,0.549867570400238
6.837460517883301,23.06493377685547,0.13178762793540955,0.5466699600219727
6.840723991394043,22.977930068969727,0.14913338422775269,0.5457667708396912
6.845829486846924,22.940126419067383,0.14270079135894775,0.5500608086585999
6.83964729309082,22.947500228881836,0.1459086537361145,0.5460341572761536
6.912545204162598,22.710491180419922,0.16428762674331665,0.5524560809135437
6.992213726043701,22.630157470703125,0.14164668321609497,0.5522662401199341
6.931140422821045,22.643766403198242,0.15001964569091797,0.5503239631652832
6.931140422821045,22.643766403198242,0.15001964569091797,0.5503239631652832
6.905196666717529,22.629243850708008,0.15738973021507263,0.5496631264686584
6.842950820922852,22.658613204956055,0.14794978499412537,0.546823263168335
6.82920503616333,22.62236785888672,0.1388479322195053,0.5451022982597351
6.911104202270508,22.557954788208008,0.12234349548816681,0.5403043627738953
6.963814735412598,22.48440933227539,0.11961917579174042,0.5393719673156738
7.039168357849121,22.40135955810547,0.11400647461414337,0.5368351340293884
7.146517753601074,22.282066345214844,0.11363634467124939,0.5326937437057495
7.2001118659973145,22.212020874023438,0.11311762034893036,0.5301463007926941
7.248441696166992,22.143844604492188,0.12121577560901642,0.5276025533676147
7.240976810455322,22.114662170410156,0.13301235437393188,0.5255656838417053
7.287487983703613,22.018476486206055,0.14955607056617737,0.5244274735450745
7.254967212677002,21.996789932250977,0.18109135329723358,0.5246006846427917
7.295834064483643,21.944515228271484,0.16175596415996552,0.5225996971130371
7.259899139404297,21.945388793945312,0.14962248504161835,0.5257927179336548
7.278295516967773,21.91175651550293,0.15849144756793976,0.5231966972351074
7.268180847167969,21.886720657348633,0.16987863183021545,0.5228995680809021
7.261175155639648,21.829193115234375,0.1789943277835846,0.5241408348083496
7.1998395919799805,21.768037796020508,0.19703184068202972,0.5307906866073608
7.096103191375732,21.965167999267578,0.1753080189228058,0.5360040664672852
7.159945011138916,21.80548858642578,0.1903776228427887,0.5289949774742126
7.135074138641357,21.820520401000977,0.1803971379995346,0.5274041891098022
7.135074138641357,21.820520401000977,0.1803971379995346,0.5274041891098022
7.066951751708984,21.834367752075195,0.16634219884872437,0.5294653177261353
7.002935886383057,21.854652404785156,0.17054691910743713,0.5305718183517456
6.969577789306641,21.86068344116211,0.17662927508354187,0.5298534631729126
6.9216132164001465,21.87647247314453,0.19480642676353455,0.5271609425544739
6.934135437011719,21.840499877929688,0.20773451030254364,0.5249241590499878
6.9497809410095215,21.779438018798828,0.2274625599384308,0.5223592519760132
6.921871662139893,21.75855255126953,0.24488908052444458,0.5208907127380371
6.8926873207092285,21.733171463012695,0.24157895147800446,0.5219519138336182
6.850183486938477,21.74969482421875,0.21880963444709778,0.520362913608551
6.825588703155518,21.74173355102539,0.19040265679359436,0.5194635987281799
6.904494762420654,21.786388397216797,0.15519407391548157,0.5060575604438782
6.813139915466309,21.801008224487305,0.14341218769550323,0.5110548138618469
6.8425612449646,21.765625,0.14821456372737885,0.5062525868415833
6.888067722320557,21.74363136291504,0.15272285044193268,0.49889060854911804
6.811501979827881,21.89080047607422,0.174125075340271,0.49004536867141724
6.8461079597473145,21.79846954345703,0.16301210224628448,0.4930556118488312
6.859106540679932,21.79015350341797,0.14209778606891632,0.49020087718963623
6.888969421386719,21.751529693603516,0.12064182758331299,0.4894174337387085
6.908604621887207,21.719532012939453,0.11412260681390762,0.48825186491012573
6.967268466949463,21.655405044555664,0.10747072100639343,0.48507192730903625
6.919353008270264,21.691017150878906,0.11373690515756607,0.48170846700668335
6.919353008270264,21.691017150878906,0.11373690515756607,0.48170846700668335
6.8792243003845215,21.71567153930664,0.12405965477228165,0.47813764214515686
6.816147804260254,21.755556106567383,0.13176536560058594,0.4765734374523163
6.7357563972473145,21.816619873046875,0.13189031183719635,0.4759749472141266
6.681250095367432,21.85028839111328,0.12763430178165436,0.4764910340309143
6.634711265563965,21.86968994140625,0.12312789261341095,0.4775409996509552
6.585947036743164,21.899362564086914,0.1186026781797409,0.4774835705757141
6.5210676193237305,21.934329986572266,0.12126661837100983,0.4772903621196747
6.468967914581299,21.96481704711914,0.1294879913330078,0.4753100275993347
6.40624475479126,22.005985260009766,0.13668906688690186,0.47273921966552734
6.377719879150391,21.996444702148438,0.14197251200675964,0.47216498851776123
6.366024017333984,21.979900360107422,0.13546507060527802,0.47305840253829956
6.336177349090576,21.96152687072754,0.13964346051216125,0.47597071528434753
6.341593265533447,21.935380935668945,0.13319411873817444,0.476692259311676
6.328257083892822,21.936542510986328,0.1343606412410736,0.47611987590789795
6.2707438468933105,21.952167510986328,0.14247596263885498,0.4761233925819397
6.236387729644775,21.961156845092773,0.15098559856414795,0.47535738348960876
6.173646926879883,22.00023651123047,0.14776235818862915,0.47472238540649414
6.149275779724121,21.978734970092773,0.17587748169898987,0.47412216663360596
6.106189250946045,22.016193389892578,0.15176676213741302,0.4730595350265503
6.073280334472656,22.042335510253906,0.12209199368953705,0.47211185097694397
6.073280334472656,22.042335510253906,0.12209199368953705,0.47211185097694397
6.04988431930542,22.020233154296875,0.10338078439235687,0.4729994535446167
5.932237148284912,22.059574127197266,0.06676064431667328,0.4794827997684479
6.05883264541626,21.87935447692871,0.060621120035648346,0.4789382517337799
6.127626419067383,21.775842666625977,0.0825459361076355,0.47450321912765503
6.259995460510254,21.565750122070312,0.097370944917202,0.47399961948394775
6.313939094543457,21.512990951538086,0.08890864253044128,0.4700707197189331
6.398609161376953,21.44148063659668,0.06940726935863495,0.46614861488342285
6.443658351898193,21.39466667175293,0.05622139573097229,0.4636909067630768
6.474527359008789,21.35442543029785,0.053080491721630096,0.46186044812202454
6.471010208129883,21.33760643005371,0.056442178785800934,0.4607050120830536
6.436209201812744,21.33020782470703,0.06215044856071472,0.4612511694431305
6.43015718460083,21.338293075561523,0.062166549265384674,0.4553154706954956
6.404839992523193,21.370407104492188,0.05150214582681656,0.44926145672798157
6.4103498458862305,21.425634384155273,0.04111393168568611,0.43929433822631836
6.428313255310059,21.433578491210938,0.026822274550795555,0.4330279231071472
6.442990303039551,21.421222686767578,0.017321184277534485,0.4290734827518463
6.493252277374268,21.395246505737305,0.007372611202299595,0.42492032051086426
6.479353904724121,21.34159278869629,0.012636026367545128,0.42754116654396057
6.482631683349609,21.27702522277832,0.023270202800631523,0.42930373549461365
6.503613471984863,21.244176864624023,0.025973502546548843,0.4277016818523407
6.503613471984863,21.244176864624023,0.025973502546548843,0.4277016818523407
6.5288543701171875,21.235916137695312,0.02554384060204029,0.4235561788082123
6.516314506530762,21.2771053314209,0.021969260647892952,0.4193461239337921
6.4774627685546875,21.325777053833008,0.018797095865011215,0.41703495383262634
6.434792518615723,21.368122100830078,0.017591159790754318,0.41489434242248535
6.334925651550293,21.421764373779297,0.01937338523566723,0.41658395528793335
6.298232078552246,21.414318084716797,0.02300780639052391,0.4182993471622467
6.261314392089844,21.40865707397461,0.027672190219163895,0.4198518395423889
6.244733810424805,21.394927978515625,0.031127847731113434,0.4196103811264038
6.0475873947143555,21.586292266845703,0.03904961049556732,0.41929683089256287
6.133906841278076,21.47760581970215,0.03498075157403946,0.4177328050136566
6.096922874450684,21.530746459960938,0.03263133391737938,0.4129678010940552
6.021066188812256,21.642484664916992,0.026103917509317398,0.4063359200954437
5.988488674163818,21.634206771850586,0.0285326074808836,0.4087130129337311
5.988123893737793,21.675670623779297,0.024879658594727516,0.39938727021217346
5.95993185043335,21.663204193115234,0.028954602777957916,0.3986578583717346
5.922423839569092,21.657554626464844,0.0374012365937233,0.39864009618759155
5.902355670928955,21.635456085205078,0.03705611452460289,0.3969402015209198
5.898741722106934,21.597412109375,0.03414515405893326,0.3958813548088074
5.9571638107299805,21.57470703125,0.033872269093990326,0.3905978798866272
5.9647626876831055,21.5568904876709,0.020363908261060715,0.38627514243125916
5.950398921966553,21.581871032714844,0.016358233988285065,0.3822796642780304
5.950398921966553,21.581871032714844,0.016358233988285065,0.3822796642780304
5.91245174407959,21.631973266601562,0.010965601541101933,0.3773266077041626
5.8316216468811035,21.71702003479004,0.009372775442898273,0.37251046299934387
5.757426738739014,21.764259338378906,0.011236653663218021,0.370589941740036
5.6654205322265625,21.815460205078125,0.011347412131726742,0.36982429027557373
5.5717573165893555,21.8470458984375,0.017100438475608826,0.3685888350009918
5.490783214569092,21.866405487060547,0.029378052800893784,0.36767712235450745
5.444525241851807,21.889915466308594,0.03476184606552124,0.36435171961784363
5.468356609344482,21.8699893951416,0.0401485338807106,0.3595600426197052
5.4878764152526855,21.867511749267578,0.04025997966527939,0.3554095923900604
5.490129470825195,21.86990737915039,0.03886263445019722,0.3535378873348236
5.4681077003479,21.882625579833984,0.039966873824596405,0.3525340259075165
5.4503703117370605,21.876710891723633,0.04419129341840744,0.3526889681816101
5.409804821014404,21.868770599365234,0.05294378101825714,0.35456350445747375
5.37478494644165,21.850679397583008,0.0630490630865097,0.3562536835670471
5.335492134094238,21.804576873779297,0.08358978480100632,0.35874634981155396
5.327794075012207,21.748727798461914,0.101088747382164,0.35870805382728577
5.399807453155518,21.65142250061035,0.11462080478668213,0.3555305004119873
5.367134094238281,21.668336868286133,0.12071427702903748,0.35409781336784363
5.412448883056641,21.620298385620117,0.11472494900226593,0.3524153530597687
5.46498966217041,21.53660011291504,0.10889029502868652,0.35136157274246216
5.46498966217041,21.53660011291504,0.10889029502868652,0.35136157274246216
5.579732894897461,21.388545989990234,0.10169294476509094,0.3528488278388977
5.547808647155762,21.35175323486328,0.12379131466150284,0.35482877492904663
5.534125328063965,21.344135284423828,0.12568511068820953,0.3544170558452606
5.5344438552856445,21.328231811523438,0.12646207213401794,0.3540419340133667
5.552315711975098,21.29281997680664,0.1270822286605835,0.3540315628051758
5.56736421585083,21.239412307739258,0.13251559436321259,0.3547597825527191
5.931524276733398,21.00877571105957,0.09771272540092468,0.3978560268878937
5.616135120391846,21.176197052001953,0.12652748823165894,0.35475650429725647
5.611512184143066,21.173477172851562,0.121251180768013,0.3533795475959778
5.584798336029053,21.161989212036133,0.11223012208938599,0.35220932960510254
5.568508148193359,21.155258178710938,0.10998179018497467,0.3521482050418854
5.506967544555664,21.122940063476562,0.11371831595897675,0.3556157648563385
5.49907922744751,21.099742889404297,0.11104846000671387,0.35493606328964233
5.459511756896973,21.082746505737305,0.11797286570072174,0.35407471656799316
5.407294273376465,21.090436935424805,0.12392932921648026,0.34988123178482056
5.391905784606934,21.109329223632812,0.11560535430908203,0.3452327847480774
5.389628887176514,21.108964920043945,0.10013741254806519,0.341214120388031
5.37372350692749,21.111562728881836,0.0796726644039154,0.3395504951477051
5.347125053405762,21.10543441772461,0.07121260464191437,0.33880046010017395
5.303719997406006,21.091482162475586,0.061414722353219986,0.3391915559768677
5.281364917755127,21.021713256835938,0.052126701921224594,0.34091514348983765
5.281364917755127,21.021713256835938,0.052126701921224594,0.34091514348983765
5.349798679351807,20.79752540588379,0.05400291085243225,0.3500804007053375
5.319587230682373,20.795848846435547,0.06376379728317261,0.3484331965446472
5.302584171295166,20.782711029052734,0.06935853511095047,0.34743618965148926
5.3039870262146,20.757930755615234,0.07367368042469025,0.3463256061077118
5.314512252807617,20.68058204650879,0.0770806074142456,0.34681448340415955
5.287553787231445,20.665084838867188,0.0686742439866066,0.346784383058548
5.298208713531494,20.580520629882812,0.06001800298690796,0.35034382343292236
5.315958023071289,20.487869262695312,0.053796492516994476,0.35424381494522095
5.326469421386719,20.420839309692383,0.046158984303474426,0.35685932636260986
5.333082675933838,20.341110229492188,0.04795413836836815,0.3617599606513977
5.339597225189209,20.310287475585938,0.05089924857020378,0.36201906204223633
5.3334197998046875,20.298213958740234,0.05640460550785065,0.36181148886680603
5.334140300750732,20.272382736206055,0.06316743791103363,0.3617055416107178
5.319512367248535,20.252395629882812,0.07181131094694138,0.36168336868286133
5.380957126617432,20.170886993408203,0.07098619639873505,0.3605542778968811
5.329723358154297,20.176469802856445,0.09223303198814392,0.36206698417663574
5.284139633178711,20.192020416259766,0.09162319451570511,0.3592769503593445
5.296494960784912,20.145389556884766,0.08782131969928741,0.36066895723342896
5.33305549621582,20.101743698120117,0.08653822541236877,0.35932496190071106
5.361184597015381,20.05060386657715,0.0915488675236702,0.3582117557525635
5.361184597015381,20.05060386657715,0.0915488675236702,0.3582117557525635
5.402838706970215,20.004669189453125,0.09000587463378906,0.35623037815093994
5.491794109344482,19.902629852294922,0.08767027407884598,0.3529072403907776
5.554375648498535,19.84809112548828,0.0802474319934845,0.34802407026290894
5.61113166809082,19.78037452697754,0.07957950234413147,0.3437729775905609
5.5693840980529785,19.82863998413086,0.07732781767845154,0.3384908139705658
5.538308620452881,19.83789825439453,0.08534547686576843,0.3362320065498352
5.504234790802002,19.84469985961914,0.09767075628042221,0.3342217803001404
5.512523651123047,19.825790405273438,0.10485848039388657,0.33110156655311584
5.467123031616211,19.83830451965332,0.12615446746349335,0.3294450342655182
5.479280948638916,19.826847076416016,0.11800716072320938,0.3281208574771881
5.499983310699463,19.784076690673828,0.11259148269891739,0.3285481035709381
5.498733043670654,19.74909210205078,0.11614170670509338,0.329402357339859
5.494001865386963,19.691715240478516,0.1271262913942337,0.3319939374923706
5.54960298538208,19.616260528564453,0.1392364501953125,0.331575870513916
5.5090107917785645,19.610321044921875,0.14850588142871857,0.33283531665802
5.516235828399658,19.592247009277344,0.14324519038200378,0.3324100971221924
5.537281036376953,19.57421875,0.1327987015247345,0.3309975862503052
5.556879997253418,19.55303192138672,0.12738701701164246,0.3299132287502289
5.570489883422852,19.549760818481445,0.1106828972697258,0.3275429904460907
5.55487585067749,19.534141540527344,0.1095205694437027,0.3275716006755829
5.55487585067749,19.534141540527344,0.1095205694437027,0.3275716006755829
5.4820966720581055,19.56009864807129,0.1304442435503006,0.32731056213378906
5.357407093048096,19.655254364013672,0.1224076896905899,0.327515572309494
5.319225311279297,19.66562843322754,0.1305708885192871,0.327469140291214
5.243587017059326,19.722332000732422,0.1341799944639206,0.3260648548603058
5.222680568695068,19.732646942138672,0.12880642712116241,0.32503095269203186
5.176552772521973,19.791091918945312,0.1142139881849289,0.3219364285469055
5.189309120178223,19.76605796813965,0.10255269706249237,0.3216087222099304
5.229384899139404,19.737895965576172,0.0880439504981041,0.3194924294948578
5.267423152923584,19.682254791259766,0.08496497571468353,0.3194209039211273
5.319307327270508,19.61036491394043,0.07933609187602997,0.31850457191467285
5.334577560424805,19.538131713867188,0.08277538418769836,0.31952154636383057
5.335092067718506,19.49271011352539,0.08060930669307709,0.31978973746299744
5.27388334274292,19.495906829833984,0.08439786732196808,0.3201972544193268
5.17710542678833,19.555526733398438,0.08739137649536133,0.32026538252830505
5.173126697540283,19.52733612060547,0.10168248414993286,0.31819355487823486
5.203439235687256,19.47376823425293,0.10702879726886749,0.31763312220573425
5.2491044998168945,19.419912338256836,0.11761866509914398,0.31525468826293945
5.296072483062744,19.358491897583008,0.11988594383001328,0.31453609466552734
5.343367099761963,19.314990997314453,0.1191616803407669,0.3123186528682709
5.35663366317749,19.282442092895508,0.1268492341041565,0.3116300702095032
5.35663366317749,19.282442092895508,0.1268492341041565,0.3116300702095032
5.350856304168701,19.292171478271484,0.12232039123773575,0.3088963031768799
5.3329339027404785,19.315343856811523,0.11888841539621353,0.3063220977783203
5.296039581298828,19.351037979125977,0.11739398539066315,0.30309784412384033
5.302853584289551,19.336341857910156,0.11831282079219818,0.30119314789772034
5.309699058532715,19.29714584350586,0.12177450954914093,0.30133792757987976
5.323641300201416,19.273052215576172,0.12068969011306763,0.30076462030410767
5.3469014167785645,19.216754913330078,0.12203286588191986,0.30208107829093933
5.340502738952637,19.212203979492188,0.11722737550735474,0.3017662465572357
5.346717834472656,19.196468353271484,0.11024723947048187,0.3018476366996765
5.331123352050781,19.209352493286133,0.10397698730230331,0.3008520007133484
5.342804908752441,19.192630767822266,0.0959162563085556,0.29948100447654724
5.375225067138672,19.15839385986328,0.08915148675441742,0.29785242676734924
5.440934181213379,19.078414916992188,0.08892180025577545,0.29703426361083984
5.4302568435668945,19.075687408447266,0.08688593655824661,0.29754990339279175
5.482864856719971,19.000062942504883,0.0924060195684433,0.2965375781059265
5.480330467224121,18.976526260375977,0.09776055067777634,0.2956269681453705
5.4355597496032715,18.986995697021484,0.1052965521812439,0.29485008120536804
5.356015205383301,19.018396377563477,0.11480751633644104,0.29527509212493896
5.221098899841309,19.11722755432129,0.11688867211341858,0.294514000415802
5.136176109313965,19.127063751220703,0.13775084912776947,0.31841352581977844
5.185542106628418,19.099931716918945,0.12149466574192047,0.29749828577041626
5.185542106628418,19.099931716918945,0.12149466574192047,0.29749828577041626
4.9729743003845215,19.27060890197754,0.1304590106010437,0.29527944326400757
4.949182510375977,19.2980899810791,0.12432456016540527,0.292349636554718
5.032878398895264,19.21371841430664,0.12021751701831818,0.2901836931705475
5.036250114440918,19.2011661529541,0.11879673600196838,0.28870412707328796
5.036352157592773,19.17180824279785,0.11636298149824142,0.28718018531799316
5.031129837036133,19.157915115356445,0.10717204958200455,0.2845502495765686
5.008485317230225,19.138051986694336,0.10709843784570694,0.28226175904273987
4.952077388763428,19.171810150146484,0.11274367570877075,0.27842971682548523
4.960920810699463,19.113834381103516,0.11979669332504272,0.2788218557834625
4.97721004486084,19.081134796142578,0.13253453373908997,0.27513501048088074
5.000153541564941,19.02306365966797,0.14398477971553802,0.27305546402931213
5.054920196533203,18.948030471801758,0.1454569399356842,0.27000710368156433
5.062693119049072,18.94120979309082,0.13961589336395264,0.267060786485672
5.060336112976074,18.93678092956543,0.13421455025672913,0.2658761441707611
5.058528423309326,18.91148567199707,0.13701552152633667,0.26657354831695557
5.037700176239014,18.89550018310547,0.1401752233505249,0.26825544238090515
5.016531944274902,18.857606887817383,0.15893733501434326,0.27030661702156067
4.99480676651001,18.808856964111328,0.18624341487884521,0.2718042731285095
4.9552130699157715,18.780269622802734,0.21501567959785461,0.27322596311569214
5.03622579574585,18.662046432495117,0.27225372195243835,0.28897011280059814
4.966065883636475,18.742753982543945,0.22587451338768005,0.27368223667144775
4.966065883636475,18.742753982543945,0.22587451338768005,0.27368223667144775
4.926501750946045,18.718875885009766,0.23691782355308533,0.2750595510005951
4.924545764923096,18.709564208984375,0.22457638382911682,0.27475082874298096
4.958495140075684,18.692155838012695,0.20000576972961426,0.2728552520275116
5.011735916137695,18.644649505615234,0.17685231566429138,0.27154839038848877
5.0658183097839355,18.57710075378418,0.1626424789428711,0.2696934938430786
5.459235191345215,18.282115936279297,0.08775024116039276,0.28207701444625854
5.153942108154297,18.48455810546875,0.14090581238269806,0.270267516374588
5.147475242614746,18.462642669677734,0.14962533116340637,0.2685653865337372
5.1295166015625,18.39763641357422,0.18229462206363678,0.2709684669971466
5.112802505493164,18.401453018188477,0.19186963140964508,0.26916730403900146
5.101311206817627,18.379627227783203,0.19334253668785095,0.2704237103462219
5.117221832275391,18.32971954345703,0.1904226839542389,0.272239089012146
5.120327949523926,18.312719345092773,0.19070017337799072,0.2724696695804596
5.128703594207764,18.29889678955078,0.19156357645988464,0.2708680033683777
5.101806640625,18.308780670166016,0.19389678537845612,0.27228230237960815
5.113612174987793,18.298763275146484,0.19276084005832672,0.27085140347480774
5.092109680175781,18.32285499572754,0.18799549341201782,0.2681538760662079
5.034646034240723,18.375553131103516,0.19206863641738892,0.26494333148002625
4.9655961990356445,18.49103546142578,0.14641430974006653,0.2649599611759186
4.998525619506836,18.424772262573242,0.1687120497226715,0.2637141942977905
4.961250305175781,18.446765899658203,0.16452619433403015,0.26250824332237244
5.1880717277526855,18.347726821899414,0.1862461417913437,0.2969866096973419
4.976624011993408,18.408796310424805,0.16780352592468262,0.26274019479751587
4.861867427825928,18.632036209106445,0.12879903614521027,0.2553056478500366
4.908388614654541,18.499954223632812,0.14720669388771057,0.2555299699306488
4.908388614654541,18.499954223632812,0.14720669388771057,0.2555299699306488
4.904459476470947,18.470170974731445,0.1347765326499939,0.25541621446609497
4.913882732391357,18.453432083129883,0.1251308023929596,0.2533115744590759
4.8976521492004395,18.464397430419922,0.12247917801141739,0.251025527715683
4.869013786315918,18.489885330200195,0.12182845175266266,0.24824143946170807
4.5253586769104,19.288150787353516,0.11904634535312653,0.2732396721839905
4.7944111824035645,18.55001449584961,0.1214098185300827,0.2480415403842926
4.754154205322266,18.573083877563477,0.12287919968366623,0.24646970629692078
4.684966087341309,18.623149871826172,0.1216040700674057,0.24546867609024048
4.666794300079346,18.608867645263672,0.12433506548404694,0.2457786649465561
4.657913684844971,18.564170837402344,0.1255766749382019,0.2469014972448349
4.693610668182373,18.484481811523438,0.12628507614135742,0.24846598505973816
4.745345592498779,18.37118911743164,0.1328195482492447,0.24962806701660156
4.95990514755249,18.10506248474121,0.11603941023349762,0.25585100054740906
4.886123180389404,18.139360427856445,0.1357017159461975,0.251060426235199
4.8363118171691895,18.20274543762207,0.13908272981643677,0.2458747923374176
4.834676742553711,18.175827026367188,0.1444835662841797,0.2444729059934616
4.852948188781738,18.14589500427246,0.13898687064647675,0.24368776381015778
4.903186798095703,18.065601348876953,0.135660782456398,0.24419359862804413
4.919684886932373,18.019512176513672,0.1378210484981537,0.2438225895166397
4.9446702003479,17.965408325195312,0.1504211574792862,0.24299664795398712
4.941394329071045,17.952617645263672,0.1599981188774109,0.2414873093366623
4.941394329071045,17.952617645263672,0.1599981188774109,0.2414873093366623
4.9271931648254395,17.944467544555664,0.17418065667152405,0.24001826345920563
4.948648929595947,17.900081634521484,0.18031048774719238,0.23848366737365723
4.966156482696533,17.834938049316406,0.2053171992301941,0.2376023828983307
4.928761959075928,17.965042114257812,0.16290101408958435,0.23730909824371338
4.9463605880737305,17.868894577026367,0.18905682861804962,0.23530256748199463
4.965233325958252,17.839130401611328,0.17488041520118713,0.2347763031721115
4.959193706512451,17.827678680419922,0.15401899814605713,0.23506179451942444
4.946510314941406,17.848535537719727,0.14319363236427307,0.23331519961357117
4.940714359283447,17.83697509765625,0.13469794392585754,0.23298843204975128
4.912810802459717,17.859132766723633,0.13096845149993896,0.23181863129138947
4.878958225250244,17.879501342773438,0.12523382902145386,0.23115625977516174
4.852513313293457,17.895212173461914,0.11935418099164963,0.23017287254333496
4.829074859619141,17.91395378112793,0.10509490221738815,0.229092538356781
4.825153827667236,17.914369583129883,0.09718000888824463,0.22797653079032898
4.787045001983643,17.952817916870117,0.07148631662130356,0.22829049825668335
4.764318466186523,17.964134216308594,0.07116618752479553,0.2262600064277649
4.728186130523682,17.971824645996094,0.07644271850585938,0.22435064613819122
4.661535739898682,18.02133560180664,0.0681144967675209,0.2238287627696991
4.616030693054199,18.01769256591797,0.07256797701120377,0.22524186968803406
4.566293239593506,18.0439510345459,0.0682840496301651,0.22556082904338837
4.533264636993408,18.02158546447754,0.06038244068622589,0.2289762645959854
4.533264636993408,18.02158546447754,0.06038244068622589,0.2289762645959854
4.5470123291015625,17.985746383666992,0.060997314751148224,0.22769373655319214
4.57432222366333,17.93010711669922,0.06507056951522827,0.22606390714645386
4.588624954223633,17.881202697753906,0.06580483168363571,0.2268933653831482
4.560526371002197,17.88618278503418,0.0688401311635971,0.2271169126033783
4.528067111968994,17.882497787475586,0.07017882168292999,0.22873538732528687
4.468935966491699,17.910661697387695,0.06904883682727814,0.22920048236846924
4.4360032081604,17.900009155273438,0.06878404319286346,0.23059599101543427
4.423811912536621,17.89742660522461,0.06589573621749878,0.2294497787952423
4.4731221199035645,17.815214157104492,0.06752584874629974,0.23007014393806458
4.523373126983643,17.741371154785156,0.07071677595376968,0.22957487404346466
4.583334922790527,17.63051414489746,0.0818403959274292,0.2308320552110672
4.5999016761779785,17.55885887145996,0.09117279946804047,0.23307013511657715
4.5645365715026855,17.55414390563965,0.10204029828310013,0.2337261289358139
4.518229007720947,17.547847747802734,0.10554833710193634,0.2367376834154129
4.469056606292725,17.57709503173828,0.10333355516195297,0.2373773604631424
4.462085723876953,17.577089309692383,0.09933999925851822,0.23697394132614136
4.49931001663208,17.53139305114746,0.09685352444648743,0.236565962433815
4.531627655029297,17.495525360107422,0.09470061957836151,0.23597221076488495
4.584033966064453,17.442665100097656,0.09437647461891174,0.2341984510421753
4.627170562744141,17.388856887817383,0.09830577671527863,0.23217833042144775
4.627170562744141,17.388856887817383,0.09830577671527863,0.23217833042144775
4.618359088897705,17.392486572265625,0.1066722422838211,0.22927814722061157
4.547489643096924,17.448347091674805,0.1155254915356636,0.2272287756204605
4.4262776374816895,17.561229705810547,0.13116885721683502,0.22386837005615234
4.2998528480529785,17.677711486816406,0.1437714397907257,0.22108151018619537
4.295045852661133,17.663801193237305,0.14464986324310303,0.2207014262676239
4.329662322998047,17.612812042236328,0.13771353662014008,0.21966488659381866
4.329507827758789,17.579439163208008,0.13977780938148499,0.22008030116558075
4.344440937042236,17.542682647705078,0.12785254418849945,0.22014635801315308
4.3579864501953125,17.50542640686035,0.121961310505867,0.2202129364013672
4.326314926147461,17.512020111083984,0.11676298081874847,0.22070997953414917
4.306762218475342,17.4921875,0.11795800924301147,0.2225174903869629
4.262383460998535,17.49492645263672,0.12188389897346497,0.22391007840633392
4.234653472900391,17.475780487060547,0.13182586431503296,0.22554488480091095
4.240234375,17.444480895996094,0.13860931992530823,0.22549846768379211
4.267515182495117,17.403411865234375,0.14603960514068604,0.2245883345603943
4.292369842529297,17.367334365844727,0.14911168813705444,0.22409428656101227
4.2994384765625,17.361499786376953,0.14972786605358124,0.22274149954319
4.291591644287109,17.360788345336914,0.14638544619083405,0.22284239530563354
4.264641284942627,17.385601043701172,0.14291664958000183,0.22217491269111633
4.244773864746094,17.398517608642578,0.1384526789188385,0.22219032049179077
4.244773864746094,17.398517608642578,0.1384526789188385,0.22219032049179077
4.233242988586426,17.40957260131836,0.13108579814434052,0.22138769924640656
4.247623920440674,17.393402099609375,0.11975720524787903,0.22051814198493958
4.2935099601745605,17.337663650512695,0.11612021923065186,0.21989475190639496
4.342761993408203,17.299089431762695,0.10213520377874374,0.2186768352985382
4.403306484222412,17.22295570373535,0.0991128608584404,0.2190464287996292
4.446157932281494,17.175695419311523,0.09715088456869125,0.2182527780532837
4.45068359375,17.154306411743164,0.0972861722111702,0.21874095499515533
4.445316791534424,17.14684295654297,0.09716334939002991,0.2185925990343094
4.4072184562683105,17.178897857666016,0.09332337975502014,0.21807044744491577
4.472324848175049,17.09501838684082,0.11614047735929489,0.21978501975536346
4.42797327041626,17.1390380859375,0.10170484334230423,0.2178816944360733
4.32521390914917,17.23244285583496,0.10403776168823242,0.21604257822036743
4.304677486419678,17.24722671508789,0.10636758804321289,0.21522913873195648
4.30438756942749,17.238815307617188,0.1075405403971672,0.21422839164733887
4.309232711791992,17.233076095581055,0.10755395144224167,0.21331651508808136
4.300673961639404,17.24372673034668,0.10597527027130127,0.21219314634799957
4.31689977645874,17.21600341796875,0.10898387432098389,0.21184539794921875
4.296414852142334,17.240739822387695,0.10580464452505112,0.21066775918006897
4.291646480560303,17.244800567626953,0.10585443675518036,0.20995713770389557
4.291082859039307,17.242237091064453,0.10797722637653351,0.20912225544452667
4.303950309753418,17.22174644470215,0.11164245009422302,0.20804058015346527
4.303950309753418,17.22174644470215,0.11164245009422302,0.20804058015346527
4.316532135009766,17.195249557495117,0.11749952286481857,0.20708629488945007
4.353114604949951,17.13921356201172,0.12107168138027191,0.20658829808235168
4.3739094734191895,17.093896865844727,0.12376522272825241,0.20662467181682587
4.4039130210876465,17.03936195373535,0.12306694686412811,0.2063847780227661
4.436692714691162,16.976131439208984,0.12148907780647278,0.20602214336395264
4.4939165115356445,16.900917053222656,0.12054753303527832,0.20400609076023102
4.556721210479736,16.81103515625,0.11975245177745819,0.20411545038223267
4.583447456359863,16.789302825927734,0.11852183938026428,0.20203688740730286
4.6173624992370605,16.74751853942871,0.11597879976034164,0.20115508139133453
4.679383277893066,16.68204116821289,0.10985465347766876,0.1991458684206009
4.87829065322876,16.55851936340332,0.13569825887680054,0.2093331664800644
4.712203025817871,16.638872146606445,0.11452697217464447,0.19852004945278168
4.79876708984375,16.53441047668457,0.09422753751277924,0.1971920132637024
4.833956241607666,16.475372314453125,0.1003718376159668,0.19664785265922546
4.828987121582031,16.449604034423828,0.10727118700742722,0.19709113240242004
4.848313808441162,16.414430618286133,0.10678355395793915,0.19752909243106842
4.8660807609558105,16.39141273498535,0.10332426428794861,0.19645854830741882
4.880922317504883,16.375877380371094,0.10290025919675827,0.19411450624465942
4.968311309814453,16.267780303955078,0.11405947804450989,0.1920379102230072
4.968594551086426,16.25786018371582,0.12101994454860687,0.1899292916059494
4.982476234436035,16.212005615234375,0.13716085255146027,0.18899674713611603
4.982476234436035,16.212005615234375,0.13716085255146027,0.18899674713611603
4.966742038726807,16.20556640625,0.14214766025543213,0.1892021894454956
4.940008163452148,16.196075439453125,0.14978021383285522,0.1902465671300888
4.929438591003418,16.182477951049805,0.15014250576496124,0.19138740003108978
4.914487838745117,16.18330192565918,0.14714360237121582,0.19169454276561737
4.922599792480469,16.16083526611328,0.13948361575603485,0.19251038134098053
4.930962562561035,16.148780822753906,0.13205477595329285,0.19227683544158936
4.944213390350342,16.12618064880371,0.1247435063123703,0.19249208271503448
4.934642314910889,16.117504119873047,0.12603126466274261,0.19290021061897278
4.9192728996276855,16.11857032775879,0.12431518733501434,0.19325561821460724
4.872391700744629,16.148757934570312,0.13074621558189392,0.19304513931274414
4.840600490570068,16.164901733398438,0.13246360421180725,0.19288276135921478
4.786003589630127,16.21723747253418,0.13401512801647186,0.1915576010942459
4.765242576599121,16.23420524597168,0.13276788592338562,0.1903015524148941
4.755908966064453,16.24469566345215,0.12614236772060394,0.1883045881986618
4.764220714569092,16.230627059936523,0.12034053355455399,0.18710282444953918
4.834297180175781,16.15024185180664,0.11614678800106049,0.18924762308597565
4.793214321136475,16.18719482421875,0.11843590438365936,0.18736031651496887
4.787623882293701,16.137920379638672,0.1080392524600029,0.1902385801076889
4.7440996170043945,16.153114318847656,0.12144994735717773,0.18951556086540222
4.726111888885498,16.139057159423828,0.1401975452899933,0.18713492155075073
4.698362350463867,16.148975372314453,0.13675834238529205,0.1873510628938675
4.698362350463867,16.148975372314453,0.13675834238529205,0.1873510628938675
4.6146464347839355,16.19685935974121,0.13641130924224854,0.1883789747953415
4.5020294189453125,16.272106170654297,0.13274602591991425,0.18987934291362762
4.391283988952637,16.341754913330078,0.13512316346168518,0.19119232892990112
4.328402996063232,16.368005752563477,0.13744771480560303,0.1926914006471634
4.32316255569458,16.352954864501953,0.14122949540615082,0.19296014308929443
4.347982406616211,16.300556182861328,0.14482951164245605,0.19423362612724304
4.362271308898926,16.26413345336914,0.14864343404769897,0.19462211430072784
4.3668599128723145,16.226076126098633,0.1511300802230835,0.1958143413066864
4.317196369171143,16.25704002380371,0.1491999328136444,0.19558733701705933
4.284976959228516,16.263473510742188,0.14462918043136597,0.19606943428516388
4.216608047485352,16.331872940063477,0.139102041721344,0.19401013851165771
4.198368072509766,16.342388153076172,0.13788530230522156,0.19229544699192047
4.198943138122559,16.330440521240234,0.1423708200454712,0.18976514041423798
4.222023963928223,16.282854080200195,0.15151098370552063,0.18855100870132446
4.2442522048950195,16.227935791015625,0.15929758548736572,0.18819575011730194
4.260135650634766,16.178146362304688,0.16476771235466003,0.1875307708978653
4.280945301055908,16.125667572021484,0.16169373691082,0.18786419928073883
4.2747673988342285,16.13459014892578,0.14866477251052856,0.18585170805454254
4.312867641448975,16.09684944152832,0.13319852948188782,0.1851494014263153
4.323970317840576,16.10305404663086,0.11754944920539856,0.18304993212223053
4.323970317840576,16.10305404663086,0.11754944920539856,0.18304993212223053
4.327640533447266,16.10742950439453,0.11013814806938171,0.1811571568250656
4.336629867553711,16.08366584777832,0.10770215094089508,0.18049931526184082
4.329168796539307,16.068159103393555,0.1132347583770752,0.17980313301086426
4.340999603271484,15.989578247070312,0.1260538548231125,0.1835847645998001
4.326774597167969,15.988987922668457,0.1281183362007141,0.18259412050247192
4.334273338317871,15.954203605651855,0.13358047604560852,0.1833067089319229
4.3092780113220215,15.963790893554688,0.14271709322929382,0.18279463052749634
4.303069591522217,15.950271606445312,0.1492704451084137,0.1831105798482895
4.279205322265625,15.94080638885498,0.16515855491161346,0.18326851725578308
4.261369705200195,15.933272361755371,0.1766553521156311,0.18335461616516113
4.234435558319092,15.922836303710938,0.1902797818183899,0.18364836275577545
4.233536720275879,15.894306182861328,0.18859753012657166,0.18491004407405853
4.239664554595947,15.854531288146973,0.19396275281906128,0.18590861558914185
4.2477264404296875,15.817137718200684,0.18477314710617065,0.18778376281261444
4.264837741851807,15.77141284942627,0.17038218677043915,0.18879447877407074
4.2362518310546875,15.766839027404785,0.16748514771461487,0.1890471875667572
4.213754177093506,15.753600120544434,0.17388147115707397,0.18873712420463562
4.1148223876953125,15.828214645385742,0.18101060390472412,0.18790210783481598
4.053643226623535,15.87020206451416,0.18727140128612518,0.18667377531528473
3.9231555461883545,15.977197647094727,0.1645147204399109,0.1903601437807083
3.9231555461883545,15.977197647094727,0.1645147204399109,0.1903601437807083
3.9541690349578857,15.959250450134277,0.1594187319278717,0.18703101575374603
3.9905152320861816,15.915566444396973,0.14834825694561005,0.18720556795597076
3.981785297393799,15.929605484008789,0.13125483691692352,0.18668784201145172
3.9759533405303955,15.906837463378906,0.12116953730583191,0.18919087946414948
3.9668126106262207,15.903678894042969,0.12067528814077377,0.1895851194858551
3.9609720706939697,15.898578643798828,0.12579278647899628,0.18929922580718994
3.978085994720459,15.867327690124512,0.13385938107967377,0.1883096843957901
3.921860456466675,15.90245246887207,0.16231675446033478,0.1860756278038025
4.0437092781066895,15.77115535736084,0.16677585244178772,0.1834147721529007
3.9642221927642822,15.813958168029785,0.1537652462720871,0.18428105115890503
3.9378435611724854,15.831527709960938,0.1391834169626236,0.18351633846759796
3.858433485031128,15.888275146484375,0.12928666174411774,0.18268905580043793
3.8587608337402344,15.855311393737793,0.12368382513523102,0.1831999570131302
3.8685731887817383,15.80278205871582,0.12283384799957275,0.18332797288894653
3.9027504920959473,15.718437194824219,0.11799550801515579,0.18627911806106567
3.897102117538452,15.697492599487305,0.130161851644516,0.18565809726715088
3.8765201568603516,15.716105461120605,0.13215577602386475,0.1846771389245987
3.849146604537964,15.735894203186035,0.13634823262691498,0.18378229439258575
3.8176050186157227,15.75869369506836,0.13798470795154572,0.18295413255691528
3.8002071380615234,15.747026443481445,0.14197930693626404,0.18319551646709442
3.8002071380615234,15.747026443481445,0.14197930693626404,0.18319551646709442
3.8192758560180664,15.703226089477539,0.13654786348342896,0.18512821197509766
3.816957712173462,15.677042961120605,0.13860473036766052,0.18553254008293152
3.8489222526550293,15.601275444030762,0.13857480883598328,0.1867152452468872
3.858827829360962,15.523118019104004,0.1428200602531433,0.19066031277179718
3.9062321186065674,15.470148086547852,0.14104792475700378,0.189204141497612
3.996703624725342,15.349964141845703,0.139171302318573,0.19061467051506042
4.019536972045898,15.306413650512695,0.1359763741493225,0.1915850043296814
4.053872108459473,15.231832504272461,0.13659006357192993,0.19429711997509003
4.031364440917969,15.23787784576416,0.13745248317718506,0.19479289650917053
4.002801895141602,15.258289337158203,0.1367165595293045,0.19482560455799103
3.9674370288848877,15.284281730651855,0.13614098727703094,0.1949218511581421
3.9242520332336426,15.311214447021484,0.13361600041389465,0.19542481005191803
3.896057367324829,15.322693824768066,0.13160604238510132,0.19589535892009735
3.875924825668335,15.333541870117188,0.13213425874710083,0.19567352533340454
3.903653144836426,15.3070068359375,0.12693360447883606,0.19516605138778687
3.918935775756836,15.290493965148926,0.12748995423316956,0.19453924894332886
3.9553818702697754,15.245307922363281,0.12474627792835236,0.19425378739833832
3.947744607925415,15.236336708068848,0.1239570677280426,0.19505955278873444
3.939040422439575,15.231303215026855,0.12059680372476578,0.19585417211055756
3.9225716590881348,15.221572875976562,0.11886519193649292,0.1979002058506012
3.9225716590881348,15.221572875976562,0.11886519193649292,0.1979002058506012
3.8942067623138428,15.23880386352539,0.11920513957738876,0.1983049213886261
3.896599292755127,15.228572845458984,0.11966148018836975,0.19843865931034088
3.892608404159546,15.230620384216309,0.12024100869894028,0.1976386159658432
3.9142494201660156,15.211040496826172,0.11753799021244049,0.19653846323490143
3.9395556449890137,15.181251525878906,0.11535924673080444,0.19596052169799805
3.9394431114196777,15.170831680297852,0.11188662052154541,0.19574198126792908
3.9552180767059326,15.127591133117676,0.11158327758312225,0.19709686934947968
3.9333698749542236,15.121402740478516,0.11409516632556915,0.19835546612739563
3.9355225563049316,15.088988304138184,0.12089954316616058,0.19971714913845062
3.938283920288086,15.057642936706543,0.13273122906684875,0.20017102360725403
3.9584767818450928,15.00615406036377,0.146827831864357,0.20059524476528168
4.064273357391357,14.862342834472656,0.16160988807678223,0.2023991495370865
4.2886962890625,14.651124000549316,0.32408905029296875,0.22442029416561127
4.075668811798096,14.80673599243164,0.18888914585113525,0.2017308622598648
4.068551063537598,14.818946838378906,0.1729152500629425,0.20066800713539124
4.038174152374268,14.86203670501709,0.14405715465545654,0.19930365681648254
4.0696187019348145,14.822065353393555,0.13405372202396393,0.19877731800079346
4.161795139312744,14.671472549438477,0.12221163511276245,0.2024765908718109
4.149573802947998,14.686836242675781,0.11421358585357666,0.20116382837295532
4.178493499755859,14.625845909118652,0.10981562733650208,0.2030494064092636
4.154937744140625,14.627466201782227,0.10506046563386917,0.2041986733675003
4.154937744140625,14.627466201782227,0.10506046563386917,0.2041986733675003
4.162035942077637,14.62166690826416,0.10492401570081711,0.20338770747184753
4.171674728393555,14.623722076416016,0.1033058762550354,0.20147500932216644
4.195322513580322,14.601408004760742,0.09784689545631409,0.20093625783920288
4.200364589691162,14.593947410583496,0.0960543304681778,0.20059552788734436
4.185373783111572,14.60049057006836,0.0929628536105156,0.2009921818971634
4.174374103546143,14.591211318969727,0.09127560257911682,0.20242756605148315
4.164731025695801,14.588322639465332,0.09182552248239517,0.20275607705116272
4.166398048400879,14.551153182983398,0.09525050222873688,0.20436400175094604
4.179558753967285,14.512855529785156,0.0976022481918335,0.20506630837917328
4.201974391937256,14.45101547241211,0.10301904380321503,0.20658645033836365
4.217714309692383,14.401511192321777,0.10910655558109283,0.2069733887910843
4.197596073150635,14.36056900024414,0.12327493727207184,0.20875141024589539
4.183109283447266,14.360344886779785,0.12891656160354614,0.20754355192184448
4.124422550201416,14.390371322631836,0.1336486041545868,0.20765958726406097
4.0543928146362305,14.455698013305664,0.1328534632921219,0.20628240704536438
4.034778118133545,14.446220397949219,0.1313549280166626,0.2079751342535019
3.999372959136963,14.484185218811035,0.12878060340881348,0.20675145089626312
3.9972662925720215,14.4745454788208,0.12697185575962067,0.20687738060951233
3.9825236797332764,14.47222900390625,0.12472982704639435,0.20727747678756714
3.9978790283203125,14.426665306091309,0.11222384124994278,0.21027731895446777
3.9978790283203125,14.426665306091309,0.11222384124994278,0.21027731895446777
3.9318227767944336,14.491342544555664,0.11026430875062943,0.20952902734279633
3.927377939224243,14.493185043334961,0.11346748471260071,0.20846211910247803
3.9178757667541504,14.484077453613281,0.11781784892082214,0.20818805694580078
3.908329725265503,14.47761344909668,0.12046310305595398,0.20810241997241974
3.9143617153167725,14.447214126586914,0.1224289983510971,0.20850001275539398
3.9118080139160156,14.427321434020996,0.12552835047245026,0.20926672220230103
3.92328143119812,14.419270515441895,0.12344282865524292,0.20822671055793762
3.9387192726135254,14.402254104614258,0.12196771055459976,0.20762889087200165
3.9369044303894043,14.417825698852539,0.11818297207355499,0.2054309844970703
3.9223392009735107,14.439858436584473,0.11257050931453705,0.2039957046508789
3.8958632946014404,14.470701217651367,0.10475829988718033,0.20303140580654144
3.841221570968628,14.522208213806152,0.09861531108617783,0.20289228856563568
3.8570899963378906,14.493146896362305,0.09574104845523834,0.203474223613739
3.8687539100646973,14.468239784240723,0.09535285830497742,0.20391593873500824
3.8789169788360596,14.437660217285156,0.09589657187461853,0.20482255518436432
3.8821120262145996,14.430194854736328,0.08795294165611267,0.20891974866390228
3.878732919692993,14.431535720825195,0.09379212558269501,0.20527805387973785
3.8957560062408447,14.406353950500488,0.0895196795463562,0.2052859514951706
3.884930372238159,14.393108367919922,0.08688972890377045,0.20636261999607086
3.8943660259246826,14.378459930419922,0.08282971382141113,0.20605432987213135
3.9027318954467773,14.353114128112793,0.07935605198144913,0.20672640204429626
3.9027318954467773,14.353114128112793,0.07935605198144913,0.20672640204429626
3.907067060470581,14.33042049407959,0.07727059721946716,0.20680640637874603
3.920114517211914,14.282855987548828,0.07382725179195404,0.20826229453086853
3.8762545585632324,14.295838356018066,0.07580780982971191,0.2083091139793396
3.8243277072906494,14.328963279724121,0.07796014845371246,0.206624373793602
3.823103427886963,14.311419486999512,0.07465514540672302,0.20630235970020294
3.8429014682769775,14.269302368164062,0.06929775327444077,0.20591458678245544
3.8732802867889404,14.244501113891602,0.06357783824205399,0.2039409875869751
3.9734678268432617,14.10189437866211,0.05525119975209236,0.2092544585466385
3.919053077697754,14.165960311889648,0.05935811251401901,0.20628906786441803
3.920555353164673,14.168292045593262,0.061473287642002106,0.20449279248714447
3.9145114421844482,14.174408912658691,0.063716359436512,0.20309311151504517
3.90071964263916,14.180532455444336,0.06993590295314789,0.20203948020935059
3.858289957046509,14.212142944335938,0.0772012397646904,0.20090509951114655
3.8335506916046143,14.221426963806152,0.08026058971881866,0.2014881670475006
3.8231778144836426,14.22413158416748,0.08063019812107086,0.2004561573266983
3.8333394527435303,14.216747283935547,0.07626061141490936,0.19885165989398956
3.842618942260742,14.198272705078125,0.07112157344818115,0.19788475334644318
3.8514928817749023,14.183860778808594,0.06515686213970184,0.19684866070747375
3.849050283432007,14.174470901489258,0.059843942523002625,0.19649454951286316
3.829364061355591,14.18091869354248,0.05628683790564537,0.1965060830116272
3.8295481204986572,14.172321319580078,0.05203579366207123,0.19583773612976074
3.8295481204986572,14.172321319580078,0.05203579366207123,0.19583773612976074
3.793609857559204,14.197076797485352,0.05090683698654175,0.19535069167613983
3.7493581771850586,14.225945472717285,0.05026998743414879,0.19479544460773468
3.705751657485962,14.264768600463867,0.050488539040088654,0.1936495155096054
3.6645829677581787,14.289674758911133,0.0511387437582016,0.1932917833328247
3.6264214515686035,14.316627502441406,0.05340998247265816,0.19276690483093262
3.6040730476379395,14.324483871459961,0.054127078503370285,0.19275186955928802
3.556074619293213,14.353601455688477,0.06081226468086243,0.19248417019844055
3.5411691665649414,14.358094215393066,0.0631357729434967,0.19161097705364227
3.5258967876434326,14.35754108428955,0.06692461669445038,0.19059592485427856
3.520975351333618,14.357804298400879,0.06850370019674301,0.1892630010843277
3.5140187740325928,14.354913711547852,0.0706799328327179,0.1882016360759735
3.510488271713257,14.346790313720703,0.07120993733406067,0.18768052756786346
3.5424132347106934,14.30548095703125,0.07712727785110474,0.18659822642803192
3.464918851852417,14.365560531616211,0.07242312282323837,0.18709541857242584
3.5326087474823,14.272015571594238,0.07215797901153564,0.18702386319637299
3.5405611991882324,14.258136749267578,0.07077859342098236,0.18593956530094147
3.5410220623016357,14.249095916748047,0.06979764997959137,0.18502424657344818
3.5642073154449463,14.221234321594238,0.0641060397028923,0.184787780046463
3.5608291625976562,14.215654373168945,0.06071464717388153,0.18459579348564148
3.560889482498169,14.209352493286133,0.05644764006137848,0.18441325426101685
3.560889482498169,14.209352493286133,0.05644764006137848,0.18441325426101685
3.5663652420043945,14.192089080810547,0.05253104865550995,0.18410472571849823
3.5772550106048584,14.165385246276855,0.04836506396532059,0.18290698528289795
3.5611934661865234,14.160015106201172,0.043736059218645096,0.1824319213628769
3.6413419246673584,14.086832046508789,0.050365548580884933,0.1812916398048401
3.5977578163146973,14.116850852966309,0.04688621312379837,0.1805303394794464
3.575127363204956,14.11785888671875,0.04979434981942177,0.17976602911949158
3.505585193634033,14.178916931152344,0.054577942937612534,0.17749036848545074
3.5077755451202393,14.162172317504883,0.055883292108774185,0.17747046053409576
3.500798463821411,14.151653289794922,0.056869469583034515,0.1772214025259018
3.489668130874634,14.135226249694824,0.05906297266483307,0.1780143827199936
3.475569248199463,14.126397132873535,0.061834145337343216,0.1786397099494934
3.476125478744507,14.074362754821777,0.06645999848842621,0.18120114505290985
3.4601731300354004,14.055143356323242,0.07551023364067078,0.1821422278881073
3.4743032455444336,14.011202812194824,0.07846143841743469,0.1836184412240982
3.4755873680114746,14.00184440612793,0.0804610401391983,0.1834660768508911
3.471635580062866,14.006453514099121,0.08287039399147034,0.18265382945537567
3.4707822799682617,13.997699737548828,0.08660545945167542,0.18261852860450745
3.473179578781128,13.973167419433594,0.09263180196285248,0.18323884904384613
3.4848108291625977,13.933331489562988,0.09553800523281097,0.18474070727825165
3.5018529891967773,13.89173698425293,0.09478327631950378,0.18631242215633392
3.5243911743164062,13.843807220458984,0.09097664058208466,0.18794666230678558
3.5243911743164062,13.843807220458984,0.09097664058208466,0.18794666230678558
3.5621755123138428,13.793174743652344,0.08669418096542358,0.1884034276008606
3.5897841453552246,13.753579139709473,0.08404488861560822,0.1883438527584076
3.6385843753814697,13.689160346984863,0.08703400939702988,0.18773017823696136
3.6502082347869873,13.687932014465332,0.0920662134885788,0.1874695122241974
3.640704870223999,13.684029579162598,0.08898311853408813,0.18699873983860016
3.6286630630493164,13.657262802124023,0.10422414541244507,0.18761172890663147
3.5978610515594482,13.67130184173584,0.1116894856095314,0.18749703466892242
3.575948476791382,13.675835609436035,0.11385315656661987,0.18812905251979828
3.5444695949554443,13.692602157592773,0.1121223121881485,0.18842490017414093
3.515399932861328,13.658746719360352,0.1113879606127739,0.19325754046440125
3.5594160556793213,13.616081237792969,0.10621383786201477,0.19114987552165985
3.587756872177124,13.601627349853516,0.10119963437318802,0.18875989317893982
3.640514850616455,13.5219144821167,0.09995816648006439,0.19060370326042175
3.6322319507598877,13.522683143615723,0.10179054737091064,0.19023819267749786
3.619269847869873,13.51460075378418,0.10666339099407196,0.19115538895130157
3.616154909133911,13.505610466003418,0.10926933586597443,0.19172556698322296
3.612360715866089,13.497319221496582,0.1103198230266571,0.1923038363456726
3.6032543182373047,13.498152732849121,0.1087736114859581,0.19256354868412018
3.586892604827881,13.506951332092285,0.10387453436851501,0.1928539276123047
3.5597681999206543,13.519248962402344,0.09099681675434113,0.19350837171077728
3.5518016815185547,13.503231048583984,0.06845083087682724,0.1949729472398758
3.5518016815185547,13.503231048583984,0.06845083087682724,0.1949729472398758
3.5526881217956543,13.498017311096191,0.050216175615787506,0.19492009282112122
3.5631675720214844,13.470072746276855,0.04070478677749634,0.19595211744308472
3.5665926933288574,13.460805892944336,0.03876378387212753,0.1955089271068573
3.579333782196045,13.430540084838867,0.03645850718021393,0.19601279497146606
3.575364351272583,13.42374324798584,0.03432009369134903,0.19558939337730408
3.577322244644165,13.413984298706055,0.028565533459186554,0.19530029594898224
3.577500104904175,13.397974967956543,0.027272868901491165,0.1956792026758194
3.5679025650024414,13.408886909484863,0.02666504867374897,0.1943540871143341
3.5734167098999023,13.379117965698242,0.028306791558861732,0.19534717500209808
3.578061819076538,13.362007141113281,0.03394504636526108,0.19490443170070648
3.5857176780700684,13.332588195800781,0.039454586803913116,0.1953214555978775
3.5906708240509033,13.297857284545898,0.04793204739689827,0.19584336876869202
3.6280221939086914,13.233659744262695,0.050987038761377335,0.19631952047348022
3.591837167739868,13.204121589660645,0.06529136002063751,0.19938549399375916
3.597623109817505,13.196697235107422,0.05815192312002182,0.19801297783851624
3.673290729522705,13.151369094848633,0.039085760712623596,0.20085597038269043
3.6226541996002197,13.16355037689209,0.05042065680027008,0.19723467528820038
3.5760679244995117,13.199410438537598,0.05107640475034714,0.19621741771697998
3.5287723541259766,13.211402893066406,0.05615340173244476,0.19694684445858002
3.513529062271118,13.215578079223633,0.05913184583187103,0.19638200104236603
3.5279805660247803,13.171995162963867,0.06278593838214874,0.19766180217266083
3.5279805660247803,13.171995162963867,0.06278593838214874,0.19766180217266083
3.53444504737854,13.140107154846191,0.06836307048797607,0.1985752284526825
3.542672872543335,13.109664916992188,0.06572018563747406,0.1999235302209854
3.5405516624450684,13.099259376525879,0.06618180871009827,0.20009052753448486
3.5237960815429688,13.093421936035156,0.06432530283927917,0.20055626332759857
3.528563976287842,13.063329696655273,0.05783945322036743,0.2010912299156189
3.544750928878784,13.013181686401367,0.05095331743359566,0.20272120833396912
3.562042474746704,13.007837295532227,0.0464845672249794,0.20069102942943573
3.587463617324829,12.972725868225098,0.042793482542037964,0.2013295739889145
3.607168197631836,12.95683479309082,0.041874803602695465,0.2005135864019394
3.6219255924224854,12.939249038696289,0.04180627316236496,0.20026472210884094
3.6391055583953857,12.887086868286133,0.041522473096847534,0.2033514827489853
3.6761460304260254,12.860225677490234,0.041653119027614594,0.20146818459033966
3.6643123626708984,12.87336540222168,0.04441475868225098,0.20019666850566864
3.6416170597076416,12.891033172607422,0.04479079693555832,0.19994047284126282
3.6356468200683594,12.885244369506836,0.04981880635023117,0.1997186690568924
3.637547731399536,12.866522789001465,0.05726443976163864,0.19933289289474487
3.639793634414673,12.848388671875,0.06417060643434525,0.19915150105953217
3.6545302867889404,12.819713592529297,0.06964356452226639,0.19880753755569458
3.658594846725464,12.807952880859375,0.07088171690702438,0.19849564135074615
3.6761558055877686,12.783047676086426,0.07108145952224731,0.1979578733444214
3.6761558055877686,12.783047676086426,0.07108145952224731,0.1979578733444214
3.677868127822876,12.770794868469238,0.06738445162773132,0.1981945037841797
3.7276740074157715,12.69917106628418,0.07047472894191742,0.1982959508895874
3.7233405113220215,12.68686294555664,0.07489867508411407,0.1979755312204361
3.9740970134735107,12.453636169433594,0.07868590205907822,0.2111058086156845
3.776854991912842,12.610485076904297,0.07576281577348709,0.19862014055252075
3.7537434101104736,12.614479064941406,0.08093363046646118,0.19869010150432587
3.738600730895996,12.620797157287598,0.08509685844182968,0.19819355010986328
3.745516777038574,12.59315013885498,0.0877508595585823,0.19887787103652954
3.7416388988494873,12.594184875488281,0.0880851000547409,0.19811588525772095
3.7472646236419678,12.573375701904297,0.08700115978717804,0.1989457756280899
3.736896514892578,12.58379077911377,0.08785806596279144,0.19807638227939606
3.717319965362549,12.595450401306152,0.09045315533876419,0.19767029583454132
3.676328420639038,12.623316764831543,0.09813667833805084,0.19668537378311157
3.594714879989624,12.695752143859863,0.10557673871517181,0.19515934586524963
3.539443016052246,12.730840682983398,0.11074386537075043,0.19509869813919067
3.5214145183563232,12.739770889282227,0.10871874541044235,0.19373582303524017
3.457528829574585,12.804789543151855,0.10671819746494293,0.19102640450000763
3.4930667877197266,12.773311614990234,0.10535503923892975,0.1900649517774582
3.4687435626983643,12.786526679992676,0.10891425609588623,0.18841281533241272
3.4634900093078613,12.77303695678711,0.10838000476360321,0.1883852183818817
3.4595835208892822,12.751333236694336,0.11578492820262909,0.187388077378273
3.4595835208892822,12.751333236694336,0.11578492820262909,0.187388077378273
3.5141453742980957,12.650739669799805,0.10530803352594376,0.18899574875831604
3.5409209728240967,12.573668479919434,0.10152138769626617,0.1901182383298874
3.5745863914489746,12.524039268493652,0.09141296148300171,0.1899268627166748
3.5680508613586426,12.529136657714844,0.08699559420347214,0.18875257670879364
3.567868947982788,12.522581100463867,0.0787331610918045,0.18798482418060303
3.5449113845825195,12.548844337463379,0.07177132368087769,0.18641026318073273
3.5488169193267822,12.50897216796875,0.06934347748756409,0.1881805807352066
3.5432205200195312,12.483847618103027,0.07108042389154434,0.18921370804309845
3.542309522628784,12.446060180664062,0.07840152829885483,0.1908630132675171
3.536571741104126,12.429703712463379,0.08162786066532135,0.1915002465248108
3.505657196044922,12.423709869384766,0.08915196359157562,0.19279642403125763
3.482224464416504,12.43647575378418,0.08419415354728699,0.19280605018138885
3.4428324699401855,12.46601390838623,0.08172719180583954,0.19245865941047668
3.332463502883911,12.585912704467773,0.07580357789993286,0.19005811214447021
3.3035097122192383,12.598581314086914,0.07750236988067627,0.18998080492019653
3.2939367294311523,12.607799530029297,0.0750945582985878,0.18888162076473236
3.293076515197754,12.603235244750977,0.0722409039735794,0.18795853853225708
3.2841637134552,12.59119701385498,0.07117605209350586,0.188276469707489
3.2895612716674805,12.563203811645508,0.06363695859909058,0.18894201517105103
3.279961347579956,12.56422233581543,0.04388531669974327,0.18922671675682068
3.279961347579956,12.56422233581543,0.04388531669974327,0.18922671675682068
3.296142339706421,12.535078048706055,0.04387391358613968,0.1887628585100174
3.3194198608398438,12.490924835205078,0.04578922688961029,0.18931891024112701
3.315641403198242,12.508256912231445,0.04904939979314804,0.1865241378545761
3.3104496002197266,12.50354290008545,0.05252426117658615,0.18616653978824615
3.302293062210083,12.5009765625,0.05395577475428581,0.18566274642944336
3.291440486907959,12.497943878173828,0.055087797343730927,0.18551945686340332
3.2665395736694336,12.507122039794922,0.0540536567568779,0.18466037511825562
3.2252297401428223,12.532320976257324,0.05392944812774658,0.18382082879543304
3.2017714977264404,12.553194999694824,0.04960891604423523,0.18483290076255798
3.2128748893737793,12.536784172058105,0.05184553191065788,0.1834169328212738
3.1639463901519775,12.566997528076172,0.051974792033433914,0.18304526805877686
3.126315116882324,12.580843925476074,0.05283946543931961,0.1832718849182129
3.085996150970459,12.589631080627441,0.057512253522872925,0.18358609080314636
3.0580387115478516,12.582269668579102,0.06339921057224274,0.18388226628303528
3.0367255210876465,12.562322616577148,0.07035031169652939,0.18402054905891418
3.0442686080932617,12.528884887695312,0.07270418107509613,0.18393439054489136
3.050416946411133,12.498361587524414,0.07192710041999817,0.18682383000850677
3.045867443084717,12.507014274597168,0.07233323156833649,0.18444235622882843
3.0538973808288574,12.49799919128418,0.06790343672037125,0.18381670117378235
3.0702178478240967,12.485353469848633,0.05907474830746651,0.18293190002441406
3.0520238876342773,12.50244140625,0.05606697127223015,0.18227747082710266
3.021867275238037,12.517343521118164,0.05098433047533035,0.18193326890468597
3.021867275238037,12.517343521118164,0.05098433047533035,0.18193326890468597
2.971161127090454,12.538073539733887,0.05385700613260269,0.182063490152359
2.945584535598755,12.537577629089355,0.05646439641714096,0.1827777773141861
2.9326443672180176,12.542098999023438,0.06248297914862633,0.18218238651752472
2.9395501613616943,12.524848937988281,0.06757986545562744,0.18188568949699402
2.9555788040161133,12.496551513671875,0.0731939822435379,0.1806413233280182
3.02344012260437,12.388944625854492,0.08297411352396011,0.1803523600101471
3.021878957748413,12.375543594360352,0.07948216795921326,0.17944303154945374
3.045968770980835,12.3411226272583,0.07275091111660004,0.176674023270607
3.076997756958008,12.267603874206543,0.062465302646160126,0.1776629388332367
3.074871301651001,12.241930961608887,0.06376413255929947,0.17784160375595093
3.07311749458313,12.201892852783203,0.06506164371967316,0.17987960577011108
3.0640618801116943,12.176880836486816,0.0740271732211113,0.18078385293483734
3.0750088691711426,12.142702102661133,0.0813715010881424,0.18129196763038635
3.0782196521759033,12.126565933227539,0.08806498348712921,0.18086425960063934
3.0905375480651855,12.091716766357422,0.09622358530759811,0.18094973266124725
3.0727696418762207,12.091008186340332,0.09956726431846619,0.18087781965732574
3.0646779537200928,12.073836326599121,0.10236211121082306,0.1812952607870102
3.051689624786377,12.062066078186035,0.10072334110736847,0.18229594826698303
3.0516505241394043,12.054293632507324,0.09183341264724731,0.1819913536310196
3.087083101272583,11.996664047241211,0.0824396014213562,0.18345867097377777
3.087083101272583,11.996664047241211,0.0824396014213562,0.18345867097377777
3.112729787826538,11.967069625854492,0.07540960609912872,0.18297427892684937
3.154731035232544,11.905961990356445,0.07227884232997894,0.18368345499038696
3.1719982624053955,11.882254600524902,0.07357843220233917,0.18264558911323547
3.18746280670166,11.855234146118164,0.07533992826938629,0.18188394606113434
3.1984517574310303,11.844952583312988,0.0757589191198349,0.18016713857650757
3.2100613117218018,11.83102035522461,0.07537408173084259,0.17878615856170654
3.22556209564209,11.815853118896484,0.07420405000448227,0.1777125895023346
3.2392539978027344,11.795270919799805,0.07736588269472122,0.17702321708202362
3.254408836364746,11.764839172363281,0.08175120502710342,0.17708909511566162
3.2619893550872803,11.744668006896973,0.08580097556114197,0.17690718173980713
3.259976387023926,11.729490280151367,0.08915498852729797,0.17734278738498688
3.22556209564209,11.756571769714355,0.08661302924156189,0.17726661264896393
3.2026054859161377,11.781736373901367,0.08423656225204468,0.17605267465114594
3.1665148735046387,11.812923431396484,0.08225054293870926,0.1755848228931427
3.1457905769348145,11.830998420715332,0.08299874514341354,0.17506201565265656
3.126931667327881,11.839775085449219,0.08534201979637146,0.17485560476779938
3.1168785095214844,11.83846378326416,0.087865449488163,0.174569770693779
3.1111953258514404,11.822668075561523,0.09183602780103683,0.1743374913930893
3.120760917663574,11.797937393188477,0.08953431248664856,0.17405185103416443
3.1241745948791504,11.793784141540527,0.08131031692028046,0.17331549525260925
3.1241745948791504,11.793784141540527,0.08131031692028046,0.17331549525260925
3.1523501873016357,11.762794494628906,0.07527336478233337,0.17297720909118652
3.1527984142303467,11.76990032196045,0.06809666007757187,0.17185688018798828
3.1564362049102783,11.764225006103516,0.0647292509675026,0.17110958695411682
3.1503400802612305,11.765824317932129,0.06155460700392723,0.17031529545783997
3.1430444717407227,11.750468254089355,0.06530825048685074,0.17104361951351166
3.10379958152771,11.799261093139648,0.05777458846569061,0.17011399567127228
3.10347843170166,11.785905838012695,0.06006556376814842,0.17008595168590546
3.1082870960235596,11.766783714294434,0.060646478086709976,0.17045408487319946
3.0928072929382324,11.779995918273926,0.05886474624276161,0.16992096602916718
3.093173027038574,11.768863677978516,0.054690923541784286,0.1703326553106308
3.091271162033081,11.769391059875488,0.052719101309776306,0.16980141401290894
3.089850664138794,11.76192855834961,0.052161458879709244,0.16984021663665771
3.0956168174743652,11.745498657226562,0.05531234294176102,0.16936545073986053
3.08758807182312,11.738096237182617,0.06503894180059433,0.16841503977775574
3.0850942134857178,11.725069999694824,0.0739075168967247,0.16811268031597137
3.059709072113037,11.740433692932129,0.08216419816017151,0.16739767789840698
3.050743818283081,11.741056442260742,0.08504702895879745,0.16725321114063263
3.0412847995758057,11.746081352233887,0.08488728106021881,0.16677485406398773
3.039824962615967,11.74364185333252,0.08335260301828384,0.16592800617218018
3.005624771118164,11.78788948059082,0.0737973153591156,0.1657942235469818
3.0196492671966553,11.763702392578125,0.0783705860376358,0.16535434126853943
3.0196492671966553,11.763702392578125,0.0783705860376358,0.16535434126853943
3.0612549781799316,11.714950561523438,0.07316097617149353,0.16385804116725922
3.0543055534362793,11.712483406066895,0.07171154022216797,0.1629491001367569
3.064528226852417,11.6923189163208,0.06554077565670013,0.16254279017448425
3.0610737800598145,11.696856498718262,0.05536939576268196,0.16151826083660126
3.05535626411438,11.689027786254883,0.05261630564928055,0.16123123466968536
3.045012950897217,11.688551902770996,0.05064971745014191,0.16149204969406128
3.029191493988037,11.688558578491211,0.05606044828891754,0.1616189032793045
3.024803400039673,11.6715087890625,0.06171443313360214,0.16234521567821503
3.0120487213134766,11.662525177001953,0.06766963750123978,0.16275182366371155
3.020263433456421,11.632990837097168,0.06896145641803741,0.1636340618133545
3.02105450630188,11.62905502319336,0.06522099673748016,0.16340096294879913
3.028618097305298,11.621113777160645,0.05991070717573166,0.1634364128112793
3.030121088027954,11.624106407165527,0.05567814037203789,0.16284653544425964
3.0298256874084473,11.625840187072754,0.050981562584638596,0.16192467510700226
3.0302574634552,11.611910820007324,0.0466826930642128,0.16155780851840973
3.0214319229125977,11.646528244018555,0.047789089381694794,0.16007530689239502
3.024895191192627,11.621064186096191,0.04714583605527878,0.15993206202983856
3.0343260765075684,11.580734252929688,0.04826514795422554,0.16086554527282715
3.031627893447876,11.544465065002441,0.05281655490398407,0.1624784618616104
3.0920023918151855,11.498401641845703,0.04382691532373428,0.16347724199295044
3.050279378890991,11.52595329284668,0.04982777684926987,0.16230662167072296
3.0589652061462402,11.511537551879883,0.0492301806807518,0.1620139181613922
3.0589652061462402,11.511537551879883,0.0492301806807518,0.1620139181613922
3.0662641525268555,11.50086498260498,0.04521318897604942,0.1613163948059082
3.082994222640991,11.475639343261719,0.04191766679286957,0.1612282544374466
3.0826117992401123,11.471287727355957,0.03550198674201965,0.16070421040058136
3.0829131603240967,11.454971313476562,0.03336024656891823,0.1609031707048416
3.0676841735839844,11.446911811828613,0.037164654582738876,0.16130779683589935
3.057311773300171,11.432456970214844,0.042114779353141785,0.16184350848197937
3.0498452186584473,11.408647537231445,0.05087636411190033,0.16251923143863678
3.0528011322021484,11.401954650878906,0.05718337371945381,0.16106854379177094
3.065969228744507,11.378133773803711,0.0558040514588356,0.16149555146694183
3.0671520233154297,11.385279655456543,0.0512068048119545,0.1606624573469162
3.070850133895874,11.38792896270752,0.04645862430334091,0.1601347178220749
3.065768003463745,11.39243221282959,0.04546293616294861,0.15995284914970398
3.0577211380004883,11.3923921585083,0.04585355147719383,0.16011066734790802
3.04843807220459,11.389595985412598,0.04759391397237778,0.16011206805706024
2.9684183597564697,11.442329406738281,0.05649344623088837,0.1620444655418396
3.008270740509033,11.412041664123535,0.05183297395706177,0.16049066185951233
3.0109565258026123,11.398481369018555,0.056087296456098557,0.15953336656093597
3.009246349334717,11.39299488067627,0.05615680664777756,0.1581760048866272
3.0066239833831787,11.388785362243652,0.05446000397205353,0.15795758366584778
2.9913430213928223,11.394623756408691,0.05269092321395874,0.15782169997692108
2.9928252696990967,11.37435531616211,0.049878574907779694,0.15874965488910675
2.9928252696990967,11.37435531616211,0.049878574907779694,0.15874965488910675
2.9746904373168945,11.375162124633789,0.05035928636789322,0.15876862406730652
2.9641313552856445,11.362715721130371,0.0525340735912323,0.15896165370941162
2.955777406692505,11.357710838317871,0.05695417523384094,0.15797871351242065
2.9445242881774902,11.345479965209961,0.0643710047006607,0.1578679382801056
2.9171035289764404,11.355733871459961,0.07268324494361877,0.1569809913635254
2.8972418308258057,11.351388931274414,0.07836683839559555,0.157063290476799
2.871903657913208,11.362336158752441,0.08036155998706818,0.15669265389442444
2.8584635257720947,11.36270523071289,0.07905678451061249,0.157024547457695
2.8504419326782227,11.356391906738281,0.07996426522731781,0.15752030909061432
2.8410391807556152,11.358494758605957,0.08167354762554169,0.15739643573760986
2.8346800804138184,11.35300064086914,0.08714820444583893,0.15730954706668854
2.825812816619873,11.35565185546875,0.08784843981266022,0.15690533816814423
2.8410096168518066,11.305877685546875,0.09128348529338837,0.160370334982872
2.831442356109619,11.329941749572754,0.08942048251628876,0.1580248475074768
2.798748016357422,11.36168098449707,0.08146647363901138,0.15907934308052063
2.814460039138794,11.34126091003418,0.08553877472877502,0.15794847905635834
2.8219258785247803,11.332141876220703,0.0781700611114502,0.15736062824726105
2.8548851013183594,11.296708106994629,0.06652086973190308,0.15687665343284607
2.8941192626953125,11.244417190551758,0.062276192009449005,0.15731434524059296
2.921653985977173,11.200505256652832,0.061060965061187744,0.15789802372455597
2.942218542098999,11.168405532836914,0.059982240200042725,0.15813088417053223
2.9536702632904053,11.149588584899902,0.059369537979364395,0.15806087851524353
2.9536702632904053,11.149588584899902,0.059369537979364395,0.15806087851524353
2.9573917388916016,11.147880554199219,0.05599421635270119,0.15730296075344086
2.9673962593078613,11.133111953735352,0.05350228026509285,0.15690430998802185
2.961376428604126,11.138395309448242,0.05149279162287712,0.15582269430160522
2.9698729515075684,11.106642723083496,0.05061294510960579,0.1569240689277649
2.9818220138549805,11.096111297607422,0.05353977903723717,0.15564225614070892
2.942451000213623,11.10519790649414,0.060937270522117615,0.15667493641376495
2.9399967193603516,11.083374977111816,0.06170208007097244,0.15769663453102112
2.9453964233398438,11.062397003173828,0.061579905450344086,0.1580761820077896
2.947359085083008,11.037158012390137,0.06502723693847656,0.15872254967689514
2.951052665710449,11.028183937072754,0.057861171662807465,0.159290611743927
2.9558346271514893,11.00428581237793,0.06457819044589996,0.1591435968875885
2.955552816390991,10.995790481567383,0.06636645644903183,0.1589740514755249
2.945115327835083,11.003968238830566,0.0669562816619873,0.15772366523742676
2.965769052505493,10.967686653137207,0.0638970285654068,0.15849989652633667
2.965149164199829,10.964548110961914,0.06234532594680786,0.15810072422027588
2.9805784225463867,10.943117141723633,0.0613655149936676,0.1581370234489441
2.9990949630737305,10.919746398925781,0.06030717492103577,0.15819671750068665
3.030327081680298,10.883378982543945,0.059007421135902405,0.15819649398326874
3.0517849922180176,10.860602378845215,0.05826497822999954,0.15777796506881714
3.0675208568573,10.840298652648926,0.05727645009756088,0.1575717329978943
3.0675208568573,10.840298652648926,0.05727645009756088,0.1575717329978943
3.068291187286377,10.832103729248047,0.05903475359082222,0.15729323029518127
3.0571656227111816,10.830878257751465,0.061483532190322876,0.1575520634651184
3.011887788772583,10.868614196777344,0.06075593829154968,0.1579127013683319
3.02795672416687,10.831677436828613,0.07265597581863403,0.15806248784065247
3.0027618408203125,10.856383323669434,0.06962092220783234,0.15706706047058105
2.969224691390991,10.880524635314941,0.06453768908977509,0.15709732472896576
2.9344615936279297,10.905510902404785,0.06174245849251747,0.1570073664188385
2.9290084838867188,10.894182205200195,0.05683429539203644,0.15814320743083954
2.920666217803955,10.896156311035156,0.058160342276096344,0.1577361673116684
2.9290435314178467,10.883514404296875,0.055605873465538025,0.15703704953193665
2.9129514694213867,10.888862609863281,0.05958101525902748,0.1560472548007965
2.862173080444336,10.925798416137695,0.06848763674497604,0.15456415712833405
2.8314926624298096,10.941570281982422,0.07032051682472229,0.15412107110023499
2.788670063018799,10.969501495361328,0.07320211827754974,0.15344533324241638
2.7550137042999268,10.976959228515625,0.07870075106620789,0.15312469005584717
2.72284197807312,10.997154235839844,0.07087497413158417,0.15217682719230652
2.7079241275787354,10.991251945495605,0.06731046736240387,0.15200737118721008
2.7017273902893066,10.99075984954834,0.05850139260292053,0.15152081847190857
2.6942882537841797,10.989093780517578,0.05319695919752121,0.15157873928546906
2.689542055130005,10.991888046264648,0.049130816012620926,0.15118305385112762
2.689542055130005,10.991888046264648,0.049130816012620926,0.15118305385112762
2.684227705001831,10.98768138885498,0.04908027872443199,0.151292085647583
2.6752817630767822,10.98557186126709,0.050455257296562195,0.15134650468826294
2.6686642169952393,10.978635787963867,0.05145103484392166,0.15168696641921997
2.671825885772705,10.968179702758789,0.05155377462506294,0.15156345069408417
2.674584150314331,10.963350296020508,0.052620887756347656,0.15084275603294373
2.6928818225860596,10.944442749023438,0.0507151335477829,0.150182843208313
2.7025675773620605,10.935554504394531,0.052067093551158905,0.1488451063632965
2.7231404781341553,10.907975196838379,0.055415257811546326,0.1481473743915558
2.730494737625122,10.894611358642578,0.05819213390350342,0.14731964468955994
2.7384836673736572,10.878056526184082,0.05999722331762314,0.1469930112361908
2.7466909885406494,10.861350059509277,0.05816268175840378,0.14666905999183655
2.761425733566284,10.836433410644531,0.05503084510564804,0.1462632715702057
2.7918992042541504,10.802467346191406,0.04263029992580414,0.1468338966369629
2.7754220962524414,10.809144973754883,0.049200043082237244,0.14579026401042938
2.7925071716308594,10.77716064453125,0.05647435039281845,0.14670296013355255
2.782836675643921,10.791509628295898,0.05263688415288925,0.1455376148223877
2.7547249794006348,10.798306465148926,0.06130934879183769,0.14480136334896088
2.7168328762054443,10.80701732635498,0.07148349285125732,0.14462068676948547
2.706716537475586,10.80116081237793,0.07189957052469254,0.14480501413345337
2.7067008018493652,10.789900779724121,0.06907212734222412,0.14503325521945953
2.6928017139434814,10.782988548278809,0.07713457942008972,0.14688141644001007
2.699970245361328,10.783520698547363,0.07237804681062698,0.14537756145000458
2.699970245361328,10.783520698547363,0.07237804681062698,0.14537756145000458
2.7071890830993652,10.76364803314209,0.06286077201366425,0.1455126702785492
2.710170269012451,10.748723983764648,0.06284742057323456,0.14536872506141663
2.713153123855591,10.724284172058105,0.06479436904191971,0.1458003669977188
2.7193806171417236,10.70457649230957,0.0664328783750534,0.1461467295885086
2.7432122230529785,10.651239395141602,0.06945046782493591,0.14697577059268951
2.760793685913086,10.623000144958496,0.0682784914970398,0.14702589809894562
2.788627862930298,10.578801155090332,0.06562051922082901,0.1469133049249649
2.8069753646850586,10.554827690124512,0.06398680061101913,0.14621283113956451
2.8172571659088135,10.537792205810547,0.062227264046669006,0.14596140384674072
2.81103515625,10.538445472717285,0.0653148964047432,0.14550435543060303
2.803351640701294,10.536165237426758,0.06896033883094788,0.1455877721309662
2.8005168437957764,10.524205207824707,0.0722087025642395,0.14626245200634003
2.7954494953155518,10.514997482299805,0.07588694989681244,0.14679411053657532
2.796766996383667,10.502366065979004,0.07721860706806183,0.14745260775089264
2.798496961593628,10.498523712158203,0.0775342732667923,0.14723698794841766
2.798978805541992,10.498072624206543,0.07685390114784241,0.14658567309379578
2.8108010292053223,10.491293907165527,0.07578504085540771,0.1454394906759262
2.8106725215911865,10.49244213104248,0.07517121732234955,0.14473411440849304
2.816603899002075,10.4845552444458,0.07542523741722107,0.14434994757175446
2.816384792327881,10.476901054382324,0.07596446573734283,0.1442902386188507
2.816384792327881,10.476901054382324,0.07596446573734283,0.1442902386188507
2.810431718826294,10.470255851745605,0.07667846232652664,0.14440612494945526
2.789018392562866,10.470220565795898,0.07982581853866577,0.14472801983356476
2.7565970420837402,10.474603652954102,0.08176283538341522,0.14631474018096924
2.747580051422119,10.475537300109863,0.08442945778369904,0.1456848680973053
2.747012138366699,10.470292091369629,0.08360472321510315,0.14511913061141968
2.6800448894500732,10.5230131149292,0.0873359739780426,0.1478036791086197
2.7183823585510254,10.486413955688477,0.0850425660610199,0.1452389359474182
2.707627534866333,10.48050308227539,0.08265962451696396,0.1454983949661255
2.6871373653411865,10.482980728149414,0.07592909038066864,0.1463770866394043
2.6701736450195312,10.489649772644043,0.07080478966236115,0.1467728465795517
2.6522417068481445,10.501439094543457,0.06424745917320251,0.146891251206398
2.6328125,10.51803207397461,0.05932045727968216,0.14642447233200073
2.624227285385132,10.52960205078125,0.051344044506549835,0.14553692936897278
2.610241174697876,10.551713943481445,0.0502270832657814,0.14384596049785614
2.6072545051574707,10.551763534545898,0.051697369664907455,0.14313028752803802
2.5898520946502686,10.571074485778809,0.05351006239652634,0.14160586893558502
2.573941230773926,10.572944641113281,0.056087445467710495,0.14154846966266632
2.553492784500122,10.591313362121582,0.05625171214342117,0.14082792401313782
2.523552179336548,10.60960578918457,0.060629092156887054,0.14076051115989685
2.5217905044555664,10.606813430786133,0.05983487516641617,0.14042674005031586
2.518064022064209,10.607020378112793,0.055773891508579254,0.13986441493034363
2.518064022064209,10.607020378112793,0.055773891508579254,0.13986441493034363
2.5107743740081787,10.566545486450195,0.12494528293609619,0.15067625045776367
2.5101735591888428,10.586014747619629,0.06805466115474701,0.14054733514785767
2.4851155281066895,10.591487884521484,0.07397565245628357,0.14060047268867493
2.4687247276306152,10.582574844360352,0.08238527923822403,0.14098572731018066
2.408581256866455,10.621485710144043,0.0876816138625145,0.1414511799812317
2.405564546585083,10.613799095153809,0.08548572659492493,0.14137674868106842
2.4054207801818848,10.605806350708008,0.07668286561965942,0.1412068009376526
2.4124538898468018,10.590988159179688,0.07426266372203827,0.14149518311023712
2.4357690811157227,10.562215805053711,0.07174547016620636,0.14102855324745178
2.4518802165985107,10.531685829162598,0.0704534649848938,0.14177784323692322
2.4686014652252197,10.508392333984375,0.07202951610088348,0.1414857804775238
2.4697659015655518,10.496362686157227,0.07343269139528275,0.14176413416862488
2.472712755203247,10.480562210083008,0.0746055617928505,0.14218944311141968
2.4675240516662598,10.470464706420898,0.07363072037696838,0.1429034322500229
2.478104829788208,10.431979179382324,0.07271934300661087,0.1447274535894394
2.4802560806274414,10.408512115478516,0.06995975971221924,0.14593394100666046
2.5001959800720215,10.362895011901855,0.06582646071910858,0.1478034108877182
2.5231432914733887,10.333198547363281,0.06120563670992851,0.14788419008255005
2.5429270267486572,10.301107406616211,0.05950631946325302,0.1484973281621933
2.560519218444824,10.278229713439941,0.05761098116636276,0.14839564263820648
2.562366008758545,10.269551277160645,0.05702399089932442,0.14840741455554962
2.562366008758545,10.269551277160645,0.05702399089932442,0.14840741455554962
2.5660200119018555,10.255949020385742,0.05391831323504448,0.14878550171852112
2.5659167766571045,10.249361038208008,0.05175452679395676,0.14883896708488464
2.5780224800109863,10.223588943481445,0.04864358901977539,0.14967121183872223
2.582735061645508,10.216094970703125,0.04687776416540146,0.14937418699264526
2.6073431968688965,10.175369262695312,0.04635968804359436,0.15001404285430908
2.6177263259887695,10.15334415435791,0.04912556707859039,0.1498769223690033
2.6237833499908447,10.138991355895996,0.05477312207221985,0.1491282880306244
2.6229896545410156,10.122382164001465,0.057879023253917694,0.14958719909191132
2.6229586601257324,10.12193775177002,0.060023047029972076,0.14851397275924683
2.6206436157226562,10.109929084777832,0.059459492564201355,0.149198979139328
2.6200385093688965,10.102224349975586,0.05588064342737198,0.1495358645915985
2.608562707901001,10.09664535522461,0.05572915077209473,0.15018850564956665
2.5926947593688965,10.094823837280273,0.05321868881583214,0.1510723978281021
2.5917980670928955,10.087021827697754,0.058014385402202606,0.15014004707336426
2.5802876949310303,10.098398208618164,0.058276183903217316,0.14903375506401062
2.674370288848877,10.112960815429688,0.09030100703239441,0.14564937353134155
2.59663987159729,10.089194297790527,0.0638224184513092,0.14712022244930267
2.5935981273651123,10.10069751739502,0.06038907170295715,0.145590141415596
2.590627908706665,10.11458683013916,0.05629070848226547,0.14369244873523712
2.588024616241455,10.125207901000977,0.05061626434326172,0.1417534500360489
2.5843827724456787,10.128417015075684,0.047894347459077835,0.14072230458259583
2.5843827724456787,10.128417015075684,0.047894347459077835,0.14072230458259583
2.569758653640747,10.134218215942383,0.0417894683778286,0.14055106043815613
2.5621049404144287,10.123921394348145,0.04177907854318619,0.14088107645511627
2.541569471359253,10.121935844421387,0.044014573097229004,0.14130282402038574
2.5168912410736084,10.115398406982422,0.046949878334999084,0.14238861203193665
2.4987244606018066,10.119895935058594,0.0474691167473793,0.14263102412223816
2.4705419540405273,10.127829551696777,0.04530841484665871,0.14296461641788483
2.4201717376708984,10.16092586517334,0.04593132436275482,0.14265185594558716
2.410108804702759,10.164409637451172,0.03901500627398491,0.14255431294441223
2.3977131843566895,10.185468673706055,0.03855438530445099,0.14081141352653503
2.399179697036743,10.18071460723877,0.03748501092195511,0.14038467407226562
2.400729179382324,10.183341979980469,0.03647517040371895,0.1394447684288025
2.407569646835327,10.15990924835205,0.036974549293518066,0.14028029143810272
2.42311954498291,10.11762809753418,0.03753440082073212,0.1420525312423706
2.433763265609741,10.090030670166016,0.038408808410167694,0.14308497309684753
2.447404623031616,10.064214706420898,0.03795650601387024,0.14374157786369324
2.453765392303467,10.053470611572266,0.03785746917128563,0.14361990988254547
2.4566664695739746,10.05163288116455,0.03524533659219742,0.14320042729377747
2.455063581466675,10.051840782165527,0.033073294907808304,0.14298108220100403
2.456178665161133,10.040369987487793,0.029466314241290092,0.14334920048713684
2.471072196960449,10.010807991027832,0.029028387740254402,0.143645778298378
2.471072196960449,10.010807991027832,0.029028387740254402,0.143645778298378
2.4518704414367676,9.970083236694336,0.028324978426098824,0.15147535502910614
2.462073564529419,9.989367485046387,0.028765451163053513,0.14576444029808044
2.467097043991089,9.993721008300781,0.015975315123796463,0.14639444649219513
2.463839530944824,9.988947868347168,0.02251530811190605,0.1456681340932846
2.469238519668579,9.974128723144531,0.025410335510969162,0.14466947317123413
2.4543991088867188,9.96435832977295,0.03227442875504494,0.1450183093547821
2.439391851425171,9.982194900512695,0.0343894362449646,0.1439339965581894
2.416659116744995,9.999768257141113,0.03591722249984741,0.1437048465013504
2.39852237701416,10.015186309814453,0.03515070676803589,0.14319345355033875
2.386906862258911,10.017093658447266,0.033272311091423035,0.14310719072818756
2.3908824920654297,9.99319839477539,0.030370034277439117,0.14343415200710297
2.384023904800415,9.981298446655273,0.028061863034963608,0.14362482726573944
2.4029815196990967,9.949377059936523,0.025051994249224663,0.14333544671535492
2.4272871017456055,9.912190437316895,0.022626228630542755,0.14297440648078918
2.433356761932373,9.893745422363281,0.02027479186654091,0.14330771565437317
2.4160430431365967,9.899014472961426,0.019428003579378128,0.1434260904788971
2.385437488555908,9.915382385253906,0.019694393500685692,0.14381706714630127
2.3619256019592285,9.925539016723633,0.02104557678103447,0.14410847425460815
2.3503215312957764,9.913683891296387,0.02432927116751671,0.1450503170490265
2.354416847229004,9.8856782913208,0.02708747610449791,0.14644783735275269
2.369359254837036,9.867258071899414,0.03022402711212635,0.14584046602249146
2.3847758769989014,9.844451904296875,0.030103327706456184,0.14619776606559753
2.3847758769989014,9.844451904296875,0.030103327706456184,0.14619776606559753
2.3974809646606445,9.84061336517334,0.029377596452832222,0.14496128261089325
2.407353162765503,9.827667236328125,0.028447404503822327,0.14494255185127258
2.4012210369110107,9.828639030456543,0.028376437723636627,0.144663468003273
2.394653797149658,9.837745666503906,0.027015620842576027,0.14394600689411163
2.3883891105651855,9.84187126159668,0.026698967441916466,0.14353036880493164
2.390488624572754,9.820991516113281,0.028322480618953705,0.1445688009262085
2.391380548477173,9.806087493896484,0.03387433663010597,0.14492054283618927
2.4070613384246826,9.778129577636719,0.03342800587415695,0.14536772668361664
2.429168224334717,9.732978820800781,0.03707427531480789,0.14603319764137268
2.4339468479156494,9.703595161437988,0.0422399528324604,0.14697161316871643
2.4734535217285156,9.640602111816406,0.05829587206244469,0.14667503535747528
2.4515082836151123,9.65570068359375,0.05826691538095474,0.1461477130651474
2.437346935272217,9.67017936706543,0.0576222762465477,0.14528053998947144
2.4311652183532715,9.668281555175781,0.061699967831373215,0.1444808542728424
2.4432272911071777,9.650227546691895,0.0662459135055542,0.14363907277584076
2.4602105617523193,9.62394905090332,0.0716521143913269,0.14323419332504272
2.4883265495300293,9.592405319213867,0.07166661322116852,0.1427791714668274
2.4966952800750732,9.571548461914062,0.0751495510339737,0.14268693327903748
2.5144762992858887,9.557195663452148,0.06784237921237946,0.14210769534111023
2.5032708644866943,9.556841850280762,0.06628774106502533,0.14213226735591888
2.5032708644866943,9.556841850280762,0.06628774106502533,0.14213226735591888
2.484515428543091,9.566156387329102,0.06393450498580933,0.14218294620513916
2.472226858139038,9.561715126037598,0.06390030682086945,0.14273588359355927
2.4610109329223633,9.55466079711914,0.06317393481731415,0.14309947192668915
2.4682350158691406,9.516120910644531,0.06455756723880768,0.14398318529129028
2.483876943588257,9.530658721923828,0.046017542481422424,0.14253324270248413
2.4310927391052246,9.505655288696289,0.05913525074720383,0.14687630534172058
2.5586025714874268,9.380118370056152,0.07298892736434937,0.14551416039466858
2.4903063774108887,9.438533782958984,0.06566563993692398,0.14541442692279816
2.4888954162597656,9.461553573608398,0.05822223052382469,0.14268657565116882
2.4871745109558105,9.46986198425293,0.05363033711910248,0.14159922301769257
2.482942581176758,9.478888511657715,0.048894863575696945,0.1407293826341629
2.486523389816284,9.461705207824707,0.04806400462985039,0.14148414134979248
2.4797046184539795,9.459877014160156,0.04717659950256348,0.14187023043632507
2.488953113555908,9.438728332519531,0.04788753390312195,0.1425115466117859
2.486537218093872,9.438364028930664,0.04904565215110779,0.14216738939285278
2.487384796142578,9.439696311950684,0.04771553352475166,0.14165833592414856
2.4758353233337402,9.456599235534668,0.04648951441049576,0.14082910120487213
2.462017297744751,9.471531867980957,0.04497220367193222,0.14015637338161469
2.4135522842407227,9.529698371887207,0.03796662390232086,0.13834907114505768
2.405271053314209,9.514836311340332,0.03710321709513664,0.1387513130903244
2.4006707668304443,9.517988204956055,0.04182124137878418,0.1362152397632599
2.4006707668304443,9.517988204956055,0.04182124137878418,0.1362152397632599
2.4092023372650146,9.481157302856445,0.03935938701033592,0.13703781366348267
2.4242053031921387,9.456047058105469,0.03908094763755798,0.13692103326320648
2.4442334175109863,9.410449981689453,0.03538219630718231,0.13759519159793854
2.435694456100464,9.398885726928711,0.02899773046374321,0.137979656457901
2.4077367782592773,9.411476135253906,0.025596484541893005,0.138045534491539
2.355313301086426,9.466324806213379,0.025259343907237053,0.1363341063261032
2.3309524059295654,9.48127269744873,0.025105653330683708,0.1360882967710495
2.3138129711151123,9.496678352355957,0.0274051446467638,0.1348351240158081
2.3196511268615723,9.482924461364746,0.029433203861117363,0.13471975922584534
2.327280282974243,9.46823787689209,0.03279576823115349,0.13426893949508667
2.310155153274536,9.470428466796875,0.036107055842876434,0.13449756801128387
2.299624443054199,9.46731948852539,0.03588634356856346,0.13456027209758759
2.2636358737945557,9.491984367370605,0.03674896061420441,0.13410910964012146
2.2440266609191895,9.50057601928711,0.03713412582874298,0.13430920243263245
2.2219700813293457,9.510688781738281,0.036377474665641785,0.13464400172233582
2.221142053604126,9.494539260864258,0.03675142675638199,0.13558106124401093
2.2309980392456055,9.476385116577148,0.03520222753286362,0.13590264320373535
2.2472174167633057,9.451521873474121,0.03464966267347336,0.13615092635154724
2.250875949859619,9.440399169921875,0.03487541526556015,0.13614487648010254
2.2386741638183594,9.44326400756836,0.03595926612615585,0.13597021996974945
2.2386741638183594,9.44326400756836,0.03595926612615585,0.13597021996974945
2.2193570137023926,9.457748413085938,0.03732488676905632,0.13550540804862976
2.194711923599243,9.483156204223633,0.03671374171972275,0.13444191217422485
2.179492950439453,9.4989595413208,0.037556909024715424,0.1335940957069397
2.1777544021606445,9.496376037597656,0.03620024025440216,0.13336025178432465
2.185866355895996,9.484685897827148,0.034916285425424576,0.13304823637008667
2.2058944702148438,9.458205223083496,0.032774657011032104,0.13327142596244812
2.215580940246582,9.446073532104492,0.03189273923635483,0.13299062848091125
2.2261648178100586,9.428220748901367,0.03047981858253479,0.13296125829219818
2.218156337738037,9.429861068725586,0.029703836888074875,0.1326061487197876
2.2047817707061768,9.429264068603516,0.0278208889067173,0.13243891298770905
2.1768264770507812,9.440040588378906,0.024608340114355087,0.13288399577140808
2.154629945755005,9.4600191116333,0.021533913910388947,0.13275548815727234
2.1605679988861084,9.446965217590332,0.02036876045167446,0.13258863985538483
2.163487195968628,9.439201354980469,0.019390713423490524,0.13232342898845673
2.173612594604492,9.425652503967285,0.018188368529081345,0.13203725218772888
2.1770524978637695,9.413686752319336,0.017693623900413513,0.13223062455654144
2.1800734996795654,9.407133102416992,0.018940746784210205,0.13185949623584747
2.178368330001831,9.39802074432373,0.02068493515253067,0.13237521052360535
2.1709249019622803,9.395949363708496,0.02309238910675049,0.1326783150434494
2.1622185707092285,9.395214080810547,0.025554075837135315,0.13286125659942627
2.1622185707092285,9.395214080810547,0.025554075837135315,0.13286125659942627
2.149994373321533,9.393476486206055,0.028402157127857208,0.13330811262130737
2.153841018676758,9.380474090576172,0.027608901262283325,0.13370563089847565
2.159022808074951,9.371513366699219,0.025757182389497757,0.13363832235336304
2.186028242111206,9.334307670593262,0.021411273628473282,0.13423378765583038
2.205909490585327,9.310850143432617,0.02030089870095253,0.13361868262290955
2.2365193367004395,9.269615173339844,0.017578452825546265,0.13374365866184235
2.279477834701538,9.205562591552734,0.024630554020404816,0.13513913750648499
2.25587797164917,9.234106063842773,0.020980272442102432,0.1339564174413681
2.2518773078918457,9.236903190612793,0.02234337478876114,0.1325058937072754
2.247391939163208,9.231854438781738,0.02292853593826294,0.13192035257816315
2.250429630279541,9.21909236907959,0.02284480258822441,0.13103367388248444
2.26010799407959,9.194401741027832,0.022860795259475708,0.12996965646743774
2.291353940963745,9.144892692565918,0.0220012329518795,0.12995702028274536
2.3087587356567383,9.118144989013672,0.023041753098368645,0.12925934791564941
2.337542772293091,9.073314666748047,0.023578042164444923,0.12945272028446198
2.353762626647949,9.046341896057129,0.026290666311979294,0.12856295704841614
2.386969804763794,9.00110149383545,0.033107563853263855,0.12863700091838837
2.3753445148468018,9.00312328338623,0.029379211366176605,0.127023383975029
2.3660669326782227,9.007946014404297,0.02811814658343792,0.12656596302986145
2.3494224548339844,9.025135040283203,0.027598578482866287,0.1255045086145401
2.347609043121338,9.021829605102539,0.027450768277049065,0.1254064440727234
2.347609043121338,9.021829605102539,0.027450768277049065,0.1254064440727234
2.3621506690979004,9.002227783203125,0.02848752774298191,0.12500320374965668
2.3399229049682617,9.020391464233398,0.029077261686325073,0.12449658662080765
2.335104465484619,9.018458366394043,0.029668673872947693,0.12430267781019211
2.3264589309692383,9.024970054626465,0.03064151108264923,0.12346063554286957
2.315866231918335,9.040314674377441,0.02754633128643036,0.12280760705471039
2.3184499740600586,9.034302711486816,0.028722001239657402,0.12247135490179062
2.318157196044922,9.0307035446167,0.02798893116414547,0.12209931015968323
2.3131496906280518,9.019425392150879,0.02774287387728691,0.12286379933357239
2.296581506729126,9.025901794433594,0.0240425206720829,0.12328897416591644
2.278733968734741,9.020855903625488,0.022455446422100067,0.12451490759849548
2.19185471534729,9.080666542053223,0.019684933125972748,0.12751157581806183
2.2338027954101562,9.048584938049316,0.02107441984117031,0.12555457651615143
2.210578680038452,9.0564546585083,0.01927042193710804,0.1256961077451706
2.2013444900512695,9.055959701538086,0.020055437460541725,0.12554089725017548
2.1901090145111084,9.058722496032715,0.02366206794977188,0.12512269616127014
2.1864864826202393,9.051175117492676,0.02615967020392418,0.12528064846992493
2.1685991287231445,9.057645797729492,0.03223257511854172,0.12480083107948303
2.158937692642212,9.052019119262695,0.035496748983860016,0.12504352629184723
2.141676664352417,9.069770812988281,0.0370526984333992,0.12399916350841522
2.1392340660095215,9.071941375732422,0.035014357417821884,0.12361492961645126
2.134028673171997,9.086289405822754,0.032518088817596436,0.12242606282234192
2.134028673171997,9.086289405822754,0.032518088817596436,0.12242606282234192
2.123467445373535,9.100943565368652,0.03024909645318985,0.1214447095990181
2.1216065883636475,9.12327766418457,0.0278520118445158,0.11948508024215698
2.1029796600341797,9.128201484680176,0.028502263128757477,0.11916883289813995
2.096818685531616,9.119848251342773,0.03105723112821579,0.11962085962295532
2.0887413024902344,9.119332313537598,0.03153160214424133,0.11904233694076538
2.084697961807251,9.099258422851562,0.03497635945677757,0.11980997025966644
2.078979015350342,9.092896461486816,0.03264953941106796,0.1199440062046051
2.071992874145508,9.087235450744629,0.027622165158391,0.12042729556560516
2.084807872772217,9.073564529418945,0.023377228528261185,0.1203204020857811
2.0704784393310547,9.072938919067383,0.01990094594657421,0.12096197158098221
2.0656251907348633,9.06251049041748,0.018670732155442238,0.12138309329748154
2.0613436698913574,9.044571876525879,0.017868027091026306,0.12220649421215057
2.062516450881958,9.033084869384766,0.01745363138616085,0.12247908860445023
2.0561866760253906,9.02735424041748,0.019326290115714073,0.12264980375766754
2.0711123943328857,8.995945930480957,0.01916482299566269,0.12519344687461853
2.0603768825531006,9.013228416442871,0.01928165927529335,0.1232127696275711
2.0504536628723145,9.019603729248047,0.020855430513620377,0.12256693094968796
2.040128707885742,9.0224609375,0.02414805069565773,0.1220841184258461
2.0347983837127686,9.0216064453125,0.025579797104001045,0.12198547273874283
2.0297703742980957,9.023581504821777,0.02800452709197998,0.12158157676458359
2.0335440635681152,9.011163711547852,0.028503846377134323,0.12197843939065933
2.0335440635681152,9.011163711547852,0.028503846377134323,0.12197843939065933
2.0330686569213867,9.009617805480957,0.029129784554243088,0.12157199531793594
2.0337634086608887,9.005398750305176,0.029954224824905396,0.12122861295938492
2.026038646697998,9.011425018310547,0.031377002596855164,0.12062074989080429
2.014822483062744,9.015928268432617,0.03283842280507088,0.12044830620288849
2.0049517154693604,9.018686294555664,0.03517669439315796,0.120219886302948
1.9931466579437256,9.012407302856445,0.038710664957761765,0.1206977516412735
2.0005569458007812,8.993513107299805,0.04158933460712433,0.1206633672118187
2.014756202697754,8.96750545501709,0.04324733465909958,0.12099559605121613
2.029359817504883,8.950766563415527,0.04306194186210632,0.12072867155075073
2.037663221359253,8.937061309814453,0.043138884007930756,0.12060963362455368
2.0388193130493164,8.930342674255371,0.04268951341509819,0.12042917311191559
2.029181718826294,8.931071281433105,0.04180768132209778,0.1206991970539093
2.023393154144287,8.932842254638672,0.03883664309978485,0.1207854226231575
1.964785099029541,8.982120513916016,0.040342628955841064,0.12746641039848328
2.010469436645508,8.93750286102295,0.03910214453935623,0.12128760665655136
2.0422444343566895,8.900221824645996,0.030649695545434952,0.12293317168951035
2.0235815048217773,8.918703079223633,0.035118505358695984,0.12168769538402557
2.002434253692627,8.9382905960083,0.03244145214557648,0.12134074419736862
2.0001065731048584,8.938993453979492,0.031566374003887177,0.12095113098621368
2.0086171627044678,8.926044464111328,0.03044939786195755,0.12056790292263031
2.014538288116455,8.916043281555176,0.03047553263604641,0.1203429326415062
2.058629274368286,8.865813255310059,0.02783830650150776,0.12080829590559006
2.058629274368286,8.865813255310059,0.02783830650150776,0.12080829590559006
2.0238523483276367,8.88753890991211,0.031328096985816956,0.11953689903020859
2.021698236465454,8.896040916442871,0.03327030688524246,0.11881208419799805
2.0213141441345215,8.887852668762207,0.03225492686033249,0.11883705854415894
2.0086755752563477,8.893657684326172,0.031589116901159286,0.11831699311733246
2.001283884048462,8.894983291625977,0.030329642817378044,0.11754030734300613
1.997551441192627,8.890772819519043,0.028971543535590172,0.11769886314868927
1.9859082698822021,8.888556480407715,0.02634456753730774,0.11773808300495148
1.9742693901062012,8.892410278320312,0.02450890839099884,0.11753776669502258
1.9590007066726685,8.898358345031738,0.021705785766243935,0.11720744520425797
1.9438846111297607,8.915870666503906,0.02379222959280014,0.11639326065778732
1.9498026371002197,8.899543762207031,0.02129216305911541,0.11644323915243149
1.9560757875442505,8.887065887451172,0.02047572284936905,0.11627701669931412
1.974623680114746,8.857698440551758,0.019858993589878082,0.11622856557369232
1.9869346618652344,8.839466094970703,0.018474552780389786,0.11566397547721863
2.0121073722839355,8.800830841064453,0.01626051776111126,0.11532379686832428
2.033992052078247,8.770998001098633,0.014912242069840431,0.11412674188613892
2.0666544437408447,8.713507652282715,0.014512106776237488,0.11403483897447586
2.073932647705078,8.696759223937988,0.015115659683942795,0.11235038936138153
2.0770263671875,8.66816520690918,0.015081772580742836,0.11276327818632126
2.0514414310455322,8.678374290466309,0.017422175034880638,0.11259851604700089
2.0443902015686035,8.671749114990234,0.018341010436415672,0.11297924816608429
2.0443902015686035,8.671749114990234,0.018341010436415672,0.11297924816608429
2.0526633262634277,8.651223182678223,0.019441936165094376,0.11322788149118423
2.0550315380096436,8.632853507995605,0.021079160273075104,0.11373761296272278
2.065425157546997,8.604764938354492,0.022997424006462097,0.11448317766189575
2.0745811462402344,8.594825744628906,0.024538610130548477,0.11385370045900345
2.073932647705078,8.582093238830566,0.02414722740650177,0.11477269977331161
2.068054676055908,8.589144706726074,0.02361130714416504,0.11428271234035492
2.0571489334106445,8.599939346313477,0.022063737735152245,0.11327836662530899
2.0536446571350098,8.599166870117188,0.022404944524168968,0.11284046620130539
2.0475473403930664,8.604143142700195,0.017368579283356667,0.11242689937353134
2.10398006439209,8.517282485961914,0.02906889095902443,0.11404731124639511
2.0850579738616943,8.537127494812012,0.02243145927786827,0.11264213174581528
2.084803819656372,8.536794662475586,0.01978663168847561,0.11209562420845032
2.0974249839782715,8.51192855834961,0.017452415078878403,0.11237818002700806
2.1297197341918945,8.48546314239502,0.016726750880479813,0.11369587481021881
2.1071228981018066,8.496502876281738,0.01717453822493553,0.11199227720499039
2.125201940536499,8.459477424621582,0.017870500683784485,0.11205507069826126
2.1574575901031494,8.387455940246582,0.019521214067935944,0.11203136295080185
2.1629438400268555,8.371454238891602,0.020326033234596252,0.11065332591533661
2.181441068649292,8.326139450073242,0.022307008504867554,0.11107337474822998
2.1396186351776123,8.374733924865723,0.02094724401831627,0.10919677466154099
2.1322340965270996,8.367606163024902,0.020519815385341644,0.10956136882305145
2.1322340965270996,8.367606163024902,0.020519815385341644,0.10956136882305145
2.1218600273132324,8.352392196655273,0.0235808864235878,0.11023984104394913
2.1246705055236816,8.328120231628418,0.0269947350025177,0.11085754632949829
2.1185712814331055,8.302446365356445,0.035660482943058014,0.11175024509429932
2.1263644695281982,8.278656005859375,0.0388697050511837,0.11204472929239273
2.0872530937194824,8.291728973388672,0.047130730003118515,0.11286671459674835
2.089179515838623,8.284173011779785,0.04425947368144989,0.11212364584207535
2.090097427368164,8.285405158996582,0.039641089737415314,0.11129801720380783
2.077284574508667,8.290903091430664,0.038209497928619385,0.11147304624319077
2.0652153491973877,8.298551559448242,0.038142286241054535,0.11135021597146988
2.064624071121216,8.2966947555542,0.03761078417301178,0.11107391864061356
2.076080799102783,8.278462409973145,0.037213727831840515,0.11124825477600098
2.079073190689087,8.281160354614258,0.036045558750629425,0.11033879965543747
2.0769107341766357,8.280645370483398,0.03540710359811783,0.11005078256130219
2.064453363418579,8.294068336486816,0.034359149634838104,0.1092664897441864
2.042437791824341,8.316142082214355,0.03294996917247772,0.10866403579711914
2.0346717834472656,8.321182250976562,0.031166525557637215,0.10825613886117935
2.0344138145446777,8.313076972961426,0.03056509792804718,0.10829080641269684
2.0650100708007812,8.271714210510254,0.024600088596343994,0.10904044657945633
2.089492082595825,8.200239181518555,0.058507323265075684,0.115396648645401
2.0694804191589355,8.250276565551758,0.03169674798846245,0.1094115823507309
2.0945465564727783,8.207115173339844,0.02731800451874733,0.11217126250267029
2.0795116424560547,8.228891372680664,0.0298006609082222,0.11007868498563766
2.0795116424560547,8.228891372680664,0.0298006609082222,0.11007868498563766
2.080598831176758,8.221001625061035,0.029234956949949265,0.10946682095527649
2.085278034210205,8.203651428222656,0.02805992215871811,0.1093125194311142
2.0778815746307373,8.200545310974121,0.027160046622157097,0.10994923859834671
2.0518040657043457,8.2208833694458,0.027354702353477478,0.10959834605455399
2.0393781661987305,8.222646713256836,0.02754363976418972,0.10989134758710861
2.014247417449951,8.24089241027832,0.027202408760786057,0.10971759259700775
1.9945493936538696,8.248695373535156,0.02714701183140278,0.11003560572862625
1.9729688167572021,8.262335777282715,0.02709871530532837,0.1097918227314949
1.9599562883377075,8.262433052062988,0.02809998206794262,0.11030035465955734
1.953731656074524,8.266056060791016,0.02849586121737957,0.11004367470741272
1.9494096040725708,8.264398574829102,0.029287904500961304,0.11018364131450653
1.937426209449768,8.268928527832031,0.02998516336083412,0.11023348569869995
1.9104541540145874,8.285400390625,0.029087672010064125,0.1103304848074913
1.8814244270324707,8.3017578125,0.030341997742652893,0.11039084941148758
1.8684413433074951,8.307228088378906,0.03210178762674332,0.11013408750295639
1.8613275289535522,8.31273078918457,0.034030698239803314,0.10927776992321014
1.8662129640579224,8.30278491973877,0.03535770997405052,0.10882942378520966
1.8710042238235474,8.297733306884766,0.03623252362012863,0.10788644850254059
1.870836615562439,8.29206371307373,0.03681494668126106,0.10763878375291824
1.8570342063903809,8.30663013458252,0.03740774095058441,0.10662335902452469
1.8570342063903809,8.30663013458252,0.03740774095058441,0.10662335902452469
1.8395285606384277,8.32458782196045,0.03737466782331467,0.10557721555233002
1.8051507472991943,8.366390228271484,0.03819848597049713,0.10388407111167908
1.796347975730896,8.376633644104004,0.03670758381485939,0.10328839719295502
1.7941774129867554,8.37783432006836,0.03729752451181412,0.10278832912445068
1.778781771659851,8.392037391662598,0.03717043250799179,0.10240832716226578
1.7905291318893433,8.37968635559082,0.03763637691736221,0.10200612992048264
1.7845861911773682,8.376449584960938,0.03844698518514633,0.10184574127197266
1.8026096820831299,8.343949317932129,0.036212336272001266,0.103355273604393
1.7859758138656616,8.350990295410156,0.037117477506399155,0.10239630937576294
1.7899963855743408,8.336067199707031,0.03968297690153122,0.10227321088314056
1.7271775007247925,8.424215316772461,0.02413918636739254,0.11397445201873779
1.7756999731063843,8.340987205505371,0.03643427789211273,0.10280125588178635
1.7775322198867798,8.322003364562988,0.03609790652990341,0.10329187661409378
1.7790353298187256,8.300185203552246,0.03498738259077072,0.10439838469028473
1.7817237377166748,8.287447929382324,0.03285069391131401,0.10470625758171082
1.7957215309143066,8.251341819763184,0.028862643986940384,0.10582086443901062
1.8017926216125488,8.251472473144531,0.02733573317527771,0.10458888858556747
1.808482050895691,8.235971450805664,0.026165729388594627,0.10508377104997635
1.8092061281204224,8.238162994384766,0.026133304461836815,0.1044669896364212
1.8092401027679443,8.2416353225708,0.025949228554964066,0.10351511836051941
1.8114460706710815,8.237807273864746,0.026423197239637375,0.10301723331212997
1.8114460706710815,8.237807273864746,0.026423197239637375,0.10301723331212997
1.8143614530563354,8.229778289794922,0.02635113149881363,0.10292977094650269
1.812267780303955,8.223575592041016,0.02649710327386856,0.10332083702087402
1.8123072385787964,8.217219352722168,0.026336610317230225,0.1035844162106514
1.8091081380844116,8.215409278869629,0.026577448472380638,0.1036854162812233
1.8094494342803955,8.213159561157227,0.026654046028852463,0.10344666987657547
1.8104069232940674,8.211058616638184,0.02721760794520378,0.10297930240631104
1.816210389137268,8.205169677734375,0.027815837413072586,0.10228803008794785
1.8188188076019287,8.202855110168457,0.032426539808511734,0.10097350180149078
1.830708384513855,8.185908317565918,0.03188173472881317,0.1003858670592308
1.8379963636398315,8.160346984863281,0.039836335927248,0.10098105669021606
1.836309552192688,8.153278350830078,0.03789196163415909,0.10015586018562317
1.8305460214614868,8.156786918640137,0.03681742027401924,0.0998634397983551
1.8250000476837158,8.160904884338379,0.03638143092393875,0.09937246888875961
1.8077352046966553,8.182403564453125,0.035323113203048706,0.09819597005844116
1.8038294315338135,8.18777084350586,0.031201045960187912,0.09714632481336594
1.8202788829803467,8.175385475158691,0.030106719583272934,0.09554360806941986
1.8284727334976196,8.171030044555664,0.028798341751098633,0.0943303108215332
1.8214051723480225,8.176263809204102,0.02767016738653183,0.09399188309907913
1.8116616010665894,8.176027297973633,0.02932083234190941,0.09408680349588394
1.86404550075531,8.134278297424316,0.028139419853687286,0.09727805107831955
1.8215373754501343,8.164353370666504,0.029072575271129608,0.09396807849407196
1.8215373754501343,8.164353370666504,0.029072575271129608,0.09396807849407196
1.8101726770401,8.167896270751953,0.035082682967185974,0.09380165487527847
1.8087812662124634,8.155468940734863,0.03510471433401108,0.09440526366233826
1.8101508617401123,8.148094177246094,0.03548847883939743,0.09448885172605515
1.817353367805481,8.134556770324707,0.036261916160583496,0.0946032926440239
1.82514488697052,8.127192497253418,0.03616731986403465,0.0939939022064209
1.8333567380905151,8.114757537841797,0.03594820201396942,0.09381822496652603
1.8368089199066162,8.128315925598145,0.02884736657142639,0.09208700805902481
1.8414087295532227,8.101149559020996,0.03076004609465599,0.09231577813625336
1.8322466611862183,8.094974517822266,0.03181643784046173,0.09234458208084106
1.814302921295166,8.101129531860352,0.03230065107345581,0.09200452268123627
1.7936816215515137,8.104959487915039,0.03484106808900833,0.09210875630378723
1.7801772356033325,8.106095314025879,0.038963399827480316,0.09130308777093887
1.7889127731323242,8.087416648864746,0.04269880801439285,0.09090586751699448
1.8033337593078613,8.067237854003906,0.043310292065143585,0.09060477465391159
1.8254930973052979,8.036989212036133,0.04401545971632004,0.09051088988780975
1.8424277305603027,8.014595031738281,0.043067291378974915,0.09054738283157349
1.8651947975158691,7.981325149536133,0.04201270267367363,0.09072763472795486
1.8876062631607056,7.942504405975342,0.04102618992328644,0.09121046960353851
1.9083701372146606,7.903072357177734,0.04016033187508583,0.09202344715595245
1.9285398721694946,7.865857124328613,0.0420728474855423,0.09238003939390182
1.9285398721694946,7.865857124328613,0.0420728474855423,0.09238003939390182
1.9435007572174072,7.834554672241211,0.040455758571624756,0.09308981895446777
1.9531205892562866,7.810880661010742,0.04222724214196205,0.0931968092918396
1.9687367677688599,7.793875694274902,0.04314038157463074,0.09207700192928314
2.0039162635803223,7.749964237213135,0.041364818811416626,0.0930890366435051
1.986362338066101,7.768746376037598,0.042240507900714874,0.09256303310394287
1.9822146892547607,7.778649806976318,0.04188298434019089,0.09160874038934708
1.984354019165039,7.783028602600098,0.04067770019173622,0.0906616598367691
1.9792522192001343,7.788257598876953,0.04119323194026947,0.09034042805433273
1.978833794593811,7.7831339836120605,0.041984688490629196,0.09039446711540222
1.9836755990982056,7.771271705627441,0.0423416867852211,0.09061165153980255
1.9879522323608398,7.757419586181641,0.04258666932582855,0.09110309183597565
1.994247317314148,7.747376441955566,0.041045352816581726,0.09118908643722534
1.9933574199676514,7.747684955596924,0.039821356534957886,0.0910097062587738
1.988693118095398,7.755174160003662,0.038068607449531555,0.0903080478310585
1.9776078462600708,7.766494274139404,0.037344127893447876,0.08963243663311005
1.9669692516326904,7.776830673217773,0.03604117035865784,0.08911123871803284
1.9642727375030518,7.767908573150635,0.038371894508600235,0.0896863117814064
1.9636019468307495,7.763012886047363,0.03708920627832413,0.08946841955184937
1.969799518585205,7.745112895965576,0.03646715730428696,0.08981399983167648
1.9767972230911255,7.722509860992432,0.03633899986743927,0.09049773216247559
1.9854662418365479,7.698022365570068,0.03766026347875595,0.09107691794633865
1.9854662418365479,7.698022365570068,0.03766026347875595,0.09107691794633865
1.9934802055358887,7.669956684112549,0.03190857917070389,0.0953381359577179
1.986993670463562,7.685935974121094,0.03577512502670288,0.09182383865118027
1.9880704879760742,7.678220748901367,0.036329954862594604,0.09154055267572403
1.9938666820526123,7.671483516693115,0.03335685282945633,0.09097285568714142
1.9944219589233398,7.662906169891357,0.03277484327554703,0.09080461412668228
1.988784670829773,7.669923782348633,0.02991655096411705,0.08995963633060455
2.004068613052368,7.639206409454346,0.02426495961844921,0.09029003232717514
2.0066637992858887,7.629385948181152,0.020950179547071457,0.09007240831851959
2.0179176330566406,7.6010003089904785,0.019179046154022217,0.09072354435920715
2.015155553817749,7.595782279968262,0.020398952066898346,0.0905013158917427
2.023362636566162,7.573770523071289,0.02233775332570076,0.09115620702505112
2.0032525062561035,7.595969200134277,0.02593652531504631,0.09018959105014801
2.000593900680542,7.595738410949707,0.027099251747131348,0.08970696479082108
1.9890958070755005,7.607275009155273,0.027444466948509216,0.08920896798372269
1.9769659042358398,7.617652416229248,0.02792961895465851,0.08898430317640305
1.9521839618682861,7.6399736404418945,0.029302295297384262,0.08871525526046753
1.9267009496688843,7.656577110290527,0.03051638975739479,0.08890850841999054
1.8900450468063354,7.689595699310303,0.030885443091392517,0.0887865498661995
1.8556572198867798,7.710411071777344,0.032748349010944366,0.08936134725809097
1.8747975826263428,7.679644584655762,0.03203436732292175,0.08980139344930649
1.9460150003433228,7.628240585327148,0.024049848318099976,0.08897022157907486
1.906110405921936,7.65378999710083,0.028284452855587006,0.08892405778169632
1.906110405921936,7.65378999710083,0.028284452855587006,0.08892405778169632
1.9049078226089478,7.64827299118042,0.027533967047929764,0.08892904967069626
1.8975436687469482,7.647252082824707,0.024824047461152077,0.08896035701036453
1.8781899213790894,7.657461643218994,0.023302070796489716,0.08989310264587402
1.8905518054962158,7.636726379394531,0.02163059264421463,0.08895360678434372
1.8995174169540405,7.623547554016113,0.020703736692667007,0.08844923228025436
1.9024708271026611,7.611912727355957,0.02026129886507988,0.08854985237121582
1.8913878202438354,7.622711181640625,0.0211345124989748,0.08782657235860825
1.8863095045089722,7.619913101196289,0.02314283326268196,0.08756309747695923
1.870951771736145,7.63364839553833,0.02668788656592369,0.08661118894815445
1.8549954891204834,7.6447906494140625,0.029347337782382965,0.08621161431074142
1.8396975994110107,7.649897575378418,0.03343024104833603,0.08628899604082108
1.82210111618042,7.655043125152588,0.036800943315029144,0.08668148517608643
1.8174281120300293,7.649668216705322,0.03695356100797653,0.08712537586688995
1.8073581457138062,7.635565757751465,0.03819042444229126,0.08821319043636322
1.8057873249053955,7.62838077545166,0.03776106610894203,0.08842513710260391
1.8059046268463135,7.618443965911865,0.035985302180051804,0.08833542466163635
1.8069005012512207,7.61582088470459,0.0327732115983963,0.08766893297433853
1.8133068084716797,7.605808734893799,0.02696213684976101,0.08791109174489975
1.806403636932373,7.614536285400391,0.02521173283457756,0.08703775703907013
1.8007208108901978,7.623866081237793,0.022325918078422546,0.08621250838041306
1.8007208108901978,7.623866081237793,0.022325918078422546,0.08621250838041306
1.7925479412078857,7.631458282470703,0.01978515461087227,0.08594097942113876
1.780181884765625,7.635316848754883,0.017363231629133224,0.08624376356601715
1.7644538879394531,7.636847019195557,0.016303852200508118,0.08698583394289017
1.7536906003952026,7.631705284118652,0.016643349081277847,0.08781233429908752
1.7424793243408203,7.629179954528809,0.018874848261475563,0.08818809688091278
1.7476404905319214,7.6138410568237305,0.021414583548903465,0.08824904263019562
1.752425193786621,7.602571487426758,0.025077559053897858,0.08772708475589752
1.770444393157959,7.58082389831543,0.02640579454600811,0.08716366440057755
1.781264305114746,7.560320854187012,0.027166377753019333,0.08734708279371262
1.7868356704711914,7.553302764892578,0.025806380435824394,0.08722634613513947
1.7845147848129272,7.547519683837891,0.025462372228503227,0.08776408433914185
1.7749969959259033,7.547713756561279,0.02635381929576397,0.08817082643508911
1.7673866748809814,7.543529510498047,0.028166398406028748,0.08873521536588669
1.7543425559997559,7.549464702606201,0.03335960954427719,0.0884006917476654
1.741947054862976,7.549295425415039,0.03791055083274841,0.08903320878744125
1.7468910217285156,7.546628475189209,0.04098762944340706,0.08776320517063141
1.749710202217102,7.551842212677002,0.04017312079668045,0.08662044256925583
1.7570140361785889,7.546968460083008,0.03866647183895111,0.0861586481332779
1.7628343105316162,7.538300037384033,0.03854549676179886,0.08588815480470657
1.7548961639404297,7.542168617248535,0.03963634371757507,0.08540072292089462
1.7548961639404297,7.542168617248535,0.03963634371757507,0.08540072292089462
1.7500592470169067,7.524374961853027,0.04335019737482071,0.08695974200963974
1.7280160188674927,7.544532775878906,0.04412953555583954,0.08597870171070099
1.7042227983474731,7.562291145324707,0.04373867064714432,0.08570189028978348
1.6795152425765991,7.580650806427002,0.04327341169118881,0.0857105627655983
1.6718664169311523,7.578009128570557,0.04214191436767578,0.08632301539182663
1.6644645929336548,7.579643726348877,0.04014132171869278,0.08666890114545822
1.663171410560608,7.575380802154541,0.03845973312854767,0.08703019469976425
1.6562306880950928,7.586352348327637,0.03387770801782608,0.08679138123989105
1.6504966020584106,7.581888675689697,0.034031644463539124,0.08728569746017456
1.6505533456802368,7.580229759216309,0.03457634523510933,0.08696360886096954
1.6440566778182983,7.58372163772583,0.035057827830314636,0.08652081340551376
1.642980933189392,7.578519821166992,0.03514663130044937,0.08684131503105164
1.6392847299575806,7.571002960205078,0.036506325006484985,0.08729097992181778
1.6464629173278809,7.555424690246582,0.037410344928503036,0.08749105036258698
1.6515483856201172,7.54063081741333,0.03912648558616638,0.08761453628540039
1.649174690246582,7.537217617034912,0.04079962894320488,0.08757652342319489
1.6493135690689087,7.541122913360596,0.03999094292521477,0.08693784475326538
1.637418270111084,7.554914474487305,0.0397067628800869,0.0864715650677681
1.6158753633499146,7.575963497161865,0.039008740335702896,0.0861058384180069
1.5909332036972046,7.5991902351379395,0.039622962474823,0.08576450496912003
1.5909332036972046,7.5991902351379395,0.039622962474823,0.08576450496912003
1.5754138231277466,7.608180999755859,0.0401289239525795,0.08588215708732605
1.5634297132492065,7.6116156578063965,0.042267702519893646,0.08599793165922165
1.5522147417068481,7.609520435333252,0.04572141170501709,0.08634857833385468
1.5510197877883911,7.606561660766602,0.04558491334319115,0.08602926880121231
1.55366051197052,7.600485801696777,0.045124348253011703,0.08589567244052887
1.5541108846664429,7.599523067474365,0.04297260195016861,0.08567381650209427
1.5540193319320679,7.596035957336426,0.041644781827926636,0.08576063066720963
1.5493026971817017,7.589541435241699,0.03971229866147041,0.08623329550027847
1.5458217859268188,7.5843505859375,0.033553510904312134,0.08678536117076874
1.5497490167617798,7.564600467681885,0.03444273769855499,0.08715492486953735
1.554294466972351,7.54142427444458,0.03634076565504074,0.08788115531206131
1.5525480508804321,7.530153751373291,0.03859607130289078,0.0880826786160469
1.5454561710357666,7.521678447723389,0.03896523639559746,0.08891929686069489
1.5403329133987427,7.5263848304748535,0.03796727955341339,0.08835458755493164
1.535058856010437,7.529522895812988,0.036443307995796204,0.08810930699110031
1.5340365171432495,7.533130645751953,0.03463452681899071,0.08758649230003357
1.5374977588653564,7.524686336517334,0.03368465602397919,0.08762508630752563
1.5383628606796265,7.51792049407959,0.033645711839199066,0.08755432814359665
1.5439292192459106,7.498682022094727,0.034173108637332916,0.08836705982685089
1.5410360097885132,7.493332862854004,0.03605235740542412,0.08864951133728027
1.5410360097885132,7.493332862854004,0.03605235740542412,0.08864951133728027
1.542465329170227,7.48320198059082,0.03681012988090515,0.08909810334444046
1.5415942668914795,7.472506046295166,0.03835459053516388,0.08954990655183792
1.5449390411376953,7.460270404815674,0.037848956882953644,0.08987022936344147
1.5547640323638916,7.441239833831787,0.03743800148367882,0.09014106541872025
1.5605838298797607,7.431662559509277,0.035602837800979614,0.09012256562709808
1.5753215551376343,7.4104719161987305,0.03539792820811272,0.0901244580745697
1.5828396081924438,7.392223358154297,0.03346269205212593,0.09065892547369003
1.5851428508758545,7.381265163421631,0.034412410110235214,0.09035173803567886
1.586328387260437,7.36832857131958,0.03545249626040459,0.09038545936346054
1.5826573371887207,7.350541114807129,0.036162152886390686,0.09130410850048065
1.5980528593063354,7.32157039642334,0.029944801703095436,0.09254420548677444
1.6011240482330322,7.301933288574219,0.02738454006612301,0.0937817245721817
1.6112691164016724,7.285111427307129,0.024345263838768005,0.09427455812692642
1.614837646484375,7.280241012573242,0.020824164152145386,0.09419875591993332
1.6179797649383545,7.2717604637146,0.01947810873389244,0.09434507042169571
1.607136607170105,7.282951831817627,0.01903204247355461,0.09409023076295853
1.6075841188430786,7.2803215980529785,0.01919955387711525,0.09385498613119125
1.6088664531707764,7.270208835601807,0.020676352083683014,0.09426312893629074
1.6116445064544678,7.264848709106445,0.022539235651493073,0.0937858298420906
1.6153262853622437,7.249029159545898,0.02407262846827507,0.09417838603258133
1.6153262853622437,7.249029159545898,0.02407262846827507,0.09417838603258133
1.6231741905212402,7.239598274230957,0.02304140478372574,0.09388349205255508
1.6299183368682861,7.2302093505859375,0.021896954625844955,0.09385643154382706
1.6320750713348389,7.224853515625,0.020771926268935204,0.0939568504691124
1.639851689338684,7.2080488204956055,0.0207635760307312,0.09430872648954391
1.6398200988769531,7.203162670135498,0.02099158614873886,0.09399387985467911
1.647265911102295,7.189594268798828,0.02155194990336895,0.09383053332567215
1.6701560020446777,7.159453392028809,0.022069614380598068,0.09352956712245941
1.6948590278625488,7.120570182800293,0.022158294916152954,0.09422841668128967
1.734456181526184,7.061691761016846,0.023781076073646545,0.09469693899154663
1.7416596412658691,7.058145523071289,0.021785389631986618,0.0934915542602539
1.7395906448364258,7.051939010620117,0.02178768813610077,0.09359239786863327
1.7363468408584595,7.05336856842041,0.024112418293952942,0.09297670423984528
1.7396900653839111,7.040619850158691,0.025736728683114052,0.09322232753038406
1.743972659111023,7.028722763061523,0.027889076620340347,0.09313619136810303
1.7590546607971191,7.003844738006592,0.029580965638160706,0.09297941625118256
1.7879003286361694,6.965609550476074,0.03044145181775093,0.0925254374742508
1.7988557815551758,6.949610233306885,0.030742976814508438,0.09199347347021103
1.814706802368164,6.928448677062988,0.029168885201215744,0.09123208373785019
1.8235048055648804,6.90925931930542,0.02819056063890457,0.0909988135099411
1.789311408996582,6.9650092124938965,0.022464245557785034,0.09028521925210953
1.8073885440826416,6.927700042724609,0.02576778456568718,0.09020252525806427
1.8073885440826416,6.927700042724609,0.02576778456568718,0.09020252525806427
1.8114230632781982,6.903095245361328,0.02437470480799675,0.09066742658615112
1.7961405515670776,6.9130754470825195,0.025854898616671562,0.09028888493776321
1.787868857383728,6.907500743865967,0.026000147685408592,0.09117899090051651
1.7810921669006348,6.913466930389404,0.02613108977675438,0.0910177081823349
1.7742946147918701,6.914244174957275,0.026234634220600128,0.09121502935886383
1.7762157917022705,6.9082136154174805,0.025815030559897423,0.09138251096010208
1.7812758684158325,6.895223617553711,0.025382978841662407,0.0917888656258583
1.7945053577423096,6.877140998840332,0.0245196670293808,0.0919036939740181
1.8068339824676514,6.861456394195557,0.02372566983103752,0.09185846149921417
1.8158948421478271,6.846994400024414,0.023528143763542175,0.09194127470254898
1.816516399383545,6.84231424331665,0.023979566991329193,0.09178152680397034
1.816616415977478,6.835605621337891,0.024982351809740067,0.09193585813045502
1.810383677482605,6.837018966674805,0.02635829895734787,0.0918712317943573
1.8065382242202759,6.8376264572143555,0.027315061539411545,0.09148099273443222
1.7995965480804443,6.833235740661621,0.028305882588028908,0.09168665111064911
1.8058135509490967,6.828526020050049,0.027379751205444336,0.09098166227340698
1.8041248321533203,6.8300042152404785,0.025173388421535492,0.09047067910432816
1.8038867712020874,6.835871696472168,0.024614838883280754,0.08931956440210342
1.7900724411010742,6.852168560028076,0.023860275745391846,0.088387630879879
1.7754745483398438,6.868102073669434,0.022670183330774307,0.08750097453594208
1.7754745483398438,6.868102073669434,0.022670183330774307,0.08750097453594208
1.7658416032791138,6.870906352996826,0.022739753127098083,0.08710739761590958
1.7633521556854248,6.872694492340088,0.021667368710041046,0.08607257157564163
1.7797188758850098,6.836755275726318,0.02487064152956009,0.08676477521657944
1.7826805114746094,6.829443454742432,0.023784194141626358,0.08659660816192627
1.7967803478240967,6.808440685272217,0.02224355936050415,0.08655675500631332
1.7960972785949707,6.804121017456055,0.016936521977186203,0.08725485950708389
1.7993547916412354,6.792473793029785,0.018031258136034012,0.08703084290027618
1.8016128540039062,6.775218486785889,0.019358087331056595,0.08755159378051758
1.807421326637268,6.757756233215332,0.019813310354948044,0.08777043223381042
1.818440318107605,6.731076717376709,0.01981418952345848,0.08865779638290405
1.8142116069793701,6.739657402038574,0.019854646176099777,0.08780698478221893
1.812267780303955,6.7420501708984375,0.02007182128727436,0.08727432787418365
1.8042775392532349,6.753853797912598,0.02069629542529583,0.08600378781557083
1.8012775182724,6.7567830085754395,0.02197425067424774,0.08529748022556305
1.797487735748291,6.7593817710876465,0.022353097796440125,0.08477190136909485
1.7990449666976929,6.752552032470703,0.022828124463558197,0.08472465723752975
1.8080313205718994,6.735550880432129,0.02262796461582184,0.08508099615573883
1.8151051998138428,6.7193756103515625,0.023456605151295662,0.0853947103023529
1.8223614692687988,6.705484390258789,0.022463688626885414,0.08572769165039062
1.8277963399887085,6.6976470947265625,0.023846909403800964,0.08547627925872803
1.8277963399887085,6.6976470947265625,0.023846909403800964,0.08547627925872803
1.8336774110794067,6.6892290115356445,0.024076292291283607,0.08537188917398453
1.8396704196929932,6.681517124176025,0.02321462333202362,0.08516974002122879
1.8529099225997925,6.662504196166992,0.021470945328474045,0.08540192246437073
1.8571778535842896,6.656084060668945,0.019752532243728638,0.08535708487033844
1.868853211402893,6.638413429260254,0.018299095332622528,0.08583071082830429
1.868898868560791,6.639330863952637,0.017705250531435013,0.08552364259958267
1.8718215227127075,6.632234573364258,0.01765221357345581,0.08562199771404266
1.871991515159607,6.63020658493042,0.01769547164440155,0.08539470285177231
1.869566798210144,6.629642009735107,0.01798628456890583,0.08535812795162201
1.8705188035964966,6.627446174621582,0.017266614362597466,0.08519354462623596
1.8677442073822021,6.62287712097168,0.017684374004602432,0.08543627709150314
1.8635207414627075,6.6265549659729,0.016064563766121864,0.08513768762350082
1.8790327310562134,6.609618186950684,0.014358586631715298,0.08475200086832047
1.8708300590515137,6.61824893951416,0.01372724398970604,0.08420053869485855
1.8757301568984985,6.612483978271484,0.01332293264567852,0.08399993926286697
1.8751626014709473,6.610114097595215,0.013703715056180954,0.08383408188819885
1.8748469352722168,6.605443954467773,0.014106301590800285,0.08392643928527832
1.871731162071228,6.601803779602051,0.015015995129942894,0.08409977704286575
1.868943214416504,6.5898566246032715,0.016718566417694092,0.08468426764011383
1.8535507917404175,6.5908002853393555,0.01850277930498123,0.08588365465402603
1.860151767730713,6.588597297668457,0.01762731745839119,0.08500337600708008
1.860151767730713,6.588597297668457,0.01762731745839119,0.08500337600708008
1.7955536842346191,6.621865272521973,0.02758219465613365,0.08647855371236801
1.8372663259506226,6.585865020751953,0.025855008512735367,0.08522365242242813
1.8314106464385986,6.591546058654785,0.02411852777004242,0.0846957415342331
1.81576406955719,6.606647491455078,0.02467857487499714,0.08408822864294052
1.8145861625671387,6.600892543792725,0.025033507496118546,0.08418324589729309
1.811333179473877,6.5947465896606445,0.025875993072986603,0.08425380289554596
1.8152165412902832,6.577356338500977,0.026021946221590042,0.08455535024404526
1.890915870666504,6.5415802001953125,0.026630692183971405,0.08713391423225403
1.8280856609344482,6.563865661621094,0.026126079261302948,0.0842353105545044
1.8399221897125244,6.540205001831055,0.0257552620023489,0.0841907411813736
1.8386611938476562,6.536806106567383,0.025978006422519684,0.08387814462184906
1.837813377380371,6.534074306488037,0.027116380631923676,0.08337384462356567
1.8290423154830933,6.542522430419922,0.028754930943250656,0.08262497186660767
1.8228849172592163,6.547958850860596,0.030555006116628647,0.08172906190156937
1.8246052265167236,6.53688907623291,0.03289869427680969,0.08155638724565506
1.804465651512146,6.555046081542969,0.03566423058509827,0.08082766830921173
1.8057891130447388,6.542193412780762,0.037055760622024536,0.08143199235200882
1.8035566806793213,6.53653621673584,0.03834408149123192,0.08170672506093979
1.7970587015151978,6.532436847686768,0.03980167210102081,0.0820537880063057
1.7897365093231201,6.5312700271606445,0.04091360419988632,0.08232753723859787
1.784072756767273,6.5336222648620605,0.040081605315208435,0.082402803003788
1.784072756767273,6.5336222648620605,0.040081605315208435,0.082402803003788
1.778088092803955,6.5339741706848145,0.03878702223300934,0.0826210305094719
1.7800236940383911,6.5275774002075195,0.035523921251297,0.0827874019742012
1.7461979389190674,6.541930675506592,0.03221399709582329,0.0843229740858078
1.7999250888824463,6.475757122039795,0.02971551939845085,0.08697834610939026
1.764490008354187,6.515843391418457,0.0313030369579792,0.08463189005851746
1.7531760931015015,6.531084060668945,0.030397538095712662,0.08372960239648819
1.7480546236038208,6.527069091796875,0.031394463032484055,0.08404712378978729
1.735620141029358,6.534493446350098,0.03302954137325287,0.08406306803226471
1.7306073904037476,6.530426502227783,0.03375048190355301,0.08466849476099014
1.7285748720169067,6.523791313171387,0.033457256853580475,0.08525418490171432
1.7304620742797852,6.515132427215576,0.032848261296749115,0.08558283001184464
1.7359756231307983,6.502847671508789,0.03075406700372696,0.08604901283979416
1.730141520500183,6.512493133544922,0.030069518834352493,0.0854046493768692
1.7216049432754517,6.520763397216797,0.03003663383424282,0.08508738875389099
1.698161244392395,6.548102378845215,0.03091634437441826,0.08416766673326492
1.675428867340088,6.572695732116699,0.03283613175153732,0.08330844342708588
1.6495294570922852,6.600220203399658,0.034891512244939804,0.0823417529463768
1.6294777393341064,6.617698669433594,0.03728490322828293,0.08167214691638947
1.6155146360397339,6.628483772277832,0.03871239721775055,0.08108306676149368
1.6160882711410522,6.623691558837891,0.045929886400699615,0.08178148418664932
1.6148710250854492,6.623955726623535,0.04122001677751541,0.08090458810329437
1.6100940704345703,6.624355792999268,0.04102862626314163,0.0803963765501976
1.6100940704345703,6.624355792999268,0.04102862626314163,0.0803963765501976
1.6100901365280151,6.6239190101623535,0.03955833613872528,0.07999390363693237
1.6110424995422363,6.621467113494873,0.037254609167575836,0.07975031435489655
1.6045435667037964,6.624033451080322,0.034194350242614746,0.07985864579677582
1.599993348121643,6.619957447052002,0.028594976291060448,0.08039752393960953
1.5782321691513062,6.630484580993652,0.01961970329284668,0.08279360085725784
1.5899333953857422,6.6225080490112305,0.02461451292037964,0.08115076273679733
1.5840243101119995,6.615857124328613,0.0207749642431736,0.08190866559743881
1.583388328552246,6.606651782989502,0.018798280507326126,0.08247219026088715
1.5826106071472168,6.5902910232543945,0.01741577871143818,0.08362863957881927
1.5903900861740112,6.58302116394043,0.013527106493711472,0.08698871731758118
1.5831506252288818,6.584981441497803,0.016523092985153198,0.08391918987035751
1.5823042392730713,6.567976474761963,0.016227373853325844,0.08494448661804199
1.569858193397522,6.560029029846191,0.016458170488476753,0.08606801182031631
1.5606651306152344,6.552582263946533,0.016719236969947815,0.0872626006603241
1.538469672203064,6.570545673370361,0.019078239798545837,0.08703506737947464
1.5340451002120972,6.571218490600586,0.01914449781179428,0.08700738102197647
1.526281714439392,6.576089382171631,0.020381726324558258,0.08666519820690155
1.5215052366256714,6.580121040344238,0.020137328654527664,0.08648640662431717
1.5159968137741089,6.580361366271973,0.01946244016289711,0.08657082170248032
1.5130727291107178,6.577474594116211,0.018584802746772766,0.08672364056110382
1.5042741298675537,6.5725507736206055,0.018654465675354004,0.08752553164958954
1.502407431602478,6.571137428283691,0.017047086730599403,0.08761364966630936
1.502407431602478,6.571137428283691,0.017047086730599403,0.08761364966630936
1.5002620220184326,6.568720817565918,0.01863004080951214,0.08744551241397858
1.4809025526046753,6.578182220458984,0.02112695202231407,0.08736874908208847
1.4807980060577393,6.572636127471924,0.02238493040204048,0.08726228773593903
1.4761888980865479,6.569457530975342,0.022702571004629135,0.08734897524118423
1.4669965505599976,6.569779872894287,0.021365832537412643,0.08779450505971909
1.4569690227508545,6.577787399291992,0.019289087504148483,0.08771120011806488
1.4486557245254517,6.581295013427734,0.016891662031412125,0.08800005167722702
1.4362027645111084,6.604077339172363,0.014934414997696877,0.08665968477725983
1.4333031177520752,6.611937522888184,0.013581497594714165,0.08587439358234406
1.4320601224899292,6.619383811950684,0.0132108423858881,0.08498281985521317
1.4289413690567017,6.621334552764893,0.013692138716578484,0.08459051698446274
1.4370936155319214,6.614790439605713,0.009826185181736946,0.08447745442390442
1.4190027713775635,6.622490406036377,0.012824656441807747,0.08493974059820175
1.427968978881836,6.6110429763793945,0.012052902951836586,0.08461430668830872
1.4293043613433838,6.60508918762207,0.011385846883058548,0.08476825803518295
1.4302664995193481,6.594801425933838,0.011276459321379662,0.08483809977769852
1.4251267910003662,6.584771156311035,0.01198878325521946,0.08558469265699387
1.418075680732727,6.584892272949219,0.014334172010421753,0.08545425534248352
1.4143974781036377,6.575583457946777,0.015673231333494186,0.0862649455666542
1.4129242897033691,6.573250770568848,0.01711268350481987,0.08622489869594574
1.4129242897033691,6.573250770568848,0.01711268350481987,0.08622489869594574
1.4145587682724,6.564520359039307,0.017587613314390182,0.08652675896883011
1.4206252098083496,6.545124053955078,0.0168226920068264,0.08750346302986145
1.4236259460449219,6.53005313873291,0.01654261164367199,0.08842922002077103
1.425707221031189,6.52207612991333,0.014879321679472923,0.08870673179626465
1.4267504215240479,6.507513046264648,0.013510352931916714,0.08939176052808762
1.4321380853652954,6.488271713256836,0.012905835174024105,0.09009559452533722
1.4341788291931152,6.469975471496582,0.013484779745340347,0.09094301611185074
1.4362186193466187,6.46219539642334,0.01451436709612608,0.09083119034767151
1.4309481382369995,6.4536356925964355,0.0158432275056839,0.09148965030908585
1.4253098964691162,6.46112585067749,0.017029758542776108,0.09060179442167282
1.4260486364364624,6.452957630157471,0.016230832785367966,0.09081653505563736
1.422773003578186,6.453136920928955,0.015221749432384968,0.09069855511188507
1.4313346147537231,6.432703018188477,0.014498431235551834,0.09170161932706833
1.4343693256378174,6.425015449523926,0.014326153323054314,0.0919085443019867
1.4375683069229126,6.413869857788086,0.015336882323026657,0.09229554980993271
1.440751075744629,6.406332492828369,0.016249462962150574,0.0924040898680687
1.4449708461761475,6.398660182952881,0.017209254205226898,0.0922812819480896
1.452038288116455,6.384255409240723,0.01841365173459053,0.09224735200405121
1.4567286968231201,6.369351387023926,0.019794590771198273,0.0923924446105957
1.4587265253067017,6.353809356689453,0.02114139124751091,0.092930369079113
1.4587265253067017,6.353809356689453,0.02114139124751091,0.092930369079113
1.4518325328826904,6.3479323387146,0.02568458765745163,0.09296109527349472
1.4470112323760986,6.348377704620361,0.026188239455223083,0.09265124797821045
1.436165690422058,6.354907035827637,0.02868349850177765,0.091944620013237
1.4325724840164185,6.347525119781494,0.031219065189361572,0.09234709292650223
1.4249235391616821,6.350912570953369,0.035224393010139465,0.09164495021104813
1.4207239151000977,6.350762367248535,0.03556220978498459,0.09144993871450424
1.4176000356674194,6.353215217590332,0.033458493649959564,0.0910833552479744
1.415090560913086,6.355077743530273,0.029496800154447556,0.09091152250766754
1.4127610921859741,6.353903293609619,0.02622401714324951,0.09097413718700409
1.4127366542816162,6.345136642456055,0.023616012185811996,0.09119649976491928
1.403708577156067,6.347162246704102,0.021929172798991203,0.0909927636384964
1.403664469718933,6.3346171379089355,0.02202792465686798,0.09151003509759903
1.4045331478118896,6.3282904624938965,0.023374678567051888,0.09119308739900589
1.4095088243484497,6.313041687011719,0.022447749972343445,0.0914389118552208
1.40884268283844,6.305904865264893,0.0199346411973238,0.09127910435199738
1.4165641069412231,6.288872241973877,0.017906121909618378,0.09166283160448074
1.4142320156097412,6.28851318359375,0.017080018296837807,0.09131155908107758
1.412213921546936,6.280819892883301,0.01790405996143818,0.0914880782365799
1.4074718952178955,6.282199382781982,0.020460981875658035,0.0908951684832573
1.4033336639404297,6.272462844848633,0.025418594479560852,0.09107442945241928
1.4033336639404297,6.272462844848633,0.025418594479560852,0.09107442945241928
1.3987548351287842,6.27402400970459,0.02776346728205681,0.09050505608320236
1.395585536956787,6.269189834594727,0.028771575540304184,0.09035307914018631
1.4009727239608765,6.265965461730957,0.023722458630800247,0.08956380188465118
1.4083579778671265,6.246170520782471,0.020160328596830368,0.09028885513544083
1.4010286331176758,6.254082679748535,0.019887564703822136,0.08967632800340652
1.4022743701934814,6.253951072692871,0.017785677686333656,0.0891808345913887
1.438310980796814,6.228522300720215,0.01674412377178669,0.08792459219694138
1.4372961521148682,6.237368583679199,0.01601092517375946,0.08737190812826157
1.4369364976882935,6.229824066162109,0.016378629952669144,0.08714227378368378
1.407160758972168,6.253011703491211,0.017831280827522278,0.08706358820199966
1.4187672138214111,6.239346981048584,0.019295021891593933,0.08646956086158752
1.429904818534851,6.227470874786377,0.02107914909720421,0.08581177890300751
1.4364601373672485,6.220377445220947,0.02301662415266037,0.08491840213537216
1.450539469718933,6.207149982452393,0.024664219468832016,0.08410832285881042
1.4466516971588135,6.204080581665039,0.02640834078192711,0.08367341011762619
1.4361506700515747,6.210400104522705,0.025068771094083786,0.08344171196222305
1.4333162307739258,6.19136381149292,0.023744869977235794,0.08442427217960358
1.4490728378295898,6.160594463348389,0.02653850056231022,0.08490011841058731
1.470188021659851,6.112910747528076,0.031246183440089226,0.08635066449642181
1.4698314666748047,6.103519916534424,0.035071298480033875,0.08644934743642807
1.465938925743103,6.099457263946533,0.037476055324077606,0.08657535165548325
1.465938925743103,6.099457263946533,0.037476055324077606,0.08657535165548325
1.4629552364349365,6.096122741699219,0.03867056593298912,0.08642853051424026
1.4544481039047241,6.093362808227539,0.03613073378801346,0.08682709187269211
1.4713214635849,6.0678324699401855,0.03479877859354019,0.08688727021217346
1.4833014011383057,6.048190116882324,0.03141063451766968,0.08706317096948624
1.5169105529785156,5.99934196472168,0.031064171344041824,0.08800768852233887
1.5305774211883545,5.985246181488037,0.029409099370241165,0.08791976422071457
1.544592261314392,5.967930793762207,0.02862272597849369,0.08800219744443893
1.5530070066452026,5.959425449371338,0.027457067742943764,0.0876309797167778
1.5648642778396606,5.942348480224609,0.025967802852392197,0.08804114907979965
1.5529402494430542,5.960704326629639,0.02525262162089348,0.08719908446073532
1.5365556478500366,5.976986885070801,0.024783466011285782,0.086944080889225
1.522351861000061,5.989391803741455,0.025527428835630417,0.08672545850276947
1.5217392444610596,5.984235763549805,0.025756843388080597,0.0870525985956192
1.5286871194839478,5.972611427307129,0.026295658200979233,0.08726035058498383
1.5381572246551514,5.958080291748047,0.027171816676855087,0.08743932098150253
1.5416090488433838,5.952792644500732,0.027500253170728683,0.08736919611692429
1.549085021018982,5.9433465003967285,0.029557939618825912,0.08688198029994965
1.5455539226531982,5.95278263092041,0.026144344359636307,0.08678042888641357
1.5473098754882812,5.946516036987305,0.028045956045389175,0.08666618913412094
1.5486310720443726,5.949010372161865,0.029357770457863808,0.08562007546424866
1.5615588426589966,5.942973613739014,0.02952304482460022,0.08438162505626678
1.5615588426589966,5.942973613739014,0.02952304482460022,0.08438162505626678
1.5582821369171143,5.951648235321045,0.027219796553254128,0.083682119846344
1.5676701068878174,5.942529678344727,0.026020076125860214,0.08346575498580933
1.586283564567566,5.921828746795654,0.023643624037504196,0.08341284841299057
1.5886081457138062,5.918348789215088,0.023152006790041924,0.08331181854009628
1.5829168558120728,5.921859264373779,0.023109814152121544,0.08312226086854935
1.57359778881073,5.928799152374268,0.023890484124422073,0.08286896347999573
1.5502134561538696,5.94530725479126,0.02446597069501877,0.08285850286483765
1.5195598602294922,5.962335109710693,0.03128540515899658,0.08273720741271973
1.5146993398666382,5.961062908172607,0.03105243667960167,0.08247511833906174
1.4982737302780151,5.964288711547852,0.03133212774991989,0.0824688971042633
1.4788134098052979,5.976716995239258,0.03126046061515808,0.08224360644817352
1.4582974910736084,5.986038684844971,0.030928995460271835,0.08207942545413971
1.442111849784851,6.005027770996094,0.02488691546022892,0.08117273449897766
1.4394434690475464,5.997625827789307,0.027300018817186356,0.08059467375278473
1.4472066164016724,5.988286018371582,0.024056710302829742,0.08034494519233704
1.4497376680374146,5.986896514892578,0.022111836820840836,0.08001089096069336
1.452919363975525,5.979355812072754,0.018843960016965866,0.08001676201820374
1.4455655813217163,5.984167098999023,0.017504841089248657,0.0796828642487526
1.4294090270996094,5.983232498168945,0.017539920285344124,0.08043507486581802
1.4125860929489136,5.990660667419434,0.01926250010728836,0.08050490915775299
1.4125860929489136,5.990660667419434,0.01926250010728836,0.08050490915775299
1.398842692375183,5.993074417114258,0.021280281245708466,0.08096346259117126
1.3950151205062866,5.993306636810303,0.02188289538025856,0.08096974343061447
1.3815617561340332,6.0035529136657715,0.021869506686925888,0.0809408649802208
1.3895454406738281,5.988502502441406,0.020469266921281815,0.08141172677278519
1.388811469078064,5.989457607269287,0.019923370331525803,0.08115677535533905
1.3837300539016724,5.990340232849121,0.019545461982488632,0.08128544688224792
1.3820255994796753,5.989002227783203,0.019498785957694054,0.08122151345014572
1.3697822093963623,5.989325523376465,0.020300662145018578,0.08144338428974152
1.3691734075546265,5.982167720794678,0.019804783165454865,0.08144077658653259
1.3683679103851318,5.969994068145752,0.022855062037706375,0.08144084364175797
1.3714936971664429,5.95972204208374,0.02396473102271557,0.08105165511369705
1.3787657022476196,5.942153453826904,0.025018099695444107,0.08117253333330154
1.3825984001159668,5.939280033111572,0.024417215958237648,0.08054326474666595
1.3924691677093506,5.9266438484191895,0.02245452255010605,0.08047232031822205
1.398167610168457,5.919857978820801,0.020617658272385597,0.08029370754957199
1.403427004814148,5.91596794128418,0.019353579729795456,0.07992098480463028
1.4056276082992554,5.910005569458008,0.01825670525431633,0.0799894854426384
1.4095133543014526,5.90546989440918,0.01804320514202118,0.07965190708637238
1.412627100944519,5.898193836212158,0.018022838979959488,0.07967692613601685
1.4160257577896118,5.890750885009766,0.018856868147850037,0.07955273985862732
1.4160257577896118,5.890750885009766,0.018856868147850037,0.07955273985862732
1.4307944774627686,5.8692803382873535,0.020045319572091103,0.07942667603492737
1.4300626516342163,5.859006881713867,0.022416315972805023,0.07956796884536743
1.4678165912628174,5.819586753845215,0.025925181806087494,0.07924447953701019
1.4535552263259888,5.8282904624938965,0.02413010224699974,0.07920544594526291
1.4425915479660034,5.836699485778809,0.024524137377738953,0.07914253324270248
1.4488753080368042,5.821567058563232,0.025380870327353477,0.07959341257810593
1.4489980936050415,5.816850662231445,0.027158156037330627,0.07953270524740219
1.4592341184616089,5.80021333694458,0.029045462608337402,0.07957592606544495
1.468565583229065,5.789383888244629,0.03023218736052513,0.07923976331949234
1.4785796403884888,5.776092529296875,0.030730966478586197,0.07916663587093353
1.484241008758545,5.769362449645996,0.030803892761468887,0.0788429006934166
1.485278606414795,5.762748718261719,0.031760480254888535,0.07893916219472885
1.4829041957855225,5.7589111328125,0.03351886570453644,0.07885857671499252
1.4777424335479736,5.751462936401367,0.03770750015974045,0.07893005013465881
1.4767009019851685,5.7410125732421875,0.04196590930223465,0.07886917144060135
1.4590617418289185,5.744022369384766,0.04664841666817665,0.07978387922048569
1.4908232688903809,5.728163719177246,0.046066101640462875,0.0789947360754013
1.4715158939361572,5.733336925506592,0.046405401080846786,0.07888113707304001
1.479369878768921,5.726551055908203,0.04359743744134903,0.07885637879371643
1.4775086641311646,5.728636741638184,0.04235047101974487,0.07843953371047974
1.4792757034301758,5.7287068367004395,0.04181066155433655,0.07809587568044662
1.4792757034301758,5.7287068367004395,0.04181066155433655,0.07809587568044662
1.4837614297866821,5.724228382110596,0.04271785542368889,0.07769577205181122
1.490524411201477,5.715306758880615,0.04225274175405502,0.07756219804286957
1.497205376625061,5.702777862548828,0.042881518602371216,0.07764790207147598
1.4968072175979614,5.698073863983154,0.04423175007104874,0.07769623398780823
1.4945437908172607,5.696801662445068,0.04453379660844803,0.07758623361587524
1.4931509494781494,5.701079368591309,0.04102490842342377,0.07709204405546188
1.4810665845870972,5.718120098114014,0.03824537992477417,0.07650595158338547
1.4852761030197144,5.717834949493408,0.03374219685792923,0.07623308151960373
1.4849810600280762,5.719596862792969,0.03330497443675995,0.07591559737920761
1.4910907745361328,5.715755462646484,0.03164248168468475,0.07543143630027771
1.4950698614120483,5.714228630065918,0.03002612106502056,0.07499948889017105
1.5069454908370972,5.7045488357543945,0.026932625100016594,0.07451515644788742
1.5082648992538452,5.703220844268799,0.025759728625416756,0.07425718754529953
1.5101120471954346,5.699473857879639,0.02495279535651207,0.0741560235619545
1.5088938474655151,5.699577331542969,0.024790776893496513,0.07389707118272781
1.5100189447402954,5.693799018859863,0.02574848383665085,0.07367976754903793
1.5065613985061646,5.696016311645508,0.02779790759086609,0.0732579305768013
1.5198473930358887,5.679511070251465,0.030095724388957024,0.07307256013154984
1.5162429809570312,5.6782708168029785,0.029696550220251083,0.07303601503372192
1.5161073207855225,5.675282001495361,0.02965654991567135,0.07302749902009964
1.5161073207855225,5.675282001495361,0.02965654991567135,0.07302749902009964
1.5187318325042725,5.666873931884766,0.029861729592084885,0.07317459583282471
1.5227278470993042,5.655433654785156,0.02983437106013298,0.07353366166353226
1.5232162475585938,5.649350166320801,0.028815098106861115,0.07387606054544449
1.5245862007141113,5.639493942260742,0.02846911922097206,0.07447457313537598
1.5226106643676758,5.638059139251709,0.027595680207014084,0.07459758222103119
1.524482250213623,5.630131721496582,0.026823382824659348,0.0748969316482544
1.5246458053588867,5.6251068115234375,0.026228703558444977,0.07504188269376755
1.5313308238983154,5.610610008239746,0.026275791227817535,0.0753946453332901
1.5381845235824585,5.599361419677734,0.02540271356701851,0.07542401552200317
1.5463650226593018,5.58283805847168,0.02666301652789116,0.0753849670290947
1.5528966188430786,5.567858695983887,0.0250629223883152,0.07564671337604523
1.5449109077453613,5.574543476104736,0.022807005792856216,0.07528700679540634
1.5405219793319702,5.578976631164551,0.02172280289232731,0.07472576946020126
1.5304455757141113,5.584458827972412,0.021603848785161972,0.07426896691322327
1.516167163848877,5.597039222717285,0.022661451250314713,0.07413404434919357
1.5143451690673828,5.59155797958374,0.02357182279229164,0.0743262991309166
1.515197515487671,5.587986469268799,0.023909103125333786,0.07441611588001251
1.5114609003067017,5.589153289794922,0.024140359833836555,0.07447986304759979
1.5031073093414307,5.5914506912231445,0.02432917058467865,0.07474779337644577
1.4926267862319946,5.598384380340576,0.023678772151470184,0.07484275102615356
1.4926267862319946,5.598384380340576,0.023678772151470184,0.07484275102615356
1.4835714101791382,5.600217342376709,0.022657053545117378,0.07542502135038376
1.4737133979797363,5.61079216003418,0.022077759727835655,0.07526101917028427
1.4720876216888428,5.609652042388916,0.021979045122861862,0.07541041076183319
1.4672791957855225,5.611268997192383,0.022139349952340126,0.0755094662308693
1.4636247158050537,5.610448837280273,0.02233111299574375,0.07564683258533478
1.457614779472351,5.609889030456543,0.022656751796603203,0.07582007348537445
1.459157109260559,5.600291728973389,0.024446450173854828,0.075961172580719
1.4650604724884033,5.584886074066162,0.023608379065990448,0.07767435163259506
1.4604988098144531,5.590611457824707,0.024117153137922287,0.0762658640742302
1.4695080518722534,5.575753211975098,0.02276918850839138,0.07614237815141678
1.4880186319351196,5.551113128662109,0.02026798389852047,0.07624416053295135
1.4893712997436523,5.537217140197754,0.022171813994646072,0.07639943063259125
1.4811620712280273,5.537071228027344,0.021459950134158134,0.07680835574865341
1.4647433757781982,5.549257755279541,0.019803129136562347,0.07700235396623611
1.4544126987457275,5.556024074554443,0.018348077312111855,0.0772438645362854
1.4436864852905273,5.569787502288818,0.016092408448457718,0.07689006626605988
1.4401659965515137,5.571528434753418,0.015026616863906384,0.0769152119755745
1.4412752389907837,5.571508407592773,0.014311274513602257,0.07664215564727783
1.4438029527664185,5.56851053237915,0.014030719175934792,0.07644056528806686
1.4452189207077026,5.565443992614746,0.0136856809258461,0.07632243633270264
1.44174063205719,5.5640716552734375,0.013293030671775341,0.07630834728479385
1.44174063205719,5.5640716552734375,0.013293030671775341,0.07630834728479385
1.429160475730896,5.567564964294434,0.012911031022667885,0.07655743509531021
1.4161125421524048,5.574943542480469,0.012699661776423454,0.07659431546926498
1.3969995975494385,5.587226390838623,0.01286538690328598,0.07673241198062897
1.3875865936279297,5.594297885894775,0.012882350012660027,0.07656393200159073
1.380631923675537,5.597689628601074,0.013177990913391113,0.07641458511352539
1.3745731115341187,5.600534915924072,0.013581674546003342,0.07608018815517426
1.362611174583435,5.603179931640625,0.014922991394996643,0.07599351555109024
1.3452904224395752,5.612092971801758,0.016461245715618134,0.07569535076618195
1.3335744142532349,5.612082004547119,0.018502332270145416,0.07602323591709137
1.3160769939422607,5.624830722808838,0.020160144194960594,0.07584985345602036
1.3121689558029175,5.621337890625,0.021023744717240334,0.07613460719585419
1.304592490196228,5.6208086013793945,0.022199001163244247,0.07640114426612854
1.302993893623352,5.61647891998291,0.022012939676642418,0.07658679783344269
1.2986435890197754,5.612517356872559,0.021203843876719475,0.07702571898698807
1.297743797302246,5.605417251586914,0.018551437184214592,0.07734959572553635
1.2960995435714722,5.596156597137451,0.014251083135604858,0.07815061509609222
1.2991875410079956,5.594546794891357,0.011675480753183365,0.07779844850301743
1.2995694875717163,5.589559555053711,0.010446293279528618,0.07804324477910995
1.3018707036972046,5.586932182312012,0.010396938771009445,0.07776927202939987
1.3062083721160889,5.578229904174805,0.011432068422436714,0.0775245875120163
1.3062083721160889,5.578229904174805,0.011432068422436714,0.0775245875120163
1.3153268098831177,5.563506126403809,0.012041660957038403,0.07734169811010361
1.3232020139694214,5.543760299682617,0.015006348490715027,0.07758276909589767
1.3188931941986084,5.53779411315918,0.01477921474725008,0.07785730808973312
1.31964111328125,5.530895709991455,0.014557662419974804,0.07785990089178085
1.3183376789093018,5.523043155670166,0.014836090616881847,0.07828189432621002
1.323845386505127,5.511992454528809,0.01584256812930107,0.07821710407733917
1.3300457000732422,5.495058536529541,0.017990779131650925,0.07843302190303802
1.3399275541305542,5.4815449714660645,0.020376577973365784,0.0780663937330246
1.341597557067871,5.475694179534912,0.02225058153271675,0.07786015421152115
1.340314269065857,5.474717140197754,0.02316986955702305,0.07764174044132233
1.3317612409591675,5.482161998748779,0.02307269349694252,0.07745090872049332
1.3179951906204224,5.492725849151611,0.023235928267240524,0.07735355198383331
1.303207516670227,5.504199504852295,0.02215711399912834,0.07736164331436157
1.2985079288482666,5.50692081451416,0.02242392860352993,0.07710794359445572
1.3001787662506104,5.494647026062012,0.022807231172919273,0.07748264074325562
1.3112555742263794,5.4829936027526855,0.023466741666197777,0.07699791342020035
1.3213871717453003,5.4649481773376465,0.023625146597623825,0.07718013226985931
1.332204818725586,5.444116592407227,0.022858675569295883,0.07756341993808746
1.3298542499542236,5.446322917938232,0.021279819309711456,0.07739897817373276
1.327104091644287,5.445497512817383,0.019552741199731827,0.07754536718130112
1.327104091644287,5.445497512817383,0.019552741199731827,0.07754536718130112
1.3178901672363281,5.451079845428467,0.01713765598833561,0.07765105366706848
1.3181555271148682,5.4489898681640625,0.01632028818130493,0.07751812785863876
1.3131707906723022,5.449769496917725,0.016294054687023163,0.07751619070768356
1.3282619714736938,5.434708118438721,0.017504919320344925,0.07705679535865784
1.3164184093475342,5.443184852600098,0.018563758581876755,0.07686292380094528
1.3138282299041748,5.440577030181885,0.019816022366285324,0.07688939571380615
1.3126857280731201,5.4388861656188965,0.020690588280558586,0.07671118527650833
1.316240668296814,5.4320878982543945,0.020409313961863518,0.07673684507608414
1.318979263305664,5.43009614944458,0.019127117469906807,0.07656539231538773
1.3193079233169556,5.431443691253662,0.017721936106681824,0.07630351930856705
1.3177967071533203,5.432388782501221,0.017387425526976585,0.07618194818496704
1.3139629364013672,5.4342474937438965,0.017633991315960884,0.07602475583553314
1.327907919883728,5.418982028961182,0.015951216220855713,0.07606776803731918
1.3165619373321533,5.416889190673828,0.017416611313819885,0.07733123749494553
1.3222848176956177,5.417088031768799,0.01665240153670311,0.07642091810703278
1.3160609006881714,5.41740608215332,0.019285423681139946,0.07670584321022034
1.318632960319519,5.416305065155029,0.017994629219174385,0.07643028348684311
1.3208997249603271,5.4142069816589355,0.018024777993559837,0.07592509686946869
1.3314027786254883,5.403194427490234,0.016927961260080338,0.07563591003417969
1.3340322971343994,5.396651744842529,0.013906044885516167,0.07575156539678574
1.3508856296539307,5.3773112297058105,0.011632425710558891,0.07567794620990753
1.3566540479660034,5.368035316467285,0.010751115158200264,0.07572714239358902
1.3566540479660034,5.368035316467285,0.010751115158200264,0.07572714239358902
1.3620774745941162,5.3565521240234375,0.011415557935833931,0.07587367296218872
1.3532887697219849,5.3559465408325195,0.012242654338479042,0.07633092254400253
1.3647174835205078,5.3179097175598145,0.018839363008737564,0.07901708781719208
1.356896996498108,5.340167045593262,0.014563897624611855,0.07690947502851486
1.3455842733383179,5.345831871032715,0.014982299879193306,0.07691404968500137
1.3228795528411865,5.352097511291504,0.016348782926797867,0.07753747701644897
1.31344473361969,5.355280876159668,0.01674734428524971,0.07767153531312943
1.2990213632583618,5.350429534912109,0.01759069412946701,0.07860344648361206
1.2961229085922241,5.351770401000977,0.018378248438239098,0.07816562801599503
1.290540099143982,5.3483076095581055,0.01960810087621212,0.07836416363716125
1.2844547033309937,5.351984024047852,0.02052588388323784,0.07794109731912613
1.2700775861740112,5.355124473571777,0.022097449749708176,0.07806510478258133
1.2511686086654663,5.3647003173828125,0.023259883746504784,0.07818028330802917
1.2429051399230957,5.362862586975098,0.024025870487093925,0.07868776470422745
1.23993718624115,5.361967086791992,0.02370389550924301,0.07874083518981934
1.2402511835098267,5.355937957763672,0.022368095815181732,0.07878211885690689
1.2354824542999268,5.35622501373291,0.022299975156784058,0.07874427735805511
1.2317925691604614,5.357690334320068,0.02208675816655159,0.07850176095962524
1.2280504703521729,5.361586093902588,0.022826675325632095,0.07798922806978226
1.2252675294876099,5.366231441497803,0.023422684520483017,0.07727046310901642
1.2267241477966309,5.367476940155029,0.02361193113029003,0.07658486813306808
1.2267241477966309,5.367476940155029,0.02361193113029003,0.07658486813306808
1.2271952629089355,5.368022918701172,0.022682953625917435,0.07578098028898239
1.2286384105682373,5.369492053985596,0.019802358001470566,0.07491122931241989
1.2224642038345337,5.373284339904785,0.017416592687368393,0.07468492537736893
1.2261371612548828,5.368110179901123,0.014247603714466095,0.07440997660160065
1.2224705219268799,5.366121292114258,0.01429248508065939,0.07447922229766846
1.2274599075317383,5.357359886169434,0.014306778088212013,0.07439320534467697
1.2242896556854248,5.355227947235107,0.016527442261576653,0.07417947798967361
1.2262266874313354,5.355754852294922,0.017350148409605026,0.0733562782406807
1.2315088510513306,5.346840858459473,0.018492640927433968,0.07300450652837753
1.2316290140151978,5.348762512207031,0.018446411937475204,0.0724482536315918
1.2304006814956665,5.345282077789307,0.01792433112859726,0.0723598524928093
1.2262210845947266,5.3431620597839355,0.01767795905470848,0.07242151349782944
1.2199318408966064,5.337922096252441,0.0170602947473526,0.07305622100830078
1.2105257511138916,5.342629909515381,0.018535180017352104,0.0727933719754219
1.1947072744369507,5.351529598236084,0.021728849038481712,0.07218515127897263
1.1599624156951904,5.385165214538574,0.021728336811065674,0.07204977422952652
1.1722054481506348,5.369783401489258,0.02132103219628334,0.07156755775213242
1.1807069778442383,5.359257221221924,0.0206619780510664,0.07122284919023514
1.182754397392273,5.354453086853027,0.01991577446460724,0.07099158316850662
1.1790213584899902,5.353670597076416,0.019880741834640503,0.07090985029935837
1.1790213584899902,5.353670597076416,0.019880741834640503,0.07090985029935837
1.1742240190505981,5.354950428009033,0.020412079989910126,0.07087026536464691
1.170035481452942,5.355556488037109,0.021243305876851082,0.07077380269765854
1.1685569286346436,5.352475643157959,0.021998565644025803,0.07074674963951111
1.168811321258545,5.347476005554199,0.020982718095183372,0.07089066505432129
1.1736236810684204,5.3392534255981445,0.020734718069434166,0.07095041871070862
1.1755543947219849,5.332916736602783,0.01952362060546875,0.07124500721693039
1.1803163290023804,5.325039386749268,0.017177682369947433,0.07146114856004715
1.1777085065841675,5.319509506225586,0.016744717955589294,0.07201119512319565
1.1753889322280884,5.312760829925537,0.016284475103020668,0.07259111851453781
1.1745808124542236,5.307458877563477,0.016454901546239853,0.07298208028078079
1.1761757135391235,5.301513671875,0.01659049466252327,0.07317469269037247
1.1795454025268555,5.294039726257324,0.016544127836823463,0.07331953197717667
1.1837871074676514,5.282703399658203,0.015077663585543633,0.07370715588331223
1.1887919902801514,5.2707200050354,0.015115167014300823,0.07388772815465927
1.1960349082946777,5.25752592086792,0.014276757836341858,0.07413024455308914
1.1978222131729126,5.25685977935791,0.012936437502503395,0.07375732809305191
1.1988065242767334,5.250065803527832,0.012873753905296326,0.07402325421571732
1.1989799737930298,5.245340347290039,0.013291610404849052,0.0740882158279419
1.1971874237060547,5.240384101867676,0.014084817841649055,0.0742943212389946
1.1952928304672241,5.231239318847656,0.014330053701996803,0.07483905553817749
1.1952928304672241,5.231239318847656,0.014330053701996803,0.07483905553817749
1.2090487480163574,5.203878879547119,0.01520698145031929,0.0756167471408844
1.2044270038604736,5.205719470977783,0.01465648040175438,0.07560724020004272
1.2012218236923218,5.2045674324035645,0.013575488701462746,0.0758853629231453
1.1987156867980957,5.201862812042236,0.013032699003815651,0.0761551558971405
1.2012635469436646,5.1865386962890625,0.012388518080115318,0.07684125006198883
1.2017953395843506,5.1663408279418945,0.009888624772429466,0.07895182818174362
1.2071627378463745,5.171731472015381,0.010496033355593681,0.07707023620605469
1.2144815921783447,5.165659427642822,0.01093332376331091,0.07655958831310272
1.2237846851348877,5.163812637329102,0.010697007179260254,0.07550257444381714
1.22795569896698,5.159873962402344,0.01039903610944748,0.07517369091510773
1.2302052974700928,5.154665470123291,0.009825843386352062,0.075021892786026
1.2232744693756104,5.157522201538086,0.0097022270783782,0.07495272904634476
1.2107446193695068,5.163242340087891,0.009553330950438976,0.07520569115877151
1.202490210533142,5.166625022888184,0.0108678312972188,0.07499518245458603
1.194690465927124,5.169815540313721,0.012414786964654922,0.07481478899717331
1.190981388092041,5.169121742248535,0.014066718518733978,0.07448393851518631
1.1929138898849487,5.163820743560791,0.014822162687778473,0.07402801513671875
1.1651878356933594,5.189581394195557,0.012952059507369995,0.07418575137853622
1.1862447261810303,5.168722629547119,0.011928241699934006,0.07338245213031769
1.1867542266845703,5.1697916984558105,0.01037684641778469,0.07304929941892624
1.1867542266845703,5.1697916984558105,0.01037684641778469,0.07304929941892624
1.1732745170593262,5.189450263977051,0.00688003608956933,0.07239138334989548
1.1700119972229004,5.190230369567871,0.005993309430778027,0.07252417504787445
1.164746642112732,5.195106506347656,0.006318214349448681,0.07231639325618744
1.1562538146972656,5.203211784362793,0.006308643147349358,0.07213238626718521
1.1518834829330444,5.207098007202148,0.006104005500674248,0.07207627594470978
1.1509807109832764,5.201200485229492,0.006201012991368771,0.07243441790342331
1.1507437229156494,5.190215110778809,0.006072184536606073,0.07302867621183395
1.1550889015197754,5.171440124511719,0.00676651019603014,0.07403784245252609
1.1585476398468018,5.158627033233643,0.007105768192559481,0.07465309649705887
1.1601377725601196,5.148965835571289,0.008445474319159985,0.07503850013017654
1.1604053974151611,5.146956443786621,0.00888158194720745,0.0748523622751236
1.158845067024231,5.141567230224609,0.009619763121008873,0.07501048594713211
1.1536495685577393,5.148523330688477,0.010017476975917816,0.07455163449048996
1.1542315483093262,5.140609264373779,0.010430295020341873,0.07491441816091537
1.1545741558074951,5.1335768699646,0.011077726259827614,0.0750802680850029
1.1648869514465332,5.116768836975098,0.012156396172940731,0.07519503682851791
1.16352117061615,5.115811347961426,0.013949494808912277,0.07484626024961472
1.1650196313858032,5.114671230316162,0.015277714468538761,0.07440922409296036
1.1650880575180054,5.1124114990234375,0.016532674431800842,0.07420036196708679
1.1640807390213013,5.108975887298584,0.016373533755540848,0.07444574683904648
1.1640807390213013,5.108975887298584,0.016373533755540848,0.07444574683904648
1.167336344718933,5.101998329162598,0.015180323272943497,0.074608214199543
1.168644905090332,5.091176509857178,0.01413201168179512,0.07531856000423431
1.1751941442489624,5.07986307144165,0.012351986952126026,0.07557196915149689
1.1838458776474,5.066728591918945,0.011008435860276222,0.07572544366121292
1.1907256841659546,5.063769340515137,0.009880824014544487,0.07505530118942261
1.1930055618286133,5.061369895935059,0.009591666981577873,0.07465771585702896
1.1900477409362793,5.0718770027160645,0.009774724021553993,0.07323040068149567
1.190720558166504,5.072134017944336,0.010642901062965393,0.07195631414651871
1.191043734550476,5.081414222717285,0.011132825165987015,0.0696779265999794
1.1514253616333008,5.110774040222168,0.015067989006638527,0.0695643424987793
1.1731349229812622,5.082949161529541,0.01470217015594244,0.06895092874765396
1.1926332712173462,5.052237510681152,0.014323610812425613,0.06910667568445206
1.2110167741775513,5.024773120880127,0.014108228497207165,0.0690353661775589
1.2207661867141724,5.002710819244385,0.014816267415881157,0.06932120770215988
1.2401424646377563,4.984125137329102,0.01465829461812973,0.0694969967007637
1.2288480997085571,4.993339538574219,0.014743218198418617,0.06909733265638351
1.2237229347229004,4.990985870361328,0.015948088839650154,0.0688481405377388
1.2143874168395996,4.992700576782227,0.017641820013523102,0.06844224780797958
1.207509160041809,4.992072582244873,0.018592948094010353,0.06785726547241211
1.200974941253662,5.0012006759643555,0.021960120648145676,0.06659822165966034
1.2047497034072876,4.993010520935059,0.021888641640543938,0.06664249300956726
1.2047497034072876,4.993010520935059,0.021888641640543938,0.06664249300956726
1.2065995931625366,4.989856719970703,0.021087128669023514,0.06634842604398727
1.2054569721221924,4.991268157958984,0.02098369598388672,0.06555397063493729
1.1837220191955566,5.013182640075684,0.022720428183674812,0.06418653577566147
1.1833829879760742,5.018050670623779,0.02379094809293747,0.06348840892314911
1.1757880449295044,5.023946285247803,0.022494349628686905,0.06290541589260101
1.1731091737747192,5.021696090698242,0.022994639351963997,0.06298453360795975
1.168311595916748,5.016417980194092,0.023453563451766968,0.0631331354379654
1.1676725149154663,5.007113933563232,0.022870071232318878,0.06336700916290283
1.1654531955718994,4.992073059082031,0.021393507719039917,0.06389233469963074
1.1593592166900635,4.989883899688721,0.018906906247138977,0.06381003558635712
1.1574513912200928,4.9756879806518555,0.01796077750623226,0.0648026168346405
1.145826816558838,4.987661361694336,0.017661117017269135,0.06423849612474442
1.1371835470199585,4.991601467132568,0.017697684466838837,0.06426279246807098
1.1209118366241455,5.002411842346191,0.017749834805727005,0.06408485770225525
1.1143056154251099,4.993880271911621,0.0166446752846241,0.06707720458507538
1.1181845664978027,4.99808931350708,0.01740271784365177,0.06449860334396362
1.0736783742904663,5.017814636230469,0.02243778109550476,0.06576013565063477
1.0950791835784912,5.002594947814941,0.019087940454483032,0.0645725205540657
1.1094787120819092,4.983855724334717,0.018142294138669968,0.0646604374051094
1.1163604259490967,4.969398021697998,0.017824040725827217,0.06497451663017273
1.1187183856964111,4.95418119430542,0.01776852086186409,0.065911203622818
1.1187183856964111,4.95418119430542,0.01776852086186409,0.065911203622818
1.1087292432785034,4.9580278396606445,0.017923664301633835,0.0662391260266304
1.099305272102356,4.959781646728516,0.018043532967567444,0.06676682829856873
1.0901938676834106,4.96828556060791,0.017683207988739014,0.06661684811115265
1.0829203128814697,4.9734673500061035,0.016892846673727036,0.06644468754529953
1.085150122642517,4.971007347106934,0.014927010983228683,0.0660116896033287
1.0954749584197998,4.955134868621826,0.014007849618792534,0.06658122688531876
1.0903265476226807,4.961043357849121,0.014444448053836823,0.06612014025449753
1.099156379699707,4.950690746307373,0.014015580527484417,0.06570185720920563
1.120808482170105,4.921914577484131,0.013083713129162788,0.06594619899988174
1.1219913959503174,4.915618896484375,0.014670888893306255,0.06576160341501236
1.1112163066864014,4.916049003601074,0.01692008227109909,0.06588216125965118
1.1040104627609253,4.910159587860107,0.01887628249824047,0.06643156707286835
1.0951658487319946,4.912957191467285,0.01986306719481945,0.06647902727127075
1.0935553312301636,4.907766342163086,0.02052127756178379,0.0666230097413063
1.0944627523422241,4.907467365264893,0.020661965012550354,0.06610839068889618
1.096038579940796,4.903196811676025,0.020861826837062836,0.0659315437078476
1.0968958139419556,4.903026103973389,0.020999109372496605,0.0654202476143837
1.093673586845398,4.901706218719482,0.020743433386087418,0.06545513868331909
1.0777060985565186,4.9181060791015625,0.019880130887031555,0.06507618725299835
1.0754554271697998,4.908595085144043,0.01824013516306877,0.0661274716258049
1.0657976865768433,4.920970439910889,0.017573894932866096,0.0655854344367981
1.0657976865768433,4.920970439910889,0.017573894932866096,0.0655854344367981
1.0555912256240845,4.936402320861816,0.01596992462873459,0.06476794928312302
1.050958514213562,4.943464756011963,0.013985132798552513,0.06422349810600281
1.0458312034606934,4.951447486877441,0.012107535265386105,0.06364881247282028
1.0528104305267334,4.94644021987915,0.011023595929145813,0.06299158185720444
1.060274600982666,4.933209419250488,0.011855918914079666,0.06308084726333618
1.0645257234573364,4.923765182495117,0.013516431674361229,0.06312063336372375
1.0657533407211304,4.915860652923584,0.015619431622326374,0.06317561119794846
1.0648047924041748,4.906152248382568,0.018986277282238007,0.06335170567035675
1.0626897811889648,4.900328636169434,0.021319739520549774,0.06345343589782715
1.0748311281204224,4.881635665893555,0.022704489529132843,0.06363362073898315
1.0715224742889404,4.882798194885254,0.02204822562634945,0.06368493288755417
1.0715208053588867,4.881319046020508,0.021171705797314644,0.06366290152072906
1.0779205560684204,4.868046760559082,0.020473189651966095,0.06415677070617676
1.0885004997253418,4.855472564697266,0.02013506554067135,0.06411568820476532
1.0956931114196777,4.841525077819824,0.02042095549404621,0.06453439593315125
1.1007715463638306,4.834079742431641,0.02093123272061348,0.06444937735795975
1.1045533418655396,4.829230308532715,0.021362831816077232,0.06413963437080383
1.112878441810608,4.818492412567139,0.021809877827763557,0.0637408122420311
1.1086957454681396,4.8235554695129395,0.02081284113228321,0.06316876411437988
1.1097338199615479,4.815737724304199,0.020695114508271217,0.06338844448328018
1.1097338199615479,4.815737724304199,0.020695114508271217,0.06338844448328018
1.1053545475006104,4.820544242858887,0.02056141383945942,0.06289330124855042
1.096666932106018,4.826129913330078,0.021294379606842995,0.06267539411783218
1.094889760017395,4.8235321044921875,0.022134242579340935,0.06270162016153336
1.0943180322647095,4.817504405975342,0.023353304713964462,0.06279158592224121
1.0984383821487427,4.810115337371826,0.024174951016902924,0.06271032989025116
1.0960640907287598,4.809544563293457,0.024480685591697693,0.0626719668507576
1.096222996711731,4.808463096618652,0.023560909554362297,0.06258857250213623
1.0961328744888306,4.808719158172607,0.02211373671889305,0.062424659729003906
1.092157006263733,4.812586784362793,0.0204763263463974,0.062315065413713455
1.0913327932357788,4.811275005340576,0.018724899739027023,0.06240925192832947
1.0889450311660767,4.811473846435547,0.018059944733977318,0.062473103404045105
1.0865764617919922,4.8094482421875,0.017696980386972427,0.0626588985323906
1.0779943466186523,4.807985305786133,0.01907944865524769,0.06315118819475174
1.0820095539093018,4.806019306182861,0.017014164477586746,0.06291686743497849
1.0785223245620728,4.806364059448242,0.018259158357977867,0.06248415634036064
1.0795598030090332,4.804433822631836,0.019275082275271416,0.06217056140303612
1.0779192447662354,4.805503845214844,0.019901610910892487,0.06180817633867264
1.0725294351577759,4.805549144744873,0.020604047924280167,0.06171036139130592
1.0619856119155884,4.812426567077637,0.01827366277575493,0.061841074377298355
1.0636738538742065,4.808063983917236,0.026403456926345825,0.06395437568426132
1.0614036321640015,4.80734395980835,0.020182756707072258,0.06185578927397728
1.0614036321640015,4.80734395980835,0.020182756707072258,0.06185578927397728
1.052970051765442,4.808462619781494,0.01751631870865822,0.062165070325136185
1.0418034791946411,4.812878131866455,0.016637306660413742,0.06235012039542198
1.0339903831481934,4.815212249755859,0.014560903422534466,0.06259137392044067
1.0170332193374634,4.822105407714844,0.012384409084916115,0.06305301189422607
1.0184829235076904,4.815544128417969,0.00902149360626936,0.06315518170595169
1.022509217262268,4.808675289154053,0.0067771016620099545,0.06290926039218903
1.0313389301300049,4.789414405822754,0.005867075175046921,0.06335912644863129
1.0331566333770752,4.7895917892456055,0.0059372978284955025,0.06253964453935623
1.0378838777542114,4.773285865783691,0.006663047708570957,0.06303750723600388
1.0343425273895264,4.770990371704102,0.008304841816425323,0.06301232427358627
1.032807469367981,4.77058219909668,0.009199649095535278,0.06288399547338486
1.0330525636672974,4.766305923461914,0.010728764347732067,0.06282222270965576
1.041728138923645,4.7491278648376465,0.012574117630720139,0.06298025697469711
1.0541126728057861,4.72803258895874,0.01435859128832817,0.06322769820690155
1.0612037181854248,4.717227935791016,0.01495572179555893,0.06326368451118469
1.0676566362380981,4.708737373352051,0.015431052073836327,0.06305759400129318
1.0702714920043945,4.706902503967285,0.015780070796608925,0.06249837204813957
1.0671453475952148,4.718076705932617,0.018886718899011612,0.06099991500377655
1.0824161767959595,4.709621429443359,0.01870756223797798,0.05997129902243614
1.0748090744018555,4.704808235168457,0.02177572064101696,0.0595451295375824
1.0748090744018555,4.704808235168457,0.02177572064101696,0.0595451295375824
1.0647562742233276,4.712453842163086,0.01846226118505001,0.05993898957967758
1.06610107421875,4.707027435302734,0.02203601598739624,0.05895552039146423
1.0687870979309082,4.703003883361816,0.02396472916007042,0.058258600533008575
1.0768882036209106,4.6917195320129395,0.025275323539972305,0.057579074054956436
1.0909708738327026,4.671830177307129,0.024887042120099068,0.057401858270168304
1.0973234176635742,4.661512851715088,0.019656937569379807,0.05794023349881172
1.116604208946228,4.6337571144104,0.02139841765165329,0.05780530348420143
1.118862509727478,4.626211643218994,0.02181277424097061,0.05790647119283676
1.124759316444397,4.604763031005859,0.022456664592027664,0.058458056300878525
1.1242069005966187,4.593207359313965,0.023603394627571106,0.05881667882204056
1.1411315202713013,4.55973482131958,0.02241566777229309,0.060450900346040726
1.1348673105239868,4.5704569816589355,0.02259691432118416,0.059119872748851776
1.1359995603561401,4.566704750061035,0.022229652851819992,0.05897258222103119
1.1408110857009888,4.559682369232178,0.021660417318344116,0.05869103595614433
1.1537429094314575,4.540377140045166,0.020491667091846466,0.05891288444399834
1.169517159461975,4.518928050994873,0.019489711150527,0.05889930948615074
1.197401523590088,4.481771469116211,0.017140550538897514,0.059557173401117325
1.1956171989440918,4.481648921966553,0.017221326008439064,0.05931610241532326
1.1888198852539062,4.482261657714844,0.01732003502547741,0.05952731519937515
1.1802884340286255,4.486916542053223,0.016737818717956543,0.05947445333003998
1.1802884340286255,4.486916542053223,0.016737818717956543,0.05947445333003998
1.1681797504425049,4.486981391906738,0.017080029472708702,0.06024830788373947
1.1638494729995728,4.492766380310059,0.016749652102589607,0.059887900948524475
1.166732907295227,4.490395545959473,0.016522346064448357,0.05967133492231369
1.1679576635360718,4.488038539886475,0.017090745270252228,0.0595778226852417
1.1723003387451172,4.47874116897583,0.018277548253536224,0.059726081788539886
1.1749427318572998,4.471862316131592,0.018915891647338867,0.05990154668688774
1.1789875030517578,4.460737228393555,0.019580261781811714,0.06029747799038887
1.182106375694275,4.444075107574463,0.019872549921274185,0.06112581118941307
1.1960588693618774,4.4174909591674805,0.019460923969745636,0.061814043670892715
1.217293620109558,4.464962005615234,0.01766376756131649,0.07248308509588242
1.1942200660705566,4.414969444274902,0.01923634484410286,0.06198076158761978
1.1880658864974976,4.412747383117676,0.01823248341679573,0.06221440061926842
1.1793148517608643,4.419561386108398,0.016438022255897522,0.06175883859395981
1.1714692115783691,4.420163154602051,0.01654597371816635,0.061798397451639175
1.1598724126815796,4.421482563018799,0.018086930736899376,0.06149577721953392
1.155901312828064,4.411956310272217,0.021008767187595367,0.06147009879350662
1.1450433731079102,4.40776252746582,0.025089044123888016,0.06163465976715088
1.1506609916687012,4.3921027183532715,0.026498686522245407,0.061712656170129776
1.1585975885391235,4.373262882232666,0.027382975444197655,0.061761945486068726
1.154146671295166,4.365220069885254,0.027607157826423645,0.06216033548116684
1.1372092962265015,4.37222957611084,0.026767244562506676,0.06240207329392433
1.1372092962265015,4.37222957611084,0.026767244562506676,0.06240207329392433
1.1336736679077148,4.374348163604736,0.023885149508714676,0.06236374378204346
1.1115034818649292,4.413954257965088,0.02097226493060589,0.060764703899621964
1.113667368888855,4.404968738555908,0.01850084587931633,0.061166033148765564
1.1215577125549316,4.392932891845703,0.018858235329389572,0.06107630580663681
1.1192861795425415,4.395873069763184,0.01825421303510666,0.06057502329349518
1.109816551208496,4.404263973236084,0.01663438230752945,0.0602918304502964
1.120633602142334,4.395378589630127,0.014511268585920334,0.05959794297814369
0.9540596008300781,4.906665802001953,0.0015877262922003865,0.10928633064031601
1.0926848649978638,4.413381099700928,0.0126521410420537,0.05999553203582764
1.0799589157104492,4.422796249389648,0.012237376533448696,0.059582650661468506
1.0908546447753906,4.407969951629639,0.011093666777014732,0.059209827333688736
1.0767476558685303,4.423778533935547,0.011949288658797741,0.05940648913383484
1.0852553844451904,4.412598133087158,0.011399591341614723,0.05905717611312866
1.1019511222839355,4.390158653259277,0.011782524175941944,0.05886048451066017
1.1216225624084473,4.372178077697754,0.008947131223976612,0.05924837663769722
1.110345721244812,4.379374980926514,0.010432174429297447,0.05858241021633148
1.100782871246338,4.386584281921387,0.011014881543815136,0.05807740241289139
1.087472915649414,4.394824981689453,0.011603453196585178,0.05778311938047409
1.080480933189392,4.398119926452637,0.012135887518525124,0.05744576454162598
1.0823264122009277,4.387388706207275,0.012324396520853043,0.057332102209329605
1.0863908529281616,4.367729663848877,0.016885749995708466,0.0588965117931366
1.082865834236145,4.377892017364502,0.014082101173698902,0.05763135105371475
1.0893027782440186,4.364382266998291,0.012970000505447388,0.05734848976135254
1.0937374830245972,4.329388618469238,0.013273213058710098,0.06068093329668045
1.0905306339263916,4.346251964569092,0.01313035935163498,0.05836084857583046
1.0905306339263916,4.346251964569092,0.01313035935163498,0.05836084857583046
1.098343014717102,4.334895610809326,0.01188173983246088,0.05799902603030205
1.1146492958068848,4.31651496887207,0.0108559625223279,0.05796249955892563
1.112440586090088,4.30958366394043,0.012141863815486431,0.057614516466856
1.103954792022705,4.313881874084473,0.0127719696611166,0.057177651673555374
1.1116657257080078,4.293619632720947,0.013404451310634613,0.05748101696372032
1.117423415184021,4.282033920288086,0.013564345426857471,0.05725279077887535
1.1275362968444824,4.261251926422119,0.014072992838919163,0.05767102167010307
1.136839509010315,4.242812156677246,0.014646448194980621,0.057808902114629745
1.143206238746643,4.227100372314453,0.015705261379480362,0.05795319750905037
1.151507019996643,4.208504676818848,0.015435434877872467,0.058078229427337646
1.1469464302062988,4.203078269958496,0.017568808048963547,0.05808327719569206
1.1464965343475342,4.195273399353027,0.01729590818285942,0.05832664668560028
1.1362375020980835,4.204248905181885,0.015857389196753502,0.05792243033647537
1.1382675170898438,4.1955718994140625,0.01576896570622921,0.05796965956687927
1.1406546831130981,4.187061309814453,0.016440562903881073,0.057955801486968994
1.1414610147476196,4.179383754730225,0.018132731318473816,0.05792145058512688
1.1465736627578735,4.1679863929748535,0.01837625354528427,0.05815328657627106
1.14994215965271,4.160837650299072,0.018597345799207687,0.05796543508768082
1.158396601676941,4.144495010375977,0.018473822623491287,0.05812260881066322
1.1602189540863037,4.147200107574463,0.01625850424170494,0.057382479310035706
1.1602189540863037,4.147200107574463,0.01625850424170494,0.057382479310035706
1.1610366106033325,4.144526958465576,0.015126483514904976,0.05737384408712387
1.1614311933517456,4.142670631408691,0.014249715954065323,0.057410500943660736
1.1626530885696411,4.139814853668213,0.013990749605000019,0.05745985731482506
1.1602445840835571,4.13471794128418,0.015382150188088417,0.0577738955616951
1.2084295749664307,4.103058338165283,0.007817544974386692,0.06729650497436523
1.1651387214660645,4.127125263214111,0.014363856986165047,0.057981494814157486
1.1594387292861938,4.130471229553223,0.014117609709501266,0.05782021954655647
1.1423699855804443,4.139667510986328,0.013098180294036865,0.05769865959882736
1.1353939771652222,4.145468711853027,0.012641741894185543,0.057415083050727844
1.129329800605774,4.148192405700684,0.012085027992725372,0.05709656700491905
1.1196092367172241,4.157472610473633,0.010369946248829365,0.05678236484527588
1.1097173690795898,4.170175075531006,0.012662854976952076,0.056145790964365005
1.1046777963638306,4.166258811950684,0.01206674799323082,0.05589690059423447
1.1024718284606934,4.170879364013672,0.008352059870958328,0.055540986359119415
1.100921392440796,4.168407917022705,0.011699944734573364,0.05496616289019585
1.099723219871521,4.165360450744629,0.014162013307213783,0.054632868617773056
1.0925118923187256,4.171422004699707,0.014862138777971268,0.054046373814344406
1.0973856449127197,4.156833648681641,0.015819216147065163,0.054403383284807205
1.0907397270202637,4.1620073318481445,0.012258683331310749,0.05409820377826691
1.0873247385025024,4.161524295806885,0.01035960391163826,0.054212786257267
1.0897064208984375,4.152786731719971,0.0093515170738101,0.054666731506586075
1.0897064208984375,4.152786731719971,0.0093515170738101,0.054666731506586075
1.0894761085510254,4.14714241027832,0.009499615989625454,0.05492242053151131
1.0904213190078735,4.133900165557861,0.010566424578428268,0.05564240366220474
1.0749620199203491,4.1462297439575195,0.010253490880131721,0.055601414293050766
1.0726265907287598,4.140227794647217,0.011785614304244518,0.05583455041050911
1.0619406700134277,4.1467084884643555,0.010924388654530048,0.05589057877659798
1.0609685182571411,4.14975643157959,0.010693256743252277,0.055394258350133896
1.0614534616470337,4.14558744430542,0.009916646406054497,0.05549057200551033
1.0639147758483887,4.137969017028809,0.008821841329336166,0.055620066821575165
1.0647778511047363,4.130670070648193,0.00868532620370388,0.055871568620204926
1.057633399963379,4.122924327850342,0.008916027843952179,0.056480977684259415
1.0703595876693726,4.085957050323486,0.011239035055041313,0.05876260623335838
1.0631811618804932,4.103897571563721,0.009997986257076263,0.05723606422543526
1.033402919769287,4.108731746673584,0.012278660200536251,0.05840655788779259
1.044806718826294,4.090717315673828,0.014336230233311653,0.05952651426196098
1.0371371507644653,4.099273204803467,0.013054369017481804,0.058472078293561935
1.0340602397918701,4.100372314453125,0.013047262094914913,0.057883210480213165
1.0258930921554565,4.105281829833984,0.013230325654149055,0.05787833034992218
1.0205806493759155,4.1112060546875,0.012937577441334724,0.05771671608090401
1.0127941370010376,4.116932392120361,0.012570430524647236,0.05776534602046013
1.0079734325408936,4.122185707092285,0.012976868078112602,0.057476311922073364
1.0104713439941406,4.11770486831665,0.013340814970433712,0.057539600878953934
1.0138112306594849,4.113395690917969,0.013969731517136097,0.05748132988810539
1.0138112306594849,4.113395690917969,0.013969731517136097,0.05748132988810539
1.0190294981002808,4.10759973526001,0.014724742621183395,0.05734359845519066
1.0232082605361938,4.102025032043457,0.014824608340859413,0.057298388332128525
1.024992823600769,4.09967565536499,0.014315363951027393,0.057221293449401855
1.0238990783691406,4.100625514984131,0.013383053243160248,0.057208649814128876
1.02337646484375,4.100101470947266,0.012327045202255249,0.057291604578495026
1.0228320360183716,4.101285457611084,0.01147674024105072,0.05716541036963463
1.0244189500808716,4.098879337310791,0.010787108913064003,0.05712255463004112
1.0250403881072998,4.098028659820557,0.010688102804124355,0.05694784224033356
1.0277172327041626,4.094855785369873,0.010277483612298965,0.056882813572883606
1.0284892320632935,4.086706638336182,0.011729130521416664,0.05777518078684807
1.0279191732406616,4.091101169586182,0.010795140638947487,0.057034026831388474
1.0376112461090088,4.0783257484436035,0.00973899383097887,0.056958623230457306
1.0667481422424316,4.054839134216309,0.011216851882636547,0.06095768138766289
1.0416303873062134,4.067166328430176,0.010078923776745796,0.05715501680970192
1.038122534751892,4.064192771911621,0.01083493884652853,0.0571645051240921
1.0327634811401367,4.0605244636535645,0.012032222002744675,0.05754686892032623
1.0320327281951904,4.057160377502441,0.012773856520652771,0.057644449174404144
1.030711054801941,4.048806667327881,0.014501270838081837,0.058001674711704254
1.0310813188552856,4.045880317687988,0.014513205736875534,0.057978805154561996
1.0283875465393066,4.044705867767334,0.01463626604527235,0.058026477694511414
1.034023404121399,4.037447452545166,0.012855504639446735,0.05807984620332718
1.028856873512268,4.041216850280762,0.01244386751204729,0.057976435869932175
1.028856873512268,4.041216850280762,0.01244386751204729,0.057976435869932175
1.0269988775253296,4.0364251136779785,0.011388185434043407,0.05820569768548012
1.0148411989212036,4.045355319976807,0.010370883159339428,0.05809311196208
1.0160868167877197,4.034806251525879,0.010145522654056549,0.058531254529953
1.0205849409103394,4.024782180786133,0.010288713499903679,0.05841449275612831
1.0197826623916626,4.015429496765137,0.012269454076886177,0.05890297144651413
1.0175681114196777,4.0175323486328125,0.013051353394985199,0.05866610258817673
1.0141710042953491,4.023031711578369,0.013346410356462002,0.05826258659362793
1.0061309337615967,4.030882835388184,0.012679871171712875,0.057903558015823364
0.9903564453125,4.044510841369629,0.012338339351117611,0.05744916945695877
0.9802040457725525,4.052082538604736,0.01905762404203415,0.059390343725681305
0.9871768355369568,4.043907165527344,0.013605644926428795,0.0575144924223423
1.00113844871521,4.025371551513672,0.013079019263386726,0.05772153288125992
1.0007888078689575,4.021412372589111,0.013679338619112968,0.05775611475110054
1.0047699213027954,4.014541149139404,0.014099344611167908,0.05780329555273056
1.0122158527374268,4.003366470336914,0.013981394469738007,0.05795273184776306
1.0149767398834229,3.9990482330322266,0.013373656198382378,0.057910554111003876
1.0158758163452148,3.9953672885894775,0.012095479294657707,0.05809252709150314
1.0111342668533325,4.001328468322754,0.01127159595489502,0.05788899585604668
1.0057318210601807,4.007465362548828,0.010564088821411133,0.05769320949912071
1.0024030208587646,4.012472152709961,0.010163789615035057,0.05744186043739319
1.0014560222625732,4.0133891105651855,0.0098158810287714,0.057280585169792175
1.0014560222625732,4.0133891105651855,0.0098158810287714,0.057280585169792175
1.0039269924163818,4.009902477264404,0.009590026922523975,0.0571884959936142
1.0073989629745483,4.00270414352417,0.009293045848608017,0.05726343020796776
1.0120502710342407,3.98679256439209,0.009565351530909538,0.05776853486895561
1.0194011926651,3.969479560852051,0.009552929550409317,0.058551788330078125
1.0106134414672852,3.968811511993408,0.01041150651872158,0.058652475476264954
1.0002496242523193,3.973226547241211,0.0110945925116539,0.0587158165872097
0.9916303157806396,3.977670907974243,0.011853987351059914,0.05872200056910515
0.9852026104927063,3.980529308319092,0.012748971581459045,0.058687061071395874
0.9792847633361816,3.9832873344421387,0.014072608202695847,0.058419037610292435
0.9760995507240295,3.9822757244110107,0.01555539295077324,0.05819839984178543
0.977830708026886,3.9778544902801514,0.01554839126765728,0.058126214891672134
0.9782125353813171,3.9796223640441895,0.014674950391054153,0.057677026838064194
1.0043789148330688,3.944572687149048,0.01313211303204298,0.05851641297340393
0.9949413537979126,3.9579098224639893,0.012166500091552734,0.057636599987745285
0.9906855225563049,3.9598183631896973,0.011495925486087799,0.05765613168478012
0.9889056086540222,3.961942434310913,0.009755237028002739,0.05749238282442093
0.9837287664413452,3.95949125289917,0.008770730346441269,0.059398118406534195
0.9870458841323853,3.9603700637817383,0.009515930898487568,0.05772724747657776
0.9903187155723572,3.953301429748535,0.009305484592914581,0.057855501770973206
0.9908642768859863,3.9467053413391113,0.009303038939833641,0.058125901967287064
0.9984492063522339,3.938638687133789,0.009609934873878956,0.058024562895298004
0.9984492063522339,3.938638687133789,0.009609934873878956,0.058024562895298004
0.996164858341217,3.9384963512420654,0.009979186579585075,0.05809495970606804
0.9939661622047424,3.9347195625305176,0.01054699532687664,0.05836786329746246
0.996666669845581,3.9276580810546875,0.010731194168329239,0.05861886963248253
1.0041801929473877,3.9133498668670654,0.011110027320683002,0.05902621150016785
1.0111398696899414,3.900822639465332,0.01130110863596201,0.05933928117156029
1.0195627212524414,3.887228488922119,0.011813266202807426,0.05948607251048088
1.0285859107971191,3.8704044818878174,0.011492672376334667,0.059987641870975494
1.0265496969223022,3.874826669692993,0.011249466799199581,0.05953661724925041
1.0219539403915405,3.875986099243164,0.011522742919623852,0.05963597446680069
1.0162791013717651,3.877591609954834,0.01195612084120512,0.05975120887160301
1.0119376182556152,3.8730475902557373,0.01248249877244234,0.060231100767850876
1.0149645805358887,3.86102032661438,0.012247227132320404,0.060790713876485825
1.0209848880767822,3.8471763134002686,0.012337694875895977,0.06124856695532799
1.0264554023742676,3.838592767715454,0.012336945161223412,0.061338718980550766
1.0302155017852783,3.8350272178649902,0.01271782349795103,0.06109531596302986
1.0310981273651123,3.8348228931427,0.013523071072995663,0.06069223955273628
1.0263595581054688,3.8391852378845215,0.015322180464863777,0.06018921360373497
1.0168373584747314,3.8476085662841797,0.016523633152246475,0.05977747589349747
1.0091378688812256,3.853044033050537,0.019477244466543198,0.05927807092666626
0.9994039535522461,3.862442970275879,0.017418600618839264,0.05902201682329178
0.9994039535522461,3.862442970275879,0.017418600618839264,0.05902201682329178
0.9914730191230774,3.8684847354888916,0.0144735649228096,0.05881023779511452
0.9928727149963379,3.864553213119507,0.013301688246428967,0.05885360389947891
0.991178035736084,3.867053747177124,0.0126542579382658,0.05852761119604111
0.9809034466743469,3.87233304977417,0.010451875627040863,0.05885082483291626
0.9802762866020203,3.870683431625366,0.011687567457556725,0.05832727253437042
0.9738170504570007,3.8711612224578857,0.014612080529332161,0.058072324842214584
0.9688504934310913,3.869675874710083,0.015433059073984623,0.05829383432865143
0.9635586142539978,3.868079423904419,0.015696465969085693,0.05858337879180908
0.9637911915779114,3.8609204292297363,0.014927711337804794,0.05904819071292877
0.9632836580276489,3.8569324016571045,0.013883835636079311,0.059223566204309464
0.9667970538139343,3.8468151092529297,0.012899643741548061,0.05968645587563515
0.9619954228401184,3.8517279624938965,0.01260567456483841,0.05952262878417969
0.9614050984382629,3.8463945388793945,0.013092383742332458,0.05989168956875801
0.9584210515022278,3.8444972038269043,0.013707490637898445,0.060136422514915466
0.9543241262435913,3.8446273803710938,0.01423179917037487,0.06029010936617851
0.950425922870636,3.8442440032958984,0.014323536306619644,0.06051146239042282
0.946744441986084,3.842303514480591,0.013777508400380611,0.0608474463224411
0.9458068609237671,3.8384013175964355,0.014036435633897781,0.06115550920367241
0.9476359486579895,3.8358590602874756,0.01329196896404028,0.06109246984124184
0.951738178730011,3.832549571990967,0.012703921645879745,0.06090974807739258
0.951738178730011,3.832549571990967,0.012703921645879745,0.06090974807739258
0.9566569924354553,3.8255972862243652,0.01214672438800335,0.06095687299966812
0.9628346562385559,3.817126750946045,0.011176749132573605,0.06100711598992348
0.9713062047958374,3.799938678741455,0.011430132202804089,0.06168493255972862
0.9697728753089905,3.7989559173583984,0.010657399892807007,0.06161468103528023
0.965609073638916,3.801941394805908,0.010351748205721378,0.061479534953832626
0.9649388790130615,3.797163963317871,0.010016294196248055,0.061818432062864304
0.9634310603141785,3.797168254852295,0.009826276451349258,0.061776768416166306
0.9642582535743713,3.78835391998291,0.010137894190847874,0.06229620799422264
0.9643142223358154,3.7827818393707275,0.009783340618014336,0.06254949420690536
0.9510736465454102,3.7857799530029297,0.012878119945526123,0.06312983483076096
0.9545568227767944,3.772552013397217,0.0100253289565444,0.06360920518636703
0.949454128742218,3.776975631713867,0.009034687653183937,0.06334294378757477
0.9403453469276428,3.7713046073913574,0.008634783327579498,0.06438498198986053
0.9319795370101929,3.7749390602111816,0.009274844080209732,0.06454312801361084
0.9275354743003845,3.7757275104522705,0.010140791535377502,0.06462700664997101
0.927391767501831,3.7701287269592285,0.010872134938836098,0.06492669135332108
0.9285635352134705,3.7693912982940674,0.01132667250931263,0.06459435075521469
0.9317429661750793,3.7652173042297363,0.011167343705892563,0.06444729119539261
0.9333289265632629,3.7638823986053467,0.010831055231392384,0.06419195979833603
0.927725076675415,3.7696187496185303,0.011433102190494537,0.06379067897796631
0.927725076675415,3.7696187496185303,0.011433102190494537,0.06379067897796631
0.9343082308769226,3.755734443664551,0.0119971614331007,0.06401413679122925
0.9179815649986267,3.7741241455078125,0.015670867636799812,0.06479810923337936
0.9288015961647034,3.7593936920166016,0.012881610542535782,0.06394150853157043
0.9270034432411194,3.7591075897216797,0.013586359098553658,0.06356298178434372
0.9306975603103638,3.7559256553649902,0.013624940067529678,0.06302078813314438
0.9372101426124573,3.7431154251098633,0.01303559634834528,0.06310198456048965
0.9498874545097351,3.7271487712860107,0.011011229828000069,0.0632949247956276
0.949597179889679,3.723341941833496,0.011722715571522713,0.06345614045858383
0.9520629048347473,3.718801498413086,0.011164845898747444,0.06334932148456573
0.9544638991355896,3.712367296218872,0.010632534511387348,0.06331400573253632
0.9593659043312073,3.7025532722473145,0.0096663236618042,0.063338503241539
0.9628552198410034,3.6912472248077393,0.009579192847013474,0.06365963071584702
0.9631839394569397,3.6866867542266846,0.009580560028553009,0.06370017677545547
0.9626508951187134,3.681628704071045,0.009645815938711166,0.06397444009780884
0.9600673913955688,3.682281970977783,0.00969585683196783,0.0638248398900032
0.9592370986938477,3.676936149597168,0.00939166359603405,0.06408105045557022
0.9578352570533752,3.680202007293701,0.009217340499162674,0.06355668604373932
0.9615886211395264,3.6724038124084473,0.009181572124361992,0.06359171122312546
0.9684956073760986,3.664641857147217,0.00968661904335022,0.06321930885314941
0.9724591374397278,3.658388614654541,0.011149336583912373,0.06291510909795761
0.9743459820747375,3.6533379554748535,0.012430258095264435,0.06273460388183594
0.9743459820747375,3.6533379554748535,0.012430258095264435,0.06273460388183594
0.9737769365310669,3.645061492919922,0.01472126878798008,0.06294973939657211
0.9662382006645203,3.6450743675231934,0.014709865674376488,0.06337151676416397
0.9654496908187866,3.6420645713806152,0.014033205807209015,0.06339795142412186
0.9607692956924438,3.641775131225586,0.01340564526617527,0.0634542852640152
0.9605766534805298,3.6354897022247314,0.011522041633725166,0.06378716975450516
0.9624688029289246,3.625102996826172,0.010355185717344284,0.06408447027206421
0.969161331653595,3.608915328979492,0.008180052042007446,0.06469061225652695
0.9723399877548218,3.6052286624908447,0.008530264720320702,0.06417161971330643
0.9702361822128296,3.6061477661132812,0.009223474189639091,0.06380537897348404
0.9659425616264343,3.6089701652526855,0.009973534382879734,0.06348837167024612
0.9575004577636719,3.6104836463928223,0.010100988671183586,0.06363001465797424
0.9443398714065552,3.6173830032348633,0.00964510440826416,0.06367728859186172
0.9370909929275513,3.6149184703826904,0.008826810866594315,0.06427028030157089
0.9314530491828918,3.617013454437256,0.007953488267958164,0.06423573195934296
0.9332544803619385,3.60738468170166,0.007541822735220194,0.06464210152626038
0.9420380592346191,3.5911688804626465,0.0073561398312449455,0.0647256076335907
0.9546324014663696,3.571164131164551,0.007529371418058872,0.06474492698907852
0.96615070104599,3.55427622795105,0.007525022141635418,0.06467784196138382
0.9739189147949219,3.543160915374756,0.007536819204688072,0.06448512524366379
0.9759967923164368,3.5372495651245117,0.006835761480033398,0.06443563103675842
0.9759967923164368,3.5372495651245117,0.006835761480033398,0.06443563103675842
0.9720129370689392,3.539188861846924,0.005908867809921503,0.06432358175516129
0.966744601726532,3.538072347640991,0.005016060546040535,0.06457384675741196
0.9607070684432983,3.536912679672241,0.004496963694691658,0.06488348543643951
0.9544501900672913,3.5334863662719727,0.004295657388865948,0.06540088355541229
0.9519363045692444,3.527024030685425,0.0045335302129387856,0.06580816954374313
0.9570873975753784,3.5101025104522705,0.005131773184984922,0.06652701646089554
0.9596823453903198,3.5078656673431396,0.006475632544606924,0.06608197093009949
0.9579691290855408,3.505311965942383,0.0065182968974113464,0.0661156177520752
0.9546138048171997,3.5043721199035645,0.00734952837228775,0.065923310816288
0.9532703161239624,3.505488157272339,0.008124231360852718,0.0655260756611824
0.9492154717445374,3.5061488151550293,0.008461622521281242,0.06530380994081497
0.9520200490951538,3.502521276473999,0.007681084331125021,0.06498552113771439
0.9529518485069275,3.497490882873535,0.007576197385787964,0.06493666023015976
0.9581424593925476,3.4879283905029297,0.006425339262932539,0.0650167390704155
0.9606538414955139,3.482124090194702,0.006505030207335949,0.06487653404474258
0.9667975306510925,3.4714770317077637,0.005495408549904823,0.06486767530441284
0.9623143076896667,3.475781202316284,0.00578428665176034,0.0643373653292656
0.9555688500404358,3.4802987575531006,0.0066292560659348965,0.06389036774635315
0.9528441429138184,3.4847910404205322,0.005688685458153486,0.06353048235177994
0.9478840231895447,3.4787631034851074,0.007460793945938349,0.06386062502861023
0.9478840231895447,3.4787631034851074,0.007460793945938349,0.06386062502861023
0.955289900302887,3.467505931854248,0.007881688885390759,0.06380390375852585
0.9516043066978455,3.4686150550842285,0.007675330154597759,0.06368187069892883
0.9425085186958313,3.474823474884033,0.007616858929395676,0.06364160031080246
0.9273062348365784,3.48472261428833,0.00836967770010233,0.0636516660451889
0.9007335305213928,3.521083354949951,0.005502591375261545,0.06333499401807785
0.9162712097167969,3.497804641723633,0.0071535538882017136,0.06329523772001266
0.9133235216140747,3.4951798915863037,0.008006741292774677,0.06334049999713898
0.9119651913642883,3.4895482063293457,0.009026593528687954,0.06327346712350845
0.9216535091400146,3.473792314529419,0.009951145388185978,0.06337534636259079
0.9315240383148193,3.461217164993286,0.010493283160030842,0.06317415833473206
0.9399533271789551,3.448666572570801,0.010809369385242462,0.06322191655635834
0.940015971660614,3.448011636734009,0.01110816653817892,0.06302666664123535
0.9368429780006409,3.446667194366455,0.011254215613007545,0.06326772272586823
0.932826817035675,3.448192596435547,0.011444313451647758,0.06330272555351257
0.9279999732971191,3.4470736980438232,0.011557096615433693,0.06350129842758179
0.9197324514389038,3.439880609512329,0.012989778071641922,0.06524049490690231
0.9247026443481445,3.4432406425476074,0.012084690853953362,0.0639699175953865
0.9345729947090149,3.4206085205078125,0.011531272903084755,0.0647047683596611
0.9272505640983582,3.4240002632141113,0.010112988762557507,0.064823679625988
0.9342828392982483,3.4145724773406982,0.010341163724660873,0.06451942771673203
0.9429356455802917,3.3987207412719727,0.010525857098400593,0.06465849280357361
0.9498048424720764,3.384244203567505,0.010146399959921837,0.06490066647529602
0.9498048424720764,3.384244203567505,0.010146399959921837,0.06490066647529602
0.9521337151527405,3.373884439468384,0.011298142373561859,0.06513460725545883
0.9504263401031494,3.370001792907715,0.01078833732753992,0.06533826887607574
0.9467471241950989,3.3698108196258545,0.01050734892487526,0.06534973531961441
0.9433221817016602,3.3706555366516113,0.010452792048454285,0.0652405172586441
0.939253032207489,3.369076728820801,0.010136304423213005,0.06532363593578339
0.9343461394309998,3.373044013977051,0.009135869331657887,0.06495610624551773
0.9345563054084778,3.3643975257873535,0.008087997324764729,0.06559627503156662
0.9327312111854553,3.369448661804199,0.00754604022949934,0.06508075445890427
0.9310339689254761,3.3726062774658203,0.006806318648159504,0.06472234427928925
0.9277013540267944,3.3768577575683594,0.005877068266272545,0.06438370048999786
0.9259560108184814,3.3779025077819824,0.006340519059449434,0.06375481188297272
0.919388473033905,3.3865201473236084,0.0029695420525968075,0.06664834916591644
0.9240542650222778,3.3767733573913574,0.0055037070997059345,0.06395868211984634
0.9244392514228821,3.3750336170196533,0.00628957012668252,0.06355027109384537
0.9267524480819702,3.3708128929138184,0.007190158125013113,0.06337671726942062
0.9267743825912476,3.3694493770599365,0.007886302657425404,0.06316034495830536
0.925851583480835,3.368990659713745,0.008439035154879093,0.06293913722038269
0.9156110286712646,3.3778629302978516,0.008022675290703773,0.06278561800718307
0.9089616537094116,3.382026195526123,0.00816518533974886,0.06257447600364685
0.9051400423049927,3.384932518005371,0.007507973816245794,0.062382616102695465
0.8979846239089966,3.3874118328094482,0.00705465953797102,0.062402963638305664
0.8979846239089966,3.3874118328094482,0.00705465953797102,0.062402963638305664
0.9033447504043579,3.3889129161834717,0.00674846675246954,0.06171346828341484
0.8942070007324219,3.381887435913086,0.007731975056231022,0.06248151510953903
0.8913048505783081,3.381013870239258,0.008485957980155945,0.06245877966284752
0.8878905773162842,3.3783202171325684,0.009704732336103916,0.062478967010974884
0.8890374898910522,3.3713560104370117,0.009302318096160889,0.06260818243026733
0.887100100517273,3.364703416824341,0.00885132048279047,0.06289777904748917
0.8846487402915955,3.3578412532806396,0.008033083751797676,0.06342674046754837
0.8842757940292358,3.3508684635162354,0.006873735226690769,0.06390076875686646
0.8783969283103943,3.3456456661224365,0.006405646912753582,0.06462769210338593
0.8783205151557922,3.337587356567383,0.005363075062632561,0.06504976749420166
0.8733175992965698,3.3338403701782227,0.005360770970582962,0.06546678394079208
0.8717987537384033,3.3312909603118896,0.005624241195619106,0.06548736989498138
0.8733164072036743,3.3209726810455322,0.005114203318953514,0.06597840040922165
0.8725889921188354,3.3225178718566895,0.00528901070356369,0.06553366035223007
0.8703129291534424,3.318507671356201,0.005565263330936432,0.06588108837604523
0.8660110235214233,3.317898988723755,0.006055151112377644,0.06610797345638275
0.8633102774620056,3.313345432281494,0.006540162488818169,0.0665283277630806
0.8619006872177124,3.3073155879974365,0.006844892166554928,0.06693761795759201
0.8627801537513733,3.30257248878479,0.006708461791276932,0.06709068268537521
0.866656482219696,3.2958061695098877,0.0063438406214118,0.06716468930244446
0.866656482219696,3.2958061695098877,0.0063438406214118,0.06716468930244446
0.8701078295707703,3.291395664215088,0.005846698768436909,0.066927470266819
0.8768620491027832,3.283280849456787,0.004861404187977314,0.06664050370454788
0.879755973815918,3.274752140045166,0.004628840833902359,0.066917285323143
0.8788179159164429,3.2743983268737793,0.004169609397649765,0.06653136759996414
0.8727818131446838,3.2771761417388916,0.003983625210821629,0.0663701593875885
0.8656160831451416,3.281191349029541,0.004111707676202059,0.06633234769105911
0.8582209348678589,3.2839767932891846,0.004305900074541569,0.06639938801527023
0.850825309753418,3.2869091033935547,0.004968656692653894,0.06627609580755234
0.8483218550682068,3.2808802127838135,0.004886366426944733,0.06666190177202225
0.8495781421661377,3.2791647911071777,0.005770312622189522,0.0663648322224617
0.8508042693138123,3.272026538848877,0.006470005493611097,0.06665798276662827
0.8510564565658569,3.2691354751586914,0.006798506714403629,0.0666932463645935
0.8474494814872742,3.2666759490966797,0.007219498977065086,0.0670192614197731
0.8409069776535034,3.267775535583496,0.007384428288787603,0.06721130758523941
0.8281973600387573,3.2726967334747314,0.0087286913767457,0.06752826273441315
0.8242151737213135,3.277512788772583,0.0065527711994946,0.06753948330879211
0.8245147466659546,3.2758607864379883,0.008048751391470432,0.06713760644197464
0.827061653137207,3.2735965251922607,0.00902291014790535,0.06672266870737076
0.8307787775993347,3.2705352306365967,0.009565358981490135,0.06632320582866669
0.8333346247673035,3.2683799266815186,0.009790413081645966,0.0659157931804657
0.8333346247673035,3.2683799266815186,0.009790413081645966,0.0659157931804657
0.8364792466163635,3.2621724605560303,0.010107516311109066,0.06578405946493149
0.8356481194496155,3.259573459625244,0.00995869841426611,0.06582008302211761
0.8374481201171875,3.254182815551758,0.010456280782818794,0.06586465984582901
0.8363142609596252,3.2493436336517334,0.010486051440238953,0.06624314188957214
0.8419535756111145,3.242568254470825,0.01111699640750885,0.06602592766284943
0.8446233868598938,3.2357470989227295,0.010426340624690056,0.06619206070899963
0.8504753112792969,3.2271108627319336,0.010265160351991653,0.06609649956226349
0.8521961569786072,3.222722291946411,0.009957868605852127,0.06604379415512085
0.8515487313270569,3.22224497795105,0.009603473357856274,0.06590262055397034
0.8502782583236694,3.2223472595214844,0.009450063109397888,0.06584405899047852
0.8480474948883057,3.2201571464538574,0.01017460972070694,0.0661245658993721
0.8496461510658264,3.2179620265960693,0.009922895580530167,0.06595630198717117
0.851324737071991,3.211940050125122,0.009845657274127007,0.0661437138915062
0.8518502712249756,3.2067935466766357,0.009370621293783188,0.06624111533164978
0.8532101511955261,3.1922812461853027,0.00915972888469696,0.06713186949491501
0.8526071906089783,3.1886327266693115,0.008711833506822586,0.06725583970546722
0.8532350659370422,3.183504343032837,0.008693581447005272,0.0674886554479599
0.854178249835968,3.183539867401123,0.008977556601166725,0.0671469122171402
0.8584930896759033,3.1810848712921143,0.008840158581733704,0.06674597412347794
0.8688083291053772,3.1714744567871094,0.012744717299938202,0.06666237115859985
0.8616355061531067,3.1765103340148926,0.010196471586823463,0.06655426323413849
0.8616355061531067,3.1765103340148926,0.010196471586823463,0.06655426323413849
0.8643587231636047,3.171790599822998,0.01002911664545536,0.0664002075791359
0.8693090677261353,3.1641244888305664,0.010363645851612091,0.06632839888334274
0.8711060881614685,3.1589298248291016,0.010858329944312572,0.06640003621578217
0.8737062811851501,3.151736259460449,0.011644129641354084,0.06639878451824188
0.8754702806472778,3.1463358402252197,0.011547024361789227,0.06633350253105164
0.8833074569702148,3.136775255203247,0.010931769385933876,0.06603266298770905
0.8815286755561829,3.1362805366516113,0.008329659700393677,0.06630879640579224
0.879261314868927,3.1387457847595215,0.008292174898087978,0.06589753180742264
0.8777620792388916,3.138251781463623,0.008444715291261673,0.06581779569387436
0.8666669130325317,3.1512622833251953,0.007308441214263439,0.06542716175317764
0.8663199543952942,3.144658088684082,0.007781137712299824,0.06568144261837006
0.8665326237678528,3.1365177631378174,0.00902189314365387,0.06587435305118561
0.8647816181182861,3.1311826705932617,0.010055890306830406,0.06616561114788055
0.8639231324195862,3.1283812522888184,0.011320170946419239,0.06602706760168076
0.8598734736442566,3.1269187927246094,0.012067253701388836,0.06617110222578049
0.8571990728378296,3.1263208389282227,0.01204734854400158,0.06609100103378296
0.8397443294525146,3.1381399631500244,0.01281275786459446,0.0662652924656868
0.8433481454849243,3.1283318996429443,0.011032139882445335,0.06653058528900146
0.8451207876205444,3.1240394115448,0.009579803794622421,0.0664641261100769
0.8439913392066956,3.1174495220184326,0.008608834818005562,0.06681276112794876
0.8439913392066956,3.1174495220184326,0.008608834818005562,0.06681276112794876
0.8415946960449219,3.114478826522827,0.008472335524857044,0.06681517511606216
0.8377317190170288,3.1099047660827637,0.008944183588027954,0.06712780892848969
0.8352510333061218,3.1101770401000977,0.009462840855121613,0.06689026206731796
0.8311274647712708,3.109727382659912,0.009856108576059341,0.06692656129598618
0.826607882976532,3.1161491870880127,0.00979375746101141,0.06641329079866409
0.8217743635177612,3.1199448108673096,0.009188426658511162,0.06633548438549042
0.8190645575523376,3.123086929321289,0.008630912750959396,0.06613634526729584
0.8134275674819946,3.126824378967285,0.00815214030444622,0.06610008329153061
0.8066512942314148,3.13102126121521,0.0077192154712975025,0.06603740900754929
0.7972847819328308,3.1342267990112305,0.007939719595015049,0.06613623350858688
0.782533586025238,3.143903970718384,0.007387051824480295,0.06679888069629669
0.7896305918693542,3.137796401977539,0.007685801945626736,0.06616582721471786
0.7882680296897888,3.13669753074646,0.007831186056137085,0.06584487855434418
0.7893426418304443,3.130096197128296,0.008342522196471691,0.06567917764186859
0.7908970713615417,3.127634286880493,0.007434277795255184,0.06525693833827972
0.789260745048523,3.124817371368408,0.00689332140609622,0.06476188451051712
0.7932813763618469,3.1150434017181396,0.005286163650453091,0.06459137052297592
0.7931336760520935,3.1153156757354736,0.004538050852715969,0.06411723047494888
0.7971835732460022,3.1068623065948486,0.0037683635018765926,0.06430350244045258
0.7885024547576904,3.1069459915161133,0.003988535143435001,0.06475123018026352
0.7863379716873169,3.106631278991699,0.0045122141018509865,0.06453114748001099
0.7863379716873169,3.106631278991699,0.0045122141018509865,0.06453114748001099
0.7746379375457764,3.1067771911621094,0.006292256992310286,0.06465835124254227
0.767677366733551,3.10642671585083,0.006910785101354122,0.06488058716058731
0.7564247846603394,3.106206178665161,0.007040524855256081,0.06541452556848526
0.7541787028312683,3.105008602142334,0.006650194525718689,0.06538469344377518
0.7532530426979065,3.1006577014923096,0.005844968371093273,0.06552822887897491
0.7571646571159363,3.096707582473755,0.00534075265750289,0.06522773951292038
0.7595613598823547,3.0908265113830566,0.005083788186311722,0.06529562175273895
0.7591450214385986,3.0881032943725586,0.005392121616750956,0.0652911588549614
0.7549103498458862,3.088240146636963,0.005346489604562521,0.06542147696018219
0.7477982640266418,3.0899643898010254,0.005589876789599657,0.065645232796669
0.7410475015640259,3.0910956859588623,0.00455740699544549,0.06597292423248291
0.7392043471336365,3.0898520946502686,0.004775656387209892,0.0658721923828125
0.7405185699462891,3.084584951400757,0.004591775592416525,0.06588432937860489
0.7467806339263916,3.076650619506836,0.003974252380430698,0.06571733951568604
0.7528491616249084,3.0620100498199463,0.003382499795407057,0.06621250510215759
0.7552689909934998,3.057622194290161,0.0030534756369888783,0.06610473990440369
0.754847526550293,3.051973342895508,0.0029279771260917187,0.06639215350151062
0.7521559000015259,3.0483665466308594,0.002921758219599724,0.06657392531633377
0.7509711980819702,3.04105281829834,0.0029692521784454584,0.06694352626800537
0.7514086961746216,3.0337624549865723,0.003459886647760868,0.06707770377397537
0.7514086961746216,3.0337624549865723,0.003459886647760868,0.06707770377397537
0.7489122152328491,3.0285868644714355,0.00414109043776989,0.06719828397035599
0.7500060796737671,3.023069381713867,0.005257105454802513,0.06703905016183853
0.7441113591194153,3.026369333267212,0.0053421007469296455,0.06682593375444412
0.7372640371322632,3.0326571464538574,0.005076820030808449,0.06635444611310959
0.731060802936554,3.034358501434326,0.004466639831662178,0.06621845066547394
0.7282695770263672,3.0294084548950195,0.004125978797674179,0.06640475243330002
0.7319676280021667,3.0146849155426025,0.004449867643415928,0.0669599249958992
0.7330907583236694,3.0083887577056885,0.004614474251866341,0.06704246997833252
0.7346078157424927,3.0006844997406006,0.0049600014463067055,0.0672018975019455
0.7355325222015381,2.9943501949310303,0.005653635133057833,0.06767867505550385
0.7348180413246155,2.9970195293426514,0.00529208080843091,0.06727268546819687
0.7319071888923645,2.9977383613586426,0.005434578284621239,0.06709616631269455
0.7311031222343445,2.996213912963867,0.005108739249408245,0.06698227673768997
0.7311000227928162,2.996398687362671,0.004684824496507645,0.06667692959308624
0.7303633689880371,2.9912967681884766,0.00405517965555191,0.06705166399478912
0.7311015725135803,2.990553855895996,0.0037103251088410616,0.06680883467197418
0.7307281494140625,2.987490653991699,0.0035671850200742483,0.06699028611183167
0.7309513092041016,2.9831671714782715,0.003335068002343178,0.06713133305311203
0.7285749316215515,2.9819164276123047,0.003691780148074031,0.06717480719089508
0.7302826642990112,2.9767587184906006,0.003803893458098173,0.06718794256448746
0.7326136231422424,2.9712636470794678,0.004627942107617855,0.06711269915103912
0.7326136231422424,2.9712636470794678,0.004627942107617855,0.06711269915103912
0.7390556335449219,2.9632368087768555,0.005257212556898594,0.06686262786388397
0.7427274584770203,2.955360174179077,0.006627438124269247,0.06672190129756927
0.7444440126419067,2.951749086380005,0.007478623650968075,0.06636935472488403
0.7578123807907104,2.9343299865722656,0.009941660799086094,0.06610407680273056
0.7460376024246216,2.9460055828094482,0.008543671108782291,0.06566397100687027
0.7450853586196899,2.9459176063537598,0.007897516712546349,0.06530845910310745
0.7462718486785889,2.94409441947937,0.007282945327460766,0.06458514928817749
0.7507123351097107,2.93730092048645,0.007249206770211458,0.06447606533765793
0.7543225288391113,2.9329679012298584,0.00685993954539299,0.06415930390357971
0.760344922542572,2.925839424133301,0.006175633054226637,0.06382419914007187
0.7633844017982483,2.9213693141937256,0.005834553856402636,0.0636010393500328
0.7703796625137329,2.9131500720977783,0.003867062507197261,0.06340083479881287
0.7770993113517761,2.9052846431732178,0.005769610404968262,0.06341328471899033
0.7728615403175354,2.908172130584717,0.004707458429038525,0.06318958848714828
0.7741397023200989,2.900998830795288,0.005252621602267027,0.06321358680725098
0.770372211933136,2.892946720123291,0.00871548242866993,0.06395110487937927
0.7717838287353516,2.8940272331237793,0.006908438168466091,0.06321294605731964
0.7721976041793823,2.889305591583252,0.00746413879096508,0.06296175718307495
0.7736361026763916,2.883162021636963,0.00773072661831975,0.0629330575466156
0.7718077898025513,2.8819499015808105,0.008601333945989609,0.06243053078651428
0.7642627358436584,2.882798671722412,0.009515805169939995,0.062527596950531
0.7555549144744873,2.8894896507263184,0.010570523329079151,0.06219273433089256
0.7555549144744873,2.8894896507263184,0.010570523329079151,0.06219273433089256
0.7492058873176575,2.891428232192993,0.011073483154177666,0.06211132928729057
0.742271363735199,2.8929662704467773,0.011240912601351738,0.06205388158559799
0.7392895221710205,2.8913097381591797,0.011046883650124073,0.06207709759473801
0.7335037589073181,2.8871610164642334,0.011121099814772606,0.062450602650642395
0.7508421540260315,2.882537841796875,0.007514806464314461,0.06461921334266663
0.7371077537536621,2.8816356658935547,0.010144015774130821,0.0623646043241024
0.7293254733085632,2.8826637268066406,0.011236483231186867,0.06221458688378334
0.7262031435966492,2.8783698081970215,0.012203291058540344,0.06215185672044754
0.7267473936080933,2.874542474746704,0.012755936942994595,0.061886437237262726
0.7290182709693909,2.868582248687744,0.013364731334149837,0.0616844967007637
0.7318714261054993,2.8622004985809326,0.013671554625034332,0.061651743948459625
0.7347223162651062,2.8558249473571777,0.013682661578059196,0.06165992096066475
0.7365959286689758,2.84920597076416,0.013648354448378086,0.061851926147937775
0.7358361482620239,2.8442254066467285,0.013150004670023918,0.062005650252103806
0.7352209091186523,2.835754632949829,0.012563544325530529,0.062391966581344604
0.7329550385475159,2.833361864089966,0.011463395319879055,0.06255918741226196
0.7316737771034241,2.827068567276001,0.0118618905544281,0.06283128261566162
0.7292820811271667,2.821510076522827,0.011249085888266563,0.06320212036371231
0.7251114845275879,2.8247175216674805,0.010153219103813171,0.06281562894582748
0.7264559268951416,2.8140532970428467,0.01008504256606102,0.06325958669185638
0.729720950126648,2.8095526695251465,0.010311488062143326,0.06294887512922287
0.729720950126648,2.8095526695251465,0.010311488062143326,0.06294887512922287
0.7339992523193359,2.804625988006592,0.010403347201645374,0.06261956691741943
0.7343121767044067,2.8032288551330566,0.010062229819595814,0.06250263750553131
0.7330588698387146,2.802060127258301,0.009795187041163445,0.062489986419677734
0.7291960716247559,2.805365562438965,0.009181944653391838,0.062415845692157745
0.7276502847671509,2.8054261207580566,0.009037645533680916,0.06248553842306137
0.7269349694252014,2.805976629257202,0.008863024413585663,0.06239646300673485
0.7273299694061279,2.8044846057891846,0.008781119249761105,0.06225847080349922
0.7359516620635986,2.7939066886901855,0.008462292142212391,0.06207520142197609
0.7282190918922424,2.80019474029541,0.008119788020849228,0.06247575208544731
0.7327202558517456,2.7959036827087402,0.008326646871864796,0.062070246785879135
0.7435802817344666,2.7823028564453125,0.007316038943827152,0.06208471581339836
0.7469634413719177,2.775838613510132,0.008420134894549847,0.06272571533918381
0.7444888949394226,2.7793235778808594,0.007674773223698139,0.062093883752822876
0.7439512610435486,2.7759406566619873,0.008402697741985321,0.0620618537068367
0.7343354225158691,2.779369831085205,0.009055041708052158,0.06232258677482605
0.736911952495575,2.769887924194336,0.008945466950535774,0.06251341849565506
0.7420240640640259,2.7597293853759766,0.009204525500535965,0.06256526708602905
0.7485860586166382,2.7470901012420654,0.009296640753746033,0.06278732419013977
0.7555649280548096,2.73567533493042,0.009455060586333275,0.06286780536174774
0.7661762237548828,2.7175731658935547,0.009645557031035423,0.06322069466114044
0.7721953392028809,2.712337017059326,0.009586315602064133,0.06286785006523132
0.7763307094573975,2.706542491912842,0.00929112546145916,0.06283178180456161
0.7763307094573975,2.706542491912842,0.00929112546145916,0.06283178180456161
0.7759481072425842,2.708710193634033,0.008850649930536747,0.06250814348459244
0.7747964859008789,2.7108163833618164,0.00819632038474083,0.062243830412626266
0.7754746675491333,2.708937168121338,0.007373223081231117,0.062096863985061646
0.7761023640632629,2.7036008834838867,0.006401645019650459,0.06211443990468979
0.7810433506965637,2.6894896030426025,0.0056674424558877945,0.06251777708530426
0.775606095790863,2.683436393737793,0.0050776186399161816,0.06291947513818741
0.78119295835495,2.6712019443511963,0.006437809206545353,0.0626843273639679
0.7740780711174011,2.668489694595337,0.007453094236552715,0.06266799569129944
0.7668299078941345,2.67075777053833,0.009257710538804531,0.06237415969371796
0.7641251683235168,2.672236919403076,0.011440776288509369,0.06168718636035919
0.7646510601043701,2.670665740966797,0.012601986527442932,0.061199575662612915
0.766353189945221,2.6715686321258545,0.013046548701822758,0.060613662004470825
0.7717474102973938,2.6628024578094482,0.01371440477669239,0.0604918897151947
0.7731682062149048,2.659576892852783,0.013866957277059555,0.06015675514936447
0.770474374294281,2.661057949066162,0.013324473053216934,0.0598045289516449
0.7691743969917297,2.6606502532958984,0.012875768356025219,0.05962877348065376
0.7665796875953674,2.66343092918396,0.011479022912681103,0.059399060904979706
0.766746997833252,2.6636362075805664,0.009989133104681969,0.05904623866081238
0.7677358388900757,2.663930654525757,0.008498582988977432,0.058699287474155426
0.7699974775314331,2.662537097930908,0.007798477541655302,0.058411501348018646
0.7699974775314331,2.662537097930908,0.007798477541655302,0.058411501348018646
0.769136905670166,2.66239857673645,0.007193766534328461,0.05832231044769287
0.7678189873695374,2.660905122756958,0.007483319379389286,0.05830784887075424
0.7647965550422668,2.660644769668579,0.00766637222841382,0.05837651342153549
0.7594739198684692,2.6604676246643066,0.010779397562146187,0.058899737894535065
0.7626261711120605,2.6600167751312256,0.00864722765982151,0.058457355946302414
0.756037712097168,2.6654891967773438,0.009009878151118755,0.058274850249290466
0.7560002207756042,2.663311004638672,0.008526158519089222,0.05828605219721794
0.7565646171569824,2.662006139755249,0.008027036674320698,0.058155305683612823
0.7563230991363525,2.661468982696533,0.007560256402939558,0.0580681711435318
0.7546620965003967,2.6630373001098633,0.007101017516106367,0.05786040052771568
0.7534499168395996,2.6607303619384766,0.006851646117866039,0.05782322585582733
0.7453345060348511,2.66899037361145,0.00642418535426259,0.0574832521378994
0.7462597489356995,2.6625869274139404,0.006742856930941343,0.05809947848320007
0.7452589869499207,2.664712429046631,0.006573585327714682,0.05760272964835167
0.7452735900878906,2.6626503467559814,0.006901049055159092,0.05754610151052475
0.7410730719566345,2.664705276489258,0.007226353045552969,0.05742669105529785
0.7401961088180542,2.6634950637817383,0.006663952954113483,0.05741232633590698
0.7374803423881531,2.6625890731811523,0.005258452147245407,0.0573759563267231
0.7358525991439819,2.659468650817871,0.0043490128591656685,0.05748440697789192
0.7291054129600525,2.657395601272583,0.002777867252007127,0.05791880935430527
0.7177073359489441,2.6856582164764404,0.0015911087393760681,0.05664784461259842
0.7236908674240112,2.6676363945007324,0.0021536541171371937,0.056984759867191315
0.7215117812156677,2.6662325859069824,0.0026227948255836964,0.056625060737133026
0.7215117812156677,2.6662325859069824,0.0026227948255836964,0.056625060737133026
0.713977575302124,2.6725363731384277,0.003086991608142853,0.05611926317214966
0.7084276676177979,2.678699254989624,0.0028172219172120094,0.05580434948205948
0.6989877223968506,2.68884539604187,0.0023672503884881735,0.05545119196176529
0.6940881013870239,2.692230701446533,0.0021608758252114058,0.055323291569948196
0.690194308757782,2.693826198577881,0.0020825527608394623,0.055213380604982376
0.6894263029098511,2.691148281097412,0.00221640313975513,0.05530006065964699
0.6897388100624084,2.685872793197632,0.0025271414779126644,0.055387113243341446
0.6893771290779114,2.6794636249542236,0.002857424784451723,0.055544886738061905
0.6902410984039307,2.6732118129730225,0.0031812270171940327,0.05549393594264984
0.6875394582748413,2.671424627304077,0.002974854316562414,0.05548759177327156
0.681771457195282,2.671367883682251,0.002690242137759924,0.0555003397166729
0.6775743961334229,2.6729278564453125,0.0019381263991817832,0.05518679320812225
0.6721104383468628,2.6695327758789062,0.0017475662752985954,0.05539868399500847
0.667893648147583,2.6634585857391357,0.0016099483473226428,0.05548685044050217
0.6681573390960693,2.652527093887329,0.001764392713084817,0.055914636701345444
0.6700184941291809,2.6475188732147217,0.002319436054676771,0.05569806322455406
0.6715754270553589,2.6392831802368164,0.002966607455164194,0.055867210030555725
0.6707568168640137,2.633070230484009,0.004282576497644186,0.05578204244375229
0.6650339365005493,2.62945294380188,0.005295115988701582,0.05592523515224457
0.6570764183998108,2.6306800842285156,0.006051491945981979,0.05598723143339157
0.6570764183998108,2.6306800842285156,0.006051491945981979,0.05598723143339157
0.6566933393478394,2.625617027282715,0.006133117713034153,0.0561106838285923
0.6579037308692932,2.617820978164673,0.006528775207698345,0.056233592331409454
0.6627518534660339,2.607550621032715,0.00688311830163002,0.05631887912750244
0.6686630845069885,2.5995142459869385,0.007257615216076374,0.05608196556568146
0.6697646975517273,2.596224784851074,0.007304121740162373,0.05604137107729912
0.6674015522003174,2.5979340076446533,0.00718374690040946,0.055816784501075745
0.6619867086410522,2.600999593734741,0.006674453616142273,0.05573226138949394
0.6554577350616455,2.604860782623291,0.006044684909284115,0.055579256266355515
0.6542400121688843,2.6007347106933594,0.005730831064283848,0.05559908226132393
0.6556473970413208,2.596398115158081,0.0056764609180390835,0.05551160126924515
0.6613392233848572,2.585805892944336,0.00587508687749505,0.05569804832339287
0.6689210534095764,2.575626850128174,0.006282212678343058,0.05561675503849983
0.6745103597640991,2.5643184185028076,0.006773484405130148,0.055813416838645935
0.6792909502983093,2.5561130046844482,0.0071636526845395565,0.05577217414975166
0.6767616271972656,2.5522100925445557,0.007399385794997215,0.056057047098875046
0.6728809475898743,2.550006628036499,0.007375418208539486,0.056244127452373505
0.66596919298172,2.547046661376953,0.007067536935210228,0.05684993788599968
0.6644452214241028,2.5413448810577393,0.007480294443666935,0.05722148343920708
0.6644514799118042,2.5386693477630615,0.0073561943136155605,0.0572713278234005
0.6661363840103149,2.5306038856506348,0.007335655856877565,0.057647187262773514
0.6661363840103149,2.5306038856506348,0.007335655856877565,0.057647187262773514
0.6676032543182373,2.5276336669921875,0.00729858223348856,0.057605016976594925
0.6703019142150879,2.5145986080169678,0.0074204676784574986,0.058306582272052765
0.6707335710525513,2.5062756538391113,0.007777271792292595,0.058637477457523346
0.6691113114356995,2.501460075378418,0.007518702186644077,0.05880085378885269
0.6659753322601318,2.4951345920562744,0.008561784401535988,0.05939173698425293
0.6623356342315674,2.500279426574707,0.007759437896311283,0.05884533375501633
0.6593133211135864,2.5023467540740967,0.006943751126527786,0.058680783957242966
0.6572765707969666,2.504340171813965,0.006197772454470396,0.05849684402346611
0.6545050144195557,2.501063108444214,0.0056956009939312935,0.05894182249903679
0.6547251343727112,2.497520923614502,0.005332137458026409,0.0591055266559124
0.654036819934845,2.4935946464538574,0.005121077410876751,0.059334542602300644
0.6552441120147705,2.4915597438812256,0.005057936068624258,0.05919407680630684
0.6548519134521484,2.4888792037963867,0.005475934594869614,0.05918189883232117
0.6541054844856262,2.487860918045044,0.005765290465205908,0.05901772901415825
0.6537944674491882,2.482729911804199,0.006713416427373886,0.059096354991197586
0.6546131372451782,2.475996732711792,0.007932715117931366,0.05916445702314377
0.6567480564117432,2.467578887939453,0.008705563843250275,0.059457458555698395
0.6594232320785522,2.4616575241088867,0.009579746052622795,0.05938805639743805
0.6623028516769409,2.4539706707000732,0.010157493874430656,0.059606146067380905
0.6625224947929382,2.454578399658203,0.010488014668226242,0.059325121343135834
0.6625224947929382,2.454578399658203,0.010488014668226242,0.059325121343135834
0.6611800789833069,2.4556615352630615,0.010717513039708138,0.059211838990449905
0.6592984795570374,2.457017660140991,0.011330723762512207,0.05902116745710373
0.6490610837936401,2.4663808345794678,0.011257374659180641,0.05878331512212753
0.6460866332054138,2.462388515472412,0.016433414071798325,0.05859541520476341
0.6478803157806396,2.4596705436706543,0.014789710752665997,0.0583251528441906
0.6385923027992249,2.476088523864746,0.00673251785337925,0.06116596981883049
0.644524097442627,2.4597156047821045,0.012252530083060265,0.05846179276704788
0.6486431360244751,2.459505081176758,0.010839538648724556,0.0585540346801281
0.6459802389144897,2.457637310028076,0.011640322394669056,0.05809628218412399
0.6275073289871216,2.4661478996276855,0.010418292135000229,0.05828000232577324
0.6390616297721863,2.452871322631836,0.011408030986785889,0.057437099516391754
0.6359221935272217,2.4552927017211914,0.011039640754461288,0.05721280723810196
0.6349782943725586,2.455702543258667,0.010189798660576344,0.05713992193341255
0.641308069229126,2.4493706226348877,0.008808917365968227,0.0569838285446167
0.6448901891708374,2.4428837299346924,0.00774755422025919,0.057158708572387695
0.6470129489898682,2.4396398067474365,0.00732156727463007,0.05699562281370163
0.6491574048995972,2.4359004497528076,0.0070479437708854675,0.05696570873260498
0.6573584675788879,2.4315037727355957,0.0035980779211968184,0.057889677584171295
0.6511188745498657,2.4328277111053467,0.005933860316872597,0.05702592059969902
0.6553830504417419,2.4236176013946533,0.005538852885365486,0.057200465351343155
0.6574060916900635,2.414241313934326,0.005122841335833073,0.05758834630250931
0.6522348523139954,2.4060580730438232,0.003984381444752216,0.059934020042419434
0.6554777026176453,2.4105687141418457,0.004766133613884449,0.05797162279486656
0.6545032858848572,2.4016575813293457,0.004763394128531218,0.05841334909200668
0.6545032858848572,2.4016575813293457,0.004763394128531218,0.05841334909200668
0.651583194732666,2.392058849334717,0.004653853364288807,0.05912282317876816
0.6487668752670288,2.3854732513427734,0.005652738269418478,0.05946911871433258
0.6475973725318909,2.376465320587158,0.006129252724349499,0.060123756527900696
0.6469221711158752,2.374483108520508,0.006430811248719692,0.06003570929169655
0.6496686339378357,2.3656749725341797,0.006214105058461428,0.060400061309337616
0.651786744594574,2.3601396083831787,0.0053863003849983215,0.060505304485559464
0.6562523245811462,2.354311227798462,0.004896307829767466,0.06052849814295769
0.6549926996231079,2.353991985321045,0.004548145458102226,0.06058931350708008
0.6540278792381287,2.353367328643799,0.004512209910899401,0.06061435863375664
0.6529527902603149,2.3503222465515137,0.004639253951609135,0.06072697788476944
0.6538748145103455,2.344738721847534,0.00485500181093812,0.06081346422433853
0.6478987336158752,2.3480076789855957,0.0044375695288181305,0.061354365199804306
0.6511951088905334,2.345339298248291,0.00468924455344677,0.06087935343384743
0.6547313928604126,2.3376646041870117,0.0049659390933811665,0.06099160760641098
0.654750645160675,2.336270332336426,0.004849105142056942,0.06095283478498459
0.6609750390052795,2.329629421234131,0.0049601392820477486,0.060717396438121796
0.6583936810493469,2.329465389251709,0.004748954437673092,0.060760241001844406
0.6546897888183594,2.330782651901245,0.004715189337730408,0.060740724205970764
0.6547190546989441,2.3272581100463867,0.005007763393223286,0.06091301888227463
0.6549072265625,2.3235292434692383,0.005445440299808979,0.06100995093584061
0.6555596590042114,2.3184914588928223,0.006243929732590914,0.06119595095515251
0.6555596590042114,2.3184914588928223,0.006243929732590914,0.06119595095515251
0.6505058407783508,2.323035955429077,0.0052315606735646725,0.06130291894078255
0.6498767137527466,2.322360038757324,0.007001970894634724,0.06094260513782501
0.6523826122283936,2.3193533420562744,0.007019622251391411,0.06079757586121559
0.6514623165130615,2.3214073181152344,0.006999418139457703,0.06050141155719757
0.6480169296264648,2.321791648864746,0.007354460656642914,0.06051165238022804
0.6441534161567688,2.3245046138763428,0.007700666785240173,0.06045791134238243
0.6413148641586304,2.323176860809326,0.008155681192874908,0.06068314239382744
0.6382673978805542,2.3218212127685547,0.008199493400752544,0.06083166226744652
0.637336254119873,2.316046953201294,0.007602693047374487,0.06117972359061241
0.6380847692489624,2.3157122135162354,0.006508418824523687,0.06104888767004013
0.639716625213623,2.3144750595092773,0.006121253129094839,0.060733262449502945
0.6408559679985046,2.3150007724761963,0.005882430821657181,0.06034104898571968
0.640156090259552,2.315560817718506,0.005907184910029173,0.06008639186620712
0.6385415196418762,2.314192533493042,0.006283930502831936,0.05998970940709114
0.6364907622337341,2.311164140701294,0.007260400336235762,0.06002800166606903
0.6330711841583252,2.306462526321411,0.007813521660864353,0.060332220047712326
0.6278533935546875,2.304417848587036,0.007739372551441193,0.06067803502082825
0.6162528395652771,2.315514087677002,0.003780131693929434,0.062279779464006424
0.6242772340774536,2.306037425994873,0.006481999531388283,0.060820065438747406
0.6208955645561218,2.3057844638824463,0.00545416958630085,0.06090278923511505
0.61652672290802,2.3101089000701904,0.0043794624507427216,0.06077246367931366
0.61652672290802,2.3101089000701904,0.0043794624507427216,0.06077246367931366
0.6163263320922852,2.3095755577087402,0.0036618688609451056,0.06077265366911888
0.6155259013175964,2.313533306121826,0.0029443607199937105,0.06033048406243324
0.61529541015625,2.31168532371521,0.0028437532018870115,0.06041313335299492
0.6156015396118164,2.3100523948669434,0.002997604664415121,0.06033327057957649
0.6152573227882385,2.307544231414795,0.003427932970225811,0.06035787612199783
0.6141470670700073,2.3047828674316406,0.003834429197013378,0.060449764132499695
0.6116558313369751,2.3023266792297363,0.004246074240654707,0.06057944893836975
0.6038163900375366,2.3118886947631836,0.0030206013470888138,0.06527823209762573
0.6101211309432983,2.3014986515045166,0.0040519991889595985,0.06070661544799805
0.6070490479469299,2.299592971801758,0.004227135330438614,0.06087334454059601
0.6052054762840271,2.297377586364746,0.004089929163455963,0.06103219464421272
0.6043790578842163,2.2928240299224854,0.004159023053944111,0.06136441230773926
0.6028547286987305,2.2872889041900635,0.004404115956276655,0.06174977496266365
0.603131115436554,2.276531457901001,0.005076982546597719,0.06249193102121353
0.6036457419395447,2.272143840789795,0.005810660310089588,0.0625942274928093
0.6037032008171082,2.264146089553833,0.006673421710729599,0.06308118999004364
0.6028951406478882,2.2642059326171875,0.006943763233721256,0.06296531111001968
0.6014993190765381,2.261636257171631,0.007052993401885033,0.06313826888799667
0.6001218557357788,2.2588565349578857,0.006812344305217266,0.06342314183712006
0.600476086139679,2.2535035610198975,0.006315832491964102,0.06372901052236557
0.5977840423583984,2.249786376953125,0.005915598012506962,0.06420283019542694
0.5977840423583984,2.249786376953125,0.005915598012506962,0.06420283019542694
0.5963807106018066,2.2496633529663086,0.005672675557434559,0.06421269476413727
0.5941281318664551,2.2485086917877197,0.00570844579488039,0.06434601545333862
0.5964592695236206,2.2461776733398438,0.006137620657682419,0.06402838230133057
0.592339038848877,2.245772123336792,0.005977369379252195,0.06417195498943329
0.5888676643371582,2.24837064743042,0.005194464232772589,0.06392042338848114
0.5840991735458374,2.249105453491211,0.005078092683106661,0.06412411481142044
0.5864557027816772,2.247281551361084,0.00439341738820076,0.06367231905460358
0.5896053910255432,2.245548725128174,0.005122263450175524,0.06320264935493469
0.5862473845481873,2.2479500770568848,0.005243375431746244,0.0628940686583519
0.5819145441055298,2.2497193813323975,0.005612997338175774,0.06275808811187744
0.5769506692886353,2.252610206604004,0.00610730517655611,0.06254435330629349
0.5699232816696167,2.2571940422058105,0.00708335405215621,0.06218129023909569
0.5643913745880127,2.262436866760254,0.007451987825334072,0.06172390282154083
0.5586836338043213,2.264986753463745,0.00880542304366827,0.06190406158566475
0.5613715648651123,2.2625138759613037,0.008119331672787666,0.06162319704890251
0.5637270212173462,2.261678695678711,0.007535878568887711,0.06116075441241264
0.571639358997345,2.255363941192627,0.004989255219697952,0.06087217107415199
0.5737575888633728,2.2492311000823975,0.0052077327854931355,0.06102569028735161
0.5751222372055054,2.2454826831817627,0.005376423243433237,0.061039313673973083
0.5770012140274048,2.239727258682251,0.005428317468613386,0.06125645339488983
0.5785006880760193,2.234393835067749,0.00565776601433754,0.0614086277782917
0.5785006880760193,2.234393835067749,0.00565776601433754,0.0614086277782917
0.5806116461753845,2.2264695167541504,0.005415190942585468,0.06174403056502342
0.5826874375343323,2.2229621410369873,0.005588087253272533,0.061666011810302734
0.5862236618995667,2.214371919631958,0.006135999690741301,0.061824727803468704
0.5890292525291443,2.2079036235809326,0.006374184507876635,0.06198084354400635
0.5923954844474792,2.196056365966797,0.006646718829870224,0.062400080263614655
0.5941378474235535,2.187875986099243,0.006377372890710831,0.06267265230417252
0.5905373692512512,2.1817009449005127,0.005868134554475546,0.06321536749601364
0.5863757133483887,2.184962034225464,0.004771065898239613,0.06296736747026443
0.582558274269104,2.1798110008239746,0.004078184254467487,0.06355486065149307
0.5801652669906616,2.18243145942688,0.00399039126932621,0.06327011436223984
0.5821786522865295,2.1791882514953613,0.004028653725981712,0.06320559233427048
0.5855701565742493,2.172943115234375,0.004208563826978207,0.06329627335071564
0.5904505252838135,2.1638002395629883,0.00435443501919508,0.06346063315868378
0.59416264295578,2.155142068862915,0.004067963920533657,0.06371212005615234
0.5996854305267334,2.1467721462249756,0.00533218402415514,0.06428094208240509
0.5955156087875366,2.1518359184265137,0.0044358158484101295,0.0637579932808876
0.5957089066505432,2.149491310119629,0.003954923711717129,0.06380469352006912
0.6028416752815247,2.1390013694763184,0.003783927531912923,0.06404691189527512
0.5923611521720886,2.149285316467285,0.003443261608481407,0.06409631669521332
0.59710693359375,2.1429855823516846,0.0036120805889368057,0.06385478377342224
0.5925518274307251,2.1449999809265137,0.0041511342860758305,0.06375817954540253
0.5952500104904175,2.1396965980529785,0.004387513268738985,0.06379817426204681
0.5952500104904175,2.1396965980529785,0.004387513268738985,0.06379817426204681
0.5904213786125183,2.141648769378662,0.005067997612059116,0.06376051902770996
0.5893992185592651,2.1389570236206055,0.005118044093251228,0.06395666301250458
0.5870200395584106,2.1355795860290527,0.005200580693781376,0.06416255235671997
0.5852278470993042,2.1285958290100098,0.005195186473429203,0.06471704691648483
0.5829570293426514,2.1278717517852783,0.005217792000621557,0.06463705003261566
0.5817350745201111,2.1221487522125244,0.005280876997858286,0.06497002393007278
0.5818580389022827,2.118675708770752,0.00550658768042922,0.06482166051864624
0.5837827324867249,2.1111674308776855,0.005548766348510981,0.06480695307254791
0.5879325270652771,2.101194381713867,0.005912090186029673,0.06472496688365936
0.5957120060920715,2.0894696712493896,0.005354889202862978,0.06465369462966919
0.6025767922401428,2.0784389972686768,0.006746216677129269,0.06468991935253143
0.6077157258987427,2.0706701278686523,0.0044810958206653595,0.06432193517684937
0.6113195419311523,2.066359043121338,0.003713853657245636,0.06399910897016525
0.6115779876708984,2.0654635429382324,0.0030913057271391153,0.06368529051542282
0.6131861805915833,2.060831069946289,0.0030614035204052925,0.0635366141796112
0.614776074886322,2.0563769340515137,0.0028848806396126747,0.06336585432291031
0.6120553612709045,2.059149742126465,0.0026032081805169582,0.06323923170566559
0.6128330230712891,2.054661273956299,0.0025536525063216686,0.0632319301366806
0.6129152178764343,2.05391263961792,0.0024092879611998796,0.06310965865850449
0.613163948059082,2.050051689147949,0.002245438750833273,0.06325952708721161
0.613163948059082,2.050051689147949,0.002245438750833273,0.06325952708721161
0.6140390038490295,2.0481104850769043,0.0021908413618803024,0.06311419606208801
0.6155240535736084,2.0418174266815186,0.0023329551331698895,0.06323717534542084
0.618591845035553,2.0349514484405518,0.0029043571557849646,0.06313762813806534
0.6238349676132202,2.0236454010009766,0.0038670552894473076,0.06322997063398361
0.6275395154953003,2.018009662628174,0.004920840263366699,0.06295585632324219
0.6323227882385254,2.008955478668213,0.005423668771982193,0.06320309638977051
0.6309568881988525,2.0102336406707764,0.005588123574852943,0.06287766247987747
0.6306644082069397,2.0081751346588135,0.005375756416469812,0.06275241822004318
0.6303379535675049,2.004697799682617,0.005377450957894325,0.0626748576760292
0.6332407593727112,1.992976188659668,0.005192319862544537,0.06324394047260284
0.6323930621147156,1.9936782121658325,0.004982302896678448,0.06312182545661926
0.632720947265625,1.9909427165985107,0.005081044510006905,0.06325434148311615
0.632455050945282,1.9888160228729248,0.00513401348143816,0.06336855888366699
0.6310491561889648,1.9889881610870361,0.005008267238736153,0.06338495016098022
0.6284245252609253,1.9905142784118652,0.0046839104034006596,0.0633416622877121
0.6265019774436951,1.992258071899414,0.0042024580761790276,0.06325356662273407
0.6261622905731201,1.9917658567428589,0.003780527040362358,0.06321380287408829
0.628402054309845,1.9882214069366455,0.0034299318213015795,0.06320276856422424
0.6346169114112854,1.977158784866333,0.0038535716012120247,0.06340450048446655
0.6411042809486389,1.9679961204528809,0.0035306550562381744,0.06350451707839966
0.6411042809486389,1.9679961204528809,0.0035306550562381744,0.06350451707839966
0.6436675190925598,1.9619461297988892,0.003840445075184107,0.06366405636072159
0.6459742784500122,1.957061767578125,0.004448466934263706,0.06372223049402237
0.6442906260490417,1.957078218460083,0.004758989438414574,0.06379635632038116
0.6415359973907471,1.957703709602356,0.005116022191941738,0.06381194293498993
0.638935387134552,1.9559062719345093,0.005262356251478195,0.06411109119653702
0.6369957327842712,1.9573638439178467,0.005174147896468639,0.0640077218413353
0.6368841528892517,1.9564054012298584,0.004635992459952831,0.064054936170578
0.6374340057373047,1.955046534538269,0.004012091085314751,0.06409887969493866
0.6386845111846924,1.9522560834884644,0.0037605520337820053,0.06419146806001663
0.6412778496742249,1.946392297744751,0.00350099615752697,0.06434013694524765
0.6409866213798523,1.9442548751831055,0.003356273751705885,0.06434063613414764
0.6456313133239746,1.9344675540924072,0.00355642382055521,0.06451896578073502
0.6415349245071411,1.935884714126587,0.0038601644337177277,0.0644455999135971
0.6420111060142517,1.9359651803970337,0.005569710861891508,0.0640479028224945
0.6399689316749573,1.9348429441452026,0.005456611514091492,0.06419546157121658
0.6377500891685486,1.937195062637329,0.004991506226360798,0.06410620361566544
0.6399742960929871,1.9333103895187378,0.004969078116118908,0.06413040310144424
0.6417127847671509,1.929966688156128,0.005126721225678921,0.06410152465105057
0.641427755355835,1.9288462400436401,0.005366047844290733,0.06408267468214035
0.6394341588020325,1.929240345954895,0.005751725751906633,0.06408954411745071
0.6394341588020325,1.929240345954895,0.005751725751906633,0.06408954411745071
0.6375961899757385,1.9298803806304932,0.006026296876370907,0.06407581269741058
0.6351736783981323,1.9304736852645874,0.006280789151787758,0.06410419195890427
0.6332921981811523,1.9322664737701416,0.006009493954479694,0.06399194896221161
0.6331024169921875,1.9296537637710571,0.0060181221924722195,0.06419021636247635
0.6336329579353333,1.929935336112976,0.005654575303196907,0.06406541913747787
0.6353116631507874,1.9280586242675781,0.005236765835434198,0.06401368230581284
0.6330827474594116,1.9265320301055908,0.00527430884540081,0.06420694291591644
0.6318870186805725,1.9248212575912476,0.005654404405504465,0.06424068659543991
0.631773054599762,1.9195377826690674,0.006489872932434082,0.06449132412672043
0.6311711072921753,1.9185105562210083,0.006419038400053978,0.0645957663655281
0.6321471929550171,1.9146485328674316,0.007493401877582073,0.06453196704387665
0.631997287273407,1.9136310815811157,0.007585698273032904,0.0644896924495697
0.6312959790229797,1.9137444496154785,0.007588839158415794,0.06432777643203735
0.6296496987342834,1.9139920473098755,0.007379703223705292,0.06429573148488998
0.6245614290237427,1.9170634746551514,0.006927052047103643,0.06424548476934433
0.6214892864227295,1.9184393882751465,0.00637292442843318,0.06420554220676422
0.6181759834289551,1.9206218719482422,0.005401286296546459,0.0640735775232315
0.6167588233947754,1.9214171171188354,0.005061618052423,0.06396637856960297
0.6163924932479858,1.9223229885101318,0.0038199617993086576,0.06386761367321014
0.6168250441551208,1.920343041419983,0.004325505346059799,0.06370281428098679
0.6168250441551208,1.920343041419983,0.004325505346059799,0.06370281428098679
0.6183669567108154,1.916610836982727,0.004765781573951244,0.06356818974018097
0.6174805164337158,1.9166786670684814,0.0048910146579146385,0.06337828934192657
0.615408718585968,1.9150829315185547,0.00484350323677063,0.06353767216205597
0.6115681529045105,1.9190058708190918,0.004655227065086365,0.06338191777467728
0.6081518530845642,1.9207794666290283,0.004427275620400906,0.06342112272977829
0.6037779450416565,1.9225704669952393,0.004000983200967312,0.06346353143453598
0.6005569696426392,1.9231561422348022,0.0033998703584074974,0.06357453763484955
0.5995444059371948,1.923944354057312,0.003055245615541935,0.06350232660770416
0.6007802486419678,1.9213029146194458,0.0030171703547239304,0.06354855746030807
0.6021329760551453,1.9198706150054932,0.002991417422890663,0.06347121298313141
0.6031185984611511,1.9180680513381958,0.00295725604519248,0.06340052932500839
0.6049795150756836,1.9157006740570068,0.0031539672054350376,0.06320572644472122
0.6042599081993103,1.9153200387954712,0.002997671253979206,0.0630774199962616
0.6047241687774658,1.9134812355041504,0.003032168373465538,0.06300872564315796
0.6061016321182251,1.9112972021102905,0.003008485771715641,0.0628180280327797
0.6171501278877258,1.8965247869491577,0.0026311930269002914,0.06353666633367538
0.6096763610839844,1.9051982164382935,0.0028780309949070215,0.06296148151159286
0.6108470559120178,1.9027276039123535,0.0028335219249129295,0.06288791447877884
0.6141595840454102,1.8959259986877441,0.002766258781775832,0.06289111822843552
0.6156209707260132,1.8905202150344849,0.0030103984754532576,0.06306764483451843
0.6202765703201294,1.8853890895843506,0.002014563651755452,0.06347869336605072
0.617233157157898,1.8873426914215088,0.0025420901365578175,0.06298398226499557
0.617233157157898,1.8873426914215088,0.0025420901365578175,0.06298398226499557
0.6153109669685364,1.8878196477890015,0.002537077758461237,0.0629107803106308
0.6127158999443054,1.8891193866729736,0.0025717183016240597,0.0628485158085823
0.6123815178871155,1.8867876529693604,0.0025212899781763554,0.0629342570900917
0.6112924218177795,1.8842148780822754,0.0027602300979197025,0.06302181631326675
0.610621988773346,1.8807923793792725,0.0033765663392841816,0.06312160938978195
0.611504316329956,1.8768720626831055,0.0039687855169177055,0.06310968101024628
0.6140564680099487,1.8721542358398438,0.004429827444255352,0.06306353956460953
0.6111958026885986,1.8688180446624756,0.0051473332569003105,0.06344068795442581
0.612064778804779,1.8691426515579224,0.004876041319221258,0.06313854455947876
0.61506587266922,1.8638317584991455,0.004287012852728367,0.06324378401041031
0.6139666438102722,1.8636150360107422,0.004021217115223408,0.06331554055213928
0.6143455505371094,1.8616191148757935,0.0038686380721628666,0.06337068974971771
0.6149286031723022,1.8590236902236938,0.003593385685235262,0.06346634775400162
0.6166245937347412,1.8556067943572998,0.003529222682118416,0.06344011425971985
0.6181226372718811,1.852398157119751,0.0032623750157654285,0.06341380625963211
0.6196042895317078,1.8470613956451416,0.0035399633925408125,0.06352119147777557
0.6191416382789612,1.8463783264160156,0.0032913004979491234,0.06339321285486221
0.616732656955719,1.8456069231033325,0.003396410960704088,0.0633637011051178
0.6101340651512146,1.8455013036727905,0.002979459473863244,0.06389717012643814
0.6093672513961792,1.8448922634124756,0.0033877561800181866,0.06368684768676758
0.6093672513961792,1.8448922634124756,0.0033877561800181866,0.06368684768676758
0.6078033447265625,1.8426570892333984,0.0036401432007551193,0.06384904682636261
0.6070356965065002,1.8410022258758545,0.00372924841940403,0.06392162293195724
0.6065835952758789,1.8377374410629272,0.003678661771118641,0.064106285572052
0.6083057522773743,1.8335764408111572,0.003635585308074951,0.06412220746278763
0.6102821826934814,1.8304433822631836,0.0034684021957218647,0.06397270411252975
0.6151134967803955,1.8269882202148438,0.00348352687433362,0.0637914389371872
0.6128942966461182,1.8269599676132202,0.0035117813386023045,0.06374173611402512
0.6100331544876099,1.83030366897583,0.0035660392604768276,0.06354951113462448
0.6089672446250916,1.8286499977111816,0.0035416600294411182,0.06367073208093643
0.6079992651939392,1.8264927864074707,0.003516601398587227,0.0637916773557663
0.6086117029190063,1.8216667175292969,0.003504641354084015,0.06399280577898026
0.6099850535392761,1.8153696060180664,0.0038977377116680145,0.06414856016635895
0.6101176142692566,1.8134183883666992,0.004787573125213385,0.06607435643672943
0.6093664765357971,1.8129664659500122,0.004071884322911501,0.06429819762706757
0.6090342998504639,1.8098912239074707,0.004466955550014973,0.0642794817686081
0.6060994863510132,1.8075467348098755,0.004988804459571838,0.06445175409317017
0.6023069620132446,1.8109893798828125,0.0051866983994841576,0.06426180899143219
0.5992504358291626,1.8114733695983887,0.005079070571810007,0.06433603912591934
0.5968682169914246,1.8123507499694824,0.004831462167203426,0.0642990991473198
0.5945591926574707,1.811623215675354,0.004336392506957054,0.0643831416964531
0.5936926603317261,1.8083912134170532,0.0035604736767709255,0.06451920419931412
0.5936926603317261,1.8083912134170532,0.0035604736767709255,0.06451920419931412
0.5933314561843872,1.8059800863265991,0.00318732438609004,0.06451975554227829
0.5968612432479858,1.7965198755264282,0.002718136180192232,0.06480176001787186
0.5971038341522217,1.7976961135864258,0.002458975650370121,0.06445607542991638
0.5961411595344543,1.7962614297866821,0.0023496411740779877,0.06450993567705154
0.5949673056602478,1.7959632873535156,0.0022474199067801237,0.06445614993572235
0.5937148928642273,1.7960376739501953,0.002281170105561614,0.06437774747610092
0.5922050476074219,1.7943799495697021,0.0024331447202712297,0.06436757743358612
0.5897902250289917,1.7923970222473145,0.002728296909481287,0.06450904905796051
0.5882757306098938,1.7917852401733398,0.0028716984670609236,0.06453999131917953
0.5875087976455688,1.789259672164917,0.0032478184439241886,0.06466706097126007
0.5817636847496033,1.7940007448196411,0.002747129648923874,0.06466016173362732
0.5820688009262085,1.7940037250518799,0.00283130444586277,0.06444195657968521
0.5800004005432129,1.7952769994735718,0.002778659574687481,0.06425487250089645
0.5759000182151794,1.7985267639160156,0.002670727204531431,0.06408806145191193
0.573635995388031,1.7962062358856201,0.0028281165286898613,0.06407634168863297
0.5692145824432373,1.7966580390930176,0.003050025785341859,0.06401974707841873
0.568099319934845,1.7924981117248535,0.0031856384593993425,0.06424501538276672
0.5668578147888184,1.7910819053649902,0.0031371042132377625,0.06433798372745514
0.5678445100784302,1.7862399816513062,0.003214513650164008,0.06448836624622345
0.5692684650421143,1.7821727991104126,0.0031729345209896564,0.06456618010997772
0.5692684650421143,1.7821727991104126,0.0031729345209896564,0.06456618010997772
0.5699272751808167,1.779177188873291,0.0030680890195071697,0.06460148841142654
0.5684293508529663,1.777955174446106,0.0030107947532087564,0.06473759561777115
0.5662798285484314,1.7769910097122192,0.003081217175349593,0.06488687545061111
0.5650072693824768,1.7743468284606934,0.0034224942792207003,0.06507290154695511
0.5623782873153687,1.774754285812378,0.0038466923870146275,0.06514119356870651
0.5621705055236816,1.7704066038131714,0.003960378468036652,0.06539612263441086
0.5639140009880066,1.767822265625,0.0039184316992759705,0.06534635275602341
0.5628440976142883,1.7650854587554932,0.0037954957224428654,0.06559688597917557
0.5615419149398804,1.7644891738891602,0.0035170952323824167,0.0657181441783905
0.559047281742096,1.7634356021881104,0.00317289843223989,0.06591714173555374
0.5549098253250122,1.76153564453125,0.002758094109594822,0.06628212332725525
0.5524032711982727,1.7582404613494873,0.0028566347900778055,0.06662894785404205
0.5499765276908875,1.7544524669647217,0.0030098750721663237,0.0669836476445198
0.5507559180259705,1.736905813217163,0.005362888798117638,0.06977280229330063
0.5497584939002991,1.7490224838256836,0.003462651278823614,0.0673995092511177
0.5505536794662476,1.7477043867111206,0.003943482879549265,0.06722858548164368
0.5516928434371948,1.7414231300354004,0.004168649669736624,0.06751848012208939
0.5527599453926086,1.7399028539657593,0.004170369356870651,0.06743831187486649
0.5538753867149353,1.7379738092422485,0.0041123609989881516,0.067334845662117
0.5543171763420105,1.7366923093795776,0.004051979165524244,0.06727585941553116
0.5530372262001038,1.7353994846343994,0.004051935859024525,0.06727334856987
0.5530372262001038,1.7353994846343994,0.004051935859024525,0.06727334856987
0.5516447424888611,1.7362420558929443,0.004166984930634499,0.06711307168006897
0.5487806797027588,1.737180471420288,0.004397484473884106,0.06710872799158096
0.5476266741752625,1.7391012907028198,0.004471949301660061,0.06690522283315659
0.5452539324760437,1.7412151098251343,0.0045927828177809715,0.06674591451883316
0.544697642326355,1.7411342859268188,0.005191545467823744,0.06653586030006409
0.5407184958457947,1.7442002296447754,0.005658237263560295,0.06632229685783386
0.5401315093040466,1.7434813976287842,0.006502863019704819,0.06619169563055038
0.5327358245849609,1.7518869638442993,0.005582105368375778,0.06599417328834534
0.5354494452476501,1.7532466650009155,0.006226631812751293,0.06621567159891129
0.5331773161888123,1.7511875629425049,0.005748582072556019,0.06589305400848389
0.5387475490570068,1.7473640441894531,0.006692914292216301,0.06595060229301453
0.5347779393196106,1.7493960857391357,0.006034321151673794,0.06579633057117462
0.5347864031791687,1.7506837844848633,0.005130209028720856,0.06549794971942902
0.5306409597396851,1.757734775543213,0.005816170945763588,0.06481962651014328
0.5323185920715332,1.7555875778198242,0.006127902306616306,0.06462474167346954
0.5302383303642273,1.7570958137512207,0.00645038578659296,0.06449044495820999
0.5305797457695007,1.7583950757980347,0.007401673123240471,0.06406674534082413
0.5264069437980652,1.761833667755127,0.007209158502519131,0.06393546611070633
0.5252505540847778,1.76283860206604,0.006642741616815329,0.06382133066654205
0.5250418186187744,1.7629940509796143,0.006250674370676279,0.0637335553765297
0.5248039364814758,1.7625902891159058,0.006219797767698765,0.06366614252328873
0.5243120193481445,1.7609440088272095,0.006484421901404858,0.06363096833229065
0.5243120193481445,1.7609440088272095,0.006484421901404858,0.06363096833229065
0.5234363079071045,1.7591086626052856,0.007193347439169884,0.0635860338807106
0.521190881729126,1.7573585510253906,0.008214108645915985,0.06361440569162369
0.5218527913093567,1.7517831325531006,0.009931132197380066,0.0637495294213295
0.5200740098953247,1.7519941329956055,0.009600356221199036,0.06371643394231796
0.5183526277542114,1.751463770866394,0.009131137281656265,0.06372545659542084
0.5176135301589966,1.7495734691619873,0.008993880823254585,0.06379064172506332
0.5169443488121033,1.745337963104248,0.009100590832531452,0.06397383660078049
0.5159521102905273,1.740004539489746,0.009378345683217049,0.06420309841632843
0.5137314200401306,1.7318699359893799,0.00883932039141655,0.06501247733831406
0.5140679478645325,1.7301099300384521,0.00888561736792326,0.0647469013929367
0.5137534141540527,1.7261635065078735,0.009181332774460316,0.06487700343132019
0.5137673616409302,1.722978115081787,0.008796454407274723,0.0649276077747345
0.5126681327819824,1.7162115573883057,0.008237706497311592,0.0654584988951683
0.5143361687660217,1.709587812423706,0.0071141887456178665,0.06573761254549026
0.515888512134552,1.7008062601089478,0.006533804349601269,0.06625073403120041
0.519426703453064,1.695246696472168,0.006273085251450539,0.06624811142683029
0.5218798518180847,1.6882026195526123,0.006507658399641514,0.06655653566122055
0.5235358476638794,1.6837618350982666,0.0068533821031451225,0.06665797531604767
0.5247771739959717,1.677651047706604,0.007239758502691984,0.06693195551633835
0.5253456830978394,1.6686567068099976,0.0074371350929141045,0.06733595579862595
0.5253456830978394,1.6686567068099976,0.0074371350929141045,0.06733595579862595
0.5276121497154236,1.656171441078186,0.008495780639350414,0.06792794167995453
0.5274060964584351,1.6535639762878418,0.007560637313872576,0.0678677186369896
0.5265668630599976,1.652703881263733,0.006554442457854748,0.06787163764238358
0.5278229117393494,1.649287462234497,0.005847540684044361,0.06791873276233673
0.5266482830047607,1.6475189924240112,0.0056398482993245125,0.068123459815979
0.5257600545883179,1.650091528892517,0.005620873067528009,0.06788130849599838
0.5254627466201782,1.6462775468826294,0.005660016089677811,0.06819389015436172
0.5238463878631592,1.649003028869629,0.005391754675656557,0.06801842898130417
0.5200121402740479,1.6549861431121826,0.004531834740191698,0.06769467145204544
0.5168810486793518,1.6578785181045532,0.004043371416628361,0.06760647892951965
0.5149279236793518,1.6587785482406616,0.0037035648711025715,0.0675475224852562
0.5143947005271912,1.657041311264038,0.0034817771520465612,0.06756850332021713
0.5150558948516846,1.6541039943695068,0.003560811746865511,0.06761156767606735
0.512758195400238,1.652630090713501,0.0034216567873954773,0.06766240298748016
0.5150344967842102,1.644063949584961,0.0032695571426302195,0.0680943951010704
0.5113387107849121,1.6484992504119873,0.0035021770745515823,0.06767401099205017
0.5062187314033508,1.6515591144561768,0.003901749849319458,0.06763696670532227
0.5053161382675171,1.6518256664276123,0.003825080581009388,0.06749936193227768
0.5040651559829712,1.6527550220489502,0.004116575233638287,0.06711043417453766
0.503903865814209,1.6497728824615479,0.005435892380774021,0.06677844375371933
0.503903865814209,1.6497728824615479,0.005435892380774021,0.06677844375371933
0.5128464698791504,1.635536789894104,0.006368452683091164,0.06699386239051819
0.5113027691841125,1.6357911825180054,0.006870100274682045,0.0660267248749733
0.5131253004074097,1.6313396692276,0.006240238901227713,0.06601331382989883
0.5160149335861206,1.6290103197097778,0.005058154463768005,0.06574058532714844
0.517643928527832,1.6245224475860596,0.004015577025711536,0.06590580940246582
0.5174108147621155,1.6247297525405884,0.003417433239519596,0.06580235809087753
0.5169838666915894,1.6245783567428589,0.003005112987011671,0.06557413190603256
0.517771303653717,1.6241259574890137,0.0027358238585293293,0.0651349350810051
0.5185489654541016,1.6221933364868164,0.002933993935585022,0.06484206020832062
0.521934986114502,1.6173899173736572,0.003678754670545459,0.06446531414985657
0.5246177315711975,1.612600564956665,0.004359283484518528,0.06421630829572678
0.5298203825950623,1.605534315109253,0.004190381616353989,0.06440628319978714
0.5271267890930176,1.6086081266403198,0.004269881173968315,0.06418327987194061
0.5285233855247498,1.603020429611206,0.005156883038580418,0.06404771655797958
0.5275804400444031,1.5991489887237549,0.004996154457330704,0.06408371031284332
0.5254285931587219,1.5937952995300293,0.004742586985230446,0.06426850706338882
0.5254520177841187,1.5895367860794067,0.004628609865903854,0.0644039660692215
0.5237910747528076,1.5885393619537354,0.0047463662922382355,0.06433573365211487
0.522498607635498,1.5879417657852173,0.005192437209188938,0.06407848000526428
0.5228084921836853,1.5862327814102173,0.005686653312295675,0.06391692161560059
0.5235764384269714,1.5848541259765625,0.00629667192697525,0.06367520987987518
0.5235764384269714,1.5848541259765625,0.00629667192697525,0.06367520987987518
0.523847758769989,1.5818417072296143,0.006429269909858704,0.06336282938718796
0.5295875072479248,1.5672539472579956,0.0064705791883170605,0.06285811215639114
0.5362269878387451,1.5579254627227783,0.006459573283791542,0.062330301851034164
0.542634904384613,1.5431393384933472,0.0063609895296394825,0.0626247376203537
0.5463940501213074,1.5397253036499023,0.0060417987406253815,0.062193628400564194
0.5464693903923035,1.538139820098877,0.00590509781613946,0.06212499737739563
0.5481178164482117,1.5337917804718018,0.005583272781223059,0.062066178768873215
0.5489725470542908,1.5316486358642578,0.005432484205812216,0.061966150999069214
0.5499964952468872,1.5282803773880005,0.005270569585263729,0.061868250370025635
0.548679769039154,1.5263818502426147,0.005488208029419184,0.06179128959774971
0.5471120476722717,1.5242080688476562,0.005587059538811445,0.061753049492836
0.5452276468276978,1.5205978155136108,0.005873593036085367,0.06186685338616371
0.5407384634017944,1.5212570428848267,0.006478955503553152,0.061795540153980255
0.5384520888328552,1.5203664302825928,0.006616897415369749,0.06178683787584305
0.5376351475715637,1.5192546844482422,0.00630806852132082,0.06178060546517372
0.539713442325592,1.5161209106445312,0.006002352572977543,0.0617048442363739
0.535932719707489,1.514817476272583,0.006002555135637522,0.06354857981204987
0.5386046171188354,1.5144637823104858,0.006004711613059044,0.061883822083473206
0.5415458083152771,1.5100901126861572,0.005671041086316109,0.061819422990083694
0.5453956127166748,1.5063496828079224,0.005010457709431648,0.06212066113948822
0.5425547361373901,1.5070914030075073,0.0053946953266859055,0.061802491545677185
0.5464242100715637,1.50103759765625,0.005063191521912813,0.06169047951698303
0.5464242100715637,1.50103759765625,0.005063191521912813,0.06169047951698303
0.5483816266059875,1.4956527948379517,0.005133832339197397,0.06172845885157585
0.5491925477981567,1.4899455308914185,0.00554284080862999,0.06179196387529373
0.5474250316619873,1.490332841873169,0.006260490510612726,0.06202015280723572
0.5481660962104797,1.4892375469207764,0.005833295173943043,0.061773087829351425
0.5469192266464233,1.4877721071243286,0.005952498409897089,0.06179221719503403
0.5458056926727295,1.486136555671692,0.006364970002323389,0.061730314046144485
0.5460014343261719,1.483573079109192,0.006569176912307739,0.06163816526532173
0.5494396686553955,1.474794626235962,0.006930028088390827,0.06158938258886337
0.5523717999458313,1.4695919752120972,0.006607395596802235,0.061388880014419556
0.5580236911773682,1.459511160850525,0.006294917315244675,0.06141047924757004
0.5609211921691895,1.4555165767669678,0.005749844014644623,0.061224229633808136
0.5652499794960022,1.4474246501922607,0.0053096069023013115,0.06126461550593376
0.5674710273742676,1.4454435110092163,0.0050715552642941475,0.060888681560754776
0.56953364610672,1.439476490020752,0.004961882717907429,0.060984622687101364
0.5693570375442505,1.4382704496383667,0.005277744960039854,0.06086837500333786
0.5685845613479614,1.4369388818740845,0.00554316770285368,0.06084037944674492
0.568774938583374,1.4320213794708252,0.0059691122733056545,0.06091880798339844
0.5699334144592285,1.421549916267395,0.0059450953267514706,0.06102873384952545
0.5810492038726807,1.3965613842010498,0.012007571756839752,0.0630384311079979
0.5720858573913574,1.4102416038513184,0.007770367432385683,0.06128128618001938
0.5701828598976135,1.3991279602050781,0.006564652547240257,0.06181573495268822
0.5715999007225037,1.3958182334899902,0.006288413889706135,0.06135323643684387
0.5715999007225037,1.3958182334899902,0.006288413889706135,0.06135323643684387
0.5785888433456421,1.3814516067504883,0.006356906611472368,0.061535999178886414
0.5777712464332581,1.3819372653961182,0.006773645989596844,0.0611843541264534
0.5787270069122314,1.376346230506897,0.007512311916798353,0.061201706528663635
0.5788891911506653,1.3708508014678955,0.008799143135547638,0.06120987981557846
0.5792987942695618,1.3647651672363281,0.010062227956950665,0.061173852533102036
0.5771164298057556,1.3602795600891113,0.011493043974041939,0.061138056218624115
0.5755817890167236,1.3581355810165405,0.012199627235531807,0.06113966554403305
0.5741674900054932,1.3575019836425781,0.01179565954953432,0.06121279299259186
0.5740144848823547,1.3566575050354004,0.0113294692710042,0.06124653294682503
0.5744795799255371,1.353745460510254,0.010583076626062393,0.061393722891807556
0.5758296847343445,1.3479199409484863,0.009494280442595482,0.061594609171152115
0.5772672891616821,1.338663101196289,0.008267007768154144,0.06191372871398926
0.5902237892150879,1.3287358283996582,0.005506536457687616,0.06314529478549957
0.5804131627082825,1.3335776329040527,0.007369575090706348,0.06192426756024361
0.5795952677726746,1.3298237323760986,0.0067662810906767845,0.06182471662759781
0.577677309513092,1.3277274370193481,0.006453138776123524,0.06160765141248703
0.5746393799781799,1.333297848701477,0.0064215827733278275,0.0607299879193306
0.575820803642273,1.3306689262390137,0.006560947746038437,0.06035519763827324
0.5738005638122559,1.3347828388214111,0.006641710642725229,0.05965558812022209
0.5753427743911743,1.3311371803283691,0.006456666626036167,0.059472985565662384
0.5780473947525024,1.3254945278167725,0.0063302116468548775,0.05948525294661522
0.5780473947525024,1.3254945278167725,0.0063302116468548775,0.05948525294661522
0.5798414349555969,1.3204550743103027,0.006059812381863594,0.059575315564870834
0.5808055996894836,1.3168307542800903,0.0059708720073103905,0.05958486348390579
0.5818375945091248,1.315883755683899,0.0058268047869205475,0.05941357463598251
0.5734249949455261,1.3207664489746094,0.005400726106017828,0.0596403069794178
0.5743165612220764,1.3209184408187866,0.006498048081994057,0.05908181890845299
0.5778285264968872,1.3275684118270874,0.007925476878881454,0.06019791588187218
0.5746203064918518,1.3200141191482544,0.006717546842992306,0.05902332812547684
0.57472825050354,1.3207569122314453,0.006089447997510433,0.058849919587373734
0.5734609961509705,1.3224210739135742,0.0054733227007091045,0.05865224450826645
0.5740829706192017,1.3255728483200073,0.005136941093951464,0.058298204094171524
0.5736385583877563,1.3237128257751465,0.005293542519211769,0.058388907462358475
0.5680688619613647,1.3283321857452393,0.004576000850647688,0.05837693065404892
0.5662341117858887,1.325157642364502,0.00579221174120903,0.05849922075867653
0.567188560962677,1.3222442865371704,0.0063385567627847195,0.05838308110833168
0.5672768354415894,1.3195745944976807,0.007245885208249092,0.05827733501791954
0.5661495923995972,1.318906545639038,0.007888918742537498,0.05820750072598457
0.5647457838058472,1.317729115486145,0.008986471220850945,0.05798586085438728
0.5569146275520325,1.3287979364395142,0.008061060681939125,0.058241039514541626
0.5614768266677856,1.320391058921814,0.008668487891554832,0.057885196059942245
0.560240626335144,1.3200260400772095,0.009427987039089203,0.05772853642702103
0.5591002702713013,1.320769190788269,0.009706038050353527,0.05757756903767586
0.557854950428009,1.3213878870010376,0.009806238114833832,0.05742412060499191
0.5552752017974854,1.3226568698883057,0.009545937180519104,0.05719318240880966
0.5552752017974854,1.3226568698883057,0.009545937180519104,0.05719318240880966
0.5525883436203003,1.3210067749023438,0.009409049525856972,0.05716254934668541
0.5501226186752319,1.3212571144104004,0.009012633934617043,0.05695208162069321
0.5487949848175049,1.3203980922698975,0.00833277590572834,0.05672161281108856
0.5496891140937805,1.315970778465271,0.00843957718461752,0.05637632682919502
0.5536419153213501,1.3142335414886475,0.006861429661512375,0.05617227405309677
0.5502344965934753,1.3152996301651,0.0071958210319280624,0.055649999529123306
0.5478687286376953,1.3130714893341064,0.00859764963388443,0.05538858845829964
0.544624388217926,1.3138006925582886,0.009572562761604786,0.05491136014461517
0.541754961013794,1.3136837482452393,0.009786484763026237,0.05479251220822334
0.5376787185668945,1.3158364295959473,0.009505807422101498,0.0545254610478878
0.5297293663024902,1.3199703693389893,0.008875725790858269,0.05436895415186882
0.5198161602020264,1.325682520866394,0.009136868640780449,0.05418888479471207
0.5131401419639587,1.3286712169647217,0.008487071841955185,0.0540524497628212
0.5082681179046631,1.3305473327636719,0.008713573217391968,0.053944263607263565
0.5057492852210999,1.3302279710769653,0.00916606280952692,0.05397142842411995
0.5008388757705688,1.3312368392944336,0.009355774149298668,0.05394229292869568
0.49270910024642944,1.3313946723937988,0.009554057382047176,0.054068535566329956
0.48030662536621094,1.3451412916183472,0.004527087323367596,0.055030643939971924
0.4878930151462555,1.3350324630737305,0.007478894665837288,0.05410768836736679
0.4830654263496399,1.3362585306167603,0.006782780401408672,0.054086603224277496
0.4789152443408966,1.3374457359313965,0.005728584714233875,0.05405762046575546
0.4789152443408966,1.3374457359313965,0.005728584714233875,0.05405762046575546
0.4761740267276764,1.3390122652053833,0.005548189394176006,0.053928568959236145
0.4726216495037079,1.3369910717010498,0.005444132722914219,0.054189279675483704
0.4730118215084076,1.3356069326400757,0.005573824048042297,0.05408046767115593
0.4750717580318451,1.330528974533081,0.005695907399058342,0.05415411293506622
0.4783247113227844,1.3227044343948364,0.0057534342631697655,0.05434190481901169
0.48124784231185913,1.314523458480835,0.006008720491081476,0.054558925330638885
0.48030513525009155,1.3110462427139282,0.005586042068898678,0.0548587292432785
0.4790659546852112,1.3091148138046265,0.005800254642963409,0.05492720007896423
0.47626373171806335,1.311435341835022,0.005884841084480286,0.054795168340206146
0.4692731201648712,1.317554235458374,0.005481998436152935,0.05459707975387573
0.46717849373817444,1.3129982948303223,0.005549094174057245,0.05542398989200592
0.46823275089263916,1.3149105310440063,0.005499190650880337,0.05484500527381897
0.4698164165019989,1.3123865127563477,0.005434675142168999,0.05481405556201935
0.47211700677871704,1.3061625957489014,0.004975347314029932,0.05505230277776718
0.4737893342971802,1.302513599395752,0.004520196933299303,0.0551316924393177
0.4743238389492035,1.2978763580322266,0.0036766096018254757,0.055344853550195694
0.4743026793003082,1.2962381839752197,0.003377782180905342,0.055356960743665695
0.4728282690048218,1.2949793338775635,0.00320210843347013,0.05546153336763382
0.4724907875061035,1.293477177619934,0.0033046440221369267,0.0554361455142498
0.47304660081863403,1.2891532182693481,0.003430362790822983,0.05551870912313461
0.4775335490703583,1.2846529483795166,0.0031703587155789137,0.05586899816989899
0.4744330048561096,1.2864127159118652,0.003336226101964712,0.05550907552242279
0.4744330048561096,1.2864127159118652,0.003336226101964712,0.05550907552242279
0.47713303565979004,1.2830004692077637,0.0034582135267555714,0.05530216172337532
0.48151710629463196,1.275275707244873,0.003460891544818878,0.0553002655506134
0.48370620608329773,1.2738956212997437,0.00353954266756773,0.05502435937523842
0.48546209931373596,1.2703368663787842,0.0036791888996958733,0.0549112968146801
0.4847838580608368,1.266046404838562,0.0037084384821355343,0.05488741397857666
0.48300841450691223,1.2602826356887817,0.003950660582631826,0.055164363235235214
0.4829888343811035,1.2592519521713257,0.0037054847925901413,0.05493050068616867
0.48325005173683167,1.2555046081542969,0.0032995808869600296,0.05490441247820854
0.47863247990608215,1.2571202516555786,0.0035108509473502636,0.05470801889896393
0.4820230007171631,1.250950574874878,0.0034295381046831608,0.054605986922979355
0.48534855246543884,1.2454475164413452,0.003451382741332054,0.05443986877799034
0.48649367690086365,1.2449933290481567,0.0037766825407743454,0.0540873222053051
0.4850614368915558,1.2448300123214722,0.003668938996270299,0.054042208939790726
0.48225855827331543,1.2488517761230469,0.0036551575176417828,0.05375085026025772
0.47966694831848145,1.251526117324829,0.00366807309910655,0.053599994629621506
0.47838640213012695,1.2535679340362549,0.003715869039297104,0.053406380116939545
0.47731509804725647,1.254971981048584,0.003922160714864731,0.05314569175243378
0.477204829454422,1.2550736665725708,0.00427293311804533,0.052891816943883896
0.47776392102241516,1.253972053527832,0.004883205983787775,0.052648916840553284
0.4787936210632324,1.2528489828109741,0.005346869118511677,0.05238601565361023
0.4787936210632324,1.2528489828109741,0.005346869118511677,0.05238601565361023
0.48092731833457947,1.2494795322418213,0.006197149865329266,0.05220895633101463
0.48080408573150635,1.2493252754211426,0.005864267703145742,0.052178241312503815
0.4814111590385437,1.2480541467666626,0.006172390654683113,0.052060000598430634
0.48099008202552795,1.2483123540878296,0.005924983415752649,0.05188562348484993
0.48151761293411255,1.248087763786316,0.005805137567222118,0.051699332892894745
0.48168015480041504,1.2482388019561768,0.005563861690461636,0.05150573328137398
0.4827761650085449,1.2463836669921875,0.005688230507075787,0.05135253444314003
0.483271986246109,1.2460315227508545,0.0056982943788170815,0.051095232367515564
0.48371097445487976,1.2430908679962158,0.006881095468997955,0.05151201784610748
0.48316895961761475,1.244525671005249,0.006078681908547878,0.0511297844350338
0.482754111289978,1.2434805631637573,0.0062399753369390965,0.051073603332042694
0.4801071286201477,1.2426701784133911,0.006683842279016972,0.050929948687553406
0.4790191650390625,1.242332100868225,0.006195442751049995,0.0509188286960125
0.47755321860313416,1.2422351837158203,0.006224305834621191,0.0508313812315464
0.47340133786201477,1.243276834487915,0.005637983791530132,0.050699587911367416
0.48249879479408264,1.2366572618484497,0.00506865419447422,0.050998881459236145
0.47559186816215515,1.2406843900680542,0.005474270787090063,0.050656840205192566
0.47417744994163513,1.240336537361145,0.005127773620188236,0.050596654415130615
0.4727741479873657,1.2384791374206543,0.0047227684408426285,0.05039222165942192
0.4713962972164154,1.2369056940078735,0.00405588373541832,0.05018716678023338
0.4697457551956177,1.2349172830581665,0.005367175210267305,0.049956269562244415
0.46874114871025085,1.234001874923706,0.004997593350708485,0.04964417219161987
0.46874114871025085,1.234001874923706,0.004997593350708485,0.04964417219161987
0.4655444622039795,1.2369980812072754,0.004852476995438337,0.04907691478729248
0.46277883648872375,1.2391120195388794,0.004724452737718821,0.04880201071500778
0.45888110995292664,1.2422889471054077,0.004378186538815498,0.04851066693663597
0.4564822316169739,1.243212103843689,0.004054903984069824,0.04843868687748909
0.4547654986381531,1.2439818382263184,0.0038269495125859976,0.0482947938144207
0.4544679522514343,1.2417387962341309,0.0037093423306941986,0.04827871918678284
0.45488861203193665,1.2389936447143555,0.004041752777993679,0.04815316200256348
0.4538327157497406,1.2363965511322021,0.0045518213883042336,0.047842834144830704
0.45103609561920166,1.235673427581787,0.005996056832373142,0.04739014059305191
0.4575204849243164,1.2307782173156738,0.006682411301881075,0.047473542392253876
0.4531325697898865,1.233099102973938,0.006243449170142412,0.04724397510290146
0.45183640718460083,1.2321228981018066,0.006518011912703514,0.047108735889196396
0.44876107573509216,1.2300987243652344,0.006145045161247253,0.04713739827275276
0.44628462195396423,1.226180911064148,0.005705606192350388,0.04723355174064636
0.44139382243156433,1.2207030057907104,0.004944069776684046,0.04770845174789429
0.4389984607696533,1.218509316444397,0.004596323240548372,0.047669947147369385
0.43698737025260925,1.216636061668396,0.004491222091019154,0.04768780991435051
0.4358159601688385,1.218650221824646,0.0051548173651099205,0.047246791422367096
0.4349464178085327,1.2175970077514648,0.0056756362318992615,0.047135330736637115
0.4343562722206116,1.2160227298736572,0.006740122102200985,0.04692260921001434
0.43410786986351013,1.2143641710281372,0.007036848925054073,0.046809498220682144
0.43410786986351013,1.2143641710281372,0.007036848925054073,0.046809498220682144
0.4318847060203552,1.2156873941421509,0.006789864972233772,0.04664037749171257
0.43175777792930603,1.2126293182373047,0.006210708990693092,0.04680781066417694
0.4323350191116333,1.2121264934539795,0.005955081433057785,0.046727534383535385
0.432138592004776,1.211172103881836,0.0052956645376980305,0.04662158340215683
0.4383857846260071,1.2054860591888428,0.005021726246923208,0.04661663994193077
0.4350561499595642,1.2079213857650757,0.005164916627109051,0.0465066023170948
0.4350444972515106,1.2066352367401123,0.004967307206243277,0.046310991048812866
0.4340151846408844,1.2065743207931519,0.00463616568595171,0.045882027596235275
0.4332488179206848,1.2058838605880737,0.00460568442940712,0.04573197290301323
0.43096253275871277,1.2046042680740356,0.0043860506266355515,0.045539919286966324
0.42996662855148315,1.2026939392089844,0.0055406466126441956,0.045728348195552826
0.43005630373954773,1.2029770612716675,0.004939326085150242,0.045458391308784485
0.42631152272224426,1.202266812324524,0.004575593397021294,0.04532337933778763
0.4246842563152313,1.2008750438690186,0.004829415585845709,0.04516816884279251
0.4233548045158386,1.1980390548706055,0.005240201950073242,0.04517052695155144
0.4239735007286072,1.1934645175933838,0.005934722721576691,0.04502994567155838
0.424849271774292,1.1838968992233276,0.007046615704894066,0.045124415308237076
0.42803025245666504,1.1777687072753906,0.007854189723730087,0.04486754909157753
0.429736465215683,1.1706786155700684,0.008062029257416725,0.04500901326537132
0.4308314919471741,1.1684958934783936,0.007712680846452713,0.04488309100270271
0.4323301613330841,1.1652520895004272,0.007513075135648251,0.044814351946115494
0.4326871633529663,1.1620404720306396,0.007014753762632608,0.04487859457731247
0.4326871633529663,1.1620404720306396,0.007014753762632608,0.04487859457731247
0.4344632029533386,1.1573148965835571,0.007907390594482422,0.044900551438331604
0.4335035979747772,1.155848741531372,0.00803722906857729,0.04500843957066536
0.4328779876232147,1.1540710926055908,0.008020799607038498,0.04507916420698166
0.4309639632701874,1.1514160633087158,0.00846901722252369,0.045342158526182175
0.43179047107696533,1.1492149829864502,0.008391606621444225,0.04528096318244934
0.4354172945022583,1.1417754888534546,0.00817774422466755,0.045270517468452454
0.4375448226928711,1.137943148612976,0.008324525319039822,0.045194149017333984
0.4419446885585785,1.1283036470413208,0.00889114011079073,0.0452825091779232
0.44400647282600403,1.1242482662200928,0.00893195066601038,0.04515863582491875
0.44597193598747253,1.1175823211669922,0.008665096014738083,0.045415230095386505
0.4441741704940796,1.1198501586914062,0.0076739611104130745,0.04521705210208893
0.44027698040008545,1.1229007244110107,0.006200581789016724,0.04512908682227135
0.4348984956741333,1.1259944438934326,0.004755430389195681,0.04510541632771492
0.43193158507347107,1.1276915073394775,0.0035348236560821533,0.04508586227893829
0.4306473135948181,1.1258113384246826,0.002813836792483926,0.045139413326978683
0.43120914697647095,1.1218571662902832,0.0024824291467666626,0.045181985944509506
0.43232637643814087,1.1167964935302734,0.0024519844446331263,0.045206841081380844
0.43340611457824707,1.111391544342041,0.0026237014681100845,0.0453500896692276
0.43070024251937866,1.1101809740066528,0.0028180740773677826,0.04551287367939949
0.4293949007987976,1.1121021509170532,0.002997030271217227,0.04528188705444336
0.4293949007987976,1.1121021509170532,0.002997030271217227,0.04528188705444336
0.4274021089076996,1.1122896671295166,0.003043706063181162,0.04529707878828049
0.42618244886398315,1.1130924224853516,0.0030244924128055573,0.04521994665265083
0.4259510040283203,1.1124719381332397,0.003134738188236952,0.045021433383226395
0.42692291736602783,1.111821174621582,0.0031437724828720093,0.04476739838719368
0.42846623063087463,1.110938549041748,0.003442798275500536,0.04446757584810257
0.4289429485797882,1.11159348487854,0.003372432431206107,0.04413594678044319
0.42782747745513916,1.111631989479065,0.003575678449124098,0.04402158781886101
0.42656317353248596,1.1117019653320312,0.0036591803655028343,0.04385143518447876
0.4205029010772705,1.1131091117858887,0.004581961780786514,0.044094912707805634
0.4206605553627014,1.113142967224121,0.00409090518951416,0.04373413696885109
0.4219242334365845,1.1103100776672363,0.0036761038936674595,0.04366433992981911
0.4194243252277374,1.110572338104248,0.003289103042334318,0.04366220906376839
0.4189416170120239,1.1087775230407715,0.003077646717429161,0.04371717944741249
0.41722920536994934,1.1093921661376953,0.003059148322790861,0.043668054044246674
0.41310378909111023,1.1125315427780151,0.0028620241209864616,0.043417900800704956
0.4015570282936096,1.1257013082504272,0.0025891088880598545,0.04349242523312569
0.40801265835762024,1.1170151233673096,0.0027493832167237997,0.043302785605192184
0.4081297218799591,1.1146332025527954,0.0031220666132867336,0.04322102293372154
0.4050387144088745,1.1149567365646362,0.0030093048699200153,0.04307654872536659
0.40408459305763245,1.111895203590393,0.003162927692756057,0.0432431697845459
0.40236324071884155,1.110184669494629,0.0027351833414286375,0.043160583823919296
0.40236324071884155,1.110184669494629,0.0027351833414286375,0.043160583823919296
0.40150153636932373,1.1089646816253662,0.002589020412415266,0.043099675327539444
0.400857537984848,1.1065361499786377,0.0024744761176407337,0.04312645271420479
0.40546756982803345,1.1005226373672485,0.002781118266284466,0.04297153651714325
0.4047873914241791,1.100754737854004,0.0028196959756314754,0.04275374859571457
0.40464478731155396,1.0981311798095703,0.002722087549045682,0.042941972613334656
0.4048062860965729,1.0983189344406128,0.0027293164748698473,0.0428323931992054
0.40533655881881714,1.0971617698669434,0.0027309157885611057,0.042751628905534744
0.40583932399749756,1.0952080488204956,0.002708961721509695,0.0427628755569458
0.40613120794296265,1.0922458171844482,0.002548736287280917,0.04282565414905548
0.4064178466796875,1.088782548904419,0.0023791748099029064,0.04289906471967697
0.4049772620201111,1.0870743989944458,0.002271164208650589,0.043011490255594254
0.4057367742061615,1.0847790241241455,0.0021338588558137417,0.04289042949676514
0.4056457579135895,1.0838918685913086,0.0020247309003025293,0.04267287254333496
0.40596362948417664,1.081136703491211,0.001964832888916135,0.04269172251224518
0.4064526855945587,1.0790075063705444,0.0018945523770526052,0.042593516409397125
0.4074878990650177,1.0738810300827026,0.0017409637803211808,0.042808715254068375
0.4081839919090271,1.071736216545105,0.0016983798705041409,0.04281925782561302
0.40852615237236023,1.0687121152877808,0.0016300042625516653,0.04297696426510811
0.4078162908554077,1.067009687423706,0.0015978289302438498,0.043072886765003204
0.4069295823574066,1.064640998840332,0.0016617318615317345,0.043157000094652176
0.4069295823574066,1.064640998840332,0.0016617318615317345,0.043157000094652176
0.4050421118736267,1.0648013353347778,0.0018771194154396653,0.043058641254901886
0.4035816490650177,1.064507007598877,0.00238143652677536,0.042930807918310165
0.4022670090198517,1.0648777484893799,0.0031146896071732044,0.042729251086711884
0.4007485508918762,1.0634384155273438,0.004045003559440374,0.0426749624311924
0.39756983518600464,1.0632389783859253,0.005563279613852501,0.042587604373693466
0.39690864086151123,1.0613080263137817,0.005780921317636967,0.042568933218717575
0.3957539498806,1.0578811168670654,0.005704440176486969,0.04274626821279526
0.39501872658729553,1.056544303894043,0.005313709378242493,0.04279373586177826
0.39439132809638977,1.0538616180419922,0.004995682276785374,0.04299464449286461
0.39449045062065125,1.0523321628570557,0.004920420236885548,0.0429890938103199
0.39439064264297485,1.0500339269638062,0.004969485104084015,0.04312233626842499
0.3938214182853699,1.0484023094177246,0.005205586552619934,0.04316767305135727
0.3925890028476715,1.0465738773345947,0.005503268912434578,0.043332405388355255
0.39113742113113403,1.0454219579696655,0.005748223513364792,0.043474067002534866
0.38902950286865234,1.0424836874008179,0.006115577183663845,0.0438230000436306
0.38725578784942627,1.0420533418655396,0.00619248952716589,0.04391949996352196
0.3854486644268036,1.0408096313476562,0.006152162794023752,0.04410135746002197
0.38329803943634033,1.0417817831039429,0.007421889808028936,0.044338908046483994
0.3845904767513275,1.0407077074050903,0.006578412838280201,0.04406106099486351
0.378863126039505,1.0406498908996582,0.0049806684255599976,0.045553091913461685
0.3824210464954376,1.0398151874542236,0.006049092393368483,0.044243309646844864
0.3870997130870819,1.0376524925231934,0.005538265220820904,0.04418981075286865
0.38397765159606934,1.0385948419570923,0.005837019067257643,0.044106096029281616
0.38397765159606934,1.0385948419570923,0.005837019067257643,0.044106096029281616
0.3854733407497406,1.0375901460647583,0.00588690210133791,0.04390133172273636
0.3857302665710449,1.0351192951202393,0.005819116719067097,0.04395012930035591
0.3861319124698639,1.035839557647705,0.0053430539555847645,0.043733492493629456
0.3847586512565613,1.035754680633545,0.004922748543322086,0.04377085343003273
0.38159942626953125,1.0364725589752197,0.005064091645181179,0.044209521263837814
0.383367657661438,1.0354728698730469,0.004977348260581493,0.04384457692503929
0.3810746967792511,1.0352150201797485,0.004813963547348976,0.04395353049039841
0.38035181164741516,1.034237027168274,0.005034048110246658,0.04397159814834595
0.37980902194976807,1.033919095993042,0.005360417068004608,0.04384949430823326
0.3802814781665802,1.0326582193374634,0.005743867717683315,0.04369122534990311
0.38133031129837036,1.0318866968154907,0.005856811534613371,0.04343297705054283
0.38278067111968994,1.0300073623657227,0.005764882080256939,0.04324569180607796
0.38410237431526184,1.0284792184829712,0.005541159771382809,0.04303004592657089
0.3845289945602417,1.0263946056365967,0.005597709212452173,0.04301263764500618
0.3843446969985962,1.0248634815216064,0.005751630291342735,0.04292914643883705
0.3838706314563751,1.0228794813156128,0.006199919153004885,0.0429195836186409
0.3832907974720001,1.022341251373291,0.006688263732939959,0.042815737426280975
0.3822297751903534,1.0214632749557495,0.007391368970274925,0.04273083806037903
0.38108497858047485,1.0218186378479004,0.00795094296336174,0.04257722571492195
0.38041219115257263,1.0211036205291748,0.008665252476930618,0.0424271859228611
0.37981978058815,1.020201325416565,0.009220853447914124,0.04224737361073494
0.37981978058815,1.020201325416565,0.009220853447914124,0.04224737361073494
0.37725457549095154,1.0212973356246948,0.012183787301182747,0.04380642995238304
0.3790249228477478,1.0191789865493774,0.009720593690872192,0.04229311645030975
0.379288911819458,1.017214298248291,0.009437092579901218,0.042251527309417725
0.3817391097545624,1.0129913091659546,0.011646793223917484,0.042503613978624344
0.38008251786231995,1.0148338079452515,0.01021936908364296,0.04218122735619545
0.3829120993614197,1.0079025030136108,0.007744794711470604,0.04265345633029938
0.3820264935493469,1.0077004432678223,0.008578009903430939,0.0421922393143177
0.3811571002006531,1.0064985752105713,0.008682921528816223,0.042121682316064835
0.3824455142021179,1.0054435729980469,0.00833625253289938,0.04189230129122734
0.38222306966781616,1.0024378299713135,0.007792518008500338,0.04205985367298126
0.38259246945381165,1.000868320465088,0.006974476855248213,0.042005639523267746
0.3829035460948944,1.0000790357589722,0.005981873720884323,0.04179324954748154
0.3823271095752716,1.0008482933044434,0.005197774153202772,0.04155401140451431
0.3803320527076721,1.0049042701721191,0.004170405678451061,0.041189756244421005
0.3871751129627228,1.0120502710342407,0.005384133663028479,0.04178968071937561
0.38113099336624146,1.0042436122894287,0.004437595140188932,0.040913525968790054
0.3780822157859802,1.0068466663360596,0.0032364961225539446,0.040776558220386505
0.37902024388313293,1.005556344985962,0.003123870585113764,0.0405048131942749
0.3811192214488983,1.0035065412521362,0.002967539243400097,0.04031743109226227
0.3829295039176941,1.0014421939849854,0.0026844863314181566,0.0402456670999527
0.3854862153530121,0.9990378618240356,0.0025631021708250046,0.040068697184324265
0.38880181312561035,0.9961346983909607,0.0021874154917895794,0.039880089461803436
0.3885309398174286,0.9940211176872253,0.002310583833605051,0.03993574529886246
0.3885309398174286,0.9940211176872253,0.002310583833605051,0.03993574529886246
0.3863668739795685,0.9952489733695984,0.002451807726174593,0.039877474308013916
0.38297542929649353,0.9971928000450134,0.002538741799071431,0.03984124958515167
0.3819601535797119,0.9966195225715637,0.002940391656011343,0.03986377269029617
0.38096365332603455,0.9951831102371216,0.0029487870633602142,0.03991517052054405
0.3787795305252075,0.9934719204902649,0.0034644375555217266,0.039942771196365356
0.3798508048057556,0.9914143681526184,0.0031941691413521767,0.0398591011762619
0.38100525736808777,0.9902064204216003,0.003183856839314103,0.0397285558283329
0.3814307749271393,0.9885059595108032,0.0033292192965745926,0.03968926519155502
0.381085067987442,0.9859346747398376,0.003377471584826708,0.03971952944993973
0.3805999755859375,0.9798222780227661,0.0035479706712067127,0.03995185345411301
0.3788953423500061,0.9747782945632935,0.0033281261567026377,0.04028768092393875
0.37955278158187866,0.9681642651557922,0.0030175577849149704,0.040713418275117874
0.37870097160339355,0.9682861566543579,0.003012689296156168,0.040699552744627
0.37909966707229614,0.9658728241920471,0.002650713548064232,0.04064767807722092
0.3802252411842346,0.9659328460693359,0.0026655737310647964,0.04039629548788071
0.37988436222076416,0.9636580944061279,0.0027451985515654087,0.04055428504943848
0.38023850321769714,0.9603242874145508,0.002761807758361101,0.040675532072782516
0.38048917055130005,0.95893794298172,0.002741167787462473,0.04070882499217987
0.38056352734565735,0.9571035504341125,0.0027096252888441086,0.040754057466983795
0.38085588812828064,0.9547146558761597,0.0028090146370232105,0.04073011130094528
0.38085588812828064,0.9547146558761597,0.0028090146370232105,0.04073011130094528
0.38047030568122864,0.9518675208091736,0.002769025508314371,0.04079655930399895
0.38027477264404297,0.951068103313446,0.0028546773828566074,0.04067540913820267
0.3797987103462219,0.9479573369026184,0.0028918259777128696,0.04082115367054939
0.37877652049064636,0.9470213651657104,0.0028879749588668346,0.040771935135126114
0.3784704804420471,0.9434638023376465,0.0028735678642988205,0.040911998599767685
0.37883684039115906,0.9408514499664307,0.0028826817870140076,0.04083159193396568
0.37935203313827515,0.935964822769165,0.0029128724709153175,0.040977995842695236
0.38140639662742615,0.9345654845237732,0.0029539410024881363,0.04077231138944626
0.3816755712032318,0.9329282641410828,0.0029276120476424694,0.04080796241760254
0.3820013403892517,0.9317494630813599,0.002889844821766019,0.04076794534921646
0.3821448087692261,0.9319082498550415,0.002840251661837101,0.040678124874830246
0.37462663650512695,0.9349034428596497,0.0025023729540407658,0.041404590010643005
0.3789541721343994,0.9322488307952881,0.0027019837871193886,0.040801260620355606
0.3793966770172119,0.9324283599853516,0.002231299877166748,0.040663063526153564
0.3798632323741913,0.9300894141197205,0.002504387404769659,0.040601152926683426
0.38026508688926697,0.9280184507369995,0.0027556889690458775,0.04057914763689041
0.3809683322906494,0.9247021675109863,0.002829961245879531,0.04065278172492981
0.38204312324523926,0.9203810691833496,0.0028238880913704634,0.04073796793818474
0.3829987347126007,0.9151426553726196,0.0027516880072653294,0.04092354699969292
0.38433852791786194,0.9114804267883301,0.002745938254520297,0.040899790823459625
0.3848857581615448,0.9071794748306274,0.0028755231760442257,0.04104173555970192
0.3848857581615448,0.9071794748306274,0.0028755231760442257,0.04104173555970192
0.3846348822116852,0.9071797132492065,0.003094037529081106,0.040890928357839584
0.38443681597709656,0.9061447978019714,0.0033475763630121946,0.040846213698387146
0.38429972529411316,0.9049829244613647,0.0036249984987080097,0.040757011622190475
0.38628503680229187,0.9010227918624878,0.004018672276288271,0.040719568729400635
0.3873220384120941,0.8981708884239197,0.0038084860425442457,0.040784455835819244
0.3877899646759033,0.8972563147544861,0.004057474434375763,0.040678415447473526
0.3883000910282135,0.8959354758262634,0.0038415370509028435,0.04070612043142319
0.3883056640625,0.8951811790466309,0.0036369571462273598,0.04071466997265816
0.3874172568321228,0.8933722376823425,0.003422087524086237,0.04084251448512077
0.38557058572769165,0.8926550149917603,0.0034313914366066456,0.04092671349644661
0.385774701833725,0.8926122188568115,0.0034498306922614574,0.040733110159635544
0.38491711020469666,0.89155113697052,0.003688210155814886,0.040673479437828064
0.3822115361690521,0.8925607800483704,0.0035155005753040314,0.04063910245895386
0.37788182497024536,0.8927860856056213,0.0031251274049282074,0.04076974466443062
0.3732288181781769,0.8934625387191772,0.0025046246591955423,0.040816158056259155
0.3687761127948761,0.8918083906173706,0.001895833178423345,0.04105224460363388
0.36594855785369873,0.8936237096786499,0.0015416343230754137,0.0409294068813324
0.36580565571784973,0.8898021578788757,0.0015081929741427302,0.0411543995141983
0.3662339746952057,0.8890020847320557,0.0016342264134436846,0.04105197265744209
0.3664718568325043,0.8884508609771729,0.001849318970926106,0.040911052376031876
0.3664718568325043,0.8884508609771729,0.001849318970926106,0.040911052376031876
0.36468306183815,0.8884793519973755,0.001979381311684847,0.040958989411592484
0.36162376403808594,0.888215959072113,0.0021306867711246014,0.0410924106836319
0.35973548889160156,0.8875203132629395,0.002100954297930002,0.04118463024497032
0.3526082932949066,0.8887235522270203,0.002219424583017826,0.0415973961353302
0.35288429260253906,0.8855637311935425,0.002550574252381921,0.04145267605781555
0.3539474606513977,0.8820590972900391,0.0024854799266904593,0.04135941341519356
0.35494115948677063,0.8779110312461853,0.0024817734956741333,0.04127839580178261
0.3563706576824188,0.8777469992637634,0.002250656019896269,0.04157377406954765
0.3551103174686432,0.8764934539794922,0.0024024241138249636,0.04128606617450714
0.3530183732509613,0.8749452829360962,0.0023449098225682974,0.041322268545627594
0.3506738543510437,0.8737446069717407,0.002096189884468913,0.04124340042471886
0.3475694954395294,0.8753858804702759,0.0017752547282725573,0.04107785224914551
0.3432203233242035,0.8758596181869507,0.0014579390408471227,0.04169576242566109
0.34561076760292053,0.8739590048789978,0.0016244836151599884,0.041285865008831024
0.3465585708618164,0.8734896183013916,0.0014890155289322138,0.04104365035891533
0.34632009267807007,0.8731863498687744,0.0014120046980679035,0.040925391018390656
0.34720098972320557,0.8711035251617432,0.001369495876133442,0.04081122949719429
0.34676599502563477,0.870229959487915,0.0013820684980601072,0.04075782373547554
0.3455027639865875,0.8702746629714966,0.001442312146537006,0.04067171737551689
0.344210147857666,0.8711069822311401,0.0015766529832035303,0.0404985286295414
0.34331732988357544,0.8716771006584167,0.0017236866988241673,0.040312815457582474
0.3418678939342499,0.8724279403686523,0.00204315222799778,0.03988096863031387
0.3418678939342499,0.8724279403686523,0.00204315222799778,0.03988096863031387
0.3406361937522888,0.8712922930717468,0.0023951255716383457,0.039571091532707214
0.3402366042137146,0.8693071007728577,0.002740635769441724,0.03944643586874008
0.34141355752944946,0.8663548231124878,0.0024330420419573784,0.03926805406808853
0.3421463072299957,0.8638550639152527,0.0023597897961735725,0.039196934551000595
0.34369468688964844,0.8618739247322083,0.002450002823024988,0.03895854949951172
0.3434416353702545,0.8598656058311462,0.002625049091875553,0.03895951434969902
0.34327954053878784,0.8560299873352051,0.0035220817662775517,0.038880303502082825
0.34111204743385315,0.8551974892616272,0.003976537846028805,0.03887227177619934
0.34011170268058777,0.8533387184143066,0.004720302298665047,0.03879835456609726
0.33904725313186646,0.8525925278663635,0.0051505183801054955,0.038694627583026886
0.3379219174385071,0.8519958257675171,0.004880220163613558,0.038665879517793655
0.33568552136421204,0.8518385887145996,0.0035313109401613474,0.03852247819304466
0.3342709541320801,0.8503382205963135,0.003412174992263317,0.03838792070746422
0.3327849507331848,0.849671483039856,0.0030253531876951456,0.03812504932284355
0.32962802052497864,0.8502366542816162,0.0028289640322327614,0.03797973319888115
0.3300968110561371,0.8486641645431519,0.0029832664877176285,0.03776160627603531
0.3297150731086731,0.847217321395874,0.003264414379373193,0.03761190176010132
0.32949888706207275,0.8456909656524658,0.0034922342747449875,0.037506114691495895
0.3288053870201111,0.8445206880569458,0.003615572350099683,0.03748820722103119
0.3284391164779663,0.8447121977806091,0.0037124096415936947,0.037341296672821045
0.3284391164779663,0.8447121977806091,0.0037124096415936947,0.037341296672821045
0.327416330575943,0.8450389504432678,0.0037818094715476036,0.03724704310297966
0.32694143056869507,0.8469903469085693,0.003866662736982107,0.03695885092020035
0.32579588890075684,0.8478858470916748,0.003867107443511486,0.036837365478277206
0.3251705765724182,0.8486562967300415,0.004029614385217428,0.03667980059981346
0.3242253065109253,0.8487701416015625,0.004034361802041531,0.036610253155231476
0.32261982560157776,0.8495892286300659,0.0038129230961203575,0.03655235469341278
0.32115229964256287,0.8500690460205078,0.0034508556127548218,0.036671433597803116
0.32173722982406616,0.8494889140129089,0.003613895270973444,0.03659981116652489
0.32095152139663696,0.8493700623512268,0.0034592512529343367,0.036605797708034515
0.3195558786392212,0.849881649017334,0.0031196195632219315,0.03658111393451691
0.31860730051994324,0.8500968217849731,0.00295180082321167,0.03656868264079094
0.3180205821990967,0.8504515886306763,0.00279719615355134,0.03650236502289772
0.3176935017108917,0.8500391840934753,0.002855368424206972,0.036403581500053406
0.317597895860672,0.8496032953262329,0.0029379616025835276,0.03622434288263321
0.31672364473342896,0.8488383293151855,0.0031955400481820107,0.036110516637563705
0.31568872928619385,0.8480230569839478,0.0030356780625879765,0.03598638251423836
0.3067224621772766,0.8566906452178955,0.008321881294250488,0.038164958357810974
0.3139958679676056,0.8480754494667053,0.003587409621104598,0.03601973131299019
0.3116711378097534,0.8481513857841492,0.0036386214196681976,0.03608202561736107
0.31099268794059753,0.8474379181861877,0.0036265309900045395,0.03594198077917099
0.30976057052612305,0.8465691804885864,0.00353412888944149,0.035871099680662155
0.3087625503540039,0.844302773475647,0.003417885396629572,0.03588886559009552
0.3087625503540039,0.844302773475647,0.003417885396629572,0.03588886559009552
0.30874475836753845,0.8426880240440369,0.0032555279321968555,0.03580684959888458
0.3083842992782593,0.841221034526825,0.0030874069780111313,0.03587660565972328
0.30966058373451233,0.8405853509902954,0.0029649478383362293,0.03571116924285889
0.3103363513946533,0.8396896123886108,0.002855167957022786,0.0356350839138031
0.3105013370513916,0.8387264609336853,0.002425604034215212,0.0355079211294651
0.3102754056453705,0.8372020125389099,0.0021961284801363945,0.035500962287187576
0.3099059462547302,0.8369529843330383,0.001975739374756813,0.03546051308512688
0.3087999224662781,0.8371579647064209,0.0018947977805510163,0.03539353236556053
0.30816128849983215,0.8368396162986755,0.0017913822084665298,0.03534872084856033
0.30839431285858154,0.835864782333374,0.0018996985163539648,0.03526851162314415
0.31035754084587097,0.8343052864074707,0.002037778263911605,0.03507092595100403
0.3108605742454529,0.8320440053939819,0.0023965712171047926,0.035094622522592545
0.31070026755332947,0.8314720988273621,0.0024571723770350218,0.03504980728030205
0.3106430172920227,0.8308025598526001,0.0024222848005592823,0.03501775488257408
0.3111231327056885,0.8290164470672607,0.002197111491113901,0.035099662840366364
0.3113603889942169,0.8286293148994446,0.002032462740316987,0.03498505428433418
0.31183522939682007,0.8278046250343323,0.001832073787227273,0.03487825393676758
0.3122366666793823,0.826636791229248,0.0017677359282970428,0.03485903516411781
0.3130348324775696,0.8246461153030396,0.001751359086483717,0.034849874675273895
0.3137762248516083,0.821838915348053,0.0018161438638344407,0.034826960414648056
0.3137762248516083,0.821838915348053,0.0018161438638344407,0.034826960414648056
0.3138880729675293,0.8202335834503174,0.001907209400087595,0.0347990021109581
0.3143436014652252,0.8187384009361267,0.001964996801689267,0.03481575846672058
0.3141706585884094,0.8186582922935486,0.0020145406015217304,0.03477506339550018
0.31374016404151917,0.8184553384780884,0.002085587941110134,0.03477846086025238
0.31333741545677185,0.8181456923484802,0.00218165572732687,0.03475325182080269
0.31139251589775085,0.8188000321388245,0.0022619739174842834,0.03476127237081528
0.31349843740463257,0.816096305847168,0.0025269202888011932,0.034741129726171494
0.3088638186454773,0.8222301006317139,0.002037044381722808,0.03469081223011017
0.3114446699619293,0.8184567093849182,0.0023067770525813103,0.03468605503439903
0.3106048107147217,0.8189448714256287,0.0022513915318995714,0.03465030714869499
0.30969104170799255,0.819911777973175,0.0021630763076245785,0.03453076258301735
0.3089774250984192,0.8203949928283691,0.0020862086676061153,0.03447093442082405
0.30801525712013245,0.8208021521568298,0.0020131152123212814,0.03437218442559242
0.30682143568992615,0.8207486271858215,0.0018645019736140966,0.03433968499302864
0.3026463985443115,0.8225067853927612,0.002427457831799984,0.03532210737466812
0.305579274892807,0.8205817937850952,0.0019840181339532137,0.03437846526503563
0.3046601116657257,0.8197932243347168,0.0019428536761552095,0.03430608659982681
0.30371373891830444,0.816838264465332,0.001884099212475121,0.034309666603803635
0.3022231459617615,0.8160125017166138,0.0017323873471468687,0.03431931138038635
0.3011256158351898,0.8147704601287842,0.0015884882304817438,0.034371521323919296
0.2995069622993469,0.813723623752594,0.0014598950510844588,0.0343814417719841
0.2971285581588745,0.8116876482963562,0.001321838703006506,0.034443680197000504
0.2971285581588745,0.8116876482963562,0.001321838703006506,0.034443680197000504
0.29257139563560486,0.8101506233215332,0.001301526790484786,0.034977663308382034
0.2936958074569702,0.8097094297409058,0.0012960159219801426,0.034468695521354675
0.2929426431655884,0.8080227375030518,0.0012908498756587505,0.03452328220009804
0.2917395830154419,0.8075932860374451,0.001310332678258419,0.03449590131640434
0.2901950776576996,0.8064084053039551,0.001361723872832954,0.03462229669094086
0.2894245386123657,0.8053513765335083,0.0014579669805243611,0.0346531867980957
0.2888360023498535,0.8043885231018066,0.0016710812924429774,0.03466486558318138
0.28907403349876404,0.8042427897453308,0.0018933676183223724,0.03452158346772194
0.28968411684036255,0.8043218851089478,0.0020439964719116688,0.034349214285612106
0.2883126735687256,0.8055119514465332,0.002438846044242382,0.03423583135008812
0.2905195951461792,0.8073785901069641,0.0028503553476184607,0.033800575882196426
0.2891507148742676,0.8060198426246643,0.0026291431859135628,0.03394506126642227
0.2884977459907532,0.8062076568603516,0.002547760959714651,0.03387705236673355
0.2857334613800049,0.8075276017189026,0.002573281992226839,0.0337669663131237
0.28549548983573914,0.8082329630851746,0.002678708638995886,0.033601872622966766
0.2850065231323242,0.8078820109367371,0.002833375707268715,0.03347059711813927
0.2849758267402649,0.8069968819618225,0.002841160399839282,0.033317726105451584
0.28548893332481384,0.8049066662788391,0.002524751704186201,0.03321119770407677
0.28540125489234924,0.8025872111320496,0.0024958420544862747,0.03325378894805908
0.2848590910434723,0.8013094663619995,0.0022884784266352654,0.033298034220933914
0.2845589518547058,0.7984824180603027,0.002086496213451028,0.033409032970666885
0.2845589518547058,0.7984824180603027,0.002086496213451028,0.033409032970666885
0.28458544611930847,0.7959864139556885,0.002023938111960888,0.0334969200193882
0.2853739857673645,0.7927761673927307,0.0020848095882683992,0.03349620848894119
0.28471580147743225,0.7905385494232178,0.00213059620000422,0.03367564454674721
0.284692645072937,0.7903989553451538,0.0022728843614459038,0.033580731600522995
0.2836095690727234,0.7901961207389832,0.00232091941870749,0.033626869320869446
0.2812647521495819,0.790230929851532,0.002350574592128396,0.03370864316821098
0.2811676859855652,0.7885270714759827,0.0026201438158750534,0.033810000866651535
0.2789157032966614,0.7890203595161438,0.002426384249702096,0.0338561050593853
0.27850061655044556,0.7889540791511536,0.002374490024521947,0.033811699599027634
0.27852365374565125,0.7875931262969971,0.0024130388628691435,0.033780138939619064
0.2786485254764557,0.7866608500480652,0.002533629536628723,0.03367031365633011
0.27848175168037415,0.785427451133728,0.0027620606124401093,0.03350505977869034
0.2761426568031311,0.7878175973892212,0.0028363855089992285,0.033219028264284134
0.2744617760181427,0.7854118943214417,0.003057797672227025,0.033218011260032654
0.2741439938545227,0.7865681648254395,0.0028105450328439474,0.03299574553966522
0.2731798589229584,0.7876821756362915,0.0025725625455379486,0.032870981842279434
0.2725618779659271,0.7888537049293518,0.0025407602079212666,0.03271228075027466
0.2730882465839386,0.7903691530227661,0.002585164736956358,0.032361894845962524
0.272634357213974,0.790636420249939,0.0027481180150061846,0.032250139862298965
0.2732295095920563,0.7908695340156555,0.002943609841167927,0.032046083360910416
0.2732295095920563,0.7908695340156555,0.002943609841167927,0.032046083360910416
0.2739090919494629,0.7909728288650513,0.0030852460768073797,0.03185943141579628
0.2745996117591858,0.7915810942649841,0.0031494174618273973,0.03158672899007797
0.27541017532348633,0.7923442721366882,0.0030513769015669823,0.03126780316233635
0.2748185694217682,0.7934578657150269,0.0028766074683517218,0.0311146080493927
0.27569523453712463,0.7927186489105225,0.0024851614143699408,0.031034626066684723
0.27493953704833984,0.7921791076660156,0.0023418753407895565,0.03108767420053482
0.2720494568347931,0.7903318405151367,0.001994920428842306,0.03135199844837189
0.27221980690956116,0.788271427154541,0.0016301078721880913,0.031383123248815536
0.272707462310791,0.7858191132545471,0.0016442774794995785,0.03135306388139725
0.2734348475933075,0.7822886109352112,0.0016689866315573454,0.03130388632416725
0.27996626496315,0.7948440313339233,0.0017989350017160177,0.033105384558439255
0.27395132184028625,0.7815737128257751,0.001682405243627727,0.031249748542904854
0.2736949324607849,0.7808578014373779,0.001766909146681428,0.031184392049908638
0.27241939306259155,0.7794877886772156,0.0020690287929028273,0.031107217073440552
0.2718014717102051,0.779240071773529,0.0021741113159805536,0.031107600778341293
0.27108052372932434,0.7788841724395752,0.002277560532093048,0.031103314831852913
0.2702474296092987,0.7772262692451477,0.002343636006116867,0.03119073249399662
0.27057549357414246,0.7760469913482666,0.0023744136560708284,0.03112431988120079
0.27076786756515503,0.7735176682472229,0.0022710980847477913,0.03126055747270584
0.2716488242149353,0.7726171612739563,0.002217751694843173,0.031186167150735855
0.2720447778701782,0.7717848420143127,0.002191603183746338,0.031133590266108513
0.2720447778701782,0.7717848420143127,0.002191603183746338,0.031133590266108513
0.27251896262168884,0.7703111171722412,0.0021983650512993336,0.031122351065278053
0.2725217044353485,0.7690477967262268,0.002281853696331382,0.031120356172323227
0.27203667163848877,0.7670820355415344,0.002370829228311777,0.03119855374097824
0.2703779339790344,0.7652035355567932,0.0024408490862697363,0.031327493488788605
0.2675238847732544,0.7610448598861694,0.0026163379661738873,0.031696617603302
0.2690085768699646,0.7606342434883118,0.0024841437116265297,0.031140603125095367
0.26854071021080017,0.7578508257865906,0.0022678421810269356,0.031170643866062164
0.26875680685043335,0.7573517560958862,0.00235923589207232,0.03094061091542244
0.2682832181453705,0.7560939788818359,0.002469085855409503,0.0309491865336895
0.2675051987171173,0.7527161836624146,0.0023571618366986513,0.031017443165183067
0.26803526282310486,0.7482002973556519,0.0021987217478454113,0.031062686815857887
0.26650047302246094,0.7477641105651855,0.00247017084620893,0.03096936084330082
0.2667572498321533,0.7452412843704224,0.00247811246663332,0.030911361798644066
0.2658410370349884,0.7438327670097351,0.0025912427809089422,0.030906565487384796
0.2646363377571106,0.7443578839302063,0.002664546947926283,0.030784722417593002
0.2623860538005829,0.7436776161193848,0.002667889930307865,0.030879013240337372
0.2612697184085846,0.744149386882782,0.0024942392483353615,0.03075263276696205
0.2604760229587555,0.7428058981895447,0.002191603649407625,0.030794702470302582
0.2612270712852478,0.7410378456115723,0.0019214929779991508,0.030719522386789322
0.26227474212646484,0.7397556900978088,0.00175207550637424,0.0305899977684021
0.26227474212646484,0.7397556900978088,0.00175207550637424,0.0305899977684021
0.26366886496543884,0.7375925183296204,0.0017005561385303736,0.03046775981783867
0.2656976282596588,0.7370823621749878,0.0018807114101946354,0.030162004753947258
0.2658819854259491,0.7341479063034058,0.0016508453991264105,0.03033413738012314
0.264302134513855,0.732921302318573,0.0017947937594726682,0.030155209824442863
0.2638247013092041,0.7330018877983093,0.001829401240684092,0.030006641522049904
0.26291391253471375,0.7322606444358826,0.0018385148141533136,0.029888231307268143
0.26257508993148804,0.7307649850845337,0.0017899636877700686,0.029795704409480095
0.26266002655029297,0.7284855246543884,0.0017634836258366704,0.029652532190084457
0.26262152194976807,0.726992666721344,0.001519697136245668,0.029674943536520004
0.26583993434906006,0.7210893630981445,0.002338812220841646,0.029730038717389107
0.262849360704422,0.7265920639038086,0.0020799424964934587,0.029369395226240158
0.2631566524505615,0.7244461178779602,0.0020292047411203384,0.029274646192789078
0.2634376287460327,0.7242099046707153,0.002046025125309825,0.02917363867163658
0.26367130875587463,0.7229240536689758,0.002133589703589678,0.029106205329298973
0.26432788372039795,0.7231528162956238,0.0022007173392921686,0.028908027336001396
0.2645426392555237,0.7226440906524658,0.002223746385425329,0.0288323275744915
0.2649341821670532,0.7216547727584839,0.0022515375167131424,0.028773119673132896
0.2654866576194763,0.7204927206039429,0.002170093823224306,0.0286964550614357
0.2665039896965027,0.7183518409729004,0.0020045465789735317,0.028566934168338776
0.26752662658691406,0.7166644334793091,0.0018276991322636604,0.02845783531665802
0.26752662658691406,0.7166644334793091,0.0018276991322636604,0.02845783531665802
0.26846930384635925,0.7142113447189331,0.0017185350880026817,0.028410833328962326
0.26964715123176575,0.712486743927002,0.0016024202341213822,0.028318598866462708
0.27001482248306274,0.7122637629508972,0.0016064615920186043,0.02819189988076687
0.2692887485027313,0.7097063660621643,0.001826289459131658,0.028447022661566734
0.2693836987018585,0.7094385623931885,0.0016682830173522234,0.02812497317790985
0.2695997357368469,0.7088090181350708,0.0015994540881365538,0.027987830340862274
0.26991090178489685,0.7072758674621582,0.0015284507535398006,0.027942301705479622
0.2700369656085968,0.7052075862884521,0.0014650787925347686,0.027952473610639572
0.27023911476135254,0.7020089626312256,0.0014498881064355373,0.02801436372101307
0.27041861414909363,0.6991204023361206,0.0013724920572713017,0.0281209833920002
0.2704198956489563,0.6986344456672668,0.0013975452166050673,0.028052248060703278
0.27016833424568176,0.6985828280448914,0.0014142603613436222,0.02800026535987854
0.2701496481895447,0.6983300447463989,0.0014419397339224815,0.027941178530454636
0.26982173323631287,0.6969900727272034,0.0015026044566184282,0.027925072237849236
0.27005335688591003,0.6960169076919556,0.0015482858289033175,0.02782008796930313
0.2696231007575989,0.693546712398529,0.001662591123022139,0.027950722724199295
0.26918259263038635,0.6924697160720825,0.0017454950138926506,0.027997564524412155
0.26905545592308044,0.6916677951812744,0.0018007929902523756,0.02801336720585823
0.2689615786075592,0.6904860138893127,0.0018347244476899505,0.028048641979694366
0.26871320605278015,0.6897847652435303,0.0019630533643066883,0.028040597215294838
0.26871320605278015,0.6897847652435303,0.0019630533643066883,0.028040597215294838
0.2694500982761383,0.6875713467597961,0.0018530521774664521,0.028090013191103935
0.2692200243473053,0.6869758367538452,0.0017766376258805394,0.028073998168110847
0.268422931432724,0.686073899269104,0.0017028666334226727,0.028095537796616554
0.2672697901725769,0.6855741739273071,0.0017187551129609346,0.028151288628578186
0.26496222615242004,0.6849151849746704,0.0018348360899835825,0.028241628780961037
0.2629295587539673,0.6831157207489014,0.002114577917382121,0.028457051143050194
0.26186060905456543,0.6829000115394592,0.0023966324515640736,0.028445767238736153
0.2615112066268921,0.6817578673362732,0.002653995295986533,0.028455279767513275
0.26119324564933777,0.680753231048584,0.0029573016799986362,0.028418278321623802
0.26008301973342896,0.6806145906448364,0.0030368512962013483,0.02840907871723175
0.2592083215713501,0.6800425052642822,0.0031317919492721558,0.028425851836800575
0.257111519575119,0.6812223196029663,0.002996888943016529,0.028365688398480415
0.25434640049934387,0.6823656558990479,0.0025280879344791174,0.028288064524531364
0.2503224015235901,0.6848629713058472,0.0026823461521416903,0.028220321983098984
0.24758145213127136,0.6873617768287659,0.002389549510553479,0.028602654114365578
0.2491944134235382,0.6851942539215088,0.0025759884156286716,0.028200820088386536
0.25663459300994873,0.6996036171913147,0.002610295545309782,0.03236721083521843
0.24931161105632782,0.6845242977142334,0.002583723748102784,0.02813766896724701
0.24968227744102478,0.6830276846885681,0.002707120031118393,0.028079316020011902
0.2509269416332245,0.6818985939025879,0.0027195694856345654,0.02794157899916172
0.25110745429992676,0.6809316277503967,0.002634542528539896,0.027897750958800316
0.2511137127876282,0.678999125957489,0.0023470742162317038,0.027899248525500298
0.2511137127876282,0.678999125957489,0.0023470742162317038,0.027899248525500298
0.25188320875167847,0.6911599636077881,0.0020579395350068808,0.02888881228864193
0.25096750259399414,0.6791539192199707,0.0023057740181684494,0.02785058692097664
0.25075405836105347,0.6779752373695374,0.0021818182431161404,0.027855830267071724
0.2498844861984253,0.6764476895332336,0.0021151972468942404,0.027911346405744553
0.24936573207378387,0.6756112575531006,0.002153730485588312,0.027905473485589027
0.24861325323581696,0.6743918657302856,0.002283325884491205,0.027933381497859955
0.2480970025062561,0.6731926798820496,0.002165357582271099,0.027866298332810402
0.24814791977405548,0.6730197072029114,0.001712180906906724,0.027744121849536896
0.2483755350112915,0.6719239354133606,0.0017804435919970274,0.027628449723124504
0.24754400551319122,0.6716393828392029,0.0017635810654610395,0.02757399156689644
0.24646340310573578,0.6708701252937317,0.0015566116198897362,0.027543699368834496
0.2430252879858017,0.6725331544876099,0.0015040384605526924,0.027478359639644623
0.24121633172035217,0.6714632511138916,0.0013846172951161861,0.02751052938401699
0.23928505182266235,0.6731569766998291,0.0013035089941695333,0.027289720252156258
0.23681919276714325,0.6739647388458252,0.001334531232714653,0.027252959087491035
0.23603875935077667,0.6750410795211792,0.0014052650658413768,0.027081822976469994
0.2354069948196411,0.6749001145362854,0.0015500434674322605,0.02697763405740261
0.23537485301494598,0.6740723848342896,0.001697729341685772,0.026901312172412872
0.23587650060653687,0.6722278594970703,0.0018185023218393326,0.026840679347515106
0.23658347129821777,0.6699891686439514,0.0018858672119677067,0.026797423139214516
0.23711718618869781,0.6682791113853455,0.0019735509995371103,0.026732012629508972
0.23711718618869781,0.6682791113853455,0.0019735509995371103,0.026732012629508972
0.2368580847978592,0.6679933071136475,0.00194825220387429,0.026663778349757195
0.23641285300254822,0.6683914661407471,0.001963406801223755,0.026572806760668755
0.2356761246919632,0.6692671775817871,0.0019863483030349016,0.02645099349319935
0.23514139652252197,0.6696022748947144,0.0019992622546851635,0.026364831253886223
0.23483718931674957,0.6691631078720093,0.0020193487871438265,0.026305407285690308
0.23505954444408417,0.6676722764968872,0.0019586333073675632,0.026307877153158188
0.23557645082473755,0.6660007238388062,0.0020153140649199486,0.026307672262191772
0.23596841096878052,0.6650344133377075,0.001956535503268242,0.026297274976968765
0.23727501928806305,0.6631550192832947,0.001788649708032608,0.026302265003323555
0.23684975504875183,0.6636416912078857,0.001977344276383519,0.02623092755675316
0.23642395436763763,0.6640897989273071,0.0018050726503133774,0.026146434247493744
0.23618778586387634,0.6642796397209167,0.0017877285135909915,0.026099465787410736
0.2354828119277954,0.6650955677032471,0.001772398711182177,0.025981128215789795
0.23530441522598267,0.6651023030281067,0.0018061752198264003,0.02591947838664055
0.23479369282722473,0.6665366291999817,0.0018371064215898514,0.025826584547758102
0.2349674552679062,0.665622889995575,0.0018205951200798154,0.025847909972071648
0.23420275747776031,0.6649627685546875,0.0018757045036181808,0.025880401954054832
0.23534077405929565,0.6644640564918518,0.0018860893324017525,0.02570786327123642
0.23497533798217773,0.6640122532844543,0.0017412703018635511,0.025602145120501518
0.2340322881937027,0.6639223098754883,0.0015766096767038107,0.02550768479704857
0.2337326854467392,0.6637792587280273,0.001497162040323019,0.025466779246926308
0.2337326854467392,0.6637792587280273,0.001497162040323019,0.025466779246926308
0.23349431157112122,0.6633765697479248,0.001407356234267354,0.02543112263083458
0.23333275318145752,0.6627066135406494,0.0013562720268964767,0.025435617193579674
0.2329179048538208,0.6614883542060852,0.001317434012889862,0.025458917021751404
0.2322273850440979,0.6597931385040283,0.0013018038589507341,0.025492144748568535
0.23079167306423187,0.6579901576042175,0.0013114376924932003,0.02560870163142681
0.23004169762134552,0.6567641496658325,0.0013507299590855837,0.025668175891041756
0.22909675538539886,0.6562281250953674,0.0013614553026854992,0.025697635486721992
0.22819533944129944,0.6562861800193787,0.0013641766272485256,0.02561994642019272
0.2274857759475708,0.6555449962615967,0.0013578605139628053,0.025667453184723854
0.2274441421031952,0.6559112071990967,0.0013337030541151762,0.02554197423160076
0.22731254994869232,0.6548836827278137,0.001326274243183434,0.025575272738933563
0.22726652026176453,0.6534742712974548,0.0013245383743196726,0.02557573840022087
0.22685712575912476,0.651716947555542,0.001328726066276431,0.025631997734308243
0.22654706239700317,0.6503389477729797,0.0013463544892147183,0.02564130909740925
0.2259899228811264,0.6499842405319214,0.001362205483019352,0.025628922507166862
0.22554339468479156,0.6500998735427856,0.0013734889216721058,0.025604158639907837
0.22553430497646332,0.6505188345909119,0.0013793130638077855,0.025491192936897278
0.2259153574705124,0.6481571197509766,0.0013830575626343489,0.025610731914639473
0.22574292123317719,0.6483992338180542,0.0013974045868963003,0.02550717629492283
0.22539839148521423,0.6475907564163208,0.0014227014034986496,0.025506529957056046
0.22539839148521423,0.6475907564163208,0.0014227014034986496,0.025506529957056046
0.22518877685070038,0.6461156010627747,0.0014333188300952315,0.025598302483558655
0.2245642989873886,0.644880473613739,0.0014361233916133642,0.02568870596587658
0.22442960739135742,0.6437146663665771,0.0014107057359069586,0.02575514279305935
0.22413210570812225,0.6431835293769836,0.0014050541212782264,0.02578701823949814
0.22434242069721222,0.643125057220459,0.001400553621351719,0.025706682354211807
0.22461506724357605,0.6427462697029114,0.001421893946826458,0.02564171329140663
0.22546546161174774,0.6428902745246887,0.0014813896268606186,0.025442104786634445
0.22634528577327728,0.6422327756881714,0.0015582842752337456,0.025303956121206284
0.2243271768093109,0.6451953053474426,0.0016570913139730692,0.025400476530194283
0.22538645565509796,0.6428771615028381,0.0015907719498500228,0.025249704718589783
0.2275475114583969,0.6393094062805176,0.0017313194693997502,0.02512424625456333
0.2272718846797943,0.6387325525283813,0.001690281555056572,0.025126302614808083
0.22609256207942963,0.6385073661804199,0.0015792825724929571,0.025133498013019562
0.22551250457763672,0.6381438374519348,0.0014678490115329623,0.025173133239150047
0.22547955811023712,0.6375624537467957,0.0014210878871381283,0.02516847662627697
0.2253582626581192,0.6367483735084534,0.001405805815011263,0.02513149008154869
0.22513994574546814,0.6364027261734009,0.0014450267190113664,0.025061113759875298
0.2246253788471222,0.6357181668281555,0.0014972719363868237,0.025036433711647987
0.22351914644241333,0.6358373761177063,0.0015675515169277787,0.024982087314128876
0.22275418043136597,0.6350308656692505,0.0015729176811873913,0.025011520832777023
0.22100001573562622,0.6352936029434204,0.0015967654762789607,0.02500646561384201
0.22100001573562622,0.6352936029434204,0.0015967654762789607,0.02500646561384201
0.2215120941400528,0.6330471634864807,0.0015763239935040474,0.025029875338077545
0.22053347527980804,0.632818877696991,0.0015708765713497996,0.025015128776431084
0.21982194483280182,0.6308311223983765,0.0016248926986008883,0.025137178599834442
0.21969838440418243,0.6312359571456909,0.0016002417542040348,0.025012174621224403
0.2194865196943283,0.6297811269760132,0.0015990349929779768,0.025107957422733307
0.2193717360496521,0.628807544708252,0.0016290289349853992,0.02510947547852993
0.21922150254249573,0.6281629800796509,0.0016978252679109573,0.02508445642888546
0.21936631202697754,0.6275644302368164,0.0016795354895293713,0.024993063881993294
0.21864385902881622,0.6277243494987488,0.0019090458517894149,0.02499528042972088
0.2193286418914795,0.6277303695678711,0.0017881414387375116,0.024829242378473282
0.21979813277721405,0.627814531326294,0.0017489128513261676,0.02474132925271988
0.22034212946891785,0.6277430653572083,0.0017244145274162292,0.024654341861605644
0.22085057199001312,0.6276616454124451,0.0017139221308752894,0.024564124643802643
0.221018448472023,0.6276034116744995,0.0017330539412796497,0.02449902519583702
0.22196435928344727,0.6271381378173828,0.0016166643472388387,0.024524368345737457
0.2213013768196106,0.6272517442703247,0.001686620176769793,0.02446434460580349
0.2210974395275116,0.6268104314804077,0.001735798898153007,0.024458173662424088
0.21782001852989197,0.6271039843559265,0.0018476040568202734,0.02508808672428131
0.2200315147638321,0.6263567805290222,0.001765548251569271,0.02455076016485691
0.21927200257778168,0.6260094046592712,0.001841721823439002,0.024549828842282295
0.21866710484027863,0.625669002532959,0.0019284847658127546,0.024547157809138298
0.21814727783203125,0.6250332593917847,0.0018320302478969097,0.02456885203719139
0.21814727783203125,0.6250332593917847,0.0018320302478969097,0.02456885203719139
0.21643857657909393,0.6246699094772339,0.0019421565812081099,0.024771271273493767
0.2172909677028656,0.6247506141662598,0.0018869542982429266,0.02462518773972988
0.2184591144323349,0.6238030195236206,0.0014230897650122643,0.02474629133939743
0.21765266358852386,0.6241370439529419,0.0016852407716214657,0.02463201992213726
0.21775132417678833,0.6236153841018677,0.0015594132710248232,0.02461227960884571
0.21753257513046265,0.623142421245575,0.0014061128022149205,0.02462073415517807
0.21706606447696686,0.6227847933769226,0.0013522023800760508,0.024664122611284256
0.21625719964504242,0.6214810013771057,0.0012701703235507011,0.024744676426053047
0.22072869539260864,0.6162916421890259,0.0013238996034488082,0.02576081082224846
0.21682113409042358,0.6198891401290894,0.0012748610461130738,0.024799557402729988
0.21650807559490204,0.6194403171539307,0.001265650033019483,0.024777796119451523
0.21647000312805176,0.6190366744995117,0.0012677137274295092,0.02469361014664173
0.2173677235841751,0.6186923384666443,0.0013248422183096409,0.024457985535264015
0.21770796179771423,0.6180480122566223,0.0014244512422010303,0.024363595992326736
0.2180359959602356,0.6178327202796936,0.0015404826262965798,0.024230634793639183
0.21750938892364502,0.6175066232681274,0.0015862174332141876,0.024223266169428825
0.21700991690158844,0.6179471611976624,0.0016274923691526055,0.024219926446676254
0.21720722317695618,0.6176427006721497,0.0016062362119555473,0.02419404312968254
0.2160080522298813,0.618405818939209,0.0016231448389589787,0.024162957444787025
0.21578602492809296,0.6181979179382324,0.0015581287443637848,0.024177441373467445
0.21600303053855896,0.6178951859474182,0.0015040335711091757,0.02415110357105732
0.21556051075458527,0.6182066202163696,0.0014718736056238413,0.024144141003489494
0.21582190692424774,0.6177705526351929,0.0015404722653329372,0.024104082956910133
0.21592220664024353,0.6181474924087524,0.0015174992149695754,0.024043548852205276
0.21592220664024353,0.6181474924087524,0.0015174992149695754,0.024043548852205276
0.21606290340423584,0.6177164912223816,0.0020399978384375572,0.023983335122466087
0.21555890142917633,0.6176611185073853,0.0017901967512443662,0.023997025564312935
0.21531543135643005,0.6176450848579407,0.0017457572976127267,0.024005386978387833
0.21491698920726776,0.6173304915428162,0.001718458253890276,0.024045303463935852
0.21502459049224854,0.6167911291122437,0.0017380251083523035,0.024052917957305908
0.21262578666210175,0.6161356568336487,0.0016274190274998546,0.02441660314798355
0.21386629343032837,0.6163191795349121,0.0016858361195772886,0.024155326187610626
0.21395531296730042,0.6150833964347839,0.001799657940864563,0.02416432648897171
0.2139989286661148,0.61426842212677,0.0018374408828094602,0.024150719866156578
0.2134990245103836,0.613810122013092,0.0017968595493584871,0.024156128987669945
0.21209028363227844,0.6130639910697937,0.0016364717157557607,0.024239014834165573
0.21068693697452545,0.6136688590049744,0.001526830717921257,0.02414378710091114
0.20859979093074799,0.6136952638626099,0.001452979864552617,0.02418476715683937
0.20718516409397125,0.6140984296798706,0.0014257668517529964,0.024132413789629936
0.20515014231204987,0.6138908863067627,0.001461520092561841,0.02414427325129509
0.20434217154979706,0.6142973899841309,0.0014642772730439901,0.02401214838027954
0.20407438278198242,0.6134467720985413,0.0014082994312047958,0.02403254806995392
0.20402757823467255,0.612894594669342,0.0013302514562383294,0.02402016520500183
0.20407119393348694,0.6123180389404297,0.0012817948590964079,0.023998841643333435
0.20380647480487823,0.6116729378700256,0.001267403131350875,0.02400164306163788
0.20381192862987518,0.6113512516021729,0.0012910463847219944,0.02393166907131672
0.20381192862987518,0.6113512516021729,0.0012910463847219944,0.02393166907131672
0.2034710794687271,0.6105272769927979,0.0012904268223792315,0.023951278999447823
0.20336298644542694,0.6099251508712769,0.001267816056497395,0.023887312039732933
0.2032158225774765,0.6091938018798828,0.0012805721489712596,0.023869069293141365
0.20317944884300232,0.6089614629745483,0.0013615816133096814,0.023760434240102768
0.2023978978395462,0.6091079711914062,0.0013507695402950048,0.023744484409689903
0.20237641036510468,0.6089495420455933,0.0013789040967822075,0.023664390668272972
0.20219284296035767,0.6090027689933777,0.0013752742670476437,0.023638470098376274
0.20191438496112823,0.6085889339447021,0.0013703434960916638,0.023649156093597412
0.20155160129070282,0.6078834533691406,0.0013895700685679913,0.023695116862654686
0.2011857032775879,0.6069377660751343,0.0014399634674191475,0.023761067539453506
0.20113514363765717,0.6064485907554626,0.0015368370804935694,0.023759892210364342
0.2002648264169693,0.6058558821678162,0.00158541405107826,0.024015458300709724
0.20080074667930603,0.6061450242996216,0.0015522631583735347,0.023807618767023087
0.20081426203250885,0.6060266494750977,0.0015522839967161417,0.023790057748556137
0.20078757405281067,0.6062451601028442,0.0015142267802730203,0.023709170520305634
0.20042762160301208,0.6057462692260742,0.0014563084114342928,0.02372932620346546
0.19926786422729492,0.6054165363311768,0.0013268019538372755,0.023778947070240974
0.1993170827627182,0.6029406785964966,0.0012791259214282036,0.024019096046686172
0.1987665742635727,0.6035846471786499,0.001287250779569149,0.023914070799946785
0.19813688099384308,0.6035034656524658,0.0012931509409099817,0.02392834611237049
0.19752316176891327,0.603455126285553,0.0012990385293960571,0.023917900398373604
0.19752316176891327,0.603455126285553,0.0012990385293960571,0.023917900398373604
0.19613027572631836,0.6025012135505676,0.001313153188675642,0.024036327376961708
0.1959916055202484,0.6019129753112793,0.0012998019810765982,0.024003667756915092
0.1949903964996338,0.6013512015342712,0.0012850004713982344,0.024035006761550903
0.19490434229373932,0.5996803045272827,0.0012673346791416407,0.0241050086915493
0.19618883728981018,0.5997947454452515,0.0012672003358602524,0.02387460507452488
0.19633127748966217,0.5998476147651672,0.0012726492714136839,0.023782214149832726
0.19633673131465912,0.5999914407730103,0.0012970142997801304,0.0236523300409317
0.19656889140605927,0.5994402766227722,0.0013178202789276838,0.023550327867269516
0.1959025263786316,0.5989435911178589,0.00134757487103343,0.023436076939105988
0.195068359375,0.5984872579574585,0.0013252492062747478,0.023380786180496216
0.1944173127412796,0.598014771938324,0.0012756292708218098,0.023335449397563934
0.19311396777629852,0.5978960990905762,0.0012663273373618722,0.023339128121733665
0.19179776310920715,0.5968172550201416,0.0012668995186686516,0.023824959993362427
0.19248129427433014,0.5969838500022888,0.0012659768108278513,0.023404302075505257
0.19200482964515686,0.5961129665374756,0.0012706771958619356,0.023439621552824974
0.1909034699201584,0.5948784351348877,0.0012846017489209771,0.02356179617345333
0.19016321003437042,0.594052255153656,0.0013014993164688349,0.023654723539948463
0.18893539905548096,0.593177080154419,0.0013413396663963795,0.023772338405251503
0.1878724843263626,0.5923062562942505,0.001385290059261024,0.023882322013378143
0.18733543157577515,0.5918806791305542,0.001407372998073697,0.023872243240475655
0.1867888867855072,0.5914411544799805,0.0014171062503010035,0.02389204129576683
0.1867888867855072,0.5914411544799805,0.0014171062503010035,0.02389204129576683
0.1869189441204071,0.5914876461029053,0.0014040085952728987,0.023785892874002457
0.18683160841464996,0.5905996561050415,0.001408532727509737,0.023732785135507584
0.18695557117462158,0.5899736881256104,0.0014639552682638168,0.0236270260065794
0.18713021278381348,0.589955747127533,0.0014507053419947624,0.02360253967344761
0.18695099651813507,0.5897127389907837,0.0014558000257238746,0.023554755374789238
0.18624632060527802,0.5887181758880615,0.0015859906561672688,0.02357422187924385
0.1857844889163971,0.5888491868972778,0.0018373745260760188,0.023410577327013016
0.18505972623825073,0.5885537266731262,0.001986022340133786,0.0233883336186409
0.18477384746074677,0.5890678763389587,0.0020342697389423847,0.02325884997844696
0.18509048223495483,0.5892106294631958,0.001993423793464899,0.02314833737909794
0.18573012948036194,0.5895131826400757,0.0019765114411711693,0.022951586171984673
0.1860608011484146,0.5893202424049377,0.0019718455150723457,0.02288629487156868
0.18774376809597015,0.588236927986145,0.0019556470215320587,0.022727444767951965
0.1878339946269989,0.5888262391090393,0.0022669807076454163,0.02256096340715885
0.18754127621650696,0.5884789824485779,0.002187112346291542,0.022543717175722122
0.1872529238462448,0.5882209539413452,0.0021696165204048157,0.022500190883874893
0.18719612061977386,0.5881056785583496,0.0022274276707321405,0.022445423528552055
0.18706171214580536,0.5876845121383667,0.0022039974573999643,0.022378189489245415
0.18665143847465515,0.5873018503189087,0.0023217620328068733,0.022340688854455948
0.18682001531124115,0.5872592329978943,0.0019345623441040516,0.02230605110526085
0.18556766211986542,0.5864841938018799,0.0021163164637982845,0.02241421677172184
0.18556766211986542,0.5864841938018799,0.0021163164637982845,0.02241421677172184
0.1852891445159912,0.5859281420707703,0.002437013201415539,0.022497903555631638
0.18537770211696625,0.5860402584075928,0.0022552807349711657,0.022386914119124413
0.18576034903526306,0.5855717658996582,0.002150316257029772,0.022327054291963577
0.18577799201011658,0.585126519203186,0.0021427012979984283,0.022310754284262657
0.1862199753522873,0.5837093591690063,0.001581660471856594,0.022626031190156937
0.18586823344230652,0.5846531391143799,0.001970625249668956,0.02235427498817444
0.1857425719499588,0.5840926170349121,0.001942711416631937,0.022355817258358
0.18532586097717285,0.5832067131996155,0.001932833343744278,0.022389668971300125
0.18478623032569885,0.5822285413742065,0.001871827058494091,0.02247036248445511
0.18450090289115906,0.5808801651000977,0.0018312173197045922,0.02253727801144123
0.18418534100055695,0.5797734260559082,0.0016548008425161242,0.022616015747189522
0.18442003428936005,0.5775639414787292,0.0017509388271719217,0.02276024781167507
0.18437358736991882,0.5776484608650208,0.001606607111170888,0.02266627363860607
0.1841297447681427,0.5771020650863647,0.00155267387162894,0.022682804614305496
0.18465323746204376,0.5768493413925171,0.0015419351402670145,0.022613102570176125
0.18464317917823792,0.5759772658348083,0.0015896890545263886,0.022647714242339134
0.18485677242279053,0.5746645927429199,0.0016645677387714386,0.022671757265925407
0.1850719153881073,0.573870837688446,0.001703518908470869,0.02266695164144039
0.18524426221847534,0.5734394788742065,0.0016870333347469568,0.022624926641583443
0.18535621464252472,0.5734810829162598,0.0016432194970548153,0.02257886715233326
0.18560388684272766,0.5734783411026001,0.0016099594067782164,0.022521337494254112
0.1858656406402588,0.5728415250778198,0.0015980093739926815,0.022457284852862358
0.1858656406402588,0.5728415250778198,0.0015980093739926815,0.022457284852862358
0.18660868704319,0.5720117092132568,0.0016530300490558147,0.022334937006235123
0.1871417760848999,0.5707804560661316,0.0016724569723010063,0.022327492013573647
0.1886214315891266,0.5677965879440308,0.0020298019517213106,0.022335462272167206
0.1878049224615097,0.5679552555084229,0.001985423266887665,0.02228270098567009
0.18703769147396088,0.5668296217918396,0.0019255724037066102,0.022320710122585297
0.18684031069278717,0.5655966401100159,0.0018955850973725319,0.02231256663799286
0.1866329312324524,0.5634145736694336,0.0018523235339671373,0.022420309484004974
0.18722783029079437,0.5627312064170837,0.0018210550770163536,0.02232504077255726
0.1873067021369934,0.5620307922363281,0.001805714564397931,0.022319890558719635
0.18751440942287445,0.5624576210975647,0.0018152442062273622,0.02221774309873581
0.18759679794311523,0.5624592900276184,0.0018499965080991387,0.02209082432091236
0.18775583803653717,0.5622581839561462,0.001963820541277528,0.021944109350442886
0.18718014657497406,0.5623127222061157,0.0019770364742726088,0.022198719903826714
0.18741077184677124,0.5620779395103455,0.001968544442206621,0.021956589072942734
0.18728338181972504,0.5610299706459045,0.002087184926494956,0.02190287411212921
0.18739204108715057,0.5600876808166504,0.0020613251253962517,0.021869732066988945
0.186083123087883,0.5593904256820679,0.0020466074347496033,0.021991772577166557
0.18671785295009613,0.5587554574012756,0.0019996429327875376,0.021838592365384102
0.1873272806406021,0.5579200387001038,0.001901363837532699,0.021741902455687523
0.18774032592773438,0.5573101043701172,0.0018192707793787122,0.02166086435317993
0.18774950504302979,0.5568631291389465,0.0017905501881614327,0.021614817902445793
0.18774950504302979,0.5568631291389465,0.0017905501881614327,0.021614817902445793
0.18771781027317047,0.5561561584472656,0.0017747243400663137,0.021571679040789604
0.18679511547088623,0.5557073354721069,0.0019710385240614414,0.02158171311020851
0.18737725913524628,0.5546743869781494,0.001837206189520657,0.021532833576202393
0.1879626214504242,0.5538829565048218,0.0018056699773296714,0.02148633636534214
0.18791484832763672,0.554266095161438,0.0017353843431919813,0.021370334550738335
0.18767067790031433,0.5540047883987427,0.0017069228924810886,0.021359186619520187
0.18733933568000793,0.5535973906517029,0.0016328562051057816,0.0212946105748415
0.18712660670280457,0.5535228848457336,0.0016718721017241478,0.02123580500483513
0.18672509491443634,0.5584344863891602,0.0013162533286958933,0.021488629281520844
0.18682578206062317,0.554046094417572,0.0015718553913757205,0.021188341081142426
0.18648052215576172,0.5540711879730225,0.001618977403268218,0.021142227575182915
0.186013862490654,0.5545294880867004,0.0016568501014262438,0.021071938797831535
0.1855660229921341,0.5547944903373718,0.0015911707887426019,0.021014349535107613
0.18527184426784515,0.5551403164863586,0.0016066058306023479,0.020949577912688255
0.1845976710319519,0.5554001331329346,0.0015080233570188284,0.020952561870217323
0.1847710907459259,0.5549430251121521,0.0014774620067328215,0.02094089612364769
0.18522706627845764,0.5536667704582214,0.0013999082148075104,0.02090771682560444
0.18534818291664124,0.553001344203949,0.0013762025628238916,0.02088034711778164
0.18623225390911102,0.5528282523155212,0.0013736207038164139,0.02088893949985504
0.18562744557857513,0.5526849031448364,0.00137439020909369,0.02082066796720028
0.18525584042072296,0.5519936084747314,0.001331305829808116,0.020786670967936516
0.18541590869426727,0.5519391894340515,0.0013514877064153552,0.02070927619934082
0.18541590869426727,0.5519391894340515,0.0013514877064153552,0.02070927619934082
0.18517616391181946,0.5517897605895996,0.001359861809760332,0.020653482526540756
0.18493826687335968,0.5517978668212891,0.0013977285707369447,0.02055193856358528
0.18478253483772278,0.5516199469566345,0.0014290965627878904,0.02049504593014717
0.18505489826202393,0.5498831272125244,0.0013144887052476406,0.020464668050408363
0.1838255375623703,0.5512623190879822,0.0013646224979311228,0.020469173789024353
0.18436941504478455,0.5501623153686523,0.0013352909591048956,0.02043325826525688
0.18447859585285187,0.5497859716415405,0.00138029083609581,0.020305166020989418
0.18363524973392487,0.5480943322181702,0.0013476620661094785,0.020385533571243286
0.18309828639030457,0.5476942658424377,0.0013408171944320202,0.020364753901958466
0.18222597241401672,0.5454904437065125,0.0013365121558308601,0.020460791885852814
0.1821788102388382,0.5456182360649109,0.0013301477301865816,0.020375655964016914
0.1820991337299347,0.5447718501091003,0.0013206526637077332,0.020404215902090073
0.1821928769350052,0.5449474453926086,0.0013258486287668347,0.020357152447104454
0.18219846487045288,0.5450074672698975,0.0013320748694241047,0.02031749114394188
0.18214982748031616,0.5441421866416931,0.0013704734155908227,0.02031061239540577
0.18066801130771637,0.5447850823402405,0.0013298608828336,0.020308617502450943
0.1810675710439682,0.5444793105125427,0.001293450710363686,0.020151739940047264
0.18022111058235168,0.5443044304847717,0.0012874654494225979,0.02017332799732685
0.17960409820079803,0.5440199971199036,0.0012784688733518124,0.02019791677594185
0.17905640602111816,0.5435958504676819,0.001272451365366578,0.02019592560827732
0.17836755514144897,0.5423575639724731,0.0012731176102533937,0.02025814726948738
0.17836755514144897,0.5423575639724731,0.0012731176102533937,0.02025814726948738
0.17838548123836517,0.5422747731208801,0.0012745573185384274,0.020209353417158127
0.17855797708034515,0.5417477488517761,0.0012726876884698868,0.020211996510624886
0.1784106194972992,0.5415816903114319,0.001273134257644415,0.020176507532596588
0.17791718244552612,0.5410650968551636,0.0012911264784634113,0.020177004858851433
0.17706480622291565,0.54123455286026,0.0012989221140742302,0.02015814557671547
0.1758318841457367,0.5413036346435547,0.0012967763468623161,0.020152006298303604
0.17490197718143463,0.5410578846931458,0.0012976981233805418,0.02017814666032791
0.17968317866325378,0.5459446907043457,0.001359012327156961,0.02047007530927658
0.1752261221408844,0.5410634279251099,0.0012824538862332702,0.020122230052947998
0.17501820623874664,0.5403449535369873,0.0012810807675123215,0.020125485956668854
0.17540337145328522,0.539618968963623,0.0012822758872061968,0.020075760781764984
0.17592944204807281,0.5393878221511841,0.001293440698646009,0.019974885508418083
0.175993874669075,0.5391070246696472,0.001292131608352065,0.019993646070361137
0.17588987946510315,0.539169192314148,0.0012935467530041933,0.019958127290010452
0.17612367868423462,0.5388407707214355,0.0013310532085597515,0.019855163991451263
0.1757437288761139,0.5386914014816284,0.0013858897145837545,0.01976834610104561
0.17531628906726837,0.5381967425346375,0.001402770634740591,0.019764341413974762
0.17357613146305084,0.5380622744560242,0.0015856048557907343,0.019953148439526558
0.17446695268154144,0.5379104018211365,0.0014760135672986507,0.019814545288681984
0.17431814968585968,0.537215530872345,0.0014065713621675968,0.019818492233753204
0.1749219447374344,0.5353160500526428,0.001391292316839099,0.019860951229929924
0.17485518753528595,0.534587025642395,0.0013575208140537143,0.019870871677994728
0.17507316172122955,0.5341873168945312,0.0013735099928453565,0.01982714980840683
0.17507316172122955,0.5341873168945312,0.0013735099928453565,0.01982714980840683
0.1751203089952469,0.5337788462638855,0.001408528070896864,0.019831722602248192
0.1752486377954483,0.5336958169937134,0.0014724473003298044,0.01978597790002823
0.17509862780570984,0.5333331823348999,0.001508569810539484,0.01979159377515316
0.17482039332389832,0.5332209467887878,0.0015166910598054528,0.019799495115876198
0.17477509379386902,0.5329963564872742,0.0014788329135626554,0.01979898475110531
0.1745128482580185,0.5329132080078125,0.0014152636285871267,0.019798239693045616
0.1738802045583725,0.5328251123428345,0.0013756987173110247,0.01982676424086094
0.17405571043491364,0.532041072845459,0.0012964924098923802,0.019877828657627106
0.1734599769115448,0.5320208072662354,0.0013307270128279924,0.019885029643774033
0.1731264293193817,0.5318535566329956,0.0013741499278694391,0.01988149806857109
0.1725507229566574,0.5313668251037598,0.0014227480860427022,0.019913412630558014
0.1715843379497528,0.5303117036819458,0.0014300451148301363,0.020050911232829094
0.17147581279277802,0.5298389792442322,0.0014094640500843525,0.020050063729286194
0.17127595841884613,0.529316246509552,0.0013663744321092963,0.020091012120246887
0.17117518186569214,0.5294124484062195,0.0013292331714183092,0.020056849345564842
0.17065958678722382,0.5294941067695618,0.0013279314152896404,0.02005968987941742
0.17024655640125275,0.5298383235931396,0.001343514071777463,0.020023275166749954
0.1698843091726303,0.529882550239563,0.0013659133110195398,0.01999058574438095
0.16929924488067627,0.5298418402671814,0.0014223065227270126,0.01997142843902111
0.16929563879966736,0.5291339159011841,0.0014065948780626059,0.02003318816423416
0.169263556599617,0.5293064117431641,0.0014128234470263124,0.019977111369371414
0.169263556599617,0.5293064117431641,0.0014128234470263124,0.019977111369371414
0.1688472032546997,0.5288754105567932,0.0014266564976423979,0.019967608153820038
0.16825410723686218,0.5278446674346924,0.001401129411533475,0.020048409700393677
0.16812263429164886,0.5273500680923462,0.001376761356368661,0.02006736770272255
0.16767361760139465,0.5267170071601868,0.0013676834059879184,0.020124154165387154
0.16721795499324799,0.5265043377876282,0.001451402436941862,0.02011013962328434
0.16590434312820435,0.5267833471298218,0.0014727022498846054,0.02015017718076706
0.16566744446754456,0.5257489681243896,0.001654536696150899,0.020194195210933685
0.16605955362319946,0.5263180732727051,0.0017065750434994698,0.020045749843120575
0.1660851091146469,0.5266776084899902,0.001754369237460196,0.0199320986866951
0.16603557765483856,0.5271571278572083,0.0017583123408257961,0.019817905500531197
0.1658119261264801,0.5272204875946045,0.0016693773213773966,0.019761910662055016
0.16568757593631744,0.5274814367294312,0.001641543349251151,0.01969086192548275
0.16554895043373108,0.527370810508728,0.0015938520664349198,0.019677182659506798
0.16521747410297394,0.5273596048355103,0.0015045723412185907,0.01966101862490177
0.1648823767900467,0.5272951722145081,0.0014292041305452585,0.019612036645412445
0.16408443450927734,0.5269899368286133,0.0013137414352968335,0.01954777166247368
0.16365069150924683,0.5263696312904358,0.0012922451132908463,0.019533833488821983
0.16317014396190643,0.5254067182540894,0.0012811513151973486,0.019574148580431938
0.16336402297019958,0.5236409306526184,0.0012888696510344744,0.0196831151843071
0.16317039728164673,0.5233169794082642,0.001311187632381916,0.019700855016708374
0.16317039728164673,0.5233169794082642,0.001311187632381916,0.019700855016708374
0.1629187911748886,0.5228052139282227,0.00135714968200773,0.019719190895557404
0.16258995234966278,0.5219711661338806,0.001447197049856186,0.019733663648366928
0.16215988993644714,0.5213258266448975,0.001572469831444323,0.019714882597327232
0.1614987701177597,0.5209096074104309,0.0019943288061767817,0.019858796149492264
0.1618540734052658,0.5210289359092712,0.0017020266968756914,0.01972566917538643
0.1615666300058365,0.5200585126876831,0.0018232110887765884,0.019719189032912254
0.16124680638313293,0.5201031565666199,0.0018460690043866634,0.019660301506519318
0.16116578876972198,0.5195356011390686,0.001777024008333683,0.019507266581058502
0.16080611944198608,0.5194726586341858,0.0018109732773154974,0.019438879564404488
0.1609773188829422,0.5184414982795715,0.0018139153253287077,0.01937512308359146
0.16127632558345795,0.5186166167259216,0.0018286921549588442,0.019247310236096382
0.16121315956115723,0.5182672739028931,0.0018611685372889042,0.019199589267373085
0.16139094531536102,0.5188857316970825,0.001854407717473805,0.019055867567658424
0.16103044152259827,0.5188487768173218,0.0018464373424649239,0.019042059779167175
0.16073891520500183,0.5189783573150635,0.0018325946293771267,0.019000111147761345
0.16005930304527283,0.5188435912132263,0.0017790610436350107,0.019267255440354347
0.16053272783756256,0.5186306834220886,0.0018191831186413765,0.0190296433866024
0.16038261353969574,0.5184396505355835,0.001812976086512208,0.019018860533833504
0.1599588543176651,0.5175174474716187,0.001781642553396523,0.01902736723423004
0.15945442020893097,0.5168375968933105,0.001566237537190318,0.019006814807653427
0.15865589678287506,0.5164925456047058,0.0016569453291594982,0.019107487052679062
0.15891161561012268,0.5163739919662476,0.001610308769159019,0.01899581402540207
0.1585271954536438,0.5162503719329834,0.0014145232271403074,0.018942449241876602
0.1585271954536438,0.5162503719329834,0.0014145232271403074,0.018942449241876602
0.15806320309638977,0.5164732933044434,0.0013347967760637403,0.0188743993639946
0.15704838931560516,0.5162774324417114,0.0012845024466514587,0.018846994265913963
0.15567269921302795,0.5189386606216431,0.0012734016636386514,0.019008629024028778
0.1562242954969406,0.5165860056877136,0.0012801357079297304,0.01881198212504387
0.15486468374729156,0.5165098905563354,0.001290993532165885,0.018811319023370743
0.1535089612007141,0.5163888931274414,0.001337024848908186,0.018821697682142258
0.15288576483726501,0.5166714787483215,0.0013599733356386423,0.01874147355556488
0.15197545289993286,0.516230046749115,0.0014192978851497173,0.018726956099271774
0.15233281254768372,0.5164269208908081,0.0014090066542848945,0.018588097766041756
0.15254822373390198,0.5159170627593994,0.0014039385132491589,0.01845570094883442
0.15286074578762054,0.5158524513244629,0.0014045624993741512,0.018311649560928345
0.15234413743019104,0.5152724385261536,0.0014317781897261739,0.018295757472515106
0.1518145203590393,0.5145442485809326,0.0015027821063995361,0.018333707004785538
0.15154805779457092,0.5135610103607178,0.001542943879030645,0.01838265359401703
0.1514945924282074,0.513064444065094,0.0015818141400814056,0.01838788017630577
0.15146227180957794,0.5124391913414001,0.001608874648809433,0.018406616523861885
0.15133246779441833,0.5117675065994263,0.0016695917584002018,0.018389910459518433
0.15120269358158112,0.5108514428138733,0.0017075104406103492,0.018393147736787796
0.1512175053358078,0.5104960799217224,0.0016741764266043901,0.0183622594922781
0.15109819173812866,0.5100654363632202,0.0016794541152194142,0.01836506277322769
0.15038754045963287,0.5093250870704651,0.0016161410603672266,0.01845077984035015
0.15038754045963287,0.5093250870704651,0.0016161410603672266,0.01845077984035015
0.15053381025791168,0.5095423460006714,0.0015377264935523272,0.01836353726685047
0.1500699669122696,0.5092872977256775,0.0015031268121674657,0.01838834583759308
0.14990602433681488,0.5089069604873657,0.0014793146401643753,0.018403980880975723
0.14955544471740723,0.5075266361236572,0.0014427626738324761,0.018460627645254135
0.1495598554611206,0.5062391757965088,0.00144338293466717,0.018503814935684204
0.14964239299297333,0.5050790309906006,0.0014100075932219625,0.0185402724891901
0.14985769987106323,0.504413902759552,0.0013843668857589364,0.018518155440688133
0.14954189956188202,0.5038751363754272,0.0014005101984366775,0.018510498106479645
0.14913268387317657,0.5036746859550476,0.0014541964046657085,0.018494263291358948
0.14923451840877533,0.5035207867622375,0.0014524420257657766,0.018464071676135063
0.1488627791404724,0.5029577612876892,0.0015197469620034099,0.01845497079193592
0.1488284170627594,0.5023689270019531,0.0015601415652781725,0.01844904012978077
0.14892984926700592,0.5014017820358276,0.0016128704883158207,0.018454769626259804
0.149008110165596,0.5005095601081848,0.0016746922628954053,0.018459361046552658
0.14902479946613312,0.4992697834968567,0.001744797918945551,0.01849343813955784
0.1490521878004074,0.4989860951900482,0.0017587176989763975,0.018453611060976982
0.14853906631469727,0.49864068627357483,0.0017663261387497187,0.018475262448191643
0.148160919547081,0.49904024600982666,0.0016946896212175488,0.01839875429868698
0.14771634340286255,0.4989500939846039,0.001626650569960475,0.018405627459287643
0.1472417712211609,0.4989955425262451,0.001517592929303646,0.01835307478904724
0.1472417712211609,0.4989955425262451,0.001517592929303646,0.01835307478904724
0.14689497649669647,0.49794861674308777,0.001474425895139575,0.01838803105056286
0.14608453214168549,0.49738723039627075,0.0013646648731082678,0.018454235047101974
0.14655250310897827,0.4970118999481201,0.0014009085716679692,0.01838083378970623
0.14666223526000977,0.49613967537879944,0.00146975158713758,0.01839800737798214
0.14664573967456818,0.4961710274219513,0.0014805035898461938,0.018370218575000763
0.14638926088809967,0.4963464140892029,0.0014850713778287172,0.01832299865782261
0.14616763591766357,0.4963584542274475,0.0014823377132415771,0.018270455300807953
0.14552746713161469,0.5032293200492859,0.001319110975600779,0.018422873690724373
0.14584484696388245,0.49715542793273926,0.0014431989984586835,0.01818864606320858
0.14569300413131714,0.49677494168281555,0.001448812079615891,0.018109193071722984
0.14569886028766632,0.4965003430843353,0.0014413970056921244,0.01800541579723358
0.1455700844526291,0.496221125125885,0.001452809083275497,0.01795787736773491
0.14549702405929565,0.4959593117237091,0.0014671898679807782,0.01789145916700363
0.14494308829307556,0.495194673538208,0.0014564223820343614,0.017879551276564598
0.14436905086040497,0.4947185218334198,0.0015041148290038109,0.017830410972237587
0.14399759471416473,0.4942094683647156,0.001718146144412458,0.017854606732726097
0.14368484914302826,0.4939601421356201,0.0016242403071373701,0.017779869958758354
0.14353547990322113,0.4934644103050232,0.0016179061494767666,0.01777459681034088
0.14323516190052032,0.49303311109542847,0.0016119908541440964,0.017757557332515717
0.14270830154418945,0.4924330413341522,0.001641122973524034,0.0177975632250309
0.14233332872390747,0.4921455383300781,0.0016410383395850658,0.017802750691771507
0.14233332872390747,0.4921455383300781,0.0016410383395850658,0.017802750691771507
0.14170034229755402,0.49147656559944153,0.0016250995686277747,0.01788233406841755
0.14137202501296997,0.49113625288009644,0.001572032691910863,0.01790289767086506
0.14083600044250488,0.4906357526779175,0.0014704037457704544,0.017946522682905197
0.14055870473384857,0.49006980657577515,0.0014013424515724182,0.017963172867894173
0.1401992291212082,0.4889695942401886,0.0013480104971677065,0.018011068925261497
0.14026573300361633,0.48846375942230225,0.00130685162730515,0.01798553392291069
0.14021402597427368,0.4862905740737915,0.0013551699230447412,0.018214348703622818
0.14018642902374268,0.4872397482395172,0.001327653881162405,0.018047943711280823
0.14033755660057068,0.4872535467147827,0.0013649159809574485,0.01795523799955845
0.14035895466804504,0.48698973655700684,0.001471353112719953,0.0178623478859663
0.1402565836906433,0.4870658218860626,0.001520524499937892,0.017763329669833183
0.13955871760845184,0.48668819665908813,0.0016095370519906282,0.01765149086713791
0.13929887115955353,0.4866163730621338,0.0016294745728373528,0.017552141100168228
0.1388799548149109,0.4860345423221588,0.0016157154459506273,0.01752498745918274
0.13878436386585236,0.48580843210220337,0.0016054444713518023,0.01747470162808895
0.13854533433914185,0.48547816276550293,0.0016684015281498432,0.01743677817285061
0.13843435049057007,0.48585692048072815,0.0018516008276492357,0.01731160096824169
0.13821819424629211,0.4856378436088562,0.0019694906659424305,0.017251888290047646
0.13805359601974487,0.48571979999542236,0.0021296748891472816,0.017159005627036095
0.13809719681739807,0.48613137006759644,0.0021390169858932495,0.016951749101281166
0.13834479451179504,0.4864547550678253,0.0020343661308288574,0.016786152496933937
0.13834479451179504,0.4864547550678253,0.0020343661308288574,0.016786152496933937
0.13861390948295593,0.48666495084762573,0.0018914026441052556,0.016686975955963135
0.1389460265636444,0.48680055141448975,0.0017475007334724069,0.01659965142607689
0.1391923725605011,0.48665115237236023,0.0016506260726600885,0.016528649255633354
0.13932299613952637,0.4863816797733307,0.001596258720383048,0.01647990569472313
0.1392914056777954,0.4859653115272522,0.0016166478162631392,0.016445646062493324
0.13912072777748108,0.4853401184082031,0.0016927039250731468,0.016420193016529083
0.1389693021774292,0.4846014380455017,0.0018496409757062793,0.016396038234233856
0.13888506591320038,0.48365718126296997,0.0019667346496134996,0.016381043940782547
0.13899418711662292,0.48201000690460205,0.0021909289062023163,0.016401110216975212
0.13899613916873932,0.48112550377845764,0.0020455513149499893,0.016373086720705032
0.13918830454349518,0.48053255677223206,0.0019113377202302217,0.01633981429040432
0.13956913352012634,0.4796578884124756,0.001760022947564721,0.01630840077996254
0.13983610272407532,0.4791742265224457,0.0016503469087183475,0.01627901941537857
0.14014039933681488,0.4783484935760498,0.0015654684975743294,0.01624968647956848
0.13995788991451263,0.4785294234752655,0.001520722289569676,0.016188381239771843
0.14041027426719666,0.47866666316986084,0.0015366873703897,0.0160532146692276
0.14032942056655884,0.4784044027328491,0.001614681794308126,0.016014881432056427
0.14021389186382294,0.47839444875717163,0.0017071773763746023,0.015947537496685982
0.1403774917125702,0.47829121351242065,0.001784550491720438,0.015872251242399216
0.14044436812400818,0.4779301583766937,0.0018334866035729647,0.015853922814130783
0.14044436812400818,0.4779301583766937,0.0018334866035729647,0.015853922814130783
0.14052221179008484,0.47773393988609314,0.00182881741784513,0.01583041250705719
0.14063890278339386,0.4774288833141327,0.001759987440891564,0.015793059021234512
0.14042557775974274,0.4774511754512787,0.0017577551770955324,0.01574624702334404
0.14117394387722015,0.47781094908714294,0.0014004786498844624,0.015713611617684364
0.14068657159805298,0.47743698954582214,0.0015825844602659345,0.01569347269833088
0.14044752717018127,0.4772842526435852,0.0016161559615284204,0.015675686299800873
0.14020700752735138,0.47737425565719604,0.0016715965466573834,0.015632793307304382
0.14017800986766815,0.477306067943573,0.001688514486886561,0.015605187974870205
0.14026404917240143,0.47690364718437195,0.0017565146554261446,0.015549791976809502
0.14024896919727325,0.4762304723262787,0.0018535609124228358,0.015521054156124592
0.139922097325325,0.47526103258132935,0.0018992361146956682,0.015524276532232761
0.13993149995803833,0.4741767942905426,0.0022636386565864086,0.015531630255281925
0.13943031430244446,0.47386080026626587,0.002087958622723818,0.0155264213681221
0.13900522887706757,0.47353434562683105,0.0020081796683371067,0.015530451200902462
0.1384819895029068,0.47235584259033203,0.0020115207880735397,0.01563223823904991
0.13851016759872437,0.47209903597831726,0.002036772668361664,0.015601446852087975
0.1384105384349823,0.47140711545944214,0.002105602528899908,0.01563291810452938
0.1383177787065506,0.47113344073295593,0.0021453150548040867,0.015633128583431244
0.13827739655971527,0.47059160470962524,0.0020992334466427565,0.0156362634152174
0.13783180713653564,0.46981555223464966,0.0020148619078099728,0.015703683719038963
0.1376277208328247,0.4693279266357422,0.0018417015671730042,0.015718920156359673
0.1376277208328247,0.4693279266357422,0.0018417015671730042,0.015718920156359673
0.13726502656936646,0.4689605236053467,0.001749801216647029,0.015743708238005638
0.1370452493429184,0.468694806098938,0.0016565017867833376,0.015718795359134674
0.1366608738899231,0.46833449602127075,0.0016161724925041199,0.015722133219242096
0.13663184642791748,0.4681725800037384,0.0015963756013661623,0.015666555613279343
0.13672256469726562,0.46789270639419556,0.0016168232541531324,0.01558567862957716
0.13669797778129578,0.4673522710800171,0.0017131813801825047,0.015551856718957424
0.13672024011611938,0.4671454429626465,0.0017176715191453695,0.0155145563185215
0.13655956089496613,0.4670024514198303,0.0017088981112465262,0.01550052035599947
0.1363123655319214,0.4669014811515808,0.0017048903973773122,0.01550533901900053
0.1359865516424179,0.466680109500885,0.0016888340469449759,0.01551082544028759
0.13569478690624237,0.4665253758430481,0.0016775090480223298,0.01550011895596981
0.13549795746803284,0.4659307599067688,0.0016657308442518115,0.01551039982587099
0.13562870025634766,0.4657471179962158,0.0016515738097950816,0.015446890145540237
0.1359473317861557,0.46528297662734985,0.0016538627678528428,0.015409264713525772
0.1362258493900299,0.46542319655418396,0.0015878654085099697,0.015351959504187107
0.13642099499702454,0.46528467535972595,0.0016014183638617396,0.015280812047421932
0.13636532425880432,0.4650273323059082,0.001615290530025959,0.015268473885953426
0.13644319772720337,0.4649759531021118,0.001622428884729743,0.015198889188468456
0.13661393523216248,0.46482396125793457,0.0016279597766697407,0.015135353431105614
0.13704320788383484,0.4647268056869507,0.001644780277274549,0.015016374178230762
0.13704320788383484,0.4647268056869507,0.001644780277274549,0.015016374178230762
0.13750487565994263,0.4645453691482544,0.0017072667833417654,0.014899305999279022
0.13775870203971863,0.4644567370414734,0.0017349108820781112,0.014810925349593163
0.13783513009548187,0.4644734859466553,0.0017620222643017769,0.014761216007173061
0.1376470923423767,0.4643770754337311,0.0018037958070635796,0.014743800275027752
0.13733775913715363,0.46412724256515503,0.0018072840757668018,0.014747055247426033
0.13668763637542725,0.46407872438430786,0.0019334619864821434,0.01477966271340847
0.13671842217445374,0.46359509229660034,0.0018528408836573362,0.01476292870938778
0.13673646748065948,0.4633719325065613,0.001794719137251377,0.014751801267266273
0.13675415515899658,0.46321356296539307,0.0017534819198772311,0.014741216786205769
0.1367264688014984,0.46314242482185364,0.001746178837493062,0.014731342904269695
0.13668204843997955,0.46311840415000916,0.0017663685139268637,0.014716469682753086
0.13658727705478668,0.463148295879364,0.0017872817115858197,0.014682129956781864
0.13647177815437317,0.46352458000183105,0.0018143285997211933,0.014635507948696613
0.1363554447889328,0.46353766322135925,0.0018270463915541768,0.014614146202802658
0.13621382415294647,0.46355709433555603,0.0018342903349548578,0.014605698175728321
0.13608112931251526,0.46345698833465576,0.0018201172351837158,0.014608160592615604
0.13594438135623932,0.46320831775665283,0.0017814980819821358,0.014616440050303936
0.1358160376548767,0.4630145728588104,0.0017622091108933091,0.0146244578063488
0.13569456338882446,0.462710440158844,0.001757380086928606,0.014650213532149792
0.13559098541736603,0.4624403715133667,0.0017654919065535069,0.014644553884863853
0.13559098541736603,0.4624403715133667,0.0017654919065535069,0.014644553884863853
0.1355525106191635,0.46219882369041443,0.001798498211428523,0.014628597535192966
0.13561232388019562,0.4621528387069702,0.0018281769007444382,0.01459534466266632
0.13570299744606018,0.46212491393089294,0.0018505437765270472,0.014558203518390656
0.1358007788658142,0.4624129831790924,0.001823763712309301,0.014498071745038033
0.13583584129810333,0.4625677168369293,0.001763894921168685,0.014454400166869164
0.1356126219034195,0.4626196324825287,0.0017116933595389128,0.014439009130001068
0.13505350053310394,0.4627222716808319,0.0016402414767071605,0.014454392716288567
0.13458029925823212,0.4628427028656006,0.0015919883735477924,0.014469639398157597
0.13400545716285706,0.4629972279071808,0.0015619911719113588,0.014476463198661804
0.13352540135383606,0.4632309675216675,0.001544754020869732,0.014466657303273678
0.1332080066204071,0.4633438289165497,0.0015478762798011303,0.014443239197134972
0.133170023560524,0.4633573591709137,0.001564042642712593,0.014406541362404823
0.1331832855939865,0.4631738066673279,0.0015877033583819866,0.014377941377460957
0.13319313526153564,0.46277493238449097,0.001611378975212574,0.014360979199409485
0.13308215141296387,0.4625324606895447,0.0016122483648359776,0.014348791912198067
0.13287249207496643,0.4621501863002777,0.0016438999446108937,0.01434776559472084
0.13238459825515747,0.46212273836135864,0.0016451493138447404,0.014346008189022541
0.13211263716220856,0.46218061447143555,0.0017396891489624977,0.014323498122394085
0.13163414597511292,0.4625841975212097,0.0017918501980602741,0.01430593803524971
0.13175652921199799,0.4624573290348053,0.0018300714436918497,0.014257914386689663
0.13175652921199799,0.4624573290348053,0.0018300714436918497,0.014257914386689663
0.13181789219379425,0.46238723397254944,0.001874687266536057,0.0142347551882267
0.1319047510623932,0.4624989926815033,0.0019440259784460068,0.014180479571223259
0.1318052113056183,0.462346613407135,0.0019832539837807417,0.014172190800309181
0.131705179810524,0.4626772105693817,0.0019691740162670612,0.014137580059468746
0.13150407373905182,0.4627065658569336,0.0019440838368609548,0.01413668692111969
0.13126999139785767,0.4631427526473999,0.0018818408716470003,0.014096352271735668
0.1312055140733719,0.46302688121795654,0.0019064366351813078,0.0140750827267766
0.1310848742723465,0.4626794159412384,0.0019703232683241367,0.01405941043049097
0.13108651340007782,0.46253857016563416,0.002031522337347269,0.014041798189282417
0.13094280660152435,0.46224114298820496,0.002143592108041048,0.0140314232558012
0.13076600432395935,0.46210259199142456,0.00221300614066422,0.014011215418577194
0.12966930866241455,0.4613754451274872,0.002921814564615488,0.01431300025433302
0.1303730309009552,0.46171891689300537,0.002376352436840534,0.014044242911040783
0.1302364468574524,0.4616197943687439,0.0023645060136914253,0.014014624990522861
0.1300310492515564,0.4614715874195099,0.0022893245331943035,0.014001709409058094
0.13021306693553925,0.46167463064193726,0.0020890708547085524,0.013913861475884914
0.12983739376068115,0.4647330045700073,0.0017941163387149572,0.01404541078954935
0.12993186712265015,0.46178513765335083,0.0020160600543022156,0.013885880820453167
0.12992925941944122,0.4617964029312134,0.001905156415887177,0.01382928155362606
0.12977010011672974,0.4618213474750519,0.0017520661931484938,0.013731414452195168
0.1297183781862259,0.4615512192249298,0.0016905592055991292,0.013714627362787724
0.12959030270576477,0.46125528216362,0.0017290316754952073,0.013700935989618301
0.12959030270576477,0.46125528216362,0.0017290316754952073,0.013700935989618301
0.12928836047649384,0.4605945348739624,0.0019109738059341908,0.013704356737434864
0.12928719818592072,0.4605138599872589,0.0019514700397849083,0.013689478859305382
0.1291862428188324,0.46030405163764954,0.0020392644219100475,0.013676926493644714
0.12899111211299896,0.4599851369857788,0.002160385251045227,0.01364439632743597
0.1286727339029312,0.4597896337509155,0.002128826454281807,0.013637106865644455
0.12811227142810822,0.45904961228370667,0.002890670672059059,0.01371188648045063
0.12834607064723969,0.45933619141578674,0.0024338688235729933,0.013643921352922916
0.12818019092082977,0.45927610993385315,0.0023371370043605566,0.013629958033561707
0.12791556119918823,0.4590500295162201,0.002193391090258956,0.013615070842206478
0.12773269414901733,0.4588817358016968,0.0021215961314737797,0.013603368774056435
0.1273772418498993,0.4582757353782654,0.0020434048492461443,0.013624877668917179
0.12716235220432281,0.4578056335449219,0.0019884472712874413,0.013620714657008648
0.1266414225101471,0.456743985414505,0.0018556280992925167,0.013760571368038654
0.1268460750579834,0.45725351572036743,0.001737542450428009,0.013654123060405254
0.1268133521080017,0.45705142617225647,0.0017870627343654633,0.013616624288260937
0.12681972980499268,0.45716047286987305,0.0017564956797286868,0.01357368566095829
0.1268027126789093,0.4570627212524414,0.0016694532241672277,0.013543114066123962
0.12687698006629944,0.45715340971946716,0.0015572244301438332,0.013499767519533634
0.12683507800102234,0.4570440649986267,0.0014821244403719902,0.013485363684594631
0.12751296162605286,0.4574200510978699,0.0013170260936021805,0.013548124581575394
0.12696251273155212,0.45700135827064514,0.0014209382934495807,0.01346034836024046
0.12695978581905365,0.4566222131252289,0.0013885925291106105,0.013431422412395477
0.12695978581905365,0.4566222131252289,0.0013885925291106105,0.013431422412395477
0.12689001858234406,0.45649266242980957,0.0013203134294599295,0.01341225765645504
0.1267707198858261,0.45634591579437256,0.0013645044527947903,0.013386708684265614
0.12683629989624023,0.4559674859046936,0.0013970941072329879,0.013372636400163174
0.1267905980348587,0.45589545369148254,0.0013883182546123862,0.013337708078324795
0.12728917598724365,0.45440125465393066,0.001331097912043333,0.01341721136122942
0.12692172825336456,0.45480385422706604,0.0013224653666839004,0.013325108215212822
0.1269432008266449,0.4548923075199127,0.0013125906698405743,0.013280203565955162
0.1271664947271347,0.45512089133262634,0.001288070809096098,0.013203267008066177
0.12743300199508667,0.4549662172794342,0.0012837295653298497,0.013143360614776611
0.1277063935995102,0.45465463399887085,0.0012833646032959223,0.013094402849674225
0.12797501683235168,0.45445242524147034,0.0012824500445276499,0.013027355074882507
0.12800279259681702,0.45435577630996704,0.0012823380529880524,0.012973393313586712
0.1278138905763626,0.4546017050743103,0.001280404394492507,0.012920426204800606
0.12759561836719513,0.45474496483802795,0.0012793759815394878,0.01287898514419794
0.1274200677871704,0.4548764228820801,0.001279708230867982,0.012845434248447418
0.12734943628311157,0.45494723320007324,0.0012810647021979094,0.012804027646780014
0.12741488218307495,0.45471709966659546,0.0012893273960798979,0.012769162654876709
0.127510204911232,0.4544108211994171,0.0013046639505773783,0.012745844200253487
0.12769180536270142,0.45408329367637634,0.0013525884132832289,0.012709509581327438
0.12732930481433868,0.45306596159935,0.001366030308417976,0.012824959121644497
0.12732930481433868,0.45306596159935,0.001366030308417976,0.012824959121644497
0.12766848504543304,0.45325061678886414,0.001407543895766139,0.012695255689322948
0.1278562992811203,0.453216016292572,0.0014133213553577662,0.012654691934585571
0.12786586582660675,0.45315802097320557,0.0013580748345702887,0.012610714882612228
0.1278432160615921,0.452751100063324,0.001350310631096363,0.012601792812347412
0.12830841541290283,0.45218342542648315,0.0013284169835969806,0.01258408185094595
0.1282263547182083,0.4518837332725525,0.0013482541544362903,0.012581651099026203
0.12839066982269287,0.451591819524765,0.0013473147992044687,0.01254050713032484
0.12816853821277618,0.4514228105545044,0.0013321693986654282,0.012525090016424656
0.12792877852916718,0.45152556896209717,0.0013243118301033974,0.01250176876783371
0.127760112285614,0.4514685571193695,0.0012920331209897995,0.012491733767092228
0.127696692943573,0.4513746500015259,0.0012879250571131706,0.01246246974915266
0.12770913541316986,0.45109644532203674,0.0012779256794601679,0.012415889650583267
0.1276908665895462,0.45055270195007324,0.0012780881952494383,0.012441286817193031
0.12776710093021393,0.4505140781402588,0.0012785668950527906,0.012412040494382381
0.12776365876197815,0.45040398836135864,0.001280263066291809,0.01239030621945858
0.12771129608154297,0.4503001570701599,0.0012819708790630102,0.012377867475152016
0.12750622630119324,0.4501289129257202,0.0012842575088143349,0.012380100786685944
0.1272156834602356,0.4499150514602661,0.0012854719534516335,0.012363817542791367
0.12590675055980682,0.4490140974521637,0.001297475304454565,0.012783541344106197
0.12670981884002686,0.44941121339797974,0.0012884298339486122,0.012423014268279076
0.1261579990386963,0.44890105724334717,0.0012861315626651049,0.012450381182134151
0.1261579990386963,0.44890105724334717,0.0012861315626651049,0.012450381182134151
0.1257684826850891,0.4485414922237396,0.0012809799518436193,0.012456345371901989
0.12562254071235657,0.44816479086875916,0.0012783510610461235,0.012455378659069538
0.12538956105709076,0.4480399191379547,0.0012779486132785678,0.012433361262083054
0.12705571949481964,0.44764941930770874,0.001288604224100709,0.012619019486010075
0.12565778195858002,0.4475923478603363,0.001277141273021698,0.01240596454590559
0.12564073503017426,0.44725924730300903,0.001277043716982007,0.012392271310091019
0.1260240375995636,0.4474866986274719,0.0012790362816303968,0.012254108674824238
0.12583611905574799,0.4471929669380188,0.0012779512908309698,0.012269030325114727
0.12550152838230133,0.446709543466568,0.0012770628090947866,0.012276939116418362
0.12544555962085724,0.4465615749359131,0.0012778711970895529,0.012273172847926617
0.12511801719665527,0.44606727361679077,0.0012833194341510534,0.012324494309723377
0.12525184452533722,0.4458990693092346,0.0012887888588011265,0.012262255884706974
0.12532243132591248,0.445883184671402,0.0012937383726239204,0.012228946201503277
0.12527614831924438,0.44563332200050354,0.00131134910043329,0.012212496250867844
0.12507255375385284,0.4455544948577881,0.0013493165606632829,0.012208180502057076
0.12463157624006271,0.4453674852848053,0.0014976023230701685,0.012216473929584026
0.12418974190950394,0.4456292390823364,0.001573316054418683,0.012183374725282192
0.12405454367399216,0.44560062885284424,0.0015651918947696686,0.012138748541474342
0.12381573766469955,0.4454728364944458,0.0015992980916053057,0.012091011740267277
0.12366735935211182,0.4455873668193817,0.0016349197831004858,0.012048683129251003
0.12344532459974289,0.445393443107605,0.0016768249915912747,0.012000002898275852
0.12344532459974289,0.445393443107605,0.0016768249915912747,0.012000002898275852
0.12320171296596527,0.4477057456970215,0.0022301289718598127,0.012066216208040714
0.12321016192436218,0.4455622136592865,0.0017986191669479012,0.011952954344451427
0.12296825647354126,0.44510045647621155,0.0018995986320078373,0.011935854330658913
0.1228117123246193,0.44489437341690063,0.001995416358113289,0.011912180110812187
0.12264054268598557,0.44461071491241455,0.0020584212616086006,0.011909200809895992
0.1225031316280365,0.44417640566825867,0.0021901666186749935,0.011889209039509296
0.12214306741952896,0.4438691735267639,0.0020888610742986202,0.011919578537344933
0.12255746126174927,0.4436037242412567,0.0023473533801734447,0.012025170028209686
0.12210311740636826,0.4435642957687378,0.002156623639166355,0.011915263719856739
0.12217812985181808,0.4437181353569031,0.0020900010131299496,0.011858906596899033
0.12185788154602051,0.4435544013977051,0.00198271032422781,0.011870190501213074
0.12182352691888809,0.4435449242591858,0.0019076514290645719,0.011848592199385166
0.12161126732826233,0.44333329796791077,0.0018064627656713128,0.011852510273456573
0.12118126451969147,0.4434965252876282,0.0015479865251109004,0.01184458564966917
0.12111297249794006,0.44310086965560913,0.0015361572150141,0.011859000660479069
0.12114345282316208,0.4430309236049652,0.0015308375004678965,0.011834440752863884
0.12113906443119049,0.44301214814186096,0.0015216555912047625,0.011817596852779388
0.12107287347316742,0.44314754009246826,0.0015210206620395184,0.011794724501669407
0.12101166695356369,0.4432283043861389,0.0015615797601640224,0.01174576859921217
0.12024617940187454,0.4437868297100067,0.0016868450911715627,0.011710952036082745
0.12022201716899872,0.44373559951782227,0.0016955763567239046,0.011663423851132393
0.12014610320329666,0.44387394189834595,0.0017148732440546155,0.011623162776231766
0.12014610320329666,0.44387394189834595,0.0017148732440546155,0.011623162776231766
0.1200459897518158,0.444089412689209,0.0017330821137875319,0.011582101695239544
0.11985362321138382,0.44415098428726196,0.001700274646282196,0.011566441506147385
0.11962855607271194,0.44418829679489136,0.0018703641835600138,0.011545011773705482
0.11951742321252823,0.44390469789505005,0.0018285255646333098,0.011555877514183521
0.1193886548280716,0.44332200288772583,0.0018403540598228574,0.011589433997869492
0.11930547654628754,0.44312721490859985,0.0018928087083622813,0.011589189060032368
0.1191243827342987,0.44294682145118713,0.0019712119828909636,0.011597706004977226
0.1189982146024704,0.4429955780506134,0.002029443858191371,0.011582794599235058
0.11885616183280945,0.4433218240737915,0.0019501616479828954,0.011545187793672085
0.1186557412147522,0.44361793994903564,0.0019697127863764763,0.011508491821587086
0.11856808513402939,0.4441453814506531,0.0018822022248059511,0.011445646174252033
0.11843983829021454,0.4444579482078552,0.0017909281887114048,0.011409902013838291
0.11826559156179428,0.444700688123703,0.0016870576655492187,0.011375326663255692
0.11817943304777145,0.4448394775390625,0.0015820402186363935,0.01134073082357645
0.1179456114768982,0.4447903633117676,0.001521856407634914,0.011316469870507717
0.11773896217346191,0.4445522725582123,0.0014932439662516117,0.011300168000161648
0.1174611896276474,0.44416460394859314,0.001511894864961505,0.011305109597742558
0.11727194488048553,0.44404691457748413,0.0014748426619917154,0.011302994564175606
0.11702227592468262,0.44406208395957947,0.0015226242830976844,0.011279228143393993
0.11696480214595795,0.44414469599723816,0.0014757293974980712,0.011230401694774628
0.11696480214595795,0.44414469599723816,0.0014757293974980712,0.011230401694774628
0.11684462428092957,0.4444081485271454,0.0014439241494983435,0.011181410402059555
0.1167030930519104,0.4445866346359253,0.001379304681904614,0.01113735418766737
0.11648643016815186,0.44472992420196533,0.001378887565806508,0.011092045344412327
0.11621525138616562,0.44474077224731445,0.0013736274559050798,0.011058864183723927
0.11603114753961563,0.44485995173454285,0.0014328035758808255,0.010985666885972023
0.1158239021897316,0.4447365403175354,0.0014406093396246433,0.010969223454594612
0.11570119112730026,0.44468432664871216,0.0014334793668240309,0.010950892232358456
0.11544787138700485,0.44467028975486755,0.0014529251493513584,0.01093253307044506
0.11513055860996246,0.44477248191833496,0.001445650588721037,0.010904831811785698
0.11479244381189346,0.44494959712028503,0.001407765201292932,0.010863831266760826
0.1143336147069931,0.44531288743019104,0.0013892892748117447,0.0108500886708498
0.11421092599630356,0.4450128376483917,0.0013638288946822286,0.01085737720131874
0.11450453847646713,0.44483643770217896,0.0013558969367295504,0.010801785625517368
0.11420807987451553,0.44458723068237305,0.001379756722599268,0.010797998867928982
0.11402269452810287,0.444470077753067,0.0013670279877260327,0.010796856135129929
0.11365300416946411,0.44433122873306274,0.0013343108585104346,0.010778894647955894
0.11341271549463272,0.44437721371650696,0.0013177560176700354,0.010720270685851574
0.11286889016628265,0.44526004791259766,0.0013304897584021091,0.01067844033241272
0.11306038498878479,0.444667249917984,0.0013241234701126814,0.01065918244421482
0.11282149702310562,0.4449205994606018,0.0013301479630172253,0.01057348120957613
0.1126631572842598,0.44511109590530396,0.0013460743939504027,0.010517801158130169
0.1126631572842598,0.44511109590530396,0.0013460743939504027,0.010517801158130169
0.11261378973722458,0.44518792629241943,0.0013677235692739487,0.010487707331776619
0.11249931901693344,0.4451789855957031,0.0013726233737543225,0.010468353517353535
0.11236396431922913,0.44515496492385864,0.001380126690492034,0.010457546450197697
0.11210300028324127,0.44499069452285767,0.0013594715856015682,0.010455388575792313
0.11183406412601471,0.44453859329223633,0.001411598757840693,0.010488397441804409
0.11172159016132355,0.4447174668312073,0.001346830977126956,0.010456115007400513
0.11170357465744019,0.44487565755844116,0.0013212281046435237,0.010419582948088646
0.11170324683189392,0.44494256377220154,0.0013159714872017503,0.010388150811195374
0.111798495054245,0.44502538442611694,0.0013179243542253971,0.010348179377615452
0.11198832839727402,0.44488030672073364,0.0013290857896208763,0.010308594442903996
0.11209654808044434,0.44468533992767334,0.0013281996361911297,0.010290786623954773
0.11221716552972794,0.44430142641067505,0.0013317634584382176,0.010280231945216656
0.11229274421930313,0.4438033103942871,0.0013518049381673336,0.010276375338435173
0.11244940757751465,0.44352149963378906,0.0013493006117641926,0.010290109552443027
0.11234264820814133,0.443602979183197,0.001350359176285565,0.010266211815178394
0.11221287399530411,0.4430384039878845,0.0014041389804333448,0.010282930918037891
0.11206416040658951,0.44283556938171387,0.0014313100837171078,0.010278796777129173
0.11187903583049774,0.44278818368911743,0.0014582015573978424,0.010275427252054214
0.11178489029407501,0.44278019666671753,0.001483517000451684,0.010266544297337532
0.11167646944522858,0.4428822994232178,0.0015255629550665617,0.01024223305284977
0.1115962341427803,0.44292446970939636,0.0015670788707211614,0.010206455364823341
0.1115962341427803,0.44292446970939636,0.0015670788707211614,0.010206455364823341
0.1115681603550911,0.442982941865921,0.0015990152023732662,0.010165699757635593
0.11153839528560638,0.44309666752815247,0.0016076758038252592,0.010131238959729671
0.11151287704706192,0.4430910050868988,0.0016003503696992993,0.010102297179400921
0.11139369755983353,0.4431723356246948,0.0016050378326326609,0.0100795216858387
0.11113525182008743,0.44304001331329346,0.001629079575650394,0.010056087747216225
0.11091471463441849,0.4429124593734741,0.0016685344744473696,0.010046632029116154
0.11068105697631836,0.4425889849662781,0.0017328689573332667,0.010043511167168617
0.11058440804481506,0.44207268953323364,0.0018212617142125964,0.010054619051516056
0.1100880354642868,0.4420571029186249,0.0019536425825208426,0.010070910677313805
0.11032458394765854,0.4418962001800537,0.0019006272777915,0.01001920085400343
0.11052744090557098,0.44168901443481445,0.0017703201156109571,0.009986727498471737
0.11066564917564392,0.44162654876708984,0.001763918437063694,0.00994477141648531
0.11075793951749802,0.4412301778793335,0.0017444291152060032,0.009924973361194134
0.11077659577131271,0.44099462032318115,0.0017465092241764069,0.009920448064804077
0.11072971671819687,0.4408003091812134,0.001723389606922865,0.009922240860760212
0.11057116091251373,0.4405117630958557,0.0016703361179679632,0.009930082596838474
0.11044737696647644,0.44045326113700867,0.0016106541734188795,0.009939488023519516
0.11026480793952942,0.4403730630874634,0.0015379901742562652,0.00994759239256382
0.11010215431451797,0.44025325775146484,0.001494973199442029,0.009958002716302872
0.10988690704107285,0.4401356279850006,0.0014772049617022276,0.00996471755206585
0.10988690704107285,0.4401356279850006,0.0014772049617022276,0.00996471755206585
0.10963352769613266,0.44010454416275024,0.0014803910162299871,0.009975993074476719
0.10949864238500595,0.4401017725467682,0.0014970198972150683,0.009971687570214272
0.10936251282691956,0.44003042578697205,0.0015157260932028294,0.009956673718988895
0.10923489183187485,0.4399966299533844,0.0015226311516016722,0.009962543845176697
0.10894778370857239,0.43996086716651917,0.0015159836038947105,0.009974841959774494
0.10904256999492645,0.4396458864212036,0.0014903711853548884,0.00997970998287201
0.10900495946407318,0.43960514664649963,0.001494243391789496,0.00997309572994709
0.10885041207075119,0.43953365087509155,0.0015103928744792938,0.009958435781300068
0.10852047055959702,0.439065158367157,0.0016351148951798677,0.01000950112938881
0.10855745524168015,0.43915045261383057,0.0016294734086841345,0.009966576471924782
0.10848814994096756,0.4391617178916931,0.0016601353418081999,0.009943910874426365
0.10840485990047455,0.43912601470947266,0.0017017822246998549,0.009928444400429726
0.10822195559740067,0.439034640789032,0.0017452570609748363,0.00992079358547926
0.10792187601327896,0.43869131803512573,0.0019272958161309361,0.009950846433639526
0.10789913684129715,0.43877464532852173,0.0018210872076451778,0.0099186385050416
0.10782470554113388,0.4388401508331299,0.0017459273803979158,0.009897665120661259
0.10768517106771469,0.43904566764831543,0.0016650930047035217,0.00986794289201498
0.10746674239635468,0.4390007555484772,0.001601907191798091,0.00985945574939251
0.10722875595092773,0.4388931691646576,0.001567015890032053,0.00985916331410408
0.10704153776168823,0.43844926357269287,0.0014943390851840377,0.00988126639276743
0.10704153776168823,0.43844926357269287,0.0014943390851840377,0.00988126639276743
0.1071120873093605,0.43832191824913025,0.0015097726136446,0.009850510396063328
0.10737788677215576,0.43802526593208313,0.0014830492436885834,0.009811903350055218
0.10706382989883423,0.4381704330444336,0.001778084202669561,0.009875965304672718
0.10723497718572617,0.4379427134990692,0.001564833102747798,0.009804846718907356
0.1073014885187149,0.4377174377441406,0.0015540735330432653,0.009783702902495861
0.10729667544364929,0.4368484318256378,0.0015488577773794532,0.009776691906154156
0.10718612372875214,0.43641436100006104,0.0015494558028876781,0.009784506633877754
0.10683153569698334,0.43570199608802795,0.0015508971409872174,0.009832510724663734
0.10642305761575699,0.4352951645851135,0.0015815588412806392,0.00985743012279272
0.10599101334810257,0.4349856376647949,0.001673780265264213,0.009860662743449211
0.10586551576852798,0.4350069761276245,0.0016749596688896418,0.009824943728744984
0.10577215999364853,0.43523502349853516,0.001641829963773489,0.009785957634449005
0.10571525990962982,0.43535441160202026,0.001595672918483615,0.00976550579071045
0.10547530651092529,0.4352072775363922,0.0015508921351283789,0.009756749495863914
0.10497358441352844,0.43532735109329224,0.0013925686944276094,0.009773828089237213
0.10458628833293915,0.4349566400051117,0.0014131116913631558,0.009786596521735191
0.10413378477096558,0.4344586730003357,0.001426597242243588,0.009837118908762932
0.10391715168952942,0.4341832995414734,0.0014269379898905754,0.009863010607659817
0.10366182774305344,0.43391767144203186,0.0014068924356251955,0.009877217933535576
0.1035403460264206,0.43383365869522095,0.0013700994895771146,0.009866851381957531
0.10352178663015366,0.43386197090148926,0.001339983195066452,0.0098480936139822
0.10352178663015366,0.43386197090148926,0.001339983195066452,0.0098480936139822
0.10341832041740417,0.4335101246833801,0.0013417490990832448,0.0098746782168746
0.10328341275453568,0.4336766004562378,0.0013131399173289537,0.009852672927081585
0.10316263884305954,0.4332468509674072,0.001325966790318489,0.009876891039311886
0.1029786616563797,0.4323021471500397,0.0013737211702391505,0.009931044653058052
0.10296057164669037,0.43227851390838623,0.0013691269559785724,0.009916050359606743
0.10293333232402802,0.43207672238349915,0.0013716078829020262,0.009908424690365791
0.10302659124135971,0.43211355805397034,0.0013741529546678066,0.009868023917078972
0.10302843898534775,0.43184366822242737,0.0013762330636382103,0.009859944693744183
0.10321111977100372,0.4316282868385315,0.0013937943149358034,0.009821106679737568
0.10318354517221451,0.4313356280326843,0.0014081320259720087,0.009836855344474316
0.10308335721492767,0.43069636821746826,0.0014318363973870873,0.009859499521553516
0.10293228179216385,0.43010228872299194,0.0014421736123040318,0.009893320500850677
0.10271132737398148,0.4296589493751526,0.0014332847204059362,0.009923025965690613
0.10251375287771225,0.4293782413005829,0.001406912924721837,0.009925651364028454
0.10220920294523239,0.42902815341949463,0.0013722493313252926,0.009938442148268223
0.10206834971904755,0.42926084995269775,0.0013590848539024591,0.00988753978163004
0.10198680311441422,0.4291190505027771,0.001348828780464828,0.009860998950898647
0.10187544673681259,0.4291830062866211,0.0013712536310777068,0.009829441085457802
0.10195834189653397,0.42930030822753906,0.0014023722615092993,0.00978892296552658
0.1018160730600357,0.4292047321796417,0.0014162990264594555,0.00980443973094225
0.1018160730600357,0.4292047321796417,0.0014162990264594555,0.00980443973094225
0.10148979723453522,0.4290314316749573,0.0014462294057011604,0.009825573302805424
0.10125434398651123,0.4289827346801758,0.0014588318299502134,0.009826196357607841
0.10108812898397446,0.4290425181388855,0.001459020422771573,0.009822935797274113
0.10107152163982391,0.42906439304351807,0.0014499095268547535,0.009813346900045872
0.10112247616052628,0.4292154610157013,0.001437999540939927,0.009786052629351616
0.1012410819530487,0.42919325828552246,0.0014310727128759027,0.009754154831171036
0.10138403624296188,0.42896226048469543,0.0013890545815229416,0.009754975326359272
0.10129749774932861,0.4288570284843445,0.0014183244202286005,0.009736435487866402
0.10119595378637314,0.42860278487205505,0.0014413302997127175,0.009742651134729385
0.10100783407688141,0.42829054594039917,0.001451379037462175,0.009758900851011276
0.10079412907361984,0.4280720055103302,0.0014370924327522516,0.009771505370736122
0.1005449965596199,0.4278483986854553,0.0014198266435414553,0.009783667512238026
0.10051681101322174,0.4281753897666931,0.0012851599603891373,0.010001631453633308
0.10041091591119766,0.4277861714363098,0.001378062181174755,0.009792602621018887
0.10031377524137497,0.4275548458099365,0.0013310173526406288,0.009786869399249554
0.10012275725603104,0.4276426434516907,0.001299781957641244,0.009753827005624771
0.10017938166856766,0.42747560143470764,0.001294691814109683,0.009723794646561146
0.10028868913650513,0.4272509813308716,0.0012794457143172622,0.009717687033116817
0.10019122064113617,0.4270435571670532,0.001285220729187131,0.009696763008832932
0.10007024556398392,0.42689093947410583,0.0012947539798915386,0.009703182615339756
0.0998787209391594,0.42649251222610474,0.0013149138540029526,0.009723358787596226
0.0998787209391594,0.42649251222610474,0.0013149138540029526,0.009723358787596226
0.09970832616090775,0.42608049511909485,0.0013189204037189484,0.009753605350852013
0.09965810924768448,0.42567020654678345,0.001318326685577631,0.009758975356817245
0.0996057465672493,0.42505189776420593,0.0013041617348790169,0.009785240516066551
0.09986206889152527,0.42497122287750244,0.0012941499007865787,0.009752480313181877
0.09994862228631973,0.42469191551208496,0.0012905544135719538,0.009746883995831013
0.10009818524122238,0.42446452379226685,0.0012939975131303072,0.00972996186465025
0.10006993263959885,0.4244268834590912,0.0012980949832126498,0.009721755981445312
0.10002705454826355,0.42420995235443115,0.001310320571064949,0.00972651969641447
0.0998922735452652,0.4241906404495239,0.0013212412595748901,0.009727464988827705
0.09980174899101257,0.4239295721054077,0.001336503541097045,0.009742561727762222
0.09942459315061569,0.4240027368068695,0.0013359910808503628,0.009756656363606453
0.09957684576511383,0.42397594451904297,0.0013339041033759713,0.009719609282910824
0.09966450929641724,0.4239743649959564,0.0013269272167235613,0.009696473367512226
0.09974827617406845,0.42391881346702576,0.0013176564825698733,0.009671244770288467
0.10062561184167862,0.42468345165252686,0.0014421403175219893,0.009986662305891514
0.09978670626878738,0.4238255023956299,0.0013267311733216047,0.009661270305514336
0.09967558085918427,0.42370525002479553,0.0013166272547096014,0.00965461041778326
0.09964272379875183,0.4235547184944153,0.0012967046350240707,0.009676703251898289
0.09961856156587601,0.4235316812992096,0.001305294455960393,0.009653334505856037
0.09952232241630554,0.423376202583313,0.001312078326009214,0.009652161039412022
0.09938378632068634,0.4231489598751068,0.001328108599409461,0.009645984508097172
0.09939011186361313,0.4229514002799988,0.0013318763813003898,0.0096453707665205
0.09939011186361313,0.4229514002799988,0.0013318763813003898,0.0096453707665205
0.09940095990896225,0.4227362275123596,0.0013442218769341707,0.009631088934838772
0.09945256263017654,0.4226456582546234,0.0013485264498740435,0.009616085328161716
0.09949422627687454,0.4223707914352417,0.0013664509169757366,0.009603044018149376
0.09952419251203537,0.4219191074371338,0.0013253949582576752,0.009632536210119724
0.09945862740278244,0.42164117097854614,0.0013643627753481269,0.009601028636097908
0.09938807040452957,0.4213962256908417,0.0013909843983128667,0.009584820829331875
0.09941236674785614,0.4208718240261078,0.0013813712866976857,0.009591737762093544
0.09942076355218887,0.4205477833747864,0.0013913195580244064,0.00958822201937437
0.09947457909584045,0.4203624725341797,0.001374612795189023,0.009584889747202396
0.09961561858654022,0.42004477977752686,0.0013586909044533968,0.00957677885890007
0.0997970774769783,0.4199906587600708,0.0013515636092051864,0.0095453392714262
0.09994692355394363,0.4199349880218506,0.0013411028776317835,0.009512308053672314
0.0998644307255745,0.42008617520332336,0.0013535997131839395,0.009488383308053017
0.10071675479412079,0.4207763373851776,0.001370120793581009,0.009384460747241974
0.10011391341686249,0.42024585604667664,0.001357777277007699,0.009434053674340248
0.09996239840984344,0.42044228315353394,0.0013002268970012665,0.00943958479911089
0.10002949088811874,0.420305997133255,0.0013257332611829042,0.009428085759282112
0.09996162354946136,0.42022380232810974,0.001343379495665431,0.00942286942154169
0.09992469847202301,0.4201755225658417,0.001376752625219524,0.009389778599143028
0.09969602525234222,0.4200940728187561,0.0013691880740225315,0.009394894354045391
0.09985483437776566,0.4200492203235626,0.001381940906867385,0.009352017194032669
0.09978215396404266,0.4200763702392578,0.0013504120288416743,0.009322592057287693
0.09978215396404266,0.4200763702392578,0.0013504120288416743,0.009322592057287693
0.0997403934597969,0.4201432764530182,0.001319746021181345,0.00928979180753231
0.09948155283927917,0.420081228017807,0.0013039305340498686,0.009287380613386631
0.0992477610707283,0.41997990012168884,0.001295612775720656,0.009288973174989223
0.09877484291791916,0.419641375541687,0.001283289398998022,0.009317115880548954
0.09867771714925766,0.4196667969226837,0.0012803166173398495,0.009304308332502842
0.09854959696531296,0.41965967416763306,0.0012789451284334064,0.009279760532081127
0.09853247553110123,0.4197660982608795,0.0012807265156880021,0.009238424710929394
0.09870157390832901,0.419165700674057,0.0012825268786400557,0.009293073788285255
0.09858454018831253,0.4194134771823883,0.001280076801776886,0.009251071140170097
0.0985419973731041,0.4196077585220337,0.0012798542156815529,0.009211951866745949
0.09857741743326187,0.4196116626262665,0.0012878876877948642,0.009197239764034748
0.09840168058872223,0.41941186785697937,0.0012815110385417938,0.009204921312630177
0.09834408760070801,0.41910165548324585,0.0012815562076866627,0.00922167208045721
0.0982523262500763,0.4190048575401306,0.001279310672543943,0.009221931919455528
0.09824923425912857,0.4188605546951294,0.0012805578298866749,0.009205215610563755
0.0982789546251297,0.4189783036708832,0.0012809957843273878,0.009174645878374577
0.09826519340276718,0.41900503635406494,0.0012811932247132063,0.009168031625449657
0.09826851636171341,0.4189615249633789,0.0012796935625374317,0.009144769050180912
0.09840063750743866,0.4188923239707947,0.0012895413674414158,0.009119421243667603
0.09831156581640244,0.4188762903213501,0.0012882918817922473,0.009108797647058964
0.09830418974161148,0.418796181678772,0.0012870843056589365,0.0091027757152915
0.09830418974161148,0.418796181678772,0.0012870843056589365,0.0091027757152915
0.0983252078294754,0.4188235402107239,0.0012873574160039425,0.009097003377974033
0.098418690264225,0.41869181394577026,0.0012845613528043032,0.009071987122297287
0.09848688542842865,0.4184923768043518,0.0012817531824111938,0.009070812724530697
0.09873902052640915,0.41849565505981445,0.0012799618998542428,0.009033274836838245
0.09861239790916443,0.4184078872203827,0.0012797865783795714,0.009048257023096085
0.0985320582985878,0.4183085262775421,0.0012796942610293627,0.00904326792806387
0.0984354168176651,0.4182993769645691,0.0012802861165255308,0.009036528877913952
0.0983797013759613,0.4182945489883423,0.0012797482777386904,0.009028303436934948
0.09838154166936874,0.41821202635765076,0.001285558333620429,0.008998749777674675
0.09839531779289246,0.4181707203388214,0.0012934838887304068,0.008975742384791374
0.09846660494804382,0.41812485456466675,0.0013108033454045653,0.008950729854404926
0.09846033155918121,0.41803908348083496,0.0013352669775485992,0.008937849663197994
0.09833859652280807,0.4179205596446991,0.0013688630424439907,0.00892597809433937
0.09806714951992035,0.41771575808525085,0.001388373551890254,0.008943810127675533
0.0976969301700592,0.4175354242324829,0.001408337731845677,0.008952787145972252
0.09607326239347458,0.41798996925354004,0.0012926380150020123,0.009430142119526863
0.09729355573654175,0.41726914048194885,0.0013760975562036037,0.009002996608614922
0.09696007519960403,0.4171031415462494,0.0013652406632900238,0.009002736769616604
0.09685689210891724,0.41687989234924316,0.0013447327073663473,0.009005965664982796
0.09696141630411148,0.416748046875,0.001314238179475069,0.008969654329121113
0.09696855396032333,0.416681170463562,0.0012983819469809532,0.008951214142143726
0.09696855396032333,0.416681170463562,0.0012983819469809532,0.008951214142143726
0.09721854329109192,0.4167340099811554,0.0012942709727212787,0.00887682382017374
0.09759505838155746,0.4167930781841278,0.0012833799701184034,0.008791878819465637
0.09758985787630081,0.4167821407318115,0.0012884887401014566,0.008775312453508377
0.097635917365551,0.41651588678359985,0.001291470369324088,0.008773008361458778
0.09773300588130951,0.41625291109085083,0.0012916417326778173,0.00876683834940195
0.09782521426677704,0.41610008478164673,0.0012887008488178253,0.008765516802668571
0.09785974770784378,0.4160213768482208,0.0012841481948271394,0.008759180083870888
0.0978735014796257,0.4160004258155823,0.0012868241174146533,0.008749857544898987
0.09832493215799332,0.41541987657546997,0.0012810095213353634,0.008752922527492046
0.09805967658758163,0.4155614972114563,0.001287143211811781,0.008735367096960545
0.09795556217432022,0.41551193594932556,0.0012989183887839317,0.008737434633076191
0.09793610125780106,0.41513288021087646,0.0013002865016460419,0.008746804669499397
0.09806495159864426,0.41453060507774353,0.0012919905129820108,0.008771087042987347
0.09809388220310211,0.41408073902130127,0.0012863310985267162,0.008784936740994453
0.09810444712638855,0.4136923551559448,0.001285014906898141,0.008799831382930279
0.09807698428630829,0.4135066270828247,0.001287317369133234,0.008790232241153717
0.09803446382284164,0.4136924743652344,0.0012939376756548882,0.008757615461945534
0.09797070920467377,0.41391947865486145,0.0012997916201129556,0.008730117231607437
0.09774904698133469,0.41388699412345886,0.0013028511311858892,0.008716929703950882
0.09757420420646667,0.4156477451324463,0.0013241939013823867,0.009225870482623577
0.09765627235174179,0.4137556254863739,0.00129207712598145,0.00872922781854868
0.09765627235174179,0.4137556254863739,0.00129207712598145,0.00872922781854868
0.09751152247190475,0.41353026032447815,0.0012914091348648071,0.008741379715502262
0.09740421921014786,0.41331568360328674,0.0012977926526218653,0.008748766034841537
0.09733686596155167,0.41299790143966675,0.0013063722290098667,0.0087448013946414
0.09719376266002655,0.412791907787323,0.0013214903883635998,0.008729727007448673
0.09752539545297623,0.4124373495578766,0.0014074104838073254,0.00872445572167635
0.0973556637763977,0.41254687309265137,0.001357518369331956,0.008710176683962345
0.0972665548324585,0.41245365142822266,0.0013534142635762691,0.00869026966392994
0.09711785614490509,0.4126693308353424,0.0013734515523537993,0.00864651519805193
0.09698597341775894,0.4123953580856323,0.0013869930990040302,0.008626876398921013
0.09679002314805984,0.4122043251991272,0.0014036039356142282,0.008617865853011608
0.09669502079486847,0.41195908188819885,0.0014393694000318646,0.008614077232778072
0.09654702991247177,0.41164976358413696,0.001470072427764535,0.008619079366326332
0.09639844298362732,0.41141000390052795,0.0015009347116574645,0.00863138772547245
0.09607599675655365,0.4108973443508148,0.0015441206051036716,0.008665905334055424
0.09560177475214005,0.41106149554252625,0.0015653269365429878,0.008713478222489357
0.0958336591720581,0.41089731454849243,0.0015537331346422434,0.008661134168505669
0.09582482278347015,0.41074827313423157,0.001550849643535912,0.008642460219562054
0.09583982080221176,0.4106810390949249,0.0015472716186195612,0.00861038826406002
0.09584828466176987,0.4104541838169098,0.0015377019299194217,0.008587343618273735
0.09579096734523773,0.41003483533859253,0.001541811041533947,0.008577816188335419
0.09568751603364944,0.4094354510307312,0.0015674777096137404,0.008581042289733887
0.09624053537845612,0.4089769423007965,0.00156078627333045,0.008570780977606773
0.09590533375740051,0.4091150164604187,0.001563820755109191,0.008552638813853264
0.09590533375740051,0.4091150164604187,0.001563820755109191,0.008552638813853264
0.0957886129617691,0.4086715877056122,0.0015768194571137428,0.008539284579455853
0.09567181766033173,0.4080164134502411,0.0015670255525037646,0.008513429202139378
0.09575915336608887,0.4077644348144531,0.001538166543468833,0.008466537110507488
0.09587039798498154,0.4075697064399719,0.0015071106608957052,0.008431591093540192
0.09604880958795547,0.4072059690952301,0.0014829442370682955,0.00839933194220066
0.0964229479432106,0.40703535079956055,0.001465260749682784,0.008346966467797756
0.09658899158239365,0.40651237964630127,0.0014720790786668658,0.008340834639966488
0.09686582535505295,0.40614521503448486,0.0014890421880409122,0.008318706415593624
0.09677547216415405,0.4058085083961487,0.001516813994385302,0.00834095198661089
0.09673091769218445,0.40558838844299316,0.0015461025759577751,0.008337870240211487
0.09664894640445709,0.4052447974681854,0.0015661451034247875,0.008346800692379475
0.09660762548446655,0.40462973713874817,0.0015852763317525387,0.008352590724825859
0.09674446284770966,0.40395310521125793,0.0016304745804518461,0.008320538327097893
0.09697631001472473,0.403090238571167,0.0015829894691705704,0.008312476798892021
0.0979352593421936,0.40217867493629456,0.0016799618024379015,0.00825094897300005
0.09822355955839157,0.4011990427970886,0.0014258597511798143,0.00826389342546463
0.09788943082094193,0.4013844430446625,0.001532479072920978,0.008197300136089325
0.09793394058942795,0.40180855989456177,0.001646170625463128,0.008091573603451252
0.09800098836421967,0.40143007040023804,0.0017227964708581567,0.00806787796318531
0.09805485606193542,0.401184618473053,0.0017374702729284763,0.00804832298308611
0.09805485606193542,0.401184618473053,0.0017374702729284763,0.00804832298308611
0.09802398085594177,0.40092790126800537,0.001692031160928309,0.008061172440648079
0.09787674248218536,0.4007997512817383,0.001579148811288178,0.008058351464569569
0.0976763442158699,0.40058308839797974,0.0014573459047824144,0.00806209072470665
0.09751883149147034,0.40063050389289856,0.0014200396835803986,0.008052575401961803
0.09744575619697571,0.40031734108924866,0.0013752580853179097,0.008064339868724346
0.09711448103189468,0.40254396200180054,0.0014051474863663316,0.00811288133263588
0.09732209891080856,0.40061986446380615,0.0013812219258397818,0.008023192174732685
0.09734722971916199,0.4003094434738159,0.0013970367144793272,0.008014407940208912
0.09746181219816208,0.39995455741882324,0.0014070693869143724,0.008000321686267853
0.09763803333044052,0.399888277053833,0.00140966079197824,0.007958188652992249
0.09763450920581818,0.3998893201351166,0.0014046430587768555,0.007948304526507854
0.0976460725069046,0.400031715631485,0.0013927870895713568,0.007924629375338554
0.09767752885818481,0.40007391571998596,0.0013845793437212706,0.007906694896519184
0.09778758883476257,0.4001115560531616,0.0014031954342499375,0.00787462666630745
0.09785749763250351,0.39995846152305603,0.0013953105080872774,0.007859674282371998
0.09790444374084473,0.3997782766819,0.0013852318516001105,0.007856191135942936
0.0978802964091301,0.3996645510196686,0.0013849966926500201,0.007859226316213608
0.09774152934551239,0.39922282099723816,0.0013878012541681528,0.007895218208432198
0.0976165309548378,0.3989643454551697,0.001391662284731865,0.007912806235253811
0.09757386893033981,0.3974838852882385,0.0016441855113953352,0.008200718089938164
0.09756508469581604,0.3984985947608948,0.0014319038018584251,0.00794257689267397
0.09736034274101257,0.3982214331626892,0.0014007501304149628,0.007967825047671795
0.09736034274101257,0.3982214331626892,0.0014007501304149628,0.007967825047671795
0.09734558314085007,0.3981059193611145,0.0014207767089828849,0.007957901805639267
0.09729523211717606,0.39800408482551575,0.001406714553013444,0.007965195924043655
0.09726579487323761,0.39794719219207764,0.0013630054891109467,0.007951389066874981
0.09732024371623993,0.3980005085468292,0.0013508519623428583,0.007927516475319862
0.09726811945438385,0.39828211069107056,0.0013435408473014832,0.007903344929218292
0.09728136658668518,0.3980984091758728,0.0013469188706949353,0.00791151262819767
0.09735346585512161,0.39782875776290894,0.0013435336295515299,0.00791141390800476
0.09733713418245316,0.39797860383987427,0.001342638162896037,0.007891522720456123
0.09723423421382904,0.39800533652305603,0.0013370648957788944,0.007884180173277855
0.09717807918787003,0.39793863892555237,0.0013290084898471832,0.007876506075263023
0.09714855998754501,0.39768266677856445,0.0013125772820785642,0.007881619036197662
0.09712391346693039,0.3975633680820465,0.001306075369939208,0.007890291512012482
0.09711627662181854,0.39734143018722534,0.0012948806397616863,0.007886049337685108
0.09740879386663437,0.3960767984390259,0.0013264986919239163,0.008108074776828289
0.09715861082077026,0.39686381816864014,0.0013009405229240656,0.007916993461549282
0.09717272967100143,0.3967800438404083,0.0012937753926962614,0.007898850366473198
0.09719952940940857,0.396791934967041,0.001289320643991232,0.007856402546167374
0.09707784652709961,0.3968268632888794,0.001286365557461977,0.007834718562662601
0.09688261896371841,0.3969019651412964,0.0012847146717831492,0.007813384756445885
0.09663943946361542,0.3970021903514862,0.0012825890444219112,0.007774786092340946
0.096512071788311,0.39691564440727234,0.0012818577233701944,0.0077696144580841064
0.0964621752500534,0.3967476487159729,0.0012904931791126728,0.0077566420659422874
0.0964621752500534,0.3967476487159729,0.0012904931791126728,0.0077566420659422874
0.09667900204658508,0.39665403962135315,0.001290011452510953,0.007728744763880968
0.09674312174320221,0.3963223993778229,0.0013144899858161807,0.007705491967499256
0.09705571085214615,0.39582324028015137,0.0013191241305321455,0.00770651875063777
0.09692012518644333,0.39563921093940735,0.0013115149922668934,0.007690524682402611
0.09686312824487686,0.39528441429138184,0.0012958166189491749,0.007687980309128761
0.09691373258829117,0.3949345052242279,0.0012851131614297628,0.007685275282710791
0.09681385010480881,0.39434295892715454,0.0012816546950489283,0.007736397907137871
0.09734232723712921,0.39366549253463745,0.0012887080665677786,0.0077314660884439945
0.09717639535665512,0.3941115140914917,0.001281572738662362,0.007665806449949741
0.09709076583385468,0.39407098293304443,0.0012800272088497877,0.007649570237845182
0.09716886281967163,0.39424341917037964,0.0012802560813724995,0.007603642996400595
0.09727343916893005,0.3941691517829895,0.001280108466744423,0.007554336916655302
0.09742537140846252,0.39430174231529236,0.0012841871939599514,0.0074851252138614655
0.09740991145372391,0.39427104592323303,0.001280877273529768,0.007443478796631098
0.09750952571630478,0.3938973546028137,0.0012824282748624682,0.007434000261127949
0.09720582515001297,0.3936719596385956,0.0012904474278911948,0.007448227144777775
0.09722667187452316,0.39348363876342773,0.0012968597002327442,0.007427976932376623
0.09724264591932297,0.392919659614563,0.001305467914789915,0.007447903044521809
0.09733524173498154,0.3925516605377197,0.0013024781364947557,0.007447812240570784
0.09742056578397751,0.39207690954208374,0.0012916272971779108,0.007459432352334261
0.09742056578397751,0.39207690954208374,0.0012916272971779108,0.007459432352334261
0.09751010686159134,0.39184948801994324,0.001282217912375927,0.007453556638211012
0.09750555455684662,0.391740620136261,0.0012802660930901766,0.007451132405549288
0.09743723273277283,0.3916613459587097,0.0012797515373677015,0.007436731830239296
0.09715034067630768,0.39157164096832275,0.0012800716795027256,0.007426116149872541
0.09683990478515625,0.3916001617908478,0.001282126409932971,0.007463756948709488
0.09697958081960678,0.3915807902812958,0.001280816039070487,0.007430871017277241
0.09653252363204956,0.3912416696548462,0.0012820287374779582,0.007484978064894676
0.09644978493452072,0.3911474347114563,0.0012906877091154456,0.007453360594809055
0.0962885171175003,0.3909192383289337,0.0012986388755962253,0.0074641346000134945
0.09604714810848236,0.39076170325279236,0.0012934268452227116,0.007476545870304108
0.09589195996522903,0.3903893232345581,0.0012872277293354273,0.007505325134843588
0.09572944790124893,0.3902512490749359,0.0012814595829695463,0.007509022485464811
0.09567522257566452,0.3902743458747864,0.0012816449161618948,0.007487683556973934
0.0956355407834053,0.39025649428367615,0.0012879628920927644,0.007465085480362177
0.09546280652284622,0.38976940512657166,0.0013001776533201337,0.007471693214029074
0.09548549354076385,0.3895663022994995,0.001292965142056346,0.007439109031111002
0.09539380669593811,0.3890286386013031,0.001280090888030827,0.007468042895197868
0.0953969657421112,0.38880759477615356,0.0012867903569713235,0.007460836786776781
0.09531430155038834,0.38849592208862305,0.0013066425453871489,0.007476034574210644
0.09528866410255432,0.38842713832855225,0.001323862001299858,0.007454965263605118
0.09518951922655106,0.3884200155735016,0.0013165335403755307,0.007452332880347967
0.09518951922655106,0.3884200155735016,0.0013165335403755307,0.007452332880347967
0.09516528248786926,0.38835880160331726,0.0013078232295811176,0.00743898656219244
0.09516296535730362,0.3884589672088623,0.0012976337457075715,0.007422575261443853
0.09521389752626419,0.38838720321655273,0.0012887503253296018,0.007398033514618874
0.09531495720148087,0.3882944881916046,0.0012876272667199373,0.007364789955317974
0.09540078788995743,0.38826417922973633,0.0012955754064023495,0.007340301759541035
0.09547248482704163,0.38805168867111206,0.0013153282925486565,0.007324493024498224
0.09536190330982208,0.3879689574241638,0.001349146943539381,0.00730337155982852
0.09628581255674362,0.3883526027202606,0.0014790378045290709,0.007559021934866905
0.09544798731803894,0.3877078890800476,0.0013665857259184122,0.0073023648001253605
0.09519673883914948,0.3875604569911957,0.0013942648656666279,0.007297628093510866
0.09493589401245117,0.3874211311340332,0.0013931546127423644,0.007301987614482641
0.09478393942117691,0.38733720779418945,0.0013761851005256176,0.007303994614630938
0.09472787380218506,0.3870592415332794,0.0013618748635053635,0.007312767673283815
0.09458140283823013,0.38707029819488525,0.001344899763353169,0.0073065017350018024
0.0944778248667717,0.3867228329181671,0.0013464131625369191,0.007321244105696678
0.09475097805261612,0.3862793445587158,0.0013370622182264924,0.007283294573426247
0.09460631757974625,0.3860330879688263,0.0013765618205070496,0.00725416699424386
0.09445559233427048,0.3858342170715332,0.0014012018218636513,0.007240388076752424
0.09444107115268707,0.38572680950164795,0.0013827411457896233,0.00723763182759285
0.09442756325006485,0.3853076696395874,0.0013393322005867958,0.007245007902383804
0.0945301502943039,0.3851282596588135,0.0013020937331020832,0.007221545558422804
0.0945301502943039,0.3851282596588135,0.0013020937331020832,0.007221545558422804
0.09485140442848206,0.3837639093399048,0.0012807431630790234,0.007298868149518967
0.09485068172216415,0.3838250935077667,0.0012806793674826622,0.007253538351505995
0.09466268122196198,0.38386714458465576,0.0012818356044590473,0.007202631793916225
0.09446801990270615,0.3837069571018219,0.0012898893328383565,0.007197449449449778
0.09429175406694412,0.3834332823753357,0.0013053185539320111,0.007187371142208576
0.09405624866485596,0.38322269916534424,0.0013098326744511724,0.007189332507550716
0.09387634694576263,0.38337990641593933,0.0013313496019691229,0.007156322244554758
0.09379284828901291,0.3832395672798157,0.0013289630878716707,0.007151064928621054
0.09379901736974716,0.3833763301372528,0.001326091238297522,0.00711084296926856
0.0939081609249115,0.38348713517189026,0.0013323957100510597,0.007070744410157204
0.09406456351280212,0.3835083842277527,0.0013598357327282429,0.007025210652500391
0.09416758269071579,0.3833502531051636,0.0013876135926693678,0.0070048123598098755
0.09423507750034332,0.38304799795150757,0.0014331231359392405,0.00700130220502615
0.09466534107923508,0.38290801644325256,0.0013489124830812216,0.007058390416204929
0.09431351721286774,0.38296985626220703,0.0014104486908763647,0.007001055870205164
0.09438984841108322,0.3825780153274536,0.0014427844434976578,0.006996602285653353
0.0944615975022316,0.3819837272167206,0.001448061317205429,0.0070156073197722435
0.09463878720998764,0.381823867559433,0.001417839783243835,0.006998566910624504
0.09471608698368073,0.38176673650741577,0.0014067557640373707,0.006969445385038853
0.0947016254067421,0.3815738558769226,0.0014018056681379676,0.006977134384214878
0.09467732161283493,0.38150012493133545,0.0014215896371752024,0.006971096154302359
0.09467732161283493,0.38150012493133545,0.0014215896371752024,0.006971096154302359
0.09464031457901001,0.38145196437835693,0.0014601475559175014,0.0069637661799788475
0.09458862245082855,0.38124120235443115,0.0015327099245041609,0.006965866312384605
0.09452639520168304,0.3809940814971924,0.0015766434371471405,0.006973721086978912
0.09454058110713959,0.3809066712856293,0.0015985618811100721,0.006963222753256559
0.09452516585588455,0.38063475489616394,0.001612420310266316,0.006961751263588667
0.09448618441820145,0.38078436255455017,0.0015052880626171827,0.006947637069970369
0.09431297332048416,0.3804219365119934,0.0014929412864148617,0.00697339978069067
0.09430265426635742,0.380618691444397,0.0014876011991873384,0.006942580454051495
0.09424293041229248,0.3805350363254547,0.0014840137446299195,0.00692135002464056
0.09424480050802231,0.3805249035358429,0.0014663386391475797,0.006911225616931915
0.09424085170030594,0.380201518535614,0.001457258127629757,0.006920726969838142
0.09424354881048203,0.37987470626831055,0.0014497622614726424,0.006937084719538689
0.09425214678049088,0.37950605154037476,0.00142336031422019,0.006964806467294693
0.09419700503349304,0.37927067279815674,0.0014146380126476288,0.006979192141443491
0.09420286864042282,0.37925517559051514,0.0014187757624313235,0.006978447083383799
0.09420835971832275,0.3792259991168976,0.0014327318640425801,0.0069626690819859505
0.09412796795368195,0.3789924383163452,0.0014577205292880535,0.006976023782044649
0.0941084548830986,0.3789639472961426,0.0014907324220985174,0.00697286194190383
0.09410575032234192,0.3788648247718811,0.0015134831191971898,0.006963382475078106
0.0942668616771698,0.37841302156448364,0.0016966494731605053,0.007017381954938173
0.09412683546543121,0.37877559661865234,0.0015562621410936117,0.006964240688830614
0.09412683546543121,0.37877559661865234,0.0015562621410936117,0.006964240688830614
0.09413748979568481,0.3786638379096985,0.0015388617757707834,0.006948398891836405
0.09418496489524841,0.37873896956443787,0.0014988842885941267,0.006924858316779137
0.09412005543708801,0.3786914646625519,0.0014382463414222002,0.006904770154505968
0.09413415193557739,0.3788195848464966,0.0013913074508309364,0.0068767801858484745
0.09414773434400558,0.3786619305610657,0.0013656704686582088,0.006864971946924925
0.09416718780994415,0.3784227967262268,0.00134858931414783,0.00687421066686511
0.09423696249723434,0.3782770037651062,0.0013436703011393547,0.006870844401419163
0.09429051727056503,0.3780210316181183,0.0013398323208093643,0.006875920109450817
0.09431176632642746,0.37763524055480957,0.0013291138457134366,0.0069015477783977985
0.0943170115351677,0.37731224298477173,0.0013142821844667196,0.006909191142767668
0.09428728371858597,0.37699538469314575,0.0012976492289453745,0.006921191234141588
0.09430529177188873,0.37704703211784363,0.0012936210259795189,0.006893973331898451
0.0943966954946518,0.37716901302337646,0.0012897965498268604,0.0068510109558701515
0.09450352191925049,0.3774203956127167,0.0012881404254585505,0.006794199347496033
0.09463724493980408,0.3772469460964203,0.0012958089355379343,0.006770087871700525
0.0947381854057312,0.37715691328048706,0.0012925283517688513,0.006749588996171951
0.09469728916883469,0.3770160675048828,0.0012946986826136708,0.006760125048458576
0.0946909487247467,0.3767238259315491,0.001291075604967773,0.006783810909837484
0.09475477039813995,0.37677013874053955,0.0012943369802087545,0.006762955337762833
0.09471175074577332,0.3763675093650818,0.0012866954784840345,0.006784304045140743
0.09471175074577332,0.3763675093650818,0.0012866954784840345,0.006784304045140743
0.09467685967683792,0.3761986494064331,0.0012872801162302494,0.0067827580496668816
0.09464500099420547,0.37583374977111816,0.0012943139299750328,0.006780413910746574
0.09464076161384583,0.3756614923477173,0.0013045811792835593,0.006787164136767387
0.0947163850069046,0.37523916363716125,0.001316501060500741,0.006790925748646259
0.09478054195642471,0.37524688243865967,0.0013312716037034988,0.0067722550593316555
0.09478358179330826,0.3752250373363495,0.0013499641790986061,0.006750110071152449
0.09481120854616165,0.37514790892601013,0.001366297248750925,0.006734088994562626
0.09481769800186157,0.3749564588069916,0.0013816230930387974,0.006729247514158487
0.09482515603303909,0.3748440742492676,0.0013921931385993958,0.006725450977683067
0.09494177997112274,0.3747405409812927,0.0014029229059815407,0.0067024449817836285
0.09495964646339417,0.3747432827949524,0.0013987724669277668,0.006690978538244963
0.09489496797323227,0.374677449464798,0.0013875305885449052,0.006675076205283403
0.09488430619239807,0.37448006868362427,0.0013982560485601425,0.006673284340649843
0.09476157277822495,0.37407487630844116,0.0014027559664100409,0.006702764891088009
0.09479301422834396,0.3740125298500061,0.0014117567334324121,0.006688592489808798
0.09484557807445526,0.3737650513648987,0.0014158182311803102,0.006674706935882568
0.09488113969564438,0.3736099600791931,0.001400967943482101,0.006673555821180344
0.09484435617923737,0.37329408526420593,0.0013867986854165792,0.006686730310320854
0.09481154382228851,0.37289565801620483,0.0013644301798194647,0.006697706412523985
0.0946461409330368,0.3724294602870941,0.00136302609462291,0.006746587343513966
0.0946461409330368,0.3724294602870941,0.00136302609462291,0.006746587343513966
0.09464980661869049,0.37238648533821106,0.001336731482297182,0.00673917168751359
0.09454844146966934,0.37219125032424927,0.001340576563961804,0.0067522102035582066
0.09436677396297455,0.3721274733543396,0.0013516619801521301,0.00675792433321476
0.0942402109503746,0.37199556827545166,0.001348721096292138,0.006771839689463377
0.09416008740663528,0.37199971079826355,0.0013409816892817616,0.006772320251911879
0.09422685950994492,0.3721804916858673,0.0013234198559075594,0.006735809613019228
0.09403035044670105,0.3721792697906494,0.0012967342045158148,0.006738418713212013
0.09408267587423325,0.3720181882381439,0.0013167292345315218,0.006726911757141352
0.09413568675518036,0.3718245029449463,0.001329089980572462,0.00671566603705287
0.0941658765077591,0.37152299284935,0.0013397407019510865,0.0067081511951982975
0.09413943439722061,0.37115734815597534,0.0013306214241310954,0.006726741325110197
0.09411711990833282,0.3707180321216583,0.0013126492267474532,0.0067487298510968685
0.09411822259426117,0.3704659938812256,0.0013039112091064453,0.006749881897121668
0.0941724106669426,0.37029215693473816,0.0012950670206919312,0.00675443559885025
0.09417007863521576,0.3704017400741577,0.0013008567038923502,0.0067217666655778885
0.09420612454414368,0.3706209659576416,0.0013319768477231264,0.006660928949713707
0.09419421851634979,0.3704536557197571,0.0013537612976506352,0.006660252343863249
0.09410799294710159,0.37002307176589966,0.001409650780260563,0.0066673774272203445
0.0940263494849205,0.3695161044597626,0.0014595375396311283,0.006689571775496006
0.09360924363136292,0.3687567114830017,0.001628363155759871,0.006815214641392231
0.09384181350469589,0.36918696761131287,0.0015179524198174477,0.006726168096065521
0.09384181350469589,0.36918696761131287,0.0015179524198174477,0.006726168096065521
0.09385553002357483,0.3691966235637665,0.0015888086054474115,0.006685254164040089
0.09376434981822968,0.369054913520813,0.0015499128494411707,0.006695849820971489
0.09372463822364807,0.369049608707428,0.0015266431728377938,0.006688760127872229
0.09370917081832886,0.3690410256385803,0.0015174227301031351,0.006681774277240038
0.09373146295547485,0.36895906925201416,0.0015207687392830849,0.006666350644081831
0.09377468377351761,0.3687518537044525,0.0015227696858346462,0.006663706619292498
0.09373149275779724,0.3681085705757141,0.0015420205891132355,0.006717066280543804
0.09392369538545609,0.3680720925331116,0.001518965931609273,0.006681520026177168
0.0938926711678505,0.3680020570755005,0.001503621693700552,0.006682184059172869
0.09385938197374344,0.3679245710372925,0.0014685842907056212,0.006675498094409704
0.09419874101877213,0.367836058139801,0.001475012511946261,0.006665938533842564
0.09398608654737473,0.3678089380264282,0.0014707166701555252,0.0066583831794559956
0.09397383034229279,0.3674165606498718,0.00146385352127254,0.006670848932117224
0.09390325099229813,0.36718547344207764,0.001460404135286808,0.0066604092717170715
0.09389060735702515,0.3671486973762512,0.001488570822402835,0.006642887368798256
0.09380383044481277,0.36701536178588867,0.0015154110733419657,0.0066531989723443985
0.09372067451477051,0.36686602234840393,0.001540717901661992,0.006653348449617624
0.09359251707792282,0.3665652275085449,0.0015439091948792338,0.006671093869954348
0.09346692264080048,0.36640965938568115,0.0015221580397337675,0.006690743379294872
0.09336860477924347,0.3661363124847412,0.001468523172661662,0.006709946319460869
0.09323358535766602,0.3658461570739746,0.0014260804746299982,0.00673995167016983
0.09323358535766602,0.3658461570739746,0.0014260804746299982,0.00673995167016983
0.09307561814785004,0.36564475297927856,0.001389314653351903,0.006758128758519888
0.09308815747499466,0.365631639957428,0.001381074427627027,0.00674136308953166
0.09311415255069733,0.3657947778701782,0.0013875109143555164,0.006703915074467659
0.0931977778673172,0.3661664128303528,0.0013945967657491565,0.006646521855145693
0.09323882311582565,0.3662576973438263,0.0013924436643719673,0.006619555409997702
0.09319891780614853,0.36626818776130676,0.0013856214936822653,0.0066106729209423065
0.09315027296543121,0.3662292957305908,0.001367230899631977,0.006617652252316475
0.09306164085865021,0.3660820722579956,0.001352491439320147,0.0066244937479496
0.09291767328977585,0.36576786637306213,0.0013247865717858076,0.0066526178270578384
0.09277533739805222,0.3655574321746826,0.0013159856898710132,0.006662814877927303
0.09267500787973404,0.3653987944126129,0.0013096143957227468,0.006662878207862377
0.09254298359155655,0.36534222960472107,0.0013113431632518768,0.0066651892848312855
0.09243611246347427,0.36531326174736023,0.001311951782554388,0.006647753994911909
0.09233740717172623,0.365542471408844,0.001317036454565823,0.00660380395129323
0.0923408567905426,0.3657614588737488,0.0013171352911740541,0.0065634604543447495
0.09230681508779526,0.36578622460365295,0.0013242365093901753,0.0065423958003520966
0.0923340767621994,0.3658064603805542,0.0013028639368712902,0.006521692965179682
0.09237848967313766,0.36559563875198364,0.0013012102572247386,0.006521308328956366
0.09234099835157394,0.36534035205841064,0.0012981360778212547,0.006542996037751436
0.09231676906347275,0.3650839328765869,0.0012956750579178333,0.006548192352056503
0.09231676906347275,0.3650839328765869,0.0012956750579178333,0.006548192352056503
0.09228844940662384,0.3650219142436981,0.0012955762213096023,0.0065592071041464806
0.09231502562761307,0.3650938868522644,0.0012955476995557547,0.006549578160047531
0.09231831878423691,0.36511218547821045,0.0012958917068317533,0.006549168843775988
0.09231026470661163,0.36511391401290894,0.0012959032319486141,0.006548892706632614
0.09231676906347275,0.3650839328765869,0.0012956750579178333,0.006548192352056503
0.09231676906347275,0.3650839328765869,0.0012956750579178333,0.006548192352056503
0.09228844940662384,0.3650219142436981,0.0012955762213096023,0.0065592071041464806
0.09231502562761307,0.3650938868522644,0.0012955476995557547,0.006549578160047531
0.09231831878423691,0.36511218547821045,0.0012958917068317533,0.006549168843775988
0.09231026470661163,0.36511391401290894,0.0012959032319486141,0.006548892706632614
0.09231676906347275,0.3650839328765869,0.0012956750579178333,0.006548192352056503
0.09231676906347275,0.3650839328765869,0.0012956750579178333,0.006548192352056503
0.09228844940662384,0.3650219142436981,0.0012955762213096023,0.0065592071041464806
0.09231502562761307,0.3650938868522644,0.0012955476995557547,0.006549578160047531
0.09231831878423691,0.36511218547821045,0.0012958917068317533,0.006549168843775988
0.09231026470661163,0.36511391401290894,0.0012959032319486141,0.006548892706632614
0.09231676906347275,0.3650839328765869,0.0012956750579178333,0.006548192352056503
0.09231676906347275,0.3650839328765869,0.0012956750579178333,0.006548192352056503
0.09228844940662384,0.3650219142436981,0.0012955762213096023,0.0065592071041464806
0.09231502562761307,0.3650938868522644,0.0012955476995557547,0.006549578160047531
0.09231831878423691,0.36511218547821045,0.0012958917068317533,0.006549168843775988
0.09231026470661163,0.36511391401290894,0.0012959032319486141,0.006548892706632614
0.09231676906347275,0.3650839328765869,0.0012956750579178333,0.006548192352056503
0.09231676906347275,0.3650839328765869,0.0012956750579178333,0.006548192352056503
0.09228844940662384,0.3650219142436981,0.0012955762213096023,0.0065592071041464806
0.09231502562761307,0.3650938868522644,0.0012955476995557547,0.006549578160047531
0.09231831878423691,0.36511218547821045,0.0012958917068317533,0.006549168843775988
0.09231026470661163,0.36511391401290894,0.0012959032319486141,0.006548892706632614
0.09231676906347275,0.3650839328765869,0.0012956750579178333,0.006548192352056503
0.09231676906347275,0.3650839328765869,0.0012956750579178333,0.006548192352056503
0.09228844940662384,0.3650219142436981,0.0012955762213096023,0.0065592071041464806
0.09231502562761307,0.3650938868522644,0.0012955476995557547,0.006549578160047531
0.09231831878423691,0.36511218547821045,0.0012958917068317533,0.006549168843775988
0.09231026470661163,0.36511391401290894,0.0012959032319486141,0.006548892706632614
0.09231676906347275,0.3650839328765869,0.0012956750579178333,0.006548192352056503
0.09231676906347275,0.3650839328765869,0.0012956750579178333,0.006548192352056503
0.09228844940662384,0.3650219142436981,0.0012955762213096023,0.0065592071041464806
0.09231502562761307,0.3650938868522644,0.0012955476995557547,0.006549578160047531
0.09231831878423691,0.36511218547821045,0.0012958917068317533,0.006549168843775988
0.09231026470661163,0.36511391401290894,0.0012959032319486141,0.006548892706632614
0.09231676906347275,0.3650839328765869,0.0012956750579178333,0.006548192352056503
0.09231676906347275,0.3650839328765869,0.0012956750579178333,0.006548192352056503
0.09228844940662384,0.3650219142436981,0.0012955762213096023,0.0065592071041464806
0.09231502562761307,0.3650938868522644,0.0012955476995557547,0.006549578160047531
0.09231831878423691,0.36511218547821045,0.0012958917068317533,0.006549168843775988
0.09231026470661163,0.36511391401290894,0.0012959032319486141,0.006548892706632614
0.09231676906347275,0.3650839328765869,0.0012956750579178333,0.006548192352056503
0.09231676906347275,0.3650839328765869,0.0012956750579178333,0.006548192352056503
0.09228844940662384,0.3650219142436981,0.0012955762213096023,0.0065592071041464806
0.09231502562761307,0.3650938868522644,0.0012955476995557547,0.006549578160047531
0.09231831878423691,0.36511218547821045,0.0012958917068317533,0.006549168843775988
0.09231026470661163,0.36511391401290894,0.0012959032319486141,0.006548892706632614
0.09231676906347275,0.3650839328765869,0.0012956750579178333,0.006548192352056503
0.09231676906347275,0.3650839328765869,0.0012956750579178333,0.006548192352056503
0.09228844940662384,0.3650219142436981,0.0012955762213096023,0.0065592071041464806
0.09231502562761307,0.3650938868522644,0.0012955476995557547,0.006549578160047531
0.09231831878423691,0.36511218547821045,0.0012958917068317533,0.006549168843775988
0.09231026470661163,0.36511391401290894,0.0012959032319486141,0.006548892706632614
0.09231676906347275,0.3650839328765869,0.0012956750579178333,0.006548192352056503
0.09231676906347275,0.3650839328765869,0.0012956750579178333,0.006548192352056503
0.09228844940662384,0.3650219142436981,0.0012955762213096023,0.0065592071041464806
0.09231502562761307,0.3650938868522644,0.0012955476995557547,0.006549578160047531
0.09231831878423691,0.36511218547821045,0.0012958917068317533,0.006549168843775988
0.09231026470661163,0.36511391401290894,0.0012959032319486141,0.006548892706632614
0.09231676906347275,0.3650839328765869,0.0012956750579178333,0.006548192352056503
0.09231676906347275,0.3650839328765869,0.0012956750579178333,0.006548192352056503
0.09228844940662384,0.3650219142436981,0.0012955762213096023,0.0065592071041464806
0.09231502562761307,0.3650938868522644,0.0012955476995557547,0.006549578160047531
0.09231831878423691,0.36511218547821045,0.0012958917068317533,0.006549168843775988
0.09231026470661163,0.36511391401290894,0.0012959032319486141,0.006548892706632614
0.09231676906347275,0.3650839328765869,0.0012956750579178333,0.006548192352056503
0.09231676906347275,0.3650839328765869,0.0012956750579178333,0.006548192352056503
0.09228844940662384,0.3650219142436981,0.0012955762213096023,0.0065592071041464806
0.09231502562761307,0.3650938868522644,0.0012955476995557547,0.006549578160047531
0.09231831878423691,0.36511218547821045,0.0012958917068317533,0.006549168843775988
0.09231026470661163,0.36511391401290894,0.0012959032319486141,0.006548892706632614
0.09231676906347275,0.3650839328765869,0.0012956750579178333,0.006548192352056503
0.09231676906347275,0.3650839328765869,0.0012956750579178333,0.006548192352056503
0.09228844940662384,0.3650219142436981,0.0012955762213096023,0.0065592071041464806
0.09231502562761307,0.3650938868522644,0.0012955476995557547,0.006549578160047531
0.09231831878423691,0.36511218547821045,0.0012958917068317533,0.006549168843775988
0.09231026470661163,0.36511391401290894,0.0012959032319486141,0.006548892706632614
0.09231676906347275,0.3650839328765869,0.0012956750579178333,0.006548192352056503
0.09231676906347275,0.3650839328765869,0.0012956750579178333,0.006548192352056503
0.09228844940662384,0.3650219142436981,0.0012955762213096023,0.0065592071041464806
0.09231502562761307,0.3650938868522644,0.0012955476995557547,0.006549578160047531
0.09231831878423691,0.36511218547821045,0.0012958917068317533,0.006549168843775988
0.09231026470661163,0.36511391401290894,0.0012959032319486141,0.006548892706632614
0.09231676906347275,0.3650839328765869,0.0012956750579178333,0.006548192352056503
0.09231676906347275,0.3650839328765869,0.0012956750579178333,0.006548192352056503
0.09228844940662384,0.3650219142436981,0.0012955762213096023,0.0065592071041464806
0.09231502562761307,0.3650938868522644,0.0012955476995557547,0.006549578160047531
0.09231831878423691,0.36511218547821045,0.0012958917068317533,0.006549168843775988
0.09231026470661163,0.36511391401290894,0.0012959032319486141,0.006548892706632614
0.09231676906347275,0.3650839328765869,0.0012956750579178333,0.006548192352056503
0.09231676906347275,0.3650839328765869,0.0012956750579178333,0.006548192352056503
0.09228844940662384,0.3650219142436981,0.0012955762213096023,0.0065592071041464806
0.09231502562761307,0.3650938868522644,0.0012955476995557547,0.006549578160047531
0.09231831878423691,0.36511218547821045,0.0012958917068317533,0.006549168843775988
0.09231026470661163,0.36511391401290894,0.0012959032319486141,0.006548892706632614
0.09231676906347275,0.3650839328765869,0.0012956750579178333,0.006548192352056503
0.09231676906347275,0.3650839328765869,0.0012956750579178333,0.006548192352056503
0.09228844940662384,0.3650219142436981,0.0012955762213096023,0.0065592071041464806
0.09231502562761307,0.3650938868522644,0.0012955476995557547,0.006549578160047531
0.09231831878423691,0.36511218547821045,0.0012958917068317533,0.006549168843775988
0.09231026470661163,0.36511391401290894,0.0012959032319486141,0.006548892706632614
0.09231676906347275,0.3650839328765869,0.0012956750579178333,0.006548192352056503
0.09231676906347275,0.3650839328765869,0.0012956750579178333,0.006548192352056503
0.09228844940662384,0.3650219142436981,0.0012955762213096023,0.0065592071041464806
0.09231502562761307,0.3650938868522644,0.0012955476995557547,0.006549578160047531
0.09231831878423691,0.36511218547821045,0.0012958917068317533,0.006549168843775988
0.09231026470661163,0.36511391401290894,0.0012959032319486141,0.006548892706632614
0.09231676906347275,0.3650839328765869,0.0012956750579178333,0.006548192352056503
0.09231676906347275,0.3650839328765869,0.0012956750579178333,0.006548192352056503
0.09228844940662384,0.3650219142436981,0.0012955762213096023,0.0065592071041464806
0.09231502562761307,0.3650938868522644,0.0012955476995557547,0.006549578160047531
0.09231831878423691,0.36511218547821045,0.0012958917068317533,0.006549168843775988
0.09231026470661163,0.36511391401290894,0.0012959032319486141,0.006548892706632614
0.09231676906347275,0.3650839328765869,0.0012956750579178333,0.006548192352056503
0.09231676906347275,0.3650839328765869,0.0012956750579178333,0.006548192352056503
0.09228844940662384,0.3650219142436981,0.0012955762213096023,0.0065592071041464806
0.09231502562761307,0.3650938868522644,0.0012955476995557547,0.006549578160047531
0.09231831878423691,0.36511218547821045,0.0012958917068317533,0.006549168843775988
0.09231026470661163,0.36511391401290894,0.0012959032319486141,0.006548892706632614
0.09231676906347275,0.3650839328765869,0.0012956750579178333,0.006548192352056503
0.09231676906347275,0.3650839328765869,0.0012956750579178333,0.006548192352056503
0.09228844940662384,0.3650219142436981,0.0012955762213096023,0.0065592071041464806
0.09231502562761307,0.3650938868522644,0.0012955476995557547,0.006549578160047531
0.09231831878423691,0.36511218547821045,0.0012958917068317533,0.006549168843775988
0.09231026470661163,0.36511391401290894,0.0012959032319486141,0.006548892706632614
0.09231676906347275,0.3650839328765869,0.0012956750579178333,0.006548192352056503
0.09231676906347275,0.3650839328765869,0.0012956750579178333,0.006548192352056503
0.09228844940662384,0.3650219142436981,0.0012955762213096023,0.0065592071041464806
0.09231502562761307,0.3650938868522644,0.0012955476995557547,0.006549578160047531
0.09231831878423691,0.36511218547821045,0.0012958917068317533,0.006549168843775988
0.09231026470661163,0.36511391401290894,0.0012959032319486141,0.006548892706632614
0.09231676906347275,0.3650839328765869,0.0012956750579178333,0.006548192352056503
0.09231676906347275,0.3650839328765869,0.0012956750579178333,0.006548192352056503
0.09228844940662384,0.3650219142436981,0.0012955762213096023,0.0065592071041464806
0.09231502562761307,0.3650938868522644,0.0012955476995557547,0.006549578160047531
0.09231831878423691,0.36511218547821045,0.0012958917068317533,0.006549168843775988
0.09231026470661163,0.36511391401290894,0.0012959032319486141,0.006548892706632614
0.09231676906347275,0.3650839328765869,0.0012956750579178333,0.006548192352056503
0.09231676906347275,0.3650839328765869,0.0012956750579178333,0.006548192352056503
0.09228844940662384,0.3650219142436981,0.0012955762213096023,0.0065592071041464806
0.09231502562761307,0.3650938868522644,0.0012955476995557547,0.006549578160047531
0.09231831878423691,0.36511218547821045,0.0012958917068317533,0.006549168843775988
0.09231026470661163,0.36511391401290894,0.0012959032319486141,0.006548892706632614
0.09231676906347275,0.3650839328765869,0.0012956750579178333,0.006548192352056503
0.09231676906347275,0.3650839328765869,0.0012956750579178333,0.006548192352056503
0.09228844940662384,0.3650219142436981,0.0012955762213096023,0.0065592071041464806
0.09231502562761307,0.3650938868522644,0.0012955476995557547,0.006549578160047531
0.09231831878423691,0.36511218547821045,0.0012958917068317533,0.006549168843775988
0.09231026470661163,0.36511391401290894,0.0012959032319486141,0.006548892706632614
0.09231676906347275,0.3650839328765869,0.0012956750579178333,0.006548192352056503
0.09231676906347275,0.3650839328765869,0.0012956750579178333,0.006548192352056503
0.09228844940662384,0.3650219142436981,0.0012955762213096023,0.0065592071041464806
0.09231502562761307,0.3650938868522644,0.0012955476995557547,0.006549578160047531
0.09231831878423691,0.36511218547821045,0.0012958917068317533,0.006549168843775988
0.09231026470661163,0.36511391401290894,0.0012959032319486141,0.006548892706632614
0.09231676906347275,0.3650839328765869,0.0012956750579178333,0.006548192352056503
0.09231676906347275,0.3650839328765869,0.0012956750579178333,0.006548192352056503
0.09228844940662384,0.3650219142436981,0.0012955762213096023,0.0065592071041464806
0.09231502562761307,0.3650938868522644,0.0012955476995557547,0.006549578160047531
0.09231831878423691,0.36511218547821045,0.0012958917068317533,0.006549168843775988
0.09231026470661163,0.36511391401290894,0.0012959032319486141,0.006548892706632614
0.09231676906347275,0.3650839328765869,0.0012956750579178333,0.006548192352056503
0.09231676906347275,0.3650839328765869,0.0012956750579178333,0.006548192352056503
0.09228844940662384,0.3650219142436981,0.0012955762213096023,0.0065592071041464806
0.09231502562761307,0.3650938868522644,0.0012955476995557547,0.006549578160047531
0.09231831878423691,0.36511218547821045,0.0012958917068317533,0.006549168843775988
0.09231026470661163,0.36511391401290894,0.0012959032319486141,0.006548892706632614
0.09231676906347275,0.3650839328765869,0.0012956750579178333,0.006548192352056503
0.09231676906347275,0.3650839328765869,0.0012956750579178333,0.006548192352056503
0.09228844940662384,0.3650219142436981,0.0012955762213096023,0.0065592071041464806
0.09231502562761307,0.3650938868522644,0.0012955476995557547,0.006549578160047531
0.09231831878423691,0.36511218547821045,0.0012958917068317533,0.006549168843775988
0.09231026470661163,0.36511391401290894,0.0012959032319486141,0.006548892706632614
0.09231676906347275,0.3650839328765869,0.0012956750579178333,0.006548192352056503
0.09231676906347275,0.3650839328765869,0.0012956750579178333,0.006548192352056503
0.09228844940662384,0.3650219142436981,0.0012955762213096023,0.0065592071041464806
0.09231502562761307,0.3650938868522644,0.0012955476995557547,0.006549578160047531
0.09231831878423691,0.36511218547821045,0.0012958917068317533,0.006549168843775988
0.09231026470661163,0.36511391401290894,0.0012959032319486141,0.006548892706632614
0.09231676906347275,0.3650839328765869,0.0012956750579178333,0.006548192352056503
0.09231676906347275,0.3650839328765869,0.0012956750579178333,0.006548192352056503
0.09228844940662384,0.3650219142436981,0.0012955762213096023,0.0065592071041464806
0.09231502562761307,0.3650938868522644,0.0012955476995557547,0.006549578160047531
0.09231831878423691,0.36511218547821045,0.0012958917068317533,0.006549168843775988
0.09231026470661163,0.36511391401290894,0.0012959032319486141,0.006548892706632614
0.09231676906347275,0.3650839328765869,0.0012956750579178333,0.006548192352056503
0.09231676906347275,0.3650839328765869,0.0012956750579178333,0.006548192352056503
0.09228844940662384,0.3650219142436981,0.0012955762213096023,0.0065592071041464806
0.09231502562761307,0.3650938868522644,0.0012955476995557547,0.006549578160047531
0.09231831878423691,0.36511218547821045,0.0012958917068317533,0.006549168843775988
0.09231026470661163,0.36511391401290894,0.0012959032319486141,0.006548892706632614
0.09231676906347275,0.3650839328765869,0.0012956750579178333,0.006548192352056503
0.09231676906347275,0.3650839328765869,0.0012956750579178333,0.006548192352056503
0.09228844940662384,0.3650219142436981,0.0012955762213096023,0.0065592071041464806
0.09231502562761307,0.3650938868522644,0.0012955476995557547,0.006549578160047531
0.09231831878423691,0.36511218547821045,0.0012958917068317533,0.006549168843775988
0.09231026470661163,0.36511391401290894,0.0012959032319486141,0.006548892706632614
0.09231676906347275,0.3650839328765869,0.0012956750579178333,0.006548192352056503
0.09231676906347275,0.3650839328765869,0.0012956750579178333,0.006548192352056503
0.09228844940662384,0.3650219142436981,0.0012955762213096023,0.0065592071041464806
0.09231502562761307,0.3650938868522644,0.0012955476995557547,0.006549578160047531
0.09231831878423691,0.36511218547821045,0.0012958917068317533,0.006549168843775988
0.09231026470661163,0.36511391401290894,0.0012959032319486141,0.006548892706632614
0.09231676906347275,0.3650839328765869,0.0012956750579178333,0.006548192352056503
0.09231676906347275,0.3650839328765869,0.0012956750579178333,0.006548192352056503
0.09228844940662384,0.3650219142436981,0.0012955762213096023,0.0065592071041464806
0.09231502562761307,0.3650938868522644,0.0012955476995557547,0.006549578160047531
0.09231831878423691,0.36511218547821045,0.0012958917068317533,0.006549168843775988
0.09231026470661163,0.36511391401290894,0.0012959032319486141,0.006548892706632614
0.09231676906347275,0.3650839328765869,0.0012956750579178333,0.006548192352056503
0.09231676906347275,0.3650839328765869,0.0012956750579178333,0.006548192352056503
0.09228844940662384,0.3650219142436981,0.0012955762213096023,0.0065592071041464806
0.09231502562761307,0.3650938868522644,0.0012955476995557547,0.006549578160047531
0.09231831878423691,0.36511218547821045,0.0012958917068317533,0.006549168843775988
0.09231026470661163,0.36511391401290894,0.0012959032319486141,0.006548892706632614
0.09231676906347275,0.3650839328765869,0.0012956750579178333,0.006548192352056503
0.09231676906347275,0.3650839328765869,0.0012956750579178333,0.006548192352056503
0.09228844940662384,0.3650219142436981,0.0012955762213096023,0.0065592071041464806
0.09231502562761307,0.3650938868522644,0.0012955476995557547,0.006549578160047531
0.09231831878423691,0.36511218547821045,0.0012958917068317533,0.006549168843775988
0.09231026470661163,0.36511391401290894,0.0012959032319486141,0.006548892706632614
0.09231676906347275,0.3650839328765869,0.0012956750579178333,0.006548192352056503
0.09231676906347275,0.3650839328765869,0.0012956750579178333,0.006548192352056503
0.09228844940662384,0.3650219142436981,0.0012955762213096023,0.0065592071041464806
0.09231502562761307,0.3650938868522644,0.0012955476995557547,0.006549578160047531
0.09231831878423691,0.36511218547821045,0.0012958917068317533,0.006549168843775988
0.09231026470661163,0.36511391401290894,0.0012959032319486141,0.006548892706632614
0.09231676906347275,0.3650839328765869,0.0012956750579178333,0.006548192352056503
0.09231676906347275,0.3650839328765869,0.0012956750579178333,0.006548192352056503
0.09228844940662384,0.3650219142436981,0.0012955762213096023,0.0065592071041464806
0.09231502562761307,0.3650938868522644,0.0012955476995557547,0.006549578160047531
0.09231831878423691,0.36511218547821045,0.0012958917068317533,0.006549168843775988
0.09231026470661163,0.36511391401290894,0.0012959032319486141,0.006548892706632614
0.09231676906347275,0.3650839328765869,0.0012956750579178333,0.006548192352056503
0.09231676906347275,0.3650839328765869,0.0012956750579178333,0.006548192352056503
0.09228844940662384,0.3650219142436981,0.0012955762213096023,0.0065592071041464806
0.09231502562761307,0.3650938868522644,0.0012955476995557547,0.006549578160047531
0.09231831878423691,0.36511218547821045,0.0012958917068317533,0.006549168843775988
0.09231026470661163,0.36511391401290894,0.0012959032319486141,0.006548892706632614
0.09231676906347275,0.3650839328765869,0.0012956750579178333,0.006548192352056503
0.09231676906347275,0.3650839328765869,0.0012956750579178333,0.006548192352056503
0.09228844940662384,0.3650219142436981,0.0012955762213096023,0.0065592071041464806
0.09231502562761307,0.3650938868522644,0.0012955476995557547,0.006549578160047531
0.09231831878423691,0.36511218547821045,0.0012958917068317533,0.006549168843775988
0.09231026470661163,0.36511391401290894,0.0012959032319486141,0.006548892706632614
0.09231676906347275,0.3650839328765869,0.0012956750579178333,0.006548192352056503
0.09231676906347275,0.3650839328765869,0.0012956750579178333,0.006548192352056503
0.09228844940662384,0.3650219142436981,0.0012955762213096023,0.0065592071041464806
0.09231502562761307,0.3650938868522644,0.0012955476995557547,0.006549578160047531
0.09231831878423691,0.36511218547821045,0.0012958917068317533,0.006549168843775988
0.09231026470661163,0.36511391401290894,0.0012959032319486141,0.006548892706632614
0.09231676906347275,0.3650839328765869,0.0012956750579178333,0.006548192352056503
0.09231676906347275,0.3650839328765869,0.0012956750579178333,0.006548192352056503
0.09228844940662384,0.3650219142436981,0.0012955762213096023,0.0065592071041464806
0.09231502562761307,0.3650938868522644,0.0012955476995557547,0.006549578160047531
0.09231831878423691,0.36511218547821045,0.0012958917068317533,0.006549168843775988
0.09231026470661163,0.36511391401290894,0.0012959032319486141,0.006548892706632614
0.09231676906347275,0.3650839328765869,0.0012956750579178333,0.006548192352056503
0.09231676906347275,0.3650839328765869,0.0012956750579178333,0.006548192352056503
0.09228844940662384,0.3650219142436981,0.0012955762213096023,0.0065592071041464806
0.09231502562761307,0.3650938868522644,0.0012955476995557547,0.006549578160047531
0.09231831878423691,0.36511218547821045,0.0012958917068317533,0.006549168843775988
0.09231026470661163,0.36511391401290894,0.0012959032319486141,0.006548892706632614
0.09231676906347275,0.3650839328765869,0.0012956750579178333,0.006548192352056503
0.09231676906347275,0.3650839328765869,0.0012956750579178333,0.006548192352056503
0.09228844940662384,0.3650219142436981,0.0012955762213096023,0.0065592071041464806
0.09231502562761307,0.3650938868522644,0.0012955476995557547,0.006549578160047531
0.09231831878423691,0.36511218547821045,0.0012958917068317533,0.006549168843775988
0.09231026470661163,0.36511391401290894,0.0012959032319486141,0.006548892706632614
0.09231676906347275,0.3650839328765869,0.0012956750579178333,0.006548192352056503
0.09231676906347275,0.3650839328765869,0.0012956750579178333,0.006548192352056503
0.09228844940662384,0.3650219142436981,0.0012955762213096023,0.0065592071041464806
0.09231502562761307,0.3650938868522644,0.0012955476995557547,0.006549578160047531
0.09231831878423691,0.36511218547821045,0.0012958917068317533,0.006549168843775988
0.09231026470661163,0.36511391401290894,0.0012959032319486141,0.006548892706632614
0.09231676906347275,0.3650839328765869,0.0012956750579178333,0.006548192352056503
0.09231676906347275,0.3650839328765869,0.0012956750579178333,0.006548192352056503
0.09228844940662384,0.3650219142436981,0.0012955762213096023,0.0065592071041464806
0.09231502562761307,0.3650938868522644,0.0012955476995557547,0.006549578160047531
0.09231831878423691,0.36511218547821045,0.0012958917068317533,0.006549168843775988
0.09231026470661163,0.36511391401290894,0.0012959032319486141,0.006548892706632614
0.09231676906347275,0.3650839328765869,0.0012956750579178333,0.006548192352056503
0.09231676906347275,0.3650839328765869,0.0012956750579178333,0.006548192352056503
0.09228844940662384,0.3650219142436981,0.0012955762213096023,0.0065592071041464806
0.09231502562761307,0.3650938868522644,0.0012955476995557547,0.006549578160047531
0.09231831878423691,0.36511218547821045,0.0012958917068317533,0.006549168843775988
0.09231026470661163,0.36511391401290894,0.0012959032319486141,0.006548892706632614
0.09231676906347275,0.3650839328765869,0.0012956750579178333,0.006548192352056503
0.09231676906347275,0.3650839328765869,0.0012956750579178333,0.006548192352056503
0.09228844940662384,0.3650219142436981,0.0012955762213096023,0.0065592071041464806
0.09231502562761307,0.3650938868522644,0.0012955476995557547,0.006549578160047531
0.09231831878423691,0.36511218547821045,0.0012958917068317533,0.006549168843775988
0.09231026470661163,0.36511391401290894,0.0012959032319486141,0.006548892706632614
0.09231676906347275,0.3650839328765869,0.0012956750579178333,0.006548192352056503
0.09231676906347275,0.3650839328765869,0.0012956750579178333,0.006548192352056503
0.09228844940662384,0.3650219142436981,0.0012955762213096023,0.0065592071041464806
0.09231502562761307,0.3650938868522644,0.0012955476995557547,0.006549578160047531
0.09231831878423691,0.36511218547821045,0.0012958917068317533,0.006549168843775988
0.09231026470661163,0.36511391401290894,0.0012959032319486141,0.006548892706632614
0.09231676906347275,0.3650839328765869,0.0012956750579178333,0.006548192352056503
0.09231676906347275,0.3650839328765869,0.0012956750579178333,0.006548192352056503
0.09228844940662384,0.3650219142436981,0.0012955762213096023,0.0065592071041464806
0.09231502562761307,0.3650938868522644,0.0012955476995557547,0.006549578160047531
0.09231831878423691,0.36511218547821045,0.0012958917068317533,0.006549168843775988
0.09231026470661163,0.36511391401290894,0.0012959032319486141,0.006548892706632614
0.09231676906347275,0.3650839328765869,0.0012956750579178333,0.006548192352056503
0.09231676906347275,0.3650839328765869,0.0012956750579178333,0.006548192352056503
0.09228844940662384,0.3650219142436981,0.0012955762213096023,0.0065592071041464806
0.09231502562761307,0.3650938868522644,0.0012955476995557547,0.006549578160047531
0.09231831878423691,0.36511218547821045,0.0012958917068317533,0.006549168843775988
0.09231026470661163,0.36511391401290894,0.0012959032319486141,0.006548892706632614
0.09231676906347275,0.3650839328765869,0.0012956750579178333,0.006548192352056503
0.09231676906347275,0.3650839328765869,0.0012956750579178333,0.006548192352056503
0.09228844940662384,0.3650219142436981,0.0012955762213096023,0.0065592071041464806
0.09231502562761307,0.3650938868522644,0.0012955476995557547,0.006549578160047531
0.09231831878423691,0.36511218547821045,0.0012958917068317533,0.006549168843775988
0.09231026470661163,0.36511391401290894,0.0012959032319486141,0.006548892706632614
0.09231676906347275,0.3650839328765869,0.0012956750579178333,0.006548192352056503
0.09231676906347275,0.3650839328765869,0.0012956750579178333,0.006548192352056503
0.09228844940662384,0.3650219142436981,0.0012955762213096023,0.0065592071041464806
0.09231502562761307,0.3650938868522644,0.0012955476995557547,0.006549578160047531
0.09231831878423691,0.36511218547821045,0.0012958917068317533,0.006549168843775988
0.09231026470661163,0.36511391401290894,0.0012959032319486141,0.006548892706632614
0.09231676906347275,0.3650839328765869,0.0012956750579178333,0.006548192352056503
0.09231676906347275,0.3650839328765869,0.0012956750579178333,0.006548192352056503
0.09228844940662384,0.3650219142436981,0.0012955762213096023,0.0065592071041464806
0.09231502562761307,0.3650938868522644,0.0012955476995557547,0.006549578160047531
0.09231831878423691,0.36511218547821045,0.0012958917068317533,0.006549168843775988
0.09231026470661163,0.36511391401290894,0.0012959032319486141,0.006548892706632614
0.09231676906347275,0.3650839328765869,0.0012956750579178333,0.006548192352056503
0.09231676906347275,0.3650839328765869,0.0012956750579178333,0.006548192352056503
0.09228844940662384,0.3650219142436981,0.0012955762213096023,0.0065592071041464806
0.09231502562761307,0.3650938868522644,0.0012955476995557547,0.006549578160047531
0.09231831878423691,0.36511218547821045,0.0012958917068317533,0.006549168843775988
0.09231026470661163,0.36511391401290894,0.0012959032319486141,0.006548892706632614
0.09231676906347275,0.3650839328765869,0.0012956750579178333,0.006548192352056503
0.09231676906347275,0.3650839328765869,0.0012956750579178333,0.006548192352056503
0.09228844940662384,0.3650219142436981,0.0012955762213096023,0.0065592071041464806
0.09231502562761307,0.3650938868522644,0.0012955476995557547,0.006549578160047531
0.09231831878423691,0.36511218547821045,0.0012958917068317533,0.006549168843775988
0.09231026470661163,0.36511391401290894,0.0012959032319486141,0.006548892706632614
0.09231676906347275,0.3650839328765869,0.0012956750579178333,0.006548192352056503
0.09231676906347275,0.3650839328765869,0.0012956750579178333,0.006548192352056503
0.09228844940662384,0.3650219142436981,0.0012955762213096023,0.0065592071041464806
0.09231502562761307,0.3650938868522644,0.0012955476995557547,0.006549578160047531
0.09231831878423691,0.36511218547821045,0.0012958917068317533,0.006549168843775988
0.09231026470661163,0.36511391401290894,0.0012959032319486141,0.006548892706632614
0.09231676906347275,0.3650839328765869,0.0012956750579178333,0.006548192352056503
0.09231676906347275,0.3650839328765869,0.0012956750579178333,0.006548192352056503
0.09228844940662384,0.3650219142436981,0.0012955762213096023,0.0065592071041464806
0.09231502562761307,0.3650938868522644,0.0012955476995557547,0.006549578160047531
0.09231831878423691,0.36511218547821045,0.0012958917068317533,0.006549168843775988
0.09231026470661163,0.36511391401290894,0.0012959032319486141,0.006548892706632614
0.09231676906347275,0.3650839328765869,0.0012956750579178333,0.006548192352056503
0.09231676906347275,0.3650839328765869,0.0012956750579178333,0.006548192352056503
0.09228844940662384,0.3650219142436981,0.0012955762213096023,0.0065592071041464806
0.09231502562761307,0.3650938868522644,0.0012955476995557547,0.006549578160047531
0.09231831878423691,0.36511218547821045,0.0012958917068317533,0.006549168843775988
0.09231026470661163,0.36511391401290894,0.0012959032319486141,0.006548892706632614
0.09231676906347275,0.3650839328765869,0.0012956750579178333,0.006548192352056503
0.09231676906347275,0.3650839328765869,0.0012956750579178333,0.006548192352056503
0.09228844940662384,0.3650219142436981,0.0012955762213096023,0.0065592071041464806
0.09231502562761307,0.3650938868522644,0.0012955476995557547,0.006549578160047531
0.09231831878423691,0.36511218547821045,0.0012958917068317533,0.006549168843775988
0.09231026470661163,0.36511391401290894,0.0012959032319486141,0.006548892706632614
0.09231676906347275,0.3650839328765869,0.0012956750579178333,0.006548192352056503
0.09231676906347275,0.3650839328765869,0.0012956750579178333,0.006548192352056503
0.09228844940662384,0.3650219142436981,0.0012955762213096023,0.0065592071041464806
0.09231502562761307,0.3650938868522644,0.0012955476995557547,0.006549578160047531
0.09231831878423691,0.36511218547821045,0.0012958917068317533,0.006549168843775988
0.09231026470661163,0.36511391401290894,0.0012959032319486141,0.006548892706632614
0.09231676906347275,0.3650839328765869,0.0012956750579178333,0.006548192352056503
0.09231676906347275,0.3650839328765869,0.0012956750579178333,0.006548192352056503
0.09228844940662384,0.3650219142436981,0.0012955762213096023,0.0065592071041464806
0.09231502562761307,0.3650938868522644,0.0012955476995557547,0.006549578160047531
0.09231831878423691,0.36511218547821045,0.0012958917068317533,0.006549168843775988
0.09231026470661163,0.36511391401290894,0.0012959032319486141,0.006548892706632614
0.09231676906347275,0.3650839328765869,0.0012956750579178333,0.006548192352056503
0.09231676906347275,0.3650839328765869,0.0012956750579178333,0.006548192352056503
0.09228844940662384,0.3650219142436981,0.0012955762213096023,0.0065592071041464806
0.09231502562761307,0.3650938868522644,0.0012955476995557547,0.006549578160047531
0.09231831878423691,0.36511218547821045,0.0012958917068317533,0.006549168843775988
0.09231026470661163,0.36511391401290894,0.0012959032319486141,0.006548892706632614
0.09231676906347275,0.3650839328765869,0.0012956750579178333,0.006548192352056503
0.09231676906347275,0.3650839328765869,0.0012956750579178333,0.006548192352056503
0.09228844940662384,0.3650219142436981,0.0012955762213096023,0.0065592071041464806
0.09231502562761307,0.3650938868522644,0.0012955476995557547,0.006549578160047531
0.09231831878423691,0.36511218547821045,0.0012958917068317533,0.006549168843775988
0.09231026470661163,0.36511391401290894,0.0012959032319486141,0.006548892706632614
0.09231676906347275,0.3650839328765869,0.0012956750579178333,0.006548192352056503
0.09231676906347275,0.3650839328765869,0.0012956750579178333,0.006548192352056503
0.09228844940662384,0.3650219142436981,0.0012955762213096023,0.0065592071041464806
0.09231502562761307,0.3650938868522644,0.0012955476995557547,0.006549578160047531
0.09231831878423691,0.36511218547821045,0.0012958917068317533,0.006549168843775988
0.09231026470661163,0.36511391401290894,0.0012959032319486141,0.006548892706632614
0.09231676906347275,0.3650839328765869,0.0012956750579178333,0.006548192352056503
0.09231676906347275,0.3650839328765869,0.0012956750579178333,0.006548192352056503
0.09228844940662384,0.3650219142436981,0.0012955762213096023,0.0065592071041464806
0.09231502562761307,0.3650938868522644,0.0012955476995557547,0.006549578160047531
0.09231831878423691,0.36511218547821045,0.0012958917068317533,0.006549168843775988
0.09231026470661163,0.36511391401290894,0.0012959032319486141,0.006548892706632614
0.09231676906347275,0.3650839328765869,0.0012956750579178333,0.006548192352056503
0.09231676906347275,0.3650839328765869,0.0012956750579178333,0.006548192352056503
0.09228844940662384,0.3650219142436981,0.0012955762213096023,0.0065592071041464806
0.09231502562761307,0.3650938868522644,0.0012955476995557547,0.006549578160047531
0.09231831878423691,0.36511218547821045,0.0012958917068317533,0.006549168843775988
0.09231026470661163,0.36511391401290894,0.0012959032319486141,0.006548892706632614
0.09231676906347275,0.3650839328765869,0.0012956750579178333,0.006548192352056503
0.09231676906347275,0.3650839328765869,0.0012956750579178333,0.006548192352056503
0.09228844940662384,0.3650219142436981,0.0012955762213096023,0.0065592071041464806
0.09231502562761307,0.3650938868522644,0.0012955476995557547,0.006549578160047531
0.09231831878423691,0.36511218547821045,0.0012958917068317533,0.006549168843775988
0.09231026470661163,0.36511391401290894,0.0012959032319486141,0.006548892706632614
0.09231676906347275,0.3650839328765869,0.0012956750579178333,0.006548192352056503
0.09231676906347275,0.3650839328765869,0.0012956750579178333,0.006548192352056503
0.09228844940662384,0.3650219142436981,0.0012955762213096023,0.0065592071041464806
0.09231502562761307,0.3650938868522644,0.0012955476995557547,0.006549578160047531
0.09231831878423691,0.36511218547821045,0.0012958917068317533,0.006549168843775988
0.09231026470661163,0.36511391401290894,0.0012959032319486141,0.006548892706632614
0.09231676906347275,0.3650839328765869,0.0012956750579178333,0.006548192352056503
0.09231676906347275,0.3650839328765869,0.0012956750579178333,0.006548192352056503
0.09228844940662384,0.3650219142436981,0.0012955762213096023,0.0065592071041464806
0.09231502562761307,0.3650938868522644,0.0012955476995557547,0.006549578160047531
0.09231831878423691,0.36511218547821045,0.0012958917068317533,0.006549168843775988
0.09231026470661163,0.36511391401290894,0.0012959032319486141,0.006548892706632614
0.09231676906347275,0.3650839328765869,0.0012956750579178333,0.006548192352056503
0.09231676906347275,0.3650839328765869,0.0012956750579178333,0.006548192352056503
0.09228844940662384,0.3650219142436981,0.0012955762213096023,0.0065592071041464806
0.09231502562761307,0.3650938868522644,0.0012955476995557547,0.006549578160047531
0.09231831878423691,0.36511218547821045,0.0012958917068317533,0.006549168843775988
0.09231026470661163,0.36511391401290894,0.0012959032319486141,0.006548892706632614
0.09231676906347275,0.3650839328765869,0.0012956750579178333,0.006548192352056503
0.09231676906347275,0.3650839328765869,0.0012956750579178333,0.006548192352056503
0.09228844940662384,0.3650219142436981,0.0012955762213096023,0.0065592071041464806
0.09231502562761307,0.3650938868522644,0.0012955476995557547,0.006549578160047531
0.09231831878423691,0.36511218547821045,0.0012958917068317533,0.006549168843775988
0.09231026470661163,0.36511391401290894,0.0012959032319486141,0.006548892706632614
0.09231676906347275,0.3650839328765869,0.0012956750579178333,0.006548192352056503
0.09231676906347275,0.3650839328765869,0.0012956750579178333,0.006548192352056503
0.09228844940662384,0.3650219142436981,0.0012955762213096023,0.0065592071041464806
0.09231502562761307,0.3650938868522644,0.0012955476995557547,0.006549578160047531
0.09231831878423691,0.36511218547821045,0.0012958917068317533,0.006549168843775988
0.09231026470661163,0.36511391401290894,0.0012959032319486141,0.006548892706632614
0.09231676906347275,0.3650839328765869,0.0012956750579178333,0.006548192352056503
0.09231676906347275,0.3650839328765869,0.0012956750579178333,0.006548192352056503
0.09228844940662384,0.3650219142436981,0.0012955762213096023,0.0065592071041464806
0.09231502562761307,0.3650938868522644,0.0012955476995557547,0.006549578160047531
0.09231831878423691,0.36511218547821045,0.0012958917068317533,0.006549168843775988
0.09231026470661163,0.36511391401290894,0.0012959032319486141,0.006548892706632614
0.09231676906347275,0.3650839328765869,0.0012956750579178333,0.006548192352056503
0.09231676906347275,0.3650839328765869,0.0012956750579178333,0.006548192352056503
0.09228844940662384,0.3650219142436981,0.0012955762213096023,0.0065592071041464806
0.09231502562761307,0.3650938868522644,0.0012955476995557547,0.006549578160047531
0.09231831878423691,0.36511218547821045,0.0012958917068317533,0.006549168843775988
0.09231026470661163,0.36511391401290894,0.0012959032319486141,0.006548892706632614
0.09231676906347275,0.3650839328765869,0.0012956750579178333,0.006548192352056503
0.09231676906347275,0.3650839328765869,0.0012956750579178333,0.006548192352056503
0.09228844940662384,0.3650219142436981,0.0012955762213096023,0.0065592071041464806
0.09231502562761307,0.3650938868522644,0.0012955476995557547,0.006549578160047531
0.09231831878423691,0.36511218547821045,0.0012958917068317533,0.006549168843775988
0.09231026470661163,0.36511391401290894,0.0012959032319486141,0.006548892706632614
0.09231676906347275,0.3650839328765869,0.0012956750579178333,0.006548192352056503
0.09231676906347275,0.3650839328765869,0.0012956750579178333,0.006548192352056503
0.09228844940662384,0.3650219142436981,0.0012955762213096023,0.0065592071041464806
0.09231502562761307,0.3650938868522644,0.0012955476995557547,0.006549578160047531
0.09231831878423691,0.36511218547821045,0.0012958917068317533,0.006549168843775988
0.09231026470661163,0.36511391401290894,0.0012959032319486141,0.006548892706632614
0.09231676906347275,0.3650839328765869,0.0012956750579178333,0.006548192352056503
0.09231676906347275,0.3650839328765869,0.0012956750579178333,0.006548192352056503
0.09228844940662384,0.3650219142436981,0.0012955762213096023,0.0065592071041464806
0.09231502562761307,0.3650938868522644,0.0012955476995557547,0.006549578160047531
0.09231831878423691,0.36511218547821045,0.0012958917068317533,0.006549168843775988
0.09231026470661163,0.36511391401290894,0.0012959032319486141,0.006548892706632614
0.09231676906347275,0.3650839328765869,0.0012956750579178333,0.006548192352056503
0.09231676906347275,0.3650839328765869,0.0012956750579178333,0.006548192352056503
0.09228844940662384,0.3650219142436981,0.0012955762213096023,0.0065592071041464806
0.09231502562761307,0.3650938868522644,0.0012955476995557547,0.006549578160047531
0.09231831878423691,0.36511218547821045,0.0012958917068317533,0.006549168843775988
0.09231026470661163,0.36511391401290894,0.0012959032319486141,0.006548892706632614
0.09231676906347275,0.3650839328765869,0.0012956750579178333,0.006548192352056503
0.09231676906347275,0.3650839328765869,0.0012956750579178333,0.006548192352056503
0.09228844940662384,0.3650219142436981,0.0012955762213096023,0.0065592071041464806
0.09231502562761307,0.3650938868522644,0.0012955476995557547,0.006549578160047531
0.09231831878423691,0.36511218547821045,0.0012958917068317533,0.006549168843775988
0.09231026470661163,0.36511391401290894,0.0012959032319486141,0.006548892706632614
0.09231676906347275,0.3650839328765869,0.0012956750579178333,0.006548192352056503
0.09231676906347275,0.3650839328765869,0.0012956750579178333,0.006548192352056503
0.09228844940662384,0.3650219142436981,0.0012955762213096023,0.0065592071041464806
0.09231502562761307,0.3650938868522644,0.0012955476995557547,0.006549578160047531
0.09231831878423691,0.36511218547821045,0.0012958917068317533,0.006549168843775988
0.09231026470661163,0.36511391401290894,0.0012959032319486141,0.006548892706632614
0.09231676906347275,0.3650839328765869,0.0012956750579178333,0.006548192352056503
0.09231676906347275,0.3650839328765869,0.0012956750579178333,0.006548192352056503
0.09228844940662384,0.3650219142436981,0.0012955762213096023,0.0065592071041464806
0.09231502562761307,0.3650938868522644,0.0012955476995557547,0.006549578160047531
0.09231831878423691,0.36511218547821045,0.0012958917068317533,0.006549168843775988
0.09231026470661163,0.36511391401290894,0.0012959032319486141,0.006548892706632614
0.09231676906347275,0.3650839328765869,0.0012956750579178333,0.006548192352056503
0.09231676906347275,0.3650839328765869,0.0012956750579178333,0.006548192352056503
0.09228844940662384,0.3650219142436981,0.0012955762213096023,0.0065592071041464806
0.09231502562761307,0.3650938868522644,0.0012955476995557547,0.006549578160047531
0.09231831878423691,0.36511218547821045,0.0012958917068317533,0.006549168843775988
0.09231026470661163,0.36511391401290894,0.0012959032319486141,0.006548892706632614
0.09231676906347275,0.3650839328765869,0.0012956750579178333,0.006548192352056503
0.09231676906347275,0.3650839328765869,0.0012956750579178333,0.006548192352056503
0.09228844940662384,0.3650219142436981,0.0012955762213096023,0.0065592071041464806
0.09231502562761307,0.3650938868522644,0.0012955476995557547,0.006549578160047531
0.09231831878423691,0.36511218547821045,0.0012958917068317533,0.006549168843775988
0.09231026470661163,0.36511391401290894,0.0012959032319486141,0.006548892706632614
0.09231676906347275,0.3650839328765869,0.0012956750579178333,0.006548192352056503
0.09231676906347275,0.3650839328765869,0.0012956750579178333,0.006548192352056503
0.09228844940662384,0.3650219142436981,0.0012955762213096023,0.0065592071041464806
0.09231502562761307,0.3650938868522644,0.0012955476995557547,0.006549578160047531
0.09231831878423691,0.36511218547821045,0.0012958917068317533,0.006549168843775988
0.09231026470661163,0.36511391401290894,0.0012959032319486141,0.006548892706632614
0.09231676906347275,0.3650839328765869,0.0012956750579178333,0.006548192352056503
0.09231676906347275,0.3650839328765869,0.0012956750579178333,0.006548192352056503
0.09228844940662384,0.3650219142436981,0.0012955762213096023,0.0065592071041464806
0.09231502562761307,0.3650938868522644,0.0012955476995557547,0.006549578160047531
0.09231831878423691,0.36511218547821045,0.0012958917068317533,0.006549168843775988
0.09231026470661163,0.36511391401290894,0.0012959032319486141,0.006548892706632614
0.09231676906347275,0.3650839328765869,0.0012956750579178333,0.006548192352056503
0.09231676906347275,0.3650839328765869,0.0012956750579178333,0.006548192352056503
0.09228844940662384,0.3650219142436981,0.0012955762213096023,0.0065592071041464806
0.09231502562761307,0.3650938868522644,0.0012955476995557547,0.006549578160047531
0.09231831878423691,0.36511218547821045,0.0012958917068317533,0.006549168843775988
0.09231026470661163,0.36511391401290894,0.0012959032319486141,0.006548892706632614
0.09231676906347275,0.3650839328765869,0.0012956750579178333,0.006548192352056503
0.09231676906347275,0.3650839328765869,0.0012956750579178333,0.006548192352056503
0.09228844940662384,0.3650219142436981,0.0012955762213096023,0.0065592071041464806
0.09231502562761307,0.3650938868522644,0.0012955476995557547,0.006549578160047531
0.09231831878423691,0.36511218547821045,0.0012958917068317533,0.006549168843775988
0.09231026470661163,0.36511391401290894,0.0012959032319486141,0.006548892706632614
0.09231676906347275,0.3650839328765869,0.0012956750579178333,0.006548192352056503
0.09231676906347275,0.3650839328765869,0.0012956750579178333,0.006548192352056503
0.09228844940662384,0.3650219142436981,0.0012955762213096023,0.0065592071041464806
0.09231502562761307,0.3650938868522644,0.0012955476995557547,0.006549578160047531
0.09231831878423691,0.36511218547821045,0.0012958917068317533,0.006549168843775988
0.09231026470661163,0.36511391401290894,0.0012959032319486141,0.006548892706632614
0.09231676906347275,0.3650839328765869,0.0012956750579178333,0.006548192352056503
0.09231676906347275,0.3650839328765869,0.0012956750579178333,0.006548192352056503
0.09228844940662384,0.3650219142436981,0.0012955762213096023,0.0065592071041464806
0.09231502562761307,0.3650938868522644,0.0012955476995557547,0.006549578160047531
0.09231831878423691,0.36511218547821045,0.0012958917068317533,0.006549168843775988
0.09231026470661163,0.36511391401290894,0.0012959032319486141,0.006548892706632614
0.09231676906347275,0.3650839328765869,0.0012956750579178333,0.006548192352056503
0.09231676906347275,0.3650839328765869,0.0012956750579178333,0.006548192352056503
0.09228844940662384,0.3650219142436981,0.0012955762213096023,0.0065592071041464806
0.09231502562761307,0.3650938868522644,0.0012955476995557547,0.006549578160047531
0.09231831878423691,0.36511218547821045,0.0012958917068317533,0.006549168843775988
0.09231026470661163,0.36511391401290894,0.0012959032319486141,0.006548892706632614
0.09231676906347275,0.3650839328765869,0.0012956750579178333,0.006548192352056503
0.09231676906347275,0.3650839328765869,0.0012956750579178333,0.006548192352056503
0.09228844940662384,0.3650219142436981,0.0012955762213096023,0.0065592071041464806
0.09231502562761307,0.3650938868522644,0.0012955476995557547,0.006549578160047531
0.09231831878423691,0.36511218547821045,0.0012958917068317533,0.006549168843775988
0.09231026470661163,0.36511391401290894,0.0012959032319486141,0.006548892706632614
0.09231676906347275,0.3650839328765869,0.0012956750579178333,0.006548192352056503
0.09231676906347275,0.3650839328765869,0.0012956750579178333,0.006548192352056503
0.09228844940662384,0.3650219142436981,0.0012955762213096023,0.0065592071041464806
0.09231502562761307,0.3650938868522644,0.0012955476995557547,0.006549578160047531
0.09231831878423691,0.36511218547821045,0.0012958917068317533,0.006549168843775988
0.09231026470661163,0.36511391401290894,0.0012959032319486141,0.006548892706632614
0.09231676906347275,0.3650839328765869,0.0012956750579178333,0.006548192352056503
0.09231676906347275,0.3650839328765869,0.0012956750579178333,0.006548192352056503
0.09228844940662384,0.3650219142436981,0.0012955762213096023,0.0065592071041464806
0.09231502562761307,0.3650938868522644,0.0012955476995557547,0.006549578160047531
0.09231831878423691,0.36511218547821045,0.0012958917068317533,0.006549168843775988
0.09231026470661163,0.36511391401290894,0.0012959032319486141,0.006548892706632614
0.09231676906347275,0.3650839328765869,0.0012956750579178333,0.006548192352056503
0.09231676906347275,0.3650839328765869,0.0012956750579178333,0.006548192352056503
0.09228844940662384,0.3650219142436981,0.0012955762213096023,0.0065592071041464806
0.09231502562761307,0.3650938868522644,0.0012955476995557547,0.006549578160047531
0.09231831878423691,0.36511218547821045,0.0012958917068317533,0.006549168843775988
0.09231026470661163,0.36511391401290894,0.0012959032319486141,0.006548892706632614
0.09231676906347275,0.3650839328765869,0.0012956750579178333,0.006548192352056503
0.09231676906347275,0.3650839328765869,0.0012956750579178333,0.006548192352056503
0.09228844940662384,0.3650219142436981,0.0012955762213096023,0.0065592071041464806
0.09231502562761307,0.3650938868522644,0.0012955476995557547,0.006549578160047531
0.09231831878423691,0.36511218547821045,0.0012958917068317533,0.006549168843775988
0.09231026470661163,0.36511391401290894,0.0012959032319486141,0.006548892706632614
0.09231676906347275,0.3650839328765869,0.0012956750579178333,0.006548192352056503
0.09231676906347275,0.3650839328765869,0.0012956750579178333,0.006548192352056503
0.09228844940662384,0.3650219142436981,0.0012955762213096023,0.0065592071041464806
0.09231502562761307,0.3650938868522644,0.0012955476995557547,0.006549578160047531
0.09231831878423691,0.36511218547821045,0.0012958917068317533,0.006549168843775988
0.09231026470661163,0.36511391401290894,0.0012959032319486141,0.006548892706632614
0.09231676906347275,0.3650839328765869,0.0012956750579178333,0.006548192352056503
0.09231676906347275,0.3650839328765869,0.0012956750579178333,0.006548192352056503
0.09228844940662384,0.3650219142436981,0.0012955762213096023,0.0065592071041464806
0.09231502562761307,0.3650938868522644,0.0012955476995557547,0.006549578160047531
0.09231831878423691,0.36511218547821045,0.0012958917068317533,0.006549168843775988
0.09231026470661163,0.36511391401290894,0.0012959032319486141,0.006548892706632614
0.09231676906347275,0.3650839328765869,0.0012956750579178333,0.006548192352056503
0.09231676906347275,0.3650839328765869,0.0012956750579178333,0.006548192352056503
0.09228844940662384,0.3650219142436981,0.0012955762213096023,0.0065592071041464806
0.09231502562761307,0.3650938868522644,0.0012955476995557547,0.006549578160047531
0.09231831878423691,0.36511218547821045,0.0012958917068317533,0.006549168843775988
0.09231026470661163,0.36511391401290894,0.0012959032319486141,0.006548892706632614
0.09231676906347275,0.3650839328765869,0.0012956750579178333,0.006548192352056503
0.09231676906347275,0.3650839328765869,0.0012956750579178333,0.006548192352056503
0.09228844940662384,0.3650219142436981,0.0012955762213096023,0.0065592071041464806
0.09231502562761307,0.3650938868522644,0.0012955476995557547,0.006549578160047531
0.09231831878423691,0.36511218547821045,0.0012958917068317533,0.006549168843775988
0.09231026470661163,0.36511391401290894,0.0012959032319486141,0.006548892706632614
0.09231676906347275,0.3650839328765869,0.0012956750579178333,0.006548192352056503
0.09231676906347275,0.3650839328765869,0.0012956750579178333,0.006548192352056503
0.09228844940662384,0.3650219142436981,0.0012955762213096023,0.0065592071041464806
0.09231502562761307,0.3650938868522644,0.0012955476995557547,0.006549578160047531
0.09231831878423691,0.36511218547821045,0.0012958917068317533,0.006549168843775988
0.09231026470661163,0.36511391401290894,0.0012959032319486141,0.006548892706632614
0.09231676906347275,0.3650839328765869,0.0012956750579178333,0.006548192352056503
0.09231676906347275,0.3650839328765869,0.0012956750579178333,0.006548192352056503
0.09228844940662384,0.3650219142436981,0.0012955762213096023,0.0065592071041464806
0.09231502562761307,0.3650938868522644,0.0012955476995557547,0.006549578160047531
0.09231831878423691,0.36511218547821045,0.0012958917068317533,0.006549168843775988
0.09231026470661163,0.36511391401290894,0.0012959032319486141,0.006548892706632614
0.09231676906347275,0.3650839328765869,0.0012956750579178333,0.006548192352056503
0.09231676906347275,0.3650839328765869,0.0012956750579178333,0.006548192352056503
0.09228844940662384,0.3650219142436981,0.0012955762213096023,0.0065592071041464806
0.09231502562761307,0.3650938868522644,0.0012955476995557547,0.006549578160047531
0.09231831878423691,0.36511218547821045,0.0012958917068317533,0.006549168843775988
0.09231026470661163,0.36511391401290894,0.0012959032319486141,0.006548892706632614
0.09231676906347275,0.3650839328765869,0.0012956750579178333,0.006548192352056503
0.09231676906347275,0.3650839328765869,0.0012956750579178333,0.006548192352056503
0.09228844940662384,0.3650219142436981,0.0012955762213096023,0.0065592071041464806
0.09231502562761307,0.3650938868522644,0.0012955476995557547,0.006549578160047531
0.09231831878423691,0.36511218547821045,0.0012958917068317533,0.006549168843775988
0.09231026470661163,0.36511391401290894,0.0012959032319486141,0.006548892706632614
0.09231676906347275,0.3650839328765869,0.0012956750579178333,0.006548192352056503
0.09231676906347275,0.3650839328765869,0.0012956750579178333,0.006548192352056503
0.09228844940662384,0.3650219142436981,0.0012955762213096023,0.0065592071041464806
0.09231502562761307,0.3650938868522644,0.0012955476995557547,0.006549578160047531
0.09231831878423691,0.36511218547821045,0.0012958917068317533,0.006549168843775988
0.09231026470661163,0.36511391401290894,0.0012959032319486141,0.006548892706632614
0.09231676906347275,0.3650839328765869,0.0012956750579178333,0.006548192352056503
0.09231676906347275,0.3650839328765869,0.0012956750579178333,0.006548192352056503
0.09228844940662384,0.3650219142436981,0.0012955762213096023,0.0065592071041464806
0.09231502562761307,0.3650938868522644,0.0012955476995557547,0.006549578160047531
0.09231831878423691,0.36511218547821045,0.0012958917068317533,0.006549168843775988
0.09231026470661163,0.36511391401290894,0.0012959032319486141,0.006548892706632614
0.09231676906347275,0.3650839328765869,0.0012956750579178333,0.006548192352056503
0.09231676906347275,0.3650839328765869,0.0012956750579178333,0.006548192352056503
0.09228844940662384,0.3650219142436981,0.0012955762213096023,0.0065592071041464806
0.09231502562761307,0.3650938868522644,0.0012955476995557547,0.006549578160047531
0.09231831878423691,0.36511218547821045,0.0012958917068317533,0.006549168843775988
0.09231026470661163,0.36511391401290894,0.0012959032319486141,0.006548892706632614
0.09231676906347275,0.3650839328765869,0.0012956750579178333,0.006548192352056503
0.09231676906347275,0.3650839328765869,0.0012956750579178333,0.006548192352056503
0.09228844940662384,0.3650219142436981,0.0012955762213096023,0.0065592071041464806
0.09231502562761307,0.3650938868522644,0.0012955476995557547,0.006549578160047531
0.09231831878423691,0.36511218547821045,0.0012958917068317533,0.006549168843775988
0.09231026470661163,0.36511391401290894,0.0012959032319486141,0.006548892706632614
0.09231676906347275,0.3650839328765869,0.0012956750579178333,0.006548192352056503
0.09231676906347275,0.3650839328765869,0.0012956750579178333,0.006548192352056503
0.09228844940662384,0.3650219142436981,0.0012955762213096023,0.0065592071041464806
0.09231502562761307,0.3650938868522644,0.0012955476995557547,0.006549578160047531
0.09231831878423691,0.36511218547821045,0.0012958917068317533,0.006549168843775988
0.09231026470661163,0.36511391401290894,0.0012959032319486141,0.006548892706632614
0.09231676906347275,0.3650839328765869,0.0012956750579178333,0.006548192352056503
0.09231676906347275,0.3650839328765869,0.0012956750579178333,0.006548192352056503
0.09228844940662384,0.3650219142436981,0.0012955762213096023,0.0065592071041464806
0.09231502562761307,0.3650938868522644,0.0012955476995557547,0.006549578160047531
0.09231831878423691,0.36511218547821045,0.0012958917068317533,0.006549168843775988
0.09231026470661163,0.36511391401290894,0.0012959032319486141,0.006548892706632614
0.09231676906347275,0.3650839328765869,0.0012956750579178333,0.006548192352056503
0.09231676906347275,0.3650839328765869,0.0012956750579178333,0.006548192352056503
0.09228844940662384,0.3650219142436981,0.0012955762213096023,0.0065592071041464806
0.09231502562761307,0.3650938868522644,0.0012955476995557547,0.006549578160047531
0.09231831878423691,0.36511218547821045,0.0012958917068317533,0.006549168843775988
0.09231026470661163,0.36511391401290894,0.0012959032319486141,0.006548892706632614
0.09231676906347275,0.3650839328765869,0.0012956750579178333,0.006548192352056503
0.09231676906347275,0.3650839328765869,0.0012956750579178333,0.006548192352056503
0.09228844940662384,0.3650219142436981,0.0012955762213096023,0.0065592071041464806
0.09231502562761307,0.3650938868522644,0.0012955476995557547,0.006549578160047531
0.09231831878423691,0.36511218547821045,0.0012958917068317533,0.006549168843775988
0.09231026470661163,0.36511391401290894,0.0012959032319486141,0.006548892706632614
0.09231676906347275,0.3650839328765869,0.0012956750579178333,0.006548192352056503
0.09231676906347275,0.3650839328765869,0.0012956750579178333,0.006548192352056503
0.09228844940662384,0.3650219142436981,0.0012955762213096023,0.0065592071041464806
0.09231502562761307,0.3650938868522644,0.0012955476995557547,0.006549578160047531
0.09231831878423691,0.36511218547821045,0.0012958917068317533,0.006549168843775988
0.09231026470661163,0.36511391401290894,0.0012959032319486141,0.006548892706632614
0.09231676906347275,0.3650839328765869,0.0012956750579178333,0.006548192352056503
0.09231676906347275,0.3650839328765869,0.0012956750579178333,0.006548192352056503
0.09228844940662384,0.3650219142436981,0.0012955762213096023,0.0065592071041464806
0.09231502562761307,0.3650938868522644,0.0012955476995557547,0.006549578160047531
0.09231831878423691,0.36511218547821045,0.0012958917068317533,0.006549168843775988
0.09231026470661163,0.36511391401290894,0.0012959032319486141,0.006548892706632614
0.09231676906347275,0.3650839328765869,0.0012956750579178333,0.006548192352056503
0.09231676906347275,0.3650839328765869,0.0012956750579178333,0.006548192352056503
0.09228844940662384,0.3650219142436981,0.0012955762213096023,0.0065592071041464806
0.09231502562761307,0.3650938868522644,0.0012955476995557547,0.006549578160047531
0.09231831878423691,0.36511218547821045,0.0012958917068317533,0.006549168843775988
0.09231026470661163,0.36511391401290894,0.0012959032319486141,0.006548892706632614
0.09231676906347275,0.3650839328765869,0.0012956750579178333,0.006548192352056503
0.09231676906347275,0.3650839328765869,0.0012956750579178333,0.006548192352056503
0.09228844940662384,0.3650219142436981,0.0012955762213096023,0.0065592071041464806
0.09231502562761307,0.3650938868522644,0.0012955476995557547,0.006549578160047531
0.09231831878423691,0.36511218547821045,0.0012958917068317533,0.006549168843775988
0.09231026470661163,0.36511391401290894,0.0012959032319486141,0.006548892706632614
0.09231676906347275,0.3650839328765869,0.0012956750579178333,0.006548192352056503
0.09231676906347275,0.3650839328765869,0.0012956750579178333,0.006548192352056503
0.09228844940662384,0.3650219142436981,0.0012955762213096023,0.0065592071041464806
0.09231502562761307,0.3650938868522644,0.0012955476995557547,0.006549578160047531
0.09231831878423691,0.36511218547821045,0.0012958917068317533,0.006549168843775988
0.09231026470661163,0.36511391401290894,0.0012959032319486141,0.006548892706632614
0.09231676906347275,0.3650839328765869,0.0012956750579178333,0.006548192352056503
0.09231676906347275,0.3650839328765869,0.0012956750579178333,0.006548192352056503
0.09228844940662384,0.3650219142436981,0.0012955762213096023,0.0065592071041464806
0.09231502562761307,0.3650938868522644,0.0012955476995557547,0.006549578160047531
0.09231831878423691,0.36511218547821045,0.0012958917068317533,0.006549168843775988
0.09231026470661163,0.36511391401290894,0.0012959032319486141,0.006548892706632614
0.09231676906347275,0.3650839328765869,0.0012956750579178333,0.006548192352056503
0.09231676906347275,0.3650839328765869,0.0012956750579178333,0.006548192352056503
0.09228844940662384,0.3650219142436981,0.0012955762213096023,0.0065592071041464806
0.09231502562761307,0.3650938868522644,0.0012955476995557547,0.006549578160047531
0.09231831878423691,0.36511218547821045,0.0012958917068317533,0.006549168843775988
0.09231026470661163,0.36511391401290894,0.0012959032319486141,0.006548892706632614
0.09231676906347275,0.3650839328765869,0.0012956750579178333,0.006548192352056503
0.09231676906347275,0.3650839328765869,0.0012956750579178333,0.006548192352056503
0.09228844940662384,0.3650219142436981,0.0012955762213096023,0.0065592071041464806
0.09231502562761307,0.3650938868522644,0.0012955476995557547,0.006549578160047531
0.09231831878423691,0.36511218547821045,0.0012958917068317533,0.006549168843775988
0.09231026470661163,0.36511391401290894,0.0012959032319486141,0.006548892706632614
0.09231676906347275,0.3650839328765869,0.0012956750579178333,0.006548192352056503
0.09231676906347275,0.3650839328765869,0.0012956750579178333,0.006548192352056503
0.09228844940662384,0.3650219142436981,0.0012955762213096023,0.0065592071041464806
0.09231502562761307,0.3650938868522644,0.0012955476995557547,0.006549578160047531
0.09231831878423691,0.36511218547821045,0.0012958917068317533,0.006549168843775988
0.09231026470661163,0.36511391401290894,0.0012959032319486141,0.006548892706632614
0.09231676906347275,0.3650839328765869,0.0012956750579178333,0.006548192352056503
0.09231676906347275,0.3650839328765869,0.0012956750579178333,0.006548192352056503
0.09228844940662384,0.3650219142436981,0.0012955762213096023,0.0065592071041464806
0.09231502562761307,0.3650938868522644,0.0012955476995557547,0.006549578160047531
0.09231831878423691,0.36511218547821045,0.0012958917068317533,0.006549168843775988
0.09231026470661163,0.36511391401290894,0.0012959032319486141,0.006548892706632614
0.09231676906347275,0.3650839328765869,0.0012956750579178333,0.006548192352056503
0.09231676906347275,0.3650839328765869,0.0012956750579178333,0.006548192352056503
0.09228844940662384,0.3650219142436981,0.0012955762213096023,0.0065592071041464806
0.09231502562761307,0.3650938868522644,0.0012955476995557547,0.006549578160047531
0.09231831878423691,0.36511218547821045,0.0012958917068317533,0.006549168843775988
0.09231026470661163,0.36511391401290894,0.0012959032319486141,0.006548892706632614
0.09231676906347275,0.3650839328765869,0.0012956750579178333,0.006548192352056503
0.09231676906347275,0.3650839328765869,0.0012956750579178333,0.006548192352056503
0.09228844940662384,0.3650219142436981,0.0012955762213096023,0.0065592071041464806
0.09231502562761307,0.3650938868522644,0.0012955476995557547,0.006549578160047531
0.09231831878423691,0.36511218547821045,0.0012958917068317533,0.006549168843775988
0.09231026470661163,0.36511391401290894,0.0012959032319486141,0.006548892706632614
0.09231676906347275,0.3650839328765869,0.0012956750579178333,0.006548192352056503
0.09231676906347275,0.3650839328765869,0.0012956750579178333,0.006548192352056503
0.09228844940662384,0.3650219142436981,0.0012955762213096023,0.0065592071041464806
0.09231502562761307,0.3650938868522644,0.0012955476995557547,0.006549578160047531
0.09231831878423691,0.36511218547821045,0.0012958917068317533,0.006549168843775988
0.09231026470661163,0.36511391401290894,0.0012959032319486141,0.006548892706632614
0.09231676906347275,0.3650839328765869,0.0012956750579178333,0.006548192352056503
0.09231676906347275,0.3650839328765869,0.0012956750579178333,0.006548192352056503
0.09228844940662384,0.3650219142436981,0.0012955762213096023,0.0065592071041464806
0.09231502562761307,0.3650938868522644,0.0012955476995557547,0.006549578160047531
0.09231831878423691,0.36511218547821045,0.0012958917068317533,0.006549168843775988
0.09231026470661163,0.36511391401290894,0.0012959032319486141,0.006548892706632614
0.09231676906347275,0.3650839328765869,0.0012956750579178333,0.006548192352056503
0.09231676906347275,0.3650839328765869,0.0012956750579178333,0.006548192352056503
0.09228844940662384,0.3650219142436981,0.0012955762213096023,0.0065592071041464806
0.09231502562761307,0.3650938868522644,0.0012955476995557547,0.006549578160047531
0.09231831878423691,0.36511218547821045,0.0012958917068317533,0.006549168843775988
0.09231026470661163,0.36511391401290894,0.0012959032319486141,0.006548892706632614
0.09231676906347275,0.3650839328765869,0.0012956750579178333,0.006548192352056503
0.09231676906347275,0.3650839328765869,0.0012956750579178333,0.006548192352056503
0.09228844940662384,0.3650219142436981,0.0012955762213096023,0.0065592071041464806
0.09231502562761307,0.3650938868522644,0.0012955476995557547,0.006549578160047531
0.09231831878423691,0.36511218547821045,0.0012958917068317533,0.006549168843775988
0.09231026470661163,0.36511391401290894,0.0012959032319486141,0.006548892706632614
0.09231676906347275,0.3650839328765869,0.0012956750579178333,0.006548192352056503
0.09231676906347275,0.3650839328765869,0.0012956750579178333,0.006548192352056503
0.09228844940662384,0.3650219142436981,0.0012955762213096023,0.0065592071041464806
0.09231502562761307,0.3650938868522644,0.0012955476995557547,0.006549578160047531
0.09231831878423691,0.36511218547821045,0.0012958917068317533,0.006549168843775988
0.09231026470661163,0.36511391401290894,0.0012959032319486141,0.006548892706632614
0.09231676906347275,0.3650839328765869,0.0012956750579178333,0.006548192352056503
0.09231676906347275,0.3650839328765869,0.0012956750579178333,0.006548192352056503
0.09228844940662384,0.3650219142436981,0.0012955762213096023,0.0065592071041464806
0.09231502562761307,0.3650938868522644,0.0012955476995557547,0.006549578160047531
0.09231831878423691,0.36511218547821045,0.0012958917068317533,0.006549168843775988
0.09231026470661163,0.36511391401290894,0.0012959032319486141,0.006548892706632614
0.09231676906347275,0.3650839328765869,0.0012956750579178333,0.006548192352056503
0.09231676906347275,0.3650839328765869,0.0012956750579178333,0.006548192352056503
0.09228844940662384,0.3650219142436981,0.0012955762213096023,0.0065592071041464806
0.09231502562761307,0.3650938868522644,0.0012955476995557547,0.006549578160047531
0.09231831878423691,0.36511218547821045,0.0012958917068317533,0.006549168843775988
0.09231026470661163,0.36511391401290894,0.0012959032319486141,0.006548892706632614
0.09231676906347275,0.3650839328765869,0.0012956750579178333,0.006548192352056503
0.09231676906347275,0.3650839328765869,0.0012956750579178333,0.006548192352056503
0.09228844940662384,0.3650219142436981,0.0012955762213096023,0.0065592071041464806
0.09231502562761307,0.3650938868522644,0.0012955476995557547,0.006549578160047531
0.09231831878423691,0.36511218547821045,0.0012958917068317533,0.006549168843775988
0.09231026470661163,0.36511391401290894,0.0012959032319486141,0.006548892706632614
0.09231676906347275,0.3650839328765869,0.0012956750579178333,0.006548192352056503
0.09231676906347275,0.3650839328765869,0.0012956750579178333,0.006548192352056503
0.09228844940662384,0.3650219142436981,0.0012955762213096023,0.0065592071041464806
0.09231502562761307,0.3650938868522644,0.0012955476995557547,0.006549578160047531
0.09231831878423691,0.36511218547821045,0.0012958917068317533,0.006549168843775988
0.09231026470661163,0.36511391401290894,0.0012959032319486141,0.006548892706632614
0.09231676906347275,0.3650839328765869,0.0012956750579178333,0.006548192352056503
0.09231676906347275,0.3650839328765869,0.0012956750579178333,0.006548192352056503
0.09228844940662384,0.3650219142436981,0.0012955762213096023,0.0065592071041464806
0.09231502562761307,0.3650938868522644,0.0012955476995557547,0.006549578160047531
0.09231831878423691,0.36511218547821045,0.0012958917068317533,0.006549168843775988
0.09231026470661163,0.36511391401290894,0.0012959032319486141,0.006548892706632614
0.09231676906347275,0.3650839328765869,0.0012956750579178333,0.006548192352056503
0.09231676906347275,0.3650839328765869,0.0012956750579178333,0.006548192352056503
0.09228844940662384,0.3650219142436981,0.0012955762213096023,0.0065592071041464806
0.09231502562761307,0.3650938868522644,0.0012955476995557547,0.006549578160047531
0.09231831878423691,0.36511218547821045,0.0012958917068317533,0.006549168843775988
0.09231026470661163,0.36511391401290894,0.0012959032319486141,0.006548892706632614
0.09231676906347275,0.3650839328765869,0.0012956750579178333,0.006548192352056503
0.09231676906347275,0.3650839328765869,0.0012956750579178333,0.006548192352056503
0.09228844940662384,0.3650219142436981,0.0012955762213096023,0.0065592071041464806
0.09231502562761307,0.3650938868522644,0.0012955476995557547,0.006549578160047531
0.09231831878423691,0.36511218547821045,0.0012958917068317533,0.006549168843775988
0.09231026470661163,0.36511391401290894,0.0012959032319486141,0.006548892706632614
0.09231676906347275,0.3650839328765869,0.0012956750579178333,0.006548192352056503
0.09231676906347275,0.3650839328765869,0.0012956750579178333,0.006548192352056503
0.09228844940662384,0.3650219142436981,0.0012955762213096023,0.0065592071041464806
0.09231502562761307,0.3650938868522644,0.0012955476995557547,0.006549578160047531
0.09231831878423691,0.36511218547821045,0.0012958917068317533,0.006549168843775988
0.09231026470661163,0.36511391401290894,0.0012959032319486141,0.006548892706632614
0.09231676906347275,0.3650839328765869,0.0012956750579178333,0.006548192352056503
0.09231676906347275,0.3650839328765869,0.0012956750579178333,0.006548192352056503
0.09228844940662384,0.3650219142436981,0.0012955762213096023,0.0065592071041464806
0.09231502562761307,0.3650938868522644,0.0012955476995557547,0.006549578160047531
0.09231831878423691,0.36511218547821045,0.0012958917068317533,0.006549168843775988
0.09231026470661163,0.36511391401290894,0.0012959032319486141,0.006548892706632614
0.09231676906347275,0.3650839328765869,0.0012956750579178333,0.006548192352056503
0.09231676906347275,0.3650839328765869,0.0012956750579178333,0.006548192352056503
0.09228844940662384,0.3650219142436981,0.0012955762213096023,0.0065592071041464806
0.09231502562761307,0.3650938868522644,0.0012955476995557547,0.006549578160047531
0.09231831878423691,0.36511218547821045,0.0012958917068317533,0.006549168843775988
0.09231026470661163,0.36511391401290894,0.0012959032319486141,0.006548892706632614
0.09231676906347275,0.3650839328765869,0.0012956750579178333,0.006548192352056503
0.09231676906347275,0.3650839328765869,0.0012956750579178333,0.006548192352056503
0.09228844940662384,0.3650219142436981,0.0012955762213096023,0.0065592071041464806
0.09231502562761307,0.3650938868522644,0.0012955476995557547,0.006549578160047531
0.09231831878423691,0.36511218547821045,0.0012958917068317533,0.006549168843775988
0.09231026470661163,0.36511391401290894,0.0012959032319486141,0.006548892706632614
0.09231676906347275,0.3650839328765869,0.0012956750579178333,0.006548192352056503
0.09231676906347275,0.3650839328765869,0.0012956750579178333,0.006548192352056503
0.09228844940662384,0.3650219142436981,0.0012955762213096023,0.0065592071041464806
0.09231502562761307,0.3650938868522644,0.0012955476995557547,0.006549578160047531
0.09231831878423691,0.36511218547821045,0.0012958917068317533,0.006549168843775988
0.09231026470661163,0.36511391401290894,0.0012959032319486141,0.006548892706632614
0.09231676906347275,0.3650839328765869,0.0012956750579178333,0.006548192352056503
0.09231676906347275,0.3650839328765869,0.0012956750579178333,0.006548192352056503
0.09228844940662384,0.3650219142436981,0.0012955762213096023,0.0065592071041464806
0.09231502562761307,0.3650938868522644,0.0012955476995557547,0.006549578160047531
0.09231831878423691,0.36511218547821045,0.0012958917068317533,0.006549168843775988
0.09231026470661163,0.36511391401290894,0.0012959032319486141,0.006548892706632614
0.09231676906347275,0.3650839328765869,0.0012956750579178333,0.006548192352056503
0.09231676906347275,0.3650839328765869,0.0012956750579178333,0.006548192352056503
0.09228844940662384,0.3650219142436981,0.0012955762213096023,0.0065592071041464806
0.09231502562761307,0.3650938868522644,0.0012955476995557547,0.006549578160047531
0.09231831878423691,0.36511218547821045,0.0012958917068317533,0.006549168843775988
0.09231026470661163,0.36511391401290894,0.0012959032319486141,0.006548892706632614
0.09231676906347275,0.3650839328765869,0.0012956750579178333,0.006548192352056503
0.09231676906347275,0.3650839328765869,0.0012956750579178333,0.006548192352056503
0.09228844940662384,0.3650219142436981,0.0012955762213096023,0.0065592071041464806
0.09231502562761307,0.3650938868522644,0.0012955476995557547,0.006549578160047531
0.09231831878423691,0.36511218547821045,0.0012958917068317533,0.006549168843775988
0.09231026470661163,0.36511391401290894,0.0012959032319486141,0.006548892706632614
0.09231676906347275,0.3650839328765869,0.0012956750579178333,0.006548192352056503
0.09231676906347275,0.3650839328765869,0.0012956750579178333,0.006548192352056503
0.09228844940662384,0.3650219142436981,0.0012955762213096023,0.0065592071041464806
0.09231502562761307,0.3650938868522644,0.0012955476995557547,0.006549578160047531
0.09231831878423691,0.36511218547821045,0.0012958917068317533,0.006549168843775988
0.09231026470661163,0.36511391401290894,0.0012959032319486141,0.006548892706632614
0.09231676906347275,0.3650839328765869,0.0012956750579178333,0.006548192352056503
0.09231676906347275,0.3650839328765869,0.0012956750579178333,0.006548192352056503
0.09228844940662384,0.3650219142436981,0.0012955762213096023,0.0065592071041464806
0.09231502562761307,0.3650938868522644,0.0012955476995557547,0.006549578160047531
0.09231831878423691,0.36511218547821045,0.0012958917068317533,0.006549168843775988
0.09231026470661163,0.36511391401290894,0.0012959032319486141,0.006548892706632614
0.09231676906347275,0.3650839328765869,0.0012956750579178333,0.006548192352056503
0.09231676906347275,0.3650839328765869,0.0012956750579178333,0.006548192352056503
0.09228844940662384,0.3650219142436981,0.0012955762213096023,0.0065592071041464806
0.09231502562761307,0.3650938868522644,0.0012955476995557547,0.006549578160047531
0.09231831878423691,0.36511218547821045,0.0012958917068317533,0.006549168843775988
0.09231026470661163,0.36511391401290894,0.0012959032319486141,0.006548892706632614
0.09231676906347275,0.3650839328765869,0.0012956750579178333,0.006548192352056503
0.09231676906347275,0.3650839328765869,0.0012956750579178333,0.006548192352056503
0.09228844940662384,0.3650219142436981,0.0012955762213096023,0.0065592071041464806
0.09231502562761307,0.3650938868522644,0.0012955476995557547,0.006549578160047531
0.09231831878423691,0.36511218547821045,0.0012958917068317533,0.006549168843775988
0.09231026470661163,0.36511391401290894,0.0012959032319486141,0.006548892706632614
0.09231676906347275,0.3650839328765869,0.0012956750579178333,0.006548192352056503
0.09231676906347275,0.3650839328765869,0.0012956750579178333,0.006548192352056503
0.09228844940662384,0.3650219142436981,0.0012955762213096023,0.0065592071041464806
0.09231502562761307,0.3650938868522644,0.0012955476995557547,0.006549578160047531
0.09231831878423691,0.36511218547821045,0.0012958917068317533,0.006549168843775988
0.09231026470661163,0.36511391401290894,0.0012959032319486141,0.006548892706632614
0.09231676906347275,0.3650839328765869,0.0012956750579178333,0.006548192352056503
0.09231676906347275,0.3650839328765869,0.0012956750579178333,0.006548192352056503
0.09228844940662384,0.3650219142436981,0.0012955762213096023,0.0065592071041464806
0.09231502562761307,0.3650938868522644,0.0012955476995557547,0.006549578160047531
0.09231831878423691,0.36511218547821045,0.0012958917068317533,0.006549168843775988
0.09231026470661163,0.36511391401290894,0.0012959032319486141,0.006548892706632614
0.09231676906347275,0.3650839328765869,0.0012956750579178333,0.006548192352056503
0.09231676906347275,0.3650839328765869,0.0012956750579178333,0.006548192352056503
0.09228844940662384,0.3650219142436981,0.0012955762213096023,0.0065592071041464806
0.09231502562761307,0.3650938868522644,0.0012955476995557547,0.006549578160047531
0.09231831878423691,0.36511218547821045,0.0012958917068317533,0.006549168843775988
0.09231026470661163,0.36511391401290894,0.0012959032319486141,0.006548892706632614
0.09231676906347275,0.3650839328765869,0.0012956750579178333,0.006548192352056503
0.09231676906347275,0.3650839328765869,0.0012956750579178333,0.006548192352056503
0.09228844940662384,0.3650219142436981,0.0012955762213096023,0.0065592071041464806
0.09231502562761307,0.3650938868522644,0.0012955476995557547,0.006549578160047531
0.09231831878423691,0.36511218547821045,0.0012958917068317533,0.006549168843775988
0.09231026470661163,0.36511391401290894,0.0012959032319486141,0.006548892706632614
0.09231676906347275,0.3650839328765869,0.0012956750579178333,0.006548192352056503
0.09231676906347275,0.3650839328765869,0.0012956750579178333,0.006548192352056503
0.09228844940662384,0.3650219142436981,0.0012955762213096023,0.0065592071041464806
0.09231502562761307,0.3650938868522644,0.0012955476995557547,0.006549578160047531
0.09231831878423691,0.36511218547821045,0.0012958917068317533,0.006549168843775988
0.09231026470661163,0.36511391401290894,0.0012959032319486141,0.006548892706632614
0.09231676906347275,0.3650839328765869,0.0012956750579178333,0.006548192352056503
0.09231676906347275,0.3650839328765869,0.0012956750579178333,0.006548192352056503
0.09228844940662384,0.3650219142436981,0.0012955762213096023,0.0065592071041464806
0.09231502562761307,0.3650938868522644,0.0012955476995557547,0.006549578160047531
0.09231831878423691,0.36511218547821045,0.0012958917068317533,0.006549168843775988
0.09231026470661163,0.36511391401290894,0.0012959032319486141,0.006548892706632614
0.09231676906347275,0.3650839328765869,0.0012956750579178333,0.006548192352056503
0.09231676906347275,0.3650839328765869,0.0012956750579178333,0.006548192352056503
0.09228844940662384,0.3650219142436981,0.0012955762213096023,0.0065592071041464806
0.09231502562761307,0.3650938868522644,0.0012955476995557547,0.006549578160047531
0.09231831878423691,0.36511218547821045,0.0012958917068317533,0.006549168843775988
0.09231026470661163,0.36511391401290894,0.0012959032319486141,0.006548892706632614
0.09231676906347275,0.3650839328765869,0.0012956750579178333,0.006548192352056503
0.09231676906347275,0.3650839328765869,0.0012956750579178333,0.006548192352056503
0.09228844940662384,0.3650219142436981,0.0012955762213096023,0.0065592071041464806
0.09231502562761307,0.3650938868522644,0.0012955476995557547,0.006549578160047531
0.09231831878423691,0.36511218547821045,0.0012958917068317533,0.006549168843775988
0.09231026470661163,0.36511391401290894,0.0012959032319486141,0.006548892706632614
0.09231676906347275,0.3650839328765869,0.0012956750579178333,0.006548192352056503
0.09231676906347275,0.3650839328765869,0.0012956750579178333,0.006548192352056503
0.09228844940662384,0.3650219142436981,0.0012955762213096023,0.0065592071041464806
0.09231502562761307,0.3650938868522644,0.0012955476995557547,0.006549578160047531
0.09231831878423691,0.36511218547821045,0.0012958917068317533,0.006549168843775988
0.09231026470661163,0.36511391401290894,0.0012959032319486141,0.006548892706632614
0.09231676906347275,0.3650839328765869,0.0012956750579178333,0.006548192352056503
0.09231676906347275,0.3650839328765869,0.0012956750579178333,0.006548192352056503
0.09228844940662384,0.3650219142436981,0.0012955762213096023,0.0065592071041464806
0.09231502562761307,0.3650938868522644,0.0012955476995557547,0.006549578160047531
0.09231831878423691,0.36511218547821045,0.0012958917068317533,0.006549168843775988
0.09231026470661163,0.36511391401290894,0.0012959032319486141,0.006548892706632614
0.09231676906347275,0.3650839328765869,0.0012956750579178333,0.006548192352056503
0.09231676906347275,0.3650839328765869,0.0012956750579178333,0.006548192352056503
0.09228844940662384,0.3650219142436981,0.0012955762213096023,0.0065592071041464806
0.09231502562761307,0.3650938868522644,0.0012955476995557547,0.006549578160047531
0.09231831878423691,0.36511218547821045,0.0012958917068317533,0.006549168843775988
0.09231026470661163,0.36511391401290894,0.0012959032319486141,0.006548892706632614
0.09231676906347275,0.3650839328765869,0.0012956750579178333,0.006548192352056503
0.09231676906347275,0.3650839328765869,0.0012956750579178333,0.006548192352056503
0.09228844940662384,0.3650219142436981,0.0012955762213096023,0.0065592071041464806
0.09231502562761307,0.3650938868522644,0.0012955476995557547,0.006549578160047531
0.09231831878423691,0.36511218547821045,0.0012958917068317533,0.006549168843775988
0.09231026470661163,0.36511391401290894,0.0012959032319486141,0.006548892706632614
0.09231676906347275,0.3650839328765869,0.0012956750579178333,0.006548192352056503
0.09231676906347275,0.3650839328765869,0.0012956750579178333,0.006548192352056503
0.09228844940662384,0.3650219142436981,0.0012955762213096023,0.0065592071041464806
0.09231502562761307,0.3650938868522644,0.0012955476995557547,0.006549578160047531
0.09231831878423691,0.36511218547821045,0.0012958917068317533,0.006549168843775988
0.09231026470661163,0.36511391401290894,0.0012959032319486141,0.006548892706632614
0.09231676906347275,0.3650839328765869,0.0012956750579178333,0.006548192352056503
0.09231676906347275,0.3650839328765869,0.0012956750579178333,0.006548192352056503
0.09228844940662384,0.3650219142436981,0.0012955762213096023,0.0065592071041464806
0.09231502562761307,0.3650938868522644,0.0012955476995557547,0.006549578160047531
0.09231831878423691,0.36511218547821045,0.0012958917068317533,0.006549168843775988
0.09231026470661163,0.36511391401290894,0.0012959032319486141,0.006548892706632614
0.09231676906347275,0.3650839328765869,0.0012956750579178333,0.006548192352056503
0.09231676906347275,0.3650839328765869,0.0012956750579178333,0.006548192352056503
0.09228844940662384,0.3650219142436981,0.0012955762213096023,0.0065592071041464806
0.09231502562761307,0.3650938868522644,0.0012955476995557547,0.006549578160047531
0.09231831878423691,0.36511218547821045,0.0012958917068317533,0.006549168843775988
0.09231026470661163,0.36511391401290894,0.0012959032319486141,0.006548892706632614
0.09231676906347275,0.3650839328765869,0.0012956750579178333,0.006548192352056503
0.09231676906347275,0.3650839328765869,0.0012956750579178333,0.006548192352056503
0.09228844940662384,0.3650219142436981,0.0012955762213096023,0.0065592071041464806
0.09231502562761307,0.3650938868522644,0.0012955476995557547,0.006549578160047531
0.09231831878423691,0.36511218547821045,0.0012958917068317533,0.006549168843775988
0.09231026470661163,0.36511391401290894,0.0012959032319486141,0.006548892706632614
0.09231676906347275,0.3650839328765869,0.0012956750579178333,0.006548192352056503
0.09231676906347275,0.3650839328765869,0.0012956750579178333,0.006548192352056503
0.09228844940662384,0.3650219142436981,0.0012955762213096023,0.0065592071041464806
0.09231502562761307,0.3650938868522644,0.0012955476995557547,0.006549578160047531
0.09231831878423691,0.36511218547821045,0.0012958917068317533,0.006549168843775988
0.09231026470661163,0.36511391401290894,0.0012959032319486141,0.006548892706632614
0.09231676906347275,0.3650839328765869,0.0012956750579178333,0.006548192352056503
0.09231676906347275,0.3650839328765869,0.0012956750579178333,0.006548192352056503
0.09228844940662384,0.3650219142436981,0.0012955762213096023,0.0065592071041464806
0.09231502562761307,0.3650938868522644,0.0012955476995557547,0.006549578160047531
0.09231831878423691,0.36511218547821045,0.0012958917068317533,0.006549168843775988
0.09231026470661163,0.36511391401290894,0.0012959032319486141,0.006548892706632614
0.09231676906347275,0.3650839328765869,0.0012956750579178333,0.006548192352056503
0.09231676906347275,0.3650839328765869,0.0012956750579178333,0.006548192352056503
0.09228844940662384,0.3650219142436981,0.0012955762213096023,0.0065592071041464806
0.09231502562761307,0.3650938868522644,0.0012955476995557547,0.006549578160047531
0.09231831878423691,0.36511218547821045,0.0012958917068317533,0.006549168843775988
0.09231026470661163,0.36511391401290894,0.0012959032319486141,0.006548892706632614
0.09231676906347275,0.3650839328765869,0.0012956750579178333,0.006548192352056503
0.09231676906347275,0.3650839328765869,0.0012956750579178333,0.006548192352056503
0.09228844940662384,0.3650219142436981,0.0012955762213096023,0.0065592071041464806
0.09231502562761307,0.3650938868522644,0.0012955476995557547,0.006549578160047531
0.09231831878423691,0.36511218547821045,0.0012958917068317533,0.006549168843775988
0.09231026470661163,0.36511391401290894,0.0012959032319486141,0.006548892706632614
0.09231676906347275,0.3650839328765869,0.0012956750579178333,0.006548192352056503
0.09231676906347275,0.3650839328765869,0.0012956750579178333,0.006548192352056503
0.09228844940662384,0.3650219142436981,0.0012955762213096023,0.0065592071041464806
0.09231502562761307,0.3650938868522644,0.0012955476995557547,0.006549578160047531
0.09231831878423691,0.36511218547821045,0.0012958917068317533,0.006549168843775988
0.09231026470661163,0.36511391401290894,0.0012959032319486141,0.006548892706632614
0.09231676906347275,0.3650839328765869,0.0012956750579178333,0.006548192352056503
0.09231676906347275,0.3650839328765869,0.0012956750579178333,0.006548192352056503
0.09228844940662384,0.3650219142436981,0.0012955762213096023,0.0065592071041464806
0.09231502562761307,0.3650938868522644,0.0012955476995557547,0.006549578160047531
0.09231831878423691,0.36511218547821045,0.0012958917068317533,0.006549168843775988
0.09231026470661163,0.36511391401290894,0.0012959032319486141,0.006548892706632614
0.09231676906347275,0.3650839328765869,0.0012956750579178333,0.006548192352056503
0.09231676906347275,0.3650839328765869,0.0012956750579178333,0.006548192352056503
0.09228844940662384,0.3650219142436981,0.0012955762213096023,0.0065592071041464806
0.09231502562761307,0.3650938868522644,0.0012955476995557547,0.006549578160047531
0.09231831878423691,0.36511218547821045,0.0012958917068317533,0.006549168843775988
0.09231026470661163,0.36511391401290894,0.0012959032319486141,0.006548892706632614
0.09231676906347275,0.3650839328765869,0.0012956750579178333,0.006548192352056503
0.09231676906347275,0.3650839328765869,0.0012956750579178333,0.006548192352056503
0.09228844940662384,0.3650219142436981,0.0012955762213096023,0.0065592071041464806
0.09231502562761307,0.3650938868522644,0.0012955476995557547,0.006549578160047531
0.09231831878423691,0.36511218547821045,0.0012958917068317533,0.006549168843775988
0.09231026470661163,0.36511391401290894,0.0012959032319486141,0.006548892706632614
0.09231676906347275,0.3650839328765869,0.0012956750579178333,0.006548192352056503
0.09231676906347275,0.3650839328765869,0.0012956750579178333,0.006548192352056503
0.09228844940662384,0.3650219142436981,0.0012955762213096023,0.0065592071041464806
0.09231502562761307,0.3650938868522644,0.0012955476995557547,0.006549578160047531
0.09231831878423691,0.36511218547821045,0.0012958917068317533,0.006549168843775988
0.09231026470661163,0.36511391401290894,0.0012959032319486141,0.006548892706632614
0.09231676906347275,0.3650839328765869,0.0012956750579178333,0.006548192352056503
0.09231676906347275,0.3650839328765869,0.0012956750579178333,0.006548192352056503
0.09228844940662384,0.3650219142436981,0.0012955762213096023,0.0065592071041464806
0.09231502562761307,0.3650938868522644,0.0012955476995557547,0.006549578160047531
0.09231831878423691,0.36511218547821045,0.0012958917068317533,0.006549168843775988
0.09231026470661163,0.36511391401290894,0.0012959032319486141,0.006548892706632614
0.09231676906347275,0.3650839328765869,0.0012956750579178333,0.006548192352056503
0.09231676906347275,0.3650839328765869,0.0012956750579178333,0.006548192352056503
0.09228844940662384,0.3650219142436981,0.0012955762213096023,0.0065592071041464806
0.09231502562761307,0.3650938868522644,0.0012955476995557547,0.006549578160047531
0.09231831878423691,0.36511218547821045,0.0012958917068317533,0.006549168843775988
0.09231026470661163,0.36511391401290894,0.0012959032319486141,0.006548892706632614
0.09231676906347275,0.3650839328765869,0.0012956750579178333,0.006548192352056503
0.09231676906347275,0.3650839328765869,0.0012956750579178333,0.006548192352056503
0.09228844940662384,0.3650219142436981,0.0012955762213096023,0.0065592071041464806
0.09231502562761307,0.3650938868522644,0.0012955476995557547,0.006549578160047531
0.09231831878423691,0.36511218547821045,0.0012958917068317533,0.006549168843775988
0.09231026470661163,0.36511391401290894,0.0012959032319486141,0.006548892706632614
0.09231676906347275,0.3650839328765869,0.0012956750579178333,0.006548192352056503
0.09231676906347275,0.3650839328765869,0.0012956750579178333,0.006548192352056503
0.09228844940662384,0.3650219142436981,0.0012955762213096023,0.0065592071041464806
0.09231502562761307,0.3650938868522644,0.0012955476995557547,0.006549578160047531
0.09231831878423691,0.36511218547821045,0.0012958917068317533,0.006549168843775988
0.09231026470661163,0.36511391401290894,0.0012959032319486141,0.006548892706632614
0.09231676906347275,0.3650839328765869,0.0012956750579178333,0.006548192352056503
0.09231676906347275,0.3650839328765869,0.0012956750579178333,0.006548192352056503
0.09228844940662384,0.3650219142436981,0.0012955762213096023,0.0065592071041464806
0.09231502562761307,0.3650938868522644,0.0012955476995557547,0.006549578160047531
0.09231831878423691,0.36511218547821045,0.0012958917068317533,0.006549168843775988
0.09231026470661163,0.36511391401290894,0.0012959032319486141,0.006548892706632614
0.09231676906347275,0.3650839328765869,0.0012956750579178333,0.006548192352056503
0.09231676906347275,0.3650839328765869,0.0012956750579178333,0.006548192352056503
0.09228844940662384,0.3650219142436981,0.0012955762213096023,0.0065592071041464806
0.09231502562761307,0.3650938868522644,0.0012955476995557547,0.006549578160047531
0.09231831878423691,0.36511218547821045,0.0012958917068317533,0.006549168843775988
0.09231026470661163,0.36511391401290894,0.0012959032319486141,0.006548892706632614
0.09231676906347275,0.3650839328765869,0.0012956750579178333,0.006548192352056503
0.09231676906347275,0.3650839328765869,0.0012956750579178333,0.006548192352056503
0.09228844940662384,0.3650219142436981,0.0012955762213096023,0.0065592071041464806
0.09231502562761307,0.3650938868522644,0.0012955476995557547,0.006549578160047531
0.09231831878423691,0.36511218547821045,0.0012958917068317533,0.006549168843775988
0.09231026470661163,0.36511391401290894,0.0012959032319486141,0.006548892706632614
0.09231676906347275,0.3650839328765869,0.0012956750579178333,0.006548192352056503
0.09231676906347275,0.3650839328765869,0.0012956750579178333,0.006548192352056503
0.09228844940662384,0.3650219142436981,0.0012955762213096023,0.0065592071041464806
0.09231502562761307,0.3650938868522644,0.0012955476995557547,0.006549578160047531
0.09231831878423691,0.36511218547821045,0.0012958917068317533,0.006549168843775988
0.09231026470661163,0.36511391401290894,0.0012959032319486141,0.006548892706632614
0.09231676906347275,0.3650839328765869,0.0012956750579178333,0.006548192352056503
0.09231676906347275,0.3650839328765869,0.0012956750579178333,0.006548192352056503
0.09228844940662384,0.3650219142436981,0.0012955762213096023,0.0065592071041464806
0.09231502562761307,0.3650938868522644,0.0012955476995557547,0.006549578160047531
0.09231831878423691,0.36511218547821045,0.0012958917068317533,0.006549168843775988
0.09231026470661163,0.36511391401290894,0.0012959032319486141,0.006548892706632614
0.09231676906347275,0.3650839328765869,0.0012956750579178333,0.006548192352056503
0.09231676906347275,0.3650839328765869,0.0012956750579178333,0.006548192352056503
0.09228844940662384,0.3650219142436981,0.0012955762213096023,0.0065592071041464806
0.09231502562761307,0.3650938868522644,0.0012955476995557547,0.006549578160047531
0.09231831878423691,0.36511218547821045,0.0012958917068317533,0.006549168843775988
0.09231026470661163,0.36511391401290894,0.0012959032319486141,0.006548892706632614
0.09231676906347275,0.3650839328765869,0.0012956750579178333,0.006548192352056503
0.09231676906347275,0.3650839328765869,0.0012956750579178333,0.006548192352056503
0.09228844940662384,0.3650219142436981,0.0012955762213096023,0.0065592071041464806
0.09231502562761307,0.3650938868522644,0.0012955476995557547,0.006549578160047531
0.09231831878423691,0.36511218547821045,0.0012958917068317533,0.006549168843775988
0.09231026470661163,0.36511391401290894,0.0012959032319486141,0.006548892706632614
0.09231676906347275,0.3650839328765869,0.0012956750579178333,0.006548192352056503
0.09231676906347275,0.3650839328765869,0.0012956750579178333,0.006548192352056503
0.09228844940662384,0.3650219142436981,0.0012955762213096023,0.0065592071041464806
0.09231502562761307,0.3650938868522644,0.0012955476995557547,0.006549578160047531
0.09231831878423691,0.36511218547821045,0.0012958917068317533,0.006549168843775988
0.09231026470661163,0.36511391401290894,0.0012959032319486141,0.006548892706632614
0.09231676906347275,0.3650839328765869,0.0012956750579178333,0.006548192352056503
0.09231676906347275,0.3650839328765869,0.0012956750579178333,0.006548192352056503
0.09228844940662384,0.3650219142436981,0.0012955762213096023,0.0065592071041464806
0.09231502562761307,0.3650938868522644,0.0012955476995557547,0.006549578160047531
0.09231831878423691,0.36511218547821045,0.0012958917068317533,0.006549168843775988
0.09231026470661163,0.36511391401290894,0.0012959032319486141,0.006548892706632614
0.09231676906347275,0.3650839328765869,0.0012956750579178333,0.006548192352056503
0.09231676906347275,0.3650839328765869,0.0012956750579178333,0.006548192352056503
0.09228844940662384,0.3650219142436981,0.0012955762213096023,0.0065592071041464806
0.09231502562761307,0.3650938868522644,0.0012955476995557547,0.006549578160047531
0.09231831878423691,0.36511218547821045,0.0012958917068317533,0.006549168843775988
0.09231026470661163,0.36511391401290894,0.0012959032319486141,0.006548892706632614
0.09231676906347275,0.3650839328765869,0.0012956750579178333,0.006548192352056503
0.09231676906347275,0.3650839328765869,0.0012956750579178333,0.006548192352056503
0.09228844940662384,0.3650219142436981,0.0012955762213096023,0.0065592071041464806
0.09231502562761307,0.3650938868522644,0.0012955476995557547,0.006549578160047531
0.09231831878423691,0.36511218547821045,0.0012958917068317533,0.006549168843775988
0.09231026470661163,0.36511391401290894,0.0012959032319486141,0.006548892706632614
0.09231676906347275,0.3650839328765869,0.0012956750579178333,0.006548192352056503
0.09231676906347275,0.3650839328765869,0.0012956750579178333,0.006548192352056503
0.09228844940662384,0.3650219142436981,0.0012955762213096023,0.0065592071041464806
0.09231502562761307,0.3650938868522644,0.0012955476995557547,0.006549578160047531
0.09231831878423691,0.36511218547821045,0.0012958917068317533,0.006549168843775988
0.09231026470661163,0.36511391401290894,0.0012959032319486141,0.006548892706632614
0.09231676906347275,0.3650839328765869,0.0012956750579178333,0.006548192352056503
0.09231676906347275,0.3650839328765869,0.0012956750579178333,0.006548192352056503
0.09228844940662384,0.3650219142436981,0.0012955762213096023,0.0065592071041464806
0.09231502562761307,0.3650938868522644,0.0012955476995557547,0.006549578160047531
0.09231831878423691,0.36511218547821045,0.0012958917068317533,0.006549168843775988
0.09231026470661163,0.36511391401290894,0.0012959032319486141,0.006548892706632614
0.09231676906347275,0.3650839328765869,0.0012956750579178333,0.006548192352056503
0.09231676906347275,0.3650839328765869,0.0012956750579178333,0.006548192352056503
0.09228844940662384,0.3650219142436981,0.0012955762213096023,0.0065592071041464806
0.09231502562761307,0.3650938868522644,0.0012955476995557547,0.006549578160047531
0.09231831878423691,0.36511218547821045,0.0012958917068317533,0.006549168843775988
0.09231026470661163,0.36511391401290894,0.0012959032319486141,0.006548892706632614
0.09231676906347275,0.3650839328765869,0.0012956750579178333,0.006548192352056503
0.09231676906347275,0.3650839328765869,0.0012956750579178333,0.006548192352056503
0.09228844940662384,0.3650219142436981,0.0012955762213096023,0.0065592071041464806
0.09231502562761307,0.3650938868522644,0.0012955476995557547,0.006549578160047531
0.09231831878423691,0.36511218547821045,0.0012958917068317533,0.006549168843775988
0.09231026470661163,0.36511391401290894,0.0012959032319486141,0.006548892706632614
0.09231676906347275,0.3650839328765869,0.0012956750579178333,0.006548192352056503
0.09231676906347275,0.3650839328765869,0.0012956750579178333,0.006548192352056503
0.09228844940662384,0.3650219142436981,0.0012955762213096023,0.0065592071041464806
0.09231502562761307,0.3650938868522644,0.0012955476995557547,0.006549578160047531
0.09231831878423691,0.36511218547821045,0.0012958917068317533,0.006549168843775988
0.09231026470661163,0.36511391401290894,0.0012959032319486141,0.006548892706632614
0.09231676906347275,0.3650839328765869,0.0012956750579178333,0.006548192352056503
0.09231676906347275,0.3650839328765869,0.0012956750579178333,0.006548192352056503
0.09228844940662384,0.3650219142436981,0.0012955762213096023,0.0065592071041464806
0.09231502562761307,0.3650938868522644,0.0012955476995557547,0.006549578160047531
0.09231831878423691,0.36511218547821045,0.0012958917068317533,0.006549168843775988
0.09231026470661163,0.36511391401290894,0.0012959032319486141,0.006548892706632614
0.09231676906347275,0.3650839328765869,0.0012956750579178333,0.006548192352056503
0.09231676906347275,0.3650839328765869,0.0012956750579178333,0.006548192352056503
0.09228844940662384,0.3650219142436981,0.0012955762213096023,0.0065592071041464806
0.09231502562761307,0.3650938868522644,0.0012955476995557547,0.006549578160047531
0.09231831878423691,0.36511218547821045,0.0012958917068317533,0.006549168843775988
0.09231026470661163,0.36511391401290894,0.0012959032319486141,0.006548892706632614
0.09231676906347275,0.3650839328765869,0.0012956750579178333,0.006548192352056503
0.09231676906347275,0.3650839328765869,0.0012956750579178333,0.006548192352056503
0.09228844940662384,0.3650219142436981,0.0012955762213096023,0.0065592071041464806
0.09231502562761307,0.3650938868522644,0.0012955476995557547,0.006549578160047531
0.09231831878423691,0.36511218547821045,0.0012958917068317533,0.006549168843775988
0.09231026470661163,0.36511391401290894,0.0012959032319486141,0.006548892706632614
0.09231676906347275,0.3650839328765869,0.0012956750579178333,0.006548192352056503
0.09231676906347275,0.3650839328765869,0.0012956750579178333,0.006548192352056503
0.09228844940662384,0.3650219142436981,0.0012955762213096023,0.0065592071041464806
0.09231502562761307,0.3650938868522644,0.0012955476995557547,0.006549578160047531
0.09231831878423691,0.36511218547821045,0.0012958917068317533,0.006549168843775988
0.09231026470661163,0.36511391401290894,0.0012959032319486141,0.006548892706632614
0.09231676906347275,0.3650839328765869,0.0012956750579178333,0.006548192352056503
0.09231676906347275,0.3650839328765869,0.0012956750579178333,0.006548192352056503
0.09228844940662384,0.3650219142436981,0.0012955762213096023,0.0065592071041464806
0.09231502562761307,0.3650938868522644,0.0012955476995557547,0.006549578160047531
0.09231831878423691,0.36511218547821045,0.0012958917068317533,0.006549168843775988
0.09231026470661163,0.36511391401290894,0.0012959032319486141,0.006548892706632614
0.09231676906347275,0.3650839328765869,0.0012956750579178333,0.006548192352056503
0.09231676906347275,0.3650839328765869,0.0012956750579178333,0.006548192352056503
0.09228844940662384,0.3650219142436981,0.0012955762213096023,0.0065592071041464806
0.09231502562761307,0.3650938868522644,0.0012955476995557547,0.006549578160047531
0.09231831878423691,0.36511218547821045,0.0012958917068317533,0.006549168843775988
0.09231026470661163,0.36511391401290894,0.0012959032319486141,0.006548892706632614
0.09231676906347275,0.3650839328765869,0.0012956750579178333,0.006548192352056503
0.09231676906347275,0.3650839328765869,0.0012956750579178333,0.006548192352056503
0.09228844940662384,0.3650219142436981,0.0012955762213096023,0.0065592071041464806
0.09231502562761307,0.3650938868522644,0.0012955476995557547,0.006549578160047531
0.09231831878423691,0.36511218547821045,0.0012958917068317533,0.006549168843775988
0.09231026470661163,0.36511391401290894,0.0012959032319486141,0.006548892706632614
0.09231676906347275,0.3650839328765869,0.0012956750579178333,0.006548192352056503
0.09231676906347275,0.3650839328765869,0.0012956750579178333,0.006548192352056503
0.09228844940662384,0.3650219142436981,0.0012955762213096023,0.0065592071041464806
0.09231502562761307,0.3650938868522644,0.0012955476995557547,0.006549578160047531
0.09231831878423691,0.36511218547821045,0.0012958917068317533,0.006549168843775988
0.09231026470661163,0.36511391401290894,0.0012959032319486141,0.006548892706632614
0.09231676906347275,0.3650839328765869,0.0012956750579178333,0.006548192352056503
0.09231676906347275,0.3650839328765869,0.0012956750579178333,0.006548192352056503
0.09228844940662384,0.3650219142436981,0.0012955762213096023,0.0065592071041464806
0.09231502562761307,0.3650938868522644,0.0012955476995557547,0.006549578160047531
0.09231831878423691,0.36511218547821045,0.0012958917068317533,0.006549168843775988
0.09231026470661163,0.36511391401290894,0.0012959032319486141,0.006548892706632614
0.09231676906347275,0.3650839328765869,0.0012956750579178333,0.006548192352056503
0.09231676906347275,0.3650839328765869,0.0012956750579178333,0.006548192352056503
0.09228844940662384,0.3650219142436981,0.0012955762213096023,0.0065592071041464806
0.09231502562761307,0.3650938868522644,0.0012955476995557547,0.006549578160047531
0.09231831878423691,0.36511218547821045,0.0012958917068317533,0.006549168843775988
0.09231026470661163,0.36511391401290894,0.0012959032319486141,0.006548892706632614
0.09231676906347275,0.3650839328765869,0.0012956750579178333,0.006548192352056503
0.09231676906347275,0.3650839328765869,0.0012956750579178333,0.006548192352056503
0.09228844940662384,0.3650219142436981,0.0012955762213096023,0.0065592071041464806
0.09231502562761307,0.3650938868522644,0.0012955476995557547,0.006549578160047531
0.09231831878423691,0.36511218547821045,0.0012958917068317533,0.006549168843775988
0.09231026470661163,0.36511391401290894,0.0012959032319486141,0.006548892706632614
0.09231676906347275,0.3650839328765869,0.0012956750579178333,0.006548192352056503
0.09231676906347275,0.3650839328765869,0.0012956750579178333,0.006548192352056503
0.09228844940662384,0.3650219142436981,0.0012955762213096023,0.0065592071041464806
0.09231502562761307,0.3650938868522644,0.0012955476995557547,0.006549578160047531
0.09231831878423691,0.36511218547821045,0.0012958917068317533,0.006549168843775988
0.09231026470661163,0.36511391401290894,0.0012959032319486141,0.006548892706632614
0.09231676906347275,0.3650839328765869,0.0012956750579178333,0.006548192352056503
0.09231676906347275,0.3650839328765869,0.0012956750579178333,0.006548192352056503
0.09228844940662384,0.3650219142436981,0.0012955762213096023,0.0065592071041464806
0.09231502562761307,0.3650938868522644,0.0012955476995557547,0.006549578160047531
0.09231831878423691,0.36511218547821045,0.0012958917068317533,0.006549168843775988
0.09231026470661163,0.36511391401290894,0.0012959032319486141,0.006548892706632614
0.09231676906347275,0.3650839328765869,0.0012956750579178333,0.006548192352056503
0.09231676906347275,0.3650839328765869,0.0012956750579178333,0.006548192352056503
0.09228844940662384,0.3650219142436981,0.0012955762213096023,0.0065592071041464806
0.09231502562761307,0.3650938868522644,0.0012955476995557547,0.006549578160047531
0.09231831878423691,0.36511218547821045,0.0012958917068317533,0.006549168843775988
0.09231026470661163,0.36511391401290894,0.0012959032319486141,0.006548892706632614
0.09231676906347275,0.3650839328765869,0.0012956750579178333,0.006548192352056503
0.09231676906347275,0.3650839328765869,0.0012956750579178333,0.006548192352056503
0.09228844940662384,0.3650219142436981,0.0012955762213096023,0.0065592071041464806
0.09231502562761307,0.3650938868522644,0.0012955476995557547,0.006549578160047531
0.09231831878423691,0.36511218547821045,0.0012958917068317533,0.006549168843775988
0.09231026470661163,0.36511391401290894,0.0012959032319486141,0.006548892706632614
0.09231676906347275,0.3650839328765869,0.0012956750579178333,0.006548192352056503
0.09231676906347275,0.3650839328765869,0.0012956750579178333,0.006548192352056503
0.09228844940662384,0.3650219142436981,0.0012955762213096023,0.0065592071041464806
0.09231502562761307,0.3650938868522644,0.0012955476995557547,0.006549578160047531
0.09231831878423691,0.36511218547821045,0.0012958917068317533,0.006549168843775988
0.09231026470661163,0.36511391401290894,0.0012959032319486141,0.006548892706632614
0.09231676906347275,0.3650839328765869,0.0012956750579178333,0.006548192352056503
0.09231676906347275,0.3650839328765869,0.0012956750579178333,0.006548192352056503
0.09228844940662384,0.3650219142436981,0.0012955762213096023,0.0065592071041464806
0.09231502562761307,0.3650938868522644,0.0012955476995557547,0.006549578160047531
0.09231831878423691,0.36511218547821045,0.0012958917068317533,0.006549168843775988
0.09231026470661163,0.36511391401290894,0.0012959032319486141,0.006548892706632614
0.09231676906347275,0.3650839328765869,0.0012956750579178333,0.006548192352056503
0.09231676906347275,0.3650839328765869,0.0012956750579178333,0.006548192352056503
0.09228844940662384,0.3650219142436981,0.0012955762213096023,0.0065592071041464806
0.09231502562761307,0.3650938868522644,0.0012955476995557547,0.006549578160047531
0.09231831878423691,0.36511218547821045,0.0012958917068317533,0.006549168843775988
0.09231026470661163,0.36511391401290894,0.0012959032319486141,0.006548892706632614
0.09231676906347275,0.3650839328765869,0.0012956750579178333,0.006548192352056503
0.09231676906347275,0.3650839328765869,0.0012956750579178333,0.006548192352056503
0.09228844940662384,0.3650219142436981,0.0012955762213096023,0.0065592071041464806
0.09231502562761307,0.3650938868522644,0.0012955476995557547,0.006549578160047531
0.09231831878423691,0.36511218547821045,0.0012958917068317533,0.006549168843775988
0.09231026470661163,0.36511391401290894,0.0012959032319486141,0.006548892706632614
0.09231676906347275,0.3650839328765869,0.0012956750579178333,0.006548192352056503
0.09231676906347275,0.3650839328765869,0.0012956750579178333,0.006548192352056503
0.09228844940662384,0.3650219142436981,0.0012955762213096023,0.0065592071041464806
0.09231502562761307,0.3650938868522644,0.0012955476995557547,0.006549578160047531
0.09231831878423691,0.36511218547821045,0.0012958917068317533,0.006549168843775988
0.09231026470661163,0.36511391401290894,0.0012959032319486141,0.006548892706632614
0.09231676906347275,0.3650839328765869,0.0012956750579178333,0.006548192352056503
0.09231676906347275,0.3650839328765869,0.0012956750579178333,0.006548192352056503
0.09228844940662384,0.3650219142436981,0.0012955762213096023,0.0065592071041464806
0.09231502562761307,0.3650938868522644,0.0012955476995557547,0.006549578160047531
0.09231831878423691,0.36511218547821045,0.0012958917068317533,0.006549168843775988
0.09231026470661163,0.36511391401290894,0.0012959032319486141,0.006548892706632614
0.09231676906347275,0.3650839328765869,0.0012956750579178333,0.006548192352056503
0.09231676906347275,0.3650839328765869,0.0012956750579178333,0.006548192352056503
0.09228844940662384,0.3650219142436981,0.0012955762213096023,0.0065592071041464806
0.09231502562761307,0.3650938868522644,0.0012955476995557547,0.006549578160047531
0.09231831878423691,0.36511218547821045,0.0012958917068317533,0.006549168843775988
0.09231026470661163,0.36511391401290894,0.0012959032319486141,0.006548892706632614
0.09231676906347275,0.3650839328765869,0.0012956750579178333,0.006548192352056503
0.09231676906347275,0.3650839328765869,0.0012956750579178333,0.006548192352056503
0.09228844940662384,0.3650219142436981,0.0012955762213096023,0.0065592071041464806
0.09231502562761307,0.3650938868522644,0.0012955476995557547,0.006549578160047531
0.09231831878423691,0.36511218547821045,0.0012958917068317533,0.006549168843775988
0.09231026470661163,0.36511391401290894,0.0012959032319486141,0.006548892706632614
0.09231676906347275,0.3650839328765869,0.0012956750579178333,0.006548192352056503
0.09231676906347275,0.3650839328765869,0.0012956750579178333,0.006548192352056503
0.09228844940662384,0.3650219142436981,0.0012955762213096023,0.0065592071041464806
0.09231502562761307,0.3650938868522644,0.0012955476995557547,0.006549578160047531
0.09231831878423691,0.36511218547821045,0.0012958917068317533,0.006549168843775988
0.09231026470661163,0.36511391401290894,0.0012959032319486141,0.006548892706632614
0.09231676906347275,0.3650839328765869,0.0012956750579178333,0.006548192352056503
0.09231676906347275,0.3650839328765869,0.0012956750579178333,0.006548192352056503
0.09228844940662384,0.3650219142436981,0.0012955762213096023,0.0065592071041464806
0.09231502562761307,0.3650938868522644,0.0012955476995557547,0.006549578160047531
0.09231831878423691,0.36511218547821045,0.0012958917068317533,0.006549168843775988
0.09231026470661163,0.36511391401290894,0.0012959032319486141,0.006548892706632614
0.09231676906347275,0.3650839328765869,0.0012956750579178333,0.006548192352056503
0.09231676906347275,0.3650839328765869,0.0012956750579178333,0.006548192352056503
0.09228844940662384,0.3650219142436981,0.0012955762213096023,0.0065592071041464806
0.09231502562761307,0.3650938868522644,0.0012955476995557547,0.006549578160047531
0.09231831878423691,0.36511218547821045,0.0012958917068317533,0.006549168843775988
0.09231026470661163,0.36511391401290894,0.0012959032319486141,0.006548892706632614
0.09231676906347275,0.3650839328765869,0.0012956750579178333,0.006548192352056503
0.09231676906347275,0.3650839328765869,0.0012956750579178333,0.006548192352056503
0.09228844940662384,0.3650219142436981,0.0012955762213096023,0.0065592071041464806
0.09231502562761307,0.3650938868522644,0.0012955476995557547,0.006549578160047531
0.09231831878423691,0.36511218547821045,0.0012958917068317533,0.006549168843775988
0.09231026470661163,0.36511391401290894,0.0012959032319486141,0.006548892706632614
0.09231676906347275,0.3650839328765869,0.0012956750579178333,0.006548192352056503
0.09231676906347275,0.3650839328765869,0.0012956750579178333,0.006548192352056503
0.09228844940662384,0.3650219142436981,0.0012955762213096023,0.0065592071041464806
0.09231502562761307,0.3650938868522644,0.0012955476995557547,0.006549578160047531
0.09231831878423691,0.36511218547821045,0.0012958917068317533,0.006549168843775988
0.09231026470661163,0.36511391401290894,0.0012959032319486141,0.006548892706632614
0.09231676906347275,0.3650839328765869,0.0012956750579178333,0.006548192352056503
0.09231676906347275,0.3650839328765869,0.0012956750579178333,0.006548192352056503
0.09228844940662384,0.3650219142436981,0.0012955762213096023,0.0065592071041464806
0.09231502562761307,0.3650938868522644,0.0012955476995557547,0.006549578160047531
0.09231831878423691,0.36511218547821045,0.0012958917068317533,0.006549168843775988
0.09231026470661163,0.36511391401290894,0.0012959032319486141,0.006548892706632614
0.09231676906347275,0.3650839328765869,0.0012956750579178333,0.006548192352056503
0.09231676906347275,0.3650839328765869,0.0012956750579178333,0.006548192352056503
0.09228844940662384,0.3650219142436981,0.0012955762213096023,0.0065592071041464806
0.09231502562761307,0.3650938868522644,0.0012955476995557547,0.006549578160047531
0.09231831878423691,0.36511218547821045,0.0012958917068317533,0.006549168843775988
0.09231026470661163,0.36511391401290894,0.0012959032319486141,0.006548892706632614
0.09231676906347275,0.3650839328765869,0.0012956750579178333,0.006548192352056503
0.09231676906347275,0.3650839328765869,0.0012956750579178333,0.006548192352056503
0.09228844940662384,0.3650219142436981,0.0012955762213096023,0.0065592071041464806
0.09231502562761307,0.3650938868522644,0.0012955476995557547,0.006549578160047531
0.09231831878423691,0.36511218547821045,0.0012958917068317533,0.006549168843775988
0.09231026470661163,0.36511391401290894,0.0012959032319486141,0.006548892706632614
0.09231676906347275,0.3650839328765869,0.0012956750579178333,0.006548192352056503
0.09231676906347275,0.3650839328765869,0.0012956750579178333,0.006548192352056503
0.09228844940662384,0.3650219142436981,0.0012955762213096023,0.0065592071041464806
0.09231502562761307,0.3650938868522644,0.0012955476995557547,0.006549578160047531
0.09231831878423691,0.36511218547821045,0.0012958917068317533,0.006549168843775988
0.09231026470661163,0.36511391401290894,0.0012959032319486141,0.006548892706632614
0.09231676906347275,0.3650839328765869,0.0012956750579178333,0.006548192352056503
0.09231676906347275,0.3650839328765869,0.0012956750579178333,0.006548192352056503
0.09228844940662384,0.3650219142436981,0.0012955762213096023,0.0065592071041464806
0.09231502562761307,0.3650938868522644,0.0012955476995557547,0.006549578160047531
0.09231831878423691,0.36511218547821045,0.0012958917068317533,0.006549168843775988
0.09231026470661163,0.36511391401290894,0.0012959032319486141,0.006548892706632614
0.09231676906347275,0.3650839328765869,0.0012956750579178333,0.006548192352056503
0.09231676906347275,0.3650839328765869,0.0012956750579178333,0.006548192352056503
0.09228844940662384,0.3650219142436981,0.0012955762213096023,0.0065592071041464806
0.09231502562761307,0.3650938868522644,0.0012955476995557547,0.006549578160047531
0.09231831878423691,0.36511218547821045,0.0012958917068317533,0.006549168843775988
0.09231026470661163,0.36511391401290894,0.0012959032319486141,0.006548892706632614
0.09231676906347275,0.3650839328765869,0.0012956750579178333,0.006548192352056503
0.09231676906347275,0.3650839328765869,0.0012956750579178333,0.006548192352056503
0.09228844940662384,0.3650219142436981,0.0012955762213096023,0.0065592071041464806
0.09231502562761307,0.3650938868522644,0.0012955476995557547,0.006549578160047531
0.09231831878423691,0.36511218547821045,0.0012958917068317533,0.006549168843775988
0.09231026470661163,0.36511391401290894,0.0012959032319486141,0.006548892706632614
0.09231676906347275,0.3650839328765869,0.0012956750579178333,0.006548192352056503
0.09231676906347275,0.3650839328765869,0.0012956750579178333,0.006548192352056503
0.09228844940662384,0.3650219142436981,0.0012955762213096023,0.0065592071041464806
0.09231502562761307,0.3650938868522644,0.0012955476995557547,0.006549578160047531
0.09231831878423691,0.36511218547821045,0.0012958917068317533,0.006549168843775988
0.09231026470661163,0.36511391401290894,0.0012959032319486141,0.006548892706632614
0.09231676906347275,0.3650839328765869,0.0012956750579178333,0.006548192352056503
0.09231676906347275,0.3650839328765869,0.0012956750579178333,0.006548192352056503
0.09228844940662384,0.3650219142436981,0.0012955762213096023,0.0065592071041464806
0.09231502562761307,0.3650938868522644,0.0012955476995557547,0.006549578160047531
0.09231831878423691,0.36511218547821045,0.0012958917068317533,0.006549168843775988
0.09231026470661163,0.36511391401290894,0.0012959032319486141,0.006548892706632614
0.09231676906347275,0.3650839328765869,0.0012956750579178333,0.006548192352056503
0.09231676906347275,0.3650839328765869,0.0012956750579178333,0.006548192352056503
0.09228844940662384,0.3650219142436981,0.0012955762213096023,0.0065592071041464806
0.09231502562761307,0.3650938868522644,0.0012955476995557547,0.006549578160047531
0.09231831878423691,0.36511218547821045,0.0012958917068317533,0.006549168843775988
0.09231026470661163,0.36511391401290894,0.0012959032319486141,0.006548892706632614
0.09231676906347275,0.3650839328765869,0.0012956750579178333,0.006548192352056503
0.09231676906347275,0.3650839328765869,0.0012956750579178333,0.006548192352056503
0.09228844940662384,0.3650219142436981,0.0012955762213096023,0.0065592071041464806
0.09231502562761307,0.3650938868522644,0.0012955476995557547,0.006549578160047531
0.09231831878423691,0.36511218547821045,0.0012958917068317533,0.006549168843775988
0.09231026470661163,0.36511391401290894,0.0012959032319486141,0.006548892706632614
0.09231676906347275,0.3650839328765869,0.0012956750579178333,0.006548192352056503
0.09231676906347275,0.3650839328765869,0.0012956750579178333,0.006548192352056503
0.09228844940662384,0.3650219142436981,0.0012955762213096023,0.0065592071041464806
0.09231502562761307,0.3650938868522644,0.0012955476995557547,0.006549578160047531
0.09231831878423691,0.36511218547821045,0.0012958917068317533,0.006549168843775988
0.09231026470661163,0.36511391401290894,0.0012959032319486141,0.006548892706632614
0.09231676906347275,0.3650839328765869,0.0012956750579178333,0.006548192352056503
0.09231676906347275,0.3650839328765869,0.0012956750579178333,0.006548192352056503
0.09228844940662384,0.3650219142436981,0.0012955762213096023,0.0065592071041464806
0.09231502562761307,0.3650938868522644,0.0012955476995557547,0.006549578160047531
0.09231831878423691,0.36511218547821045,0.0012958917068317533,0.006549168843775988
0.09231026470661163,0.36511391401290894,0.0012959032319486141,0.006548892706632614
0.09231676906347275,0.3650839328765869,0.0012956750579178333,0.006548192352056503
0.09231676906347275,0.3650839328765869,0.0012956750579178333,0.006548192352056503
0.09228844940662384,0.3650219142436981,0.0012955762213096023,0.0065592071041464806
0.09231502562761307,0.3650938868522644,0.0012955476995557547,0.006549578160047531
0.09231831878423691,0.36511218547821045,0.0012958917068317533,0.006549168843775988
0.09231026470661163,0.36511391401290894,0.0012959032319486141,0.006548892706632614
0.09231676906347275,0.3650839328765869,0.0012956750579178333,0.006548192352056503
0.09231676906347275,0.3650839328765869,0.0012956750579178333,0.006548192352056503
0.09228844940662384,0.3650219142436981,0.0012955762213096023,0.0065592071041464806
0.09231502562761307,0.3650938868522644,0.0012955476995557547,0.006549578160047531
0.09231831878423691,0.36511218547821045,0.0012958917068317533,0.006549168843775988
0.09231026470661163,0.36511391401290894,0.0012959032319486141,0.006548892706632614
0.09231676906347275,0.3650839328765869,0.0012956750579178333,0.006548192352056503
0.09231676906347275,0.3650839328765869,0.0012956750579178333,0.006548192352056503
0.09228844940662384,0.3650219142436981,0.0012955762213096023,0.0065592071041464806
0.09231502562761307,0.3650938868522644,0.0012955476995557547,0.006549578160047531
0.09231831878423691,0.36511218547821045,0.0012958917068317533,0.006549168843775988
0.09231026470661163,0.36511391401290894,0.0012959032319486141,0.006548892706632614
0.09231676906347275,0.3650839328765869,0.0012956750579178333,0.006548192352056503
0.09231676906347275,0.3650839328765869,0.0012956750579178333,0.006548192352056503
0.09228844940662384,0.3650219142436981,0.0012955762213096023,0.0065592071041464806
0.09231502562761307,0.3650938868522644,0.0012955476995557547,0.006549578160047531
0.09231831878423691,0.36511218547821045,0.0012958917068317533,0.006549168843775988
0.09231026470661163,0.36511391401290894,0.0012959032319486141,0.006548892706632614
0.09231676906347275,0.3650839328765869,0.0012956750579178333,0.006548192352056503
0.09231676906347275,0.3650839328765869,0.0012956750579178333,0.006548192352056503
0.09228844940662384,0.3650219142436981,0.0012955762213096023,0.0065592071041464806
0.09231502562761307,0.3650938868522644,0.0012955476995557547,0.006549578160047531
0.09231831878423691,0.36511218547821045,0.0012958917068317533,0.006549168843775988
0.09231026470661163,0.36511391401290894,0.0012959032319486141,0.006548892706632614
0.09231676906347275,0.3650839328765869,0.0012956750579178333,0.006548192352056503
0.09231676906347275,0.3650839328765869,0.0012956750579178333,0.006548192352056503
0.09228844940662384,0.3650219142436981,0.0012955762213096023,0.0065592071041464806
0.09231502562761307,0.3650938868522644,0.0012955476995557547,0.006549578160047531
0.09231831878423691,0.36511218547821045,0.0012958917068317533,0.006549168843775988
0.09231026470661163,0.36511391401290894,0.0012959032319486141,0.006548892706632614
0.09231676906347275,0.3650839328765869,0.0012956750579178333,0.006548192352056503
0.09231676906347275,0.3650839328765869,0.0012956750579178333,0.006548192352056503
0.09228844940662384,0.3650219142436981,0.0012955762213096023,0.0065592071041464806
0.09231502562761307,0.3650938868522644,0.0012955476995557547,0.006549578160047531
0.09231831878423691,0.36511218547821045,0.0012958917068317533,0.006549168843775988
0.09231026470661163,0.36511391401290894,0.0012959032319486141,0.006548892706632614
0.09231676906347275,0.3650839328765869,0.0012956750579178333,0.006548192352056503
0.09231676906347275,0.3650839328765869,0.0012956750579178333,0.006548192352056503
0.09228844940662384,0.3650219142436981,0.0012955762213096023,0.0065592071041464806
0.09231502562761307,0.3650938868522644,0.0012955476995557547,0.006549578160047531
0.09231831878423691,0.36511218547821045,0.0012958917068317533,0.006549168843775988
0.09231026470661163,0.36511391401290894,0.0012959032319486141,0.006548892706632614
0.09231676906347275,0.3650839328765869,0.0012956750579178333,0.006548192352056503
0.09231676906347275,0.3650839328765869,0.0012956750579178333,0.006548192352056503
0.09228844940662384,0.3650219142436981,0.0012955762213096023,0.0065592071041464806
0.09231502562761307,0.3650938868522644,0.0012955476995557547,0.006549578160047531
0.09231831878423691,0.36511218547821045,0.0012958917068317533,0.006549168843775988
0.09231026470661163,0.36511391401290894,0.0012959032319486141,0.006548892706632614
0.09231676906347275,0.3650839328765869,0.0012956750579178333,0.006548192352056503
0.09231676906347275,0.3650839328765869,0.0012956750579178333,0.006548192352056503
0.09228844940662384,0.3650219142436981,0.0012955762213096023,0.0065592071041464806
0.09231502562761307,0.3650938868522644,0.0012955476995557547,0.006549578160047531
0.09231831878423691,0.36511218547821045,0.0012958917068317533,0.006549168843775988
0.09231026470661163,0.36511391401290894,0.0012959032319486141,0.006548892706632614
0.09231676906347275,0.3650839328765869,0.0012956750579178333,0.006548192352056503
0.09231676906347275,0.3650839328765869,0.0012956750579178333,0.006548192352056503
0.09228844940662384,0.3650219142436981,0.0012955762213096023,0.0065592071041464806
0.09231502562761307,0.3650938868522644,0.0012955476995557547,0.006549578160047531
0.09231831878423691,0.36511218547821045,0.0012958917068317533,0.006549168843775988
0.09231026470661163,0.36511391401290894,0.0012959032319486141,0.006548892706632614
0.09231676906347275,0.3650839328765869,0.0012956750579178333,0.006548192352056503
0.09231676906347275,0.3650839328765869,0.0012956750579178333,0.006548192352056503
0.09228844940662384,0.3650219142436981,0.0012955762213096023,0.0065592071041464806
0.09231502562761307,0.3650938868522644,0.0012955476995557547,0.006549578160047531
0.09231831878423691,0.36511218547821045,0.0012958917068317533,0.006549168843775988
0.09231026470661163,0.36511391401290894,0.0012959032319486141,0.006548892706632614
0.09231676906347275,0.3650839328765869,0.0012956750579178333,0.006548192352056503
0.09231676906347275,0.3650839328765869,0.0012956750579178333,0.006548192352056503
0.09228844940662384,0.3650219142436981,0.0012955762213096023,0.0065592071041464806
0.09231502562761307,0.3650938868522644,0.0012955476995557547,0.006549578160047531
0.09231831878423691,0.36511218547821045,0.0012958917068317533,0.006549168843775988
0.09231026470661163,0.36511391401290894,0.0012959032319486141,0.006548892706632614
0.09231676906347275,0.3650839328765869,0.0012956750579178333,0.006548192352056503
0.09231676906347275,0.3650839328765869,0.0012956750579178333,0.006548192352056503
0.09228844940662384,0.3650219142436981,0.0012955762213096023,0.0065592071041464806
0.09231502562761307,0.3650938868522644,0.0012955476995557547,0.006549578160047531
0.09231831878423691,0.36511218547821045,0.0012958917068317533,0.006549168843775988
0.09231026470661163,0.36511391401290894,0.0012959032319486141,0.006548892706632614
0.09231676906347275,0.3650839328765869,0.0012956750579178333,0.006548192352056503
0.09231676906347275,0.3650839328765869,0.0012956750579178333,0.006548192352056503
0.09228844940662384,0.3650219142436981,0.0012955762213096023,0.0065592071041464806
0.09231502562761307,0.3650938868522644,0.0012955476995557547,0.006549578160047531
0.09231831878423691,0.36511218547821045,0.0012958917068317533,0.006549168843775988
0.09231026470661163,0.36511391401290894,0.0012959032319486141,0.006548892706632614
0.09231676906347275,0.3650839328765869,0.0012956750579178333,0.006548192352056503
0.09231676906347275,0.3650839328765869,0.0012956750579178333,0.006548192352056503
0.09228844940662384,0.3650219142436981,0.0012955762213096023,0.0065592071041464806
0.09231502562761307,0.3650938868522644,0.0012955476995557547,0.006549578160047531
0.09231831878423691,0.36511218547821045,0.0012958917068317533,0.006549168843775988
0.09231026470661163,0.36511391401290894,0.0012959032319486141,0.006548892706632614
0.09231676906347275,0.3650839328765869,0.0012956750579178333,0.006548192352056503
0.09231676906347275,0.3650839328765869,0.0012956750579178333,0.006548192352056503
0.09228844940662384,0.3650219142436981,0.0012955762213096023,0.0065592071041464806
0.09231502562761307,0.3650938868522644,0.0012955476995557547,0.006549578160047531
0.09231831878423691,0.36511218547821045,0.0012958917068317533,0.006549168843775988
0.09231026470661163,0.36511391401290894,0.0012959032319486141,0.006548892706632614
0.09231676906347275,0.3650839328765869,0.0012956750579178333,0.006548192352056503
0.09231676906347275,0.3650839328765869,0.0012956750579178333,0.006548192352056503
0.09228844940662384,0.3650219142436981,0.0012955762213096023,0.0065592071041464806
0.09231502562761307,0.3650938868522644,0.0012955476995557547,0.006549578160047531
0.09231831878423691,0.36511218547821045,0.0012958917068317533,0.006549168843775988
0.09231026470661163,0.36511391401290894,0.0012959032319486141,0.006548892706632614
0.09231676906347275,0.3650839328765869,0.0012956750579178333,0.006548192352056503
0.09231676906347275,0.3650839328765869,0.0012956750579178333,0.006548192352056503
0.09228844940662384,0.3650219142436981,0.0012955762213096023,0.0065592071041464806
0.09231502562761307,0.3650938868522644,0.0012955476995557547,0.006549578160047531
0.09231831878423691,0.36511218547821045,0.0012958917068317533,0.006549168843775988
0.09231026470661163,0.36511391401290894,0.0012959032319486141,0.006548892706632614
0.09231676906347275,0.3650839328765869,0.0012956750579178333,0.006548192352056503
0.09231676906347275,0.3650839328765869,0.0012956750579178333,0.006548192352056503
0.09228844940662384,0.3650219142436981,0.0012955762213096023,0.0065592071041464806
0.09231502562761307,0.3650938868522644,0.0012955476995557547,0.006549578160047531
0.09231831878423691,0.36511218547821045,0.0012958917068317533,0.006549168843775988
0.09231026470661163,0.36511391401290894,0.0012959032319486141,0.006548892706632614
0.09231676906347275,0.3650839328765869,0.0012956750579178333,0.006548192352056503
0.09231676906347275,0.3650839328765869,0.0012956750579178333,0.006548192352056503
0.09228844940662384,0.3650219142436981,0.0012955762213096023,0.0065592071041464806
0.09231502562761307,0.3650938868522644,0.0012955476995557547,0.006549578160047531
0.09231831878423691,0.36511218547821045,0.0012958917068317533,0.006549168843775988
0.09231026470661163,0.36511391401290894,0.0012959032319486141,0.006548892706632614
0.09231676906347275,0.3650839328765869,0.0012956750579178333,0.006548192352056503
0.09231676906347275,0.3650839328765869,0.0012956750579178333,0.006548192352056503
0.09228844940662384,0.3650219142436981,0.0012955762213096023,0.0065592071041464806
0.09231502562761307,0.3650938868522644,0.0012955476995557547,0.006549578160047531
0.09231831878423691,0.36511218547821045,0.0012958917068317533,0.006549168843775988
0.09231026470661163,0.36511391401290894,0.0012959032319486141,0.006548892706632614
0.09231676906347275,0.3650839328765869,0.0012956750579178333,0.006548192352056503
0.09231676906347275,0.3650839328765869,0.0012956750579178333,0.006548192352056503
0.09228844940662384,0.3650219142436981,0.0012955762213096023,0.0065592071041464806
0.09231502562761307,0.3650938868522644,0.0012955476995557547,0.006549578160047531
0.09231831878423691,0.36511218547821045,0.0012958917068317533,0.006549168843775988
0.09231026470661163,0.36511391401290894,0.0012959032319486141,0.006548892706632614
0.09231676906347275,0.3650839328765869,0.0012956750579178333,0.006548192352056503
0.09231676906347275,0.3650839328765869,0.0012956750579178333,0.006548192352056503
0.09228844940662384,0.3650219142436981,0.0012955762213096023,0.0065592071041464806
0.09231502562761307,0.3650938868522644,0.0012955476995557547,0.006549578160047531
0.09231831878423691,0.36511218547821045,0.0012958917068317533,0.006549168843775988
0.09231026470661163,0.36511391401290894,0.0012959032319486141,0.006548892706632614
0.09231676906347275,0.3650839328765869,0.0012956750579178333,0.006548192352056503
0.09231676906347275,0.3650839328765869,0.0012956750579178333,0.006548192352056503
0.09228844940662384,0.3650219142436981,0.0012955762213096023,0.0065592071041464806
0.09231502562761307,0.3650938868522644,0.0012955476995557547,0.006549578160047531
0.09231831878423691,0.36511218547821045,0.0012958917068317533,0.006549168843775988
0.09231026470661163,0.36511391401290894,0.0012959032319486141,0.006548892706632614
0.09231676906347275,0.3650839328765869,0.0012956750579178333,0.006548192352056503
0.09231676906347275,0.3650839328765869,0.0012956750579178333,0.006548192352056503
0.09228844940662384,0.3650219142436981,0.0012955762213096023,0.0065592071041464806
0.09231502562761307,0.3650938868522644,0.0012955476995557547,0.006549578160047531
0.09231831878423691,0.36511218547821045,0.0012958917068317533,0.006549168843775988
0.09231026470661163,0.36511391401290894,0.0012959032319486141,0.006548892706632614
0.09231676906347275,0.3650839328765869,0.0012956750579178333,0.006548192352056503
0.09231676906347275,0.3650839328765869,0.0012956750579178333,0.006548192352056503
0.09228844940662384,0.3650219142436981,0.0012955762213096023,0.0065592071041464806
0.09231502562761307,0.3650938868522644,0.0012955476995557547,0.006549578160047531
0.09231831878423691,0.36511218547821045,0.0012958917068317533,0.006549168843775988
0.09231026470661163,0.36511391401290894,0.0012959032319486141,0.006548892706632614
0.09231676906347275,0.3650839328765869,0.0012956750579178333,0.006548192352056503
0.09231676906347275,0.3650839328765869,0.0012956750579178333,0.006548192352056503
0.09228844940662384,0.3650219142436981,0.0012955762213096023,0.0065592071041464806
0.09231502562761307,0.3650938868522644,0.0012955476995557547,0.006549578160047531
0.09231831878423691,0.36511218547821045,0.0012958917068317533,0.006549168843775988
0.09231026470661163,0.36511391401290894,0.0012959032319486141,0.006548892706632614
0.09231676906347275,0.3650839328765869,0.0012956750579178333,0.006548192352056503
0.09231676906347275,0.3650839328765869,0.0012956750579178333,0.006548192352056503
0.09228844940662384,0.3650219142436981,0.0012955762213096023,0.0065592071041464806
0.09231502562761307,0.3650938868522644,0.0012955476995557547,0.006549578160047531
0.09231831878423691,0.36511218547821045,0.0012958917068317533,0.006549168843775988
0.09231026470661163,0.36511391401290894,0.0012959032319486141,0.006548892706632614
0.09231676906347275,0.3650839328765869,0.0012956750579178333,0.006548192352056503
0.09231676906347275,0.3650839328765869,0.0012956750579178333,0.006548192352056503
0.09228844940662384,0.3650219142436981,0.0012955762213096023,0.0065592071041464806
0.09231502562761307,0.3650938868522644,0.0012955476995557547,0.006549578160047531
0.09231831878423691,0.36511218547821045,0.0012958917068317533,0.006549168843775988
0.09231026470661163,0.36511391401290894,0.0012959032319486141,0.006548892706632614
0.09231676906347275,0.3650839328765869,0.0012956750579178333,0.006548192352056503
0.09231676906347275,0.3650839328765869,0.0012956750579178333,0.006548192352056503
0.09228844940662384,0.3650219142436981,0.0012955762213096023,0.0065592071041464806
0.09231502562761307,0.3650938868522644,0.0012955476995557547,0.006549578160047531
0.09231831878423691,0.36511218547821045,0.0012958917068317533,0.006549168843775988
0.09231026470661163,0.36511391401290894,0.0012959032319486141,0.006548892706632614
0.09231676906347275,0.3650839328765869,0.0012956750579178333,0.006548192352056503
0.09231676906347275,0.3650839328765869,0.0012956750579178333,0.006548192352056503
0.09228844940662384,0.3650219142436981,0.0012955762213096023,0.0065592071041464806
0.09231502562761307,0.3650938868522644,0.0012955476995557547,0.006549578160047531
0.09231831878423691,0.36511218547821045,0.0012958917068317533,0.006549168843775988
0.09231026470661163,0.36511391401290894,0.0012959032319486141,0.006548892706632614
0.09231676906347275,0.3650839328765869,0.0012956750579178333,0.006548192352056503
0.09231676906347275,0.3650839328765869,0.0012956750579178333,0.006548192352056503
0.09228844940662384,0.3650219142436981,0.0012955762213096023,0.0065592071041464806
0.09231502562761307,0.3650938868522644,0.0012955476995557547,0.006549578160047531
0.09231831878423691,0.36511218547821045,0.0012958917068317533,0.006549168843775988
0.09231026470661163,0.36511391401290894,0.0012959032319486141,0.006548892706632614
0.09231676906347275,0.3650839328765869,0.0012956750579178333,0.006548192352056503
0.09231676906347275,0.3650839328765869,0.0012956750579178333,0.006548192352056503
0.09228844940662384,0.3650219142436981,0.0012955762213096023,0.0065592071041464806
0.09231502562761307,0.3650938868522644,0.0012955476995557547,0.006549578160047531
0.09231831878423691,0.36511218547821045,0.0012958917068317533,0.006549168843775988
0.09231026470661163,0.36511391401290894,0.0012959032319486141,0.006548892706632614
0.09231676906347275,0.3650839328765869,0.0012956750579178333,0.006548192352056503
0.09231676906347275,0.3650839328765869,0.0012956750579178333,0.006548192352056503
0.09228844940662384,0.3650219142436981,0.0012955762213096023,0.0065592071041464806
0.09231502562761307,0.3650938868522644,0.0012955476995557547,0.006549578160047531
0.09231831878423691,0.36511218547821045,0.0012958917068317533,0.006549168843775988
0.09231026470661163,0.36511391401290894,0.0012959032319486141,0.006548892706632614
0.09231676906347275,0.3650839328765869,0.0012956750579178333,0.006548192352056503
0.09231676906347275,0.3650839328765869,0.0012956750579178333,0.006548192352056503
0.09228844940662384,0.3650219142436981,0.0012955762213096023,0.0065592071041464806
0.09231502562761307,0.3650938868522644,0.0012955476995557547,0.006549578160047531
0.09231831878423691,0.36511218547821045,0.0012958917068317533,0.006549168843775988
0.09231026470661163,0.36511391401290894,0.0012959032319486141,0.006548892706632614
0.09231676906347275,0.3650839328765869,0.0012956750579178333,0.006548192352056503
0.09231676906347275,0.3650839328765869,0.0012956750579178333,0.006548192352056503
0.09228844940662384,0.3650219142436981,0.0012955762213096023,0.0065592071041464806
0.09231502562761307,0.3650938868522644,0.0012955476995557547,0.006549578160047531
0.09231831878423691,0.36511218547821045,0.0012958917068317533,0.006549168843775988
0.09231026470661163,0.36511391401290894,0.0012959032319486141,0.006548892706632614
0.09231676906347275,0.3650839328765869,0.0012956750579178333,0.006548192352056503
0.09231676906347275,0.3650839328765869,0.0012956750579178333,0.006548192352056503
0.09228844940662384,0.3650219142436981,0.0012955762213096023,0.0065592071041464806
0.09231502562761307,0.3650938868522644,0.0012955476995557547,0.006549578160047531
0.09231831878423691,0.36511218547821045,0.0012958917068317533,0.006549168843775988
0.09231026470661163,0.36511391401290894,0.0012959032319486141,0.006548892706632614
0.09231676906347275,0.3650839328765869,0.0012956750579178333,0.006548192352056503
0.09231676906347275,0.3650839328765869,0.0012956750579178333,0.006548192352056503
0.09228844940662384,0.3650219142436981,0.0012955762213096023,0.0065592071041464806
0.09231502562761307,0.3650938868522644,0.0012955476995557547,0.006549578160047531
0.09231831878423691,0.36511218547821045,0.0012958917068317533,0.006549168843775988
0.09231026470661163,0.36511391401290894,0.0012959032319486141,0.006548892706632614
0.09231676906347275,0.3650839328765869,0.0012956750579178333,0.006548192352056503
0.09231676906347275,0.3650839328765869,0.0012956750579178333,0.006548192352056503
0.09228844940662384,0.3650219142436981,0.0012955762213096023,0.0065592071041464806
0.09231502562761307,0.3650938868522644,0.0012955476995557547,0.006549578160047531
0.09231831878423691,0.36511218547821045,0.0012958917068317533,0.006549168843775988
0.09231026470661163,0.36511391401290894,0.0012959032319486141,0.006548892706632614
0.09231676906347275,0.3650839328765869,0.0012956750579178333,0.006548192352056503
0.09231676906347275,0.3650839328765869,0.0012956750579178333,0.006548192352056503
0.09228844940662384,0.3650219142436981,0.0012955762213096023,0.0065592071041464806
0.09231502562761307,0.3650938868522644,0.0012955476995557547,0.006549578160047531
0.09231831878423691,0.36511218547821045,0.0012958917068317533,0.006549168843775988
0.09231026470661163,0.36511391401290894,0.0012959032319486141,0.006548892706632614
0.09231676906347275,0.3650839328765869,0.0012956750579178333,0.006548192352056503
0.09231676906347275,0.3650839328765869,0.0012956750579178333,0.006548192352056503
0.09228844940662384,0.3650219142436981,0.0012955762213096023,0.0065592071041464806
0.09231502562761307,0.3650938868522644,0.0012955476995557547,0.006549578160047531
0.09231831878423691,0.36511218547821045,0.0012958917068317533,0.006549168843775988
0.09231026470661163,0.36511391401290894,0.0012959032319486141,0.006548892706632614
0.09231676906347275,0.3650839328765869,0.0012956750579178333,0.006548192352056503
0.09231676906347275,0.3650839328765869,0.0012956750579178333,0.006548192352056503
0.09228844940662384,0.3650219142436981,0.0012955762213096023,0.0065592071041464806
0.09231502562761307,0.3650938868522644,0.0012955476995557547,0.006549578160047531
0.09231831878423691,0.36511218547821045,0.0012958917068317533,0.006549168843775988
0.09231026470661163,0.36511391401290894,0.0012959032319486141,0.006548892706632614
0.09231676906347275,0.3650839328765869,0.0012956750579178333,0.006548192352056503
0.09231676906347275,0.3650839328765869,0.0012956750579178333,0.006548192352056503
0.09228844940662384,0.3650219142436981,0.0012955762213096023,0.0065592071041464806
0.09231502562761307,0.3650938868522644,0.0012955476995557547,0.006549578160047531
0.09231831878423691,0.36511218547821045,0.0012958917068317533,0.006549168843775988
0.09231026470661163,0.36511391401290894,0.0012959032319486141,0.006548892706632614
0.09231676906347275,0.3650839328765869,0.0012956750579178333,0.006548192352056503
0.09231676906347275,0.3650839328765869,0.0012956750579178333,0.006548192352056503
0.09228844940662384,0.3650219142436981,0.0012955762213096023,0.0065592071041464806
0.09231502562761307,0.3650938868522644,0.0012955476995557547,0.006549578160047531
0.09231831878423691,0.36511218547821045,0.0012958917068317533,0.006549168843775988
0.09231026470661163,0.36511391401290894,0.0012959032319486141,0.006548892706632614
0.09231676906347275,0.3650839328765869,0.0012956750579178333,0.006548192352056503
0.09231676906347275,0.3650839328765869,0.0012956750579178333,0.006548192352056503
0.09228844940662384,0.3650219142436981,0.0012955762213096023,0.0065592071041464806
0.09231502562761307,0.3650938868522644,0.0012955476995557547,0.006549578160047531
0.09231831878423691,0.36511218547821045,0.0012958917068317533,0.006549168843775988
0.09231026470661163,0.36511391401290894,0.0012959032319486141,0.006548892706632614
0.09231676906347275,0.3650839328765869,0.0012956750579178333,0.006548192352056503
0.09231676906347275,0.3650839328765869,0.0012956750579178333,0.006548192352056503
0.09228844940662384,0.3650219142436981,0.0012955762213096023,0.0065592071041464806
0.09231502562761307,0.3650938868522644,0.0012955476995557547,0.006549578160047531
0.09231831878423691,0.36511218547821045,0.0012958917068317533,0.006549168843775988
0.09231026470661163,0.36511391401290894,0.0012959032319486141,0.006548892706632614
0.09231676906347275,0.3650839328765869,0.0012956750579178333,0.006548192352056503
0.09231676906347275,0.3650839328765869,0.0012956750579178333,0.006548192352056503
0.09228844940662384,0.3650219142436981,0.0012955762213096023,0.0065592071041464806
0.09231502562761307,0.3650938868522644,0.0012955476995557547,0.006549578160047531
0.09231831878423691,0.36511218547821045,0.0012958917068317533,0.006549168843775988
0.09231026470661163,0.36511391401290894,0.0012959032319486141,0.006548892706632614
0.09231676906347275,0.3650839328765869,0.0012956750579178333,0.006548192352056503
0.09231676906347275,0.3650839328765869,0.0012956750579178333,0.006548192352056503
0.09228844940662384,0.3650219142436981,0.0012955762213096023,0.0065592071041464806
0.09231502562761307,0.3650938868522644,0.0012955476995557547,0.006549578160047531
0.09231831878423691,0.36511218547821045,0.0012958917068317533,0.006549168843775988
0.09231026470661163,0.36511391401290894,0.0012959032319486141,0.006548892706632614
0.09231676906347275,0.3650839328765869,0.0012956750579178333,0.006548192352056503
0.09231676906347275,0.3650839328765869,0.0012956750579178333,0.006548192352056503
0.09228844940662384,0.3650219142436981,0.0012955762213096023,0.0065592071041464806
0.09231502562761307,0.3650938868522644,0.0012955476995557547,0.006549578160047531
0.09231831878423691,0.36511218547821045,0.0012958917068317533,0.006549168843775988
0.09231026470661163,0.36511391401290894,0.0012959032319486141,0.006548892706632614
0.09231676906347275,0.3650839328765869,0.0012956750579178333,0.006548192352056503
0.09231676906347275,0.3650839328765869,0.0012956750579178333,0.006548192352056503
0.09228844940662384,0.3650219142436981,0.0012955762213096023,0.0065592071041464806
0.09231502562761307,0.3650938868522644,0.0012955476995557547,0.006549578160047531
0.09231831878423691,0.36511218547821045,0.0012958917068317533,0.006549168843775988
0.09231026470661163,0.36511391401290894,0.0012959032319486141,0.006548892706632614
0.09231676906347275,0.3650839328765869,0.0012956750579178333,0.006548192352056503
0.09231676906347275,0.3650839328765869,0.0012956750579178333,0.006548192352056503
0.09228844940662384,0.3650219142436981,0.0012955762213096023,0.0065592071041464806
0.09231502562761307,0.3650938868522644,0.0012955476995557547,0.006549578160047531
0.09231831878423691,0.36511218547821045,0.0012958917068317533,0.006549168843775988
0.09231026470661163,0.36511391401290894,0.0012959032319486141,0.006548892706632614
0.09231676906347275,0.3650839328765869,0.0012956750579178333,0.006548192352056503
0.09231676906347275,0.3650839328765869,0.0012956750579178333,0.006548192352056503
0.09228844940662384,0.3650219142436981,0.0012955762213096023,0.0065592071041464806
0.09231502562761307,0.3650938868522644,0.0012955476995557547,0.006549578160047531
0.09231831878423691,0.36511218547821045,0.0012958917068317533,0.006549168843775988
0.09231026470661163,0.36511391401290894,0.0012959032319486141,0.006548892706632614
0.09231676906347275,0.3650839328765869,0.0012956750579178333,0.006548192352056503
0.09231676906347275,0.3650839328765869,0.0012956750579178333,0.006548192352056503
0.09228844940662384,0.3650219142436981,0.0012955762213096023,0.0065592071041464806
0.09231502562761307,0.3650938868522644,0.0012955476995557547,0.006549578160047531
0.09231831878423691,0.36511218547821045,0.0012958917068317533,0.006549168843775988
0.09231026470661163,0.36511391401290894,0.0012959032319486141,0.006548892706632614
0.09231676906347275,0.3650839328765869,0.0012956750579178333,0.006548192352056503
0.09231676906347275,0.3650839328765869,0.0012956750579178333,0.006548192352056503
0.09228844940662384,0.3650219142436981,0.0012955762213096023,0.0065592071041464806
0.09231502562761307,0.3650938868522644,0.0012955476995557547,0.006549578160047531
0.09231831878423691,0.36511218547821045,0.0012958917068317533,0.006549168843775988
0.09231026470661163,0.36511391401290894,0.0012959032319486141,0.006548892706632614
0.09231676906347275,0.3650839328765869,0.0012956750579178333,0.006548192352056503
0.09231676906347275,0.3650839328765869,0.0012956750579178333,0.006548192352056503
0.09228844940662384,0.3650219142436981,0.0012955762213096023,0.0065592071041464806
0.09231502562761307,0.3650938868522644,0.0012955476995557547,0.006549578160047531
0.09231831878423691,0.36511218547821045,0.0012958917068317533,0.006549168843775988
0.09231026470661163,0.36511391401290894,0.0012959032319486141,0.006548892706632614
0.09231676906347275,0.3650839328765869,0.0012956750579178333,0.006548192352056503
0.09231676906347275,0.3650839328765869,0.0012956750579178333,0.006548192352056503
0.09228844940662384,0.3650219142436981,0.0012955762213096023,0.0065592071041464806
0.09231502562761307,0.3650938868522644,0.0012955476995557547,0.006549578160047531
0.09231831878423691,0.36511218547821045,0.0012958917068317533,0.006549168843775988
0.09231026470661163,0.36511391401290894,0.0012959032319486141,0.006548892706632614
0.09231676906347275,0.3650839328765869,0.0012956750579178333,0.006548192352056503
0.09231676906347275,0.3650839328765869,0.0012956750579178333,0.006548192352056503
0.09228844940662384,0.3650219142436981,0.0012955762213096023,0.0065592071041464806
0.09231502562761307,0.3650938868522644,0.0012955476995557547,0.006549578160047531
0.09231831878423691,0.36511218547821045,0.0012958917068317533,0.006549168843775988
0.09231026470661163,0.36511391401290894,0.0012959032319486141,0.006548892706632614
0.09231676906347275,0.3650839328765869,0.0012956750579178333,0.006548192352056503
0.09231676906347275,0.3650839328765869,0.0012956750579178333,0.006548192352056503
0.09228844940662384,0.3650219142436981,0.0012955762213096023,0.0065592071041464806
0.09231502562761307,0.3650938868522644,0.0012955476995557547,0.006549578160047531
0.09231831878423691,0.36511218547821045,0.0012958917068317533,0.006549168843775988
0.09231026470661163,0.36511391401290894,0.0012959032319486141,0.006548892706632614
0.09231676906347275,0.3650839328765869,0.0012956750579178333,0.006548192352056503
0.09231676906347275,0.3650839328765869,0.0012956750579178333,0.006548192352056503
0.09228844940662384,0.3650219142436981,0.0012955762213096023,0.0065592071041464806
0.09231502562761307,0.3650938868522644,0.0012955476995557547,0.006549578160047531
0.09231831878423691,0.36511218547821045,0.0012958917068317533,0.006549168843775988
0.09231026470661163,0.36511391401290894,0.0012959032319486141,0.006548892706632614
0.09231676906347275,0.3650839328765869,0.0012956750579178333,0.006548192352056503
0.09231676906347275,0.3650839328765869,0.0012956750579178333,0.006548192352056503
0.09228844940662384,0.3650219142436981,0.0012955762213096023,0.0065592071041464806
0.09231502562761307,0.3650938868522644,0.0012955476995557547,0.006549578160047531
0.09231831878423691,0.36511218547821045,0.0012958917068317533,0.006549168843775988
0.09231026470661163,0.36511391401290894,0.0012959032319486141,0.006548892706632614
0.09231676906347275,0.3650839328765869,0.0012956750579178333,0.006548192352056503
0.09231676906347275,0.3650839328765869,0.0012956750579178333,0.006548192352056503
0.09228844940662384,0.3650219142436981,0.0012955762213096023,0.0065592071041464806
0.09231502562761307,0.3650938868522644,0.0012955476995557547,0.006549578160047531
0.09231831878423691,0.36511218547821045,0.0012958917068317533,0.006549168843775988
0.09231026470661163,0.36511391401290894,0.0012959032319486141,0.006548892706632614
0.09231676906347275,0.3650839328765869,0.0012956750579178333,0.006548192352056503
0.09231676906347275,0.3650839328765869,0.0012956750579178333,0.006548192352056503
0.09228844940662384,0.3650219142436981,0.0012955762213096023,0.0065592071041464806
0.09231502562761307,0.3650938868522644,0.0012955476995557547,0.006549578160047531
0.09231831878423691,0.36511218547821045,0.0012958917068317533,0.006549168843775988
0.09231026470661163,0.36511391401290894,0.0012959032319486141,0.006548892706632614
0.09231676906347275,0.3650839328765869,0.0012956750579178333,0.006548192352056503
0.09231676906347275,0.3650839328765869,0.0012956750579178333,0.006548192352056503
0.09228844940662384,0.3650219142436981,0.0012955762213096023,0.0065592071041464806
0.09231502562761307,0.3650938868522644,0.0012955476995557547,0.006549578160047531
0.09231831878423691,0.36511218547821045,0.0012958917068317533,0.006549168843775988
0.09231026470661163,0.36511391401290894,0.0012959032319486141,0.006548892706632614
0.09231676906347275,0.3650839328765869,0.0012956750579178333,0.006548192352056503
0.09231676906347275,0.3650839328765869,0.0012956750579178333,0.006548192352056503
0.09228844940662384,0.3650219142436981,0.0012955762213096023,0.0065592071041464806
0.09231502562761307,0.3650938868522644,0.0012955476995557547,0.006549578160047531
0.09231831878423691,0.36511218547821045,0.0012958917068317533,0.006549168843775988
0.09231026470661163,0.36511391401290894,0.0012959032319486141,0.006548892706632614
0.09231676906347275,0.3650839328765869,0.0012956750579178333,0.006548192352056503
0.09231676906347275,0.3650839328765869,0.0012956750579178333,0.006548192352056503
0.09228844940662384,0.3650219142436981,0.0012955762213096023,0.0065592071041464806
0.09231502562761307,0.3650938868522644,0.0012955476995557547,0.006549578160047531
0.09231831878423691,0.36511218547821045,0.0012958917068317533,0.006549168843775988
0.09231026470661163,0.36511391401290894,0.0012959032319486141,0.006548892706632614
0.09231676906347275,0.3650839328765869,0.0012956750579178333,0.006548192352056503
0.09231676906347275,0.3650839328765869,0.0012956750579178333,0.006548192352056503
0.09228844940662384,0.3650219142436981,0.0012955762213096023,0.0065592071041464806
0.09231502562761307,0.3650938868522644,0.0012955476995557547,0.006549578160047531
0.09231831878423691,0.36511218547821045,0.0012958917068317533,0.006549168843775988
0.09231026470661163,0.36511391401290894,0.0012959032319486141,0.006548892706632614
0.09231676906347275,0.3650839328765869,0.0012956750579178333,0.006548192352056503
0.09231676906347275,0.3650839328765869,0.0012956750579178333,0.006548192352056503
0.09228844940662384,0.3650219142436981,0.0012955762213096023,0.0065592071041464806
0.09231502562761307,0.3650938868522644,0.0012955476995557547,0.006549578160047531
0.09231831878423691,0.36511218547821045,0.0012958917068317533,0.006549168843775988
0.09231026470661163,0.36511391401290894,0.0012959032319486141,0.006548892706632614
0.09231676906347275,0.3650839328765869,0.0012956750579178333,0.006548192352056503
0.09231676906347275,0.3650839328765869,0.0012956750579178333,0.006548192352056503
0.09228844940662384,0.3650219142436981,0.0012955762213096023,0.0065592071041464806
0.09231502562761307,0.3650938868522644,0.0012955476995557547,0.006549578160047531
0.09231831878423691,0.36511218547821045,0.0012958917068317533,0.006549168843775988
0.09231026470661163,0.36511391401290894,0.0012959032319486141,0.006548892706632614
0.09231676906347275,0.3650839328765869,0.0012956750579178333,0.006548192352056503
0.09231676906347275,0.3650839328765869,0.0012956750579178333,0.006548192352056503
0.09228844940662384,0.3650219142436981,0.0012955762213096023,0.0065592071041464806
0.09231502562761307,0.3650938868522644,0.0012955476995557547,0.006549578160047531
0.09231831878423691,0.36511218547821045,0.0012958917068317533,0.006549168843775988
0.09231026470661163,0.36511391401290894,0.0012959032319486141,0.006548892706632614
0.09231676906347275,0.3650839328765869,0.0012956750579178333,0.006548192352056503
0.09231676906347275,0.3650839328765869,0.0012956750579178333,0.006548192352056503
0.09228844940662384,0.3650219142436981,0.0012955762213096023,0.0065592071041464806
0.09231502562761307,0.3650938868522644,0.0012955476995557547,0.006549578160047531
0.09231831878423691,0.36511218547821045,0.0012958917068317533,0.006549168843775988
0.09231026470661163,0.36511391401290894,0.0012959032319486141,0.006548892706632614
0.09231676906347275,0.3650839328765869,0.0012956750579178333,0.006548192352056503
0.09231676906347275,0.3650839328765869,0.0012956750579178333,0.006548192352056503
0.09228844940662384,0.3650219142436981,0.0012955762213096023,0.0065592071041464806
0.09231502562761307,0.3650938868522644,0.0012955476995557547,0.006549578160047531
0.09231831878423691,0.36511218547821045,0.0012958917068317533,0.006549168843775988
0.09231026470661163,0.36511391401290894,0.0012959032319486141,0.006548892706632614
0.09231676906347275,0.3650839328765869,0.0012956750579178333,0.006548192352056503
0.09231676906347275,0.3650839328765869,0.0012956750579178333,0.006548192352056503
0.09228844940662384,0.3650219142436981,0.0012955762213096023,0.0065592071041464806
0.09231502562761307,0.3650938868522644,0.0012955476995557547,0.006549578160047531
0.09231831878423691,0.36511218547821045,0.0012958917068317533,0.006549168843775988
0.09231026470661163,0.36511391401290894,0.0012959032319486141,0.006548892706632614
0.09231676906347275,0.3650839328765869,0.0012956750579178333,0.006548192352056503
0.09231676906347275,0.3650839328765869,0.0012956750579178333,0.006548192352056503
0.09228844940662384,0.3650219142436981,0.0012955762213096023,0.0065592071041464806
0.09231502562761307,0.3650938868522644,0.0012955476995557547,0.006549578160047531
0.09231831878423691,0.36511218547821045,0.0012958917068317533,0.006549168843775988
0.09231026470661163,0.36511391401290894,0.0012959032319486141,0.006548892706632614
0.09231676906347275,0.3650839328765869,0.0012956750579178333,0.006548192352056503
0.09231676906347275,0.3650839328765869,0.0012956750579178333,0.006548192352056503
0.09228844940662384,0.3650219142436981,0.0012955762213096023,0.0065592071041464806
0.09231502562761307,0.3650938868522644,0.0012955476995557547,0.006549578160047531
0.09231831878423691,0.36511218547821045,0.0012958917068317533,0.006549168843775988
0.09231026470661163,0.36511391401290894,0.0012959032319486141,0.006548892706632614
0.09231676906347275,0.3650839328765869,0.0012956750579178333,0.006548192352056503
0.09231676906347275,0.3650839328765869,0.0012956750579178333,0.006548192352056503
0.09228844940662384,0.3650219142436981,0.0012955762213096023,0.0065592071041464806
0.09231502562761307,0.3650938868522644,0.0012955476995557547,0.006549578160047531
0.09231831878423691,0.36511218547821045,0.0012958917068317533,0.006549168843775988
0.09231026470661163,0.36511391401290894,0.0012959032319486141,0.006548892706632614
0.09231676906347275,0.3650839328765869,0.0012956750579178333,0.006548192352056503
0.09231676906347275,0.3650839328765869,0.0012956750579178333,0.006548192352056503
0.09228844940662384,0.3650219142436981,0.0012955762213096023,0.0065592071041464806
0.09231502562761307,0.3650938868522644,0.0012955476995557547,0.006549578160047531
0.09231831878423691,0.36511218547821045,0.0012958917068317533,0.006549168843775988
0.09231026470661163,0.36511391401290894,0.0012959032319486141,0.006548892706632614
0.09231676906347275,0.3650839328765869,0.0012956750579178333,0.006548192352056503
0.09231676906347275,0.3650839328765869,0.0012956750579178333,0.006548192352056503
0.09228844940662384,0.3650219142436981,0.0012955762213096023,0.0065592071041464806
0.09231502562761307,0.3650938868522644,0.0012955476995557547,0.006549578160047531
0.09231831878423691,0.36511218547821045,0.0012958917068317533,0.006549168843775988
0.09231026470661163,0.36511391401290894,0.0012959032319486141,0.006548892706632614
0.09231676906347275,0.3650839328765869,0.0012956750579178333,0.006548192352056503
0.09231676906347275,0.3650839328765869,0.0012956750579178333,0.006548192352056503
0.09228844940662384,0.3650219142436981,0.0012955762213096023,0.0065592071041464806
0.09231502562761307,0.3650938868522644,0.0012955476995557547,0.006549578160047531
0.09231831878423691,0.36511218547821045,0.0012958917068317533,0.006549168843775988
0.09231026470661163,0.36511391401290894,0.0012959032319486141,0.006548892706632614
0.09231676906347275,0.3650839328765869,0.0012956750579178333,0.006548192352056503
0.09231676906347275,0.3650839328765869,0.0012956750579178333,0.006548192352056503
0.09228844940662384,0.3650219142436981,0.0012955762213096023,0.0065592071041464806
0.09231502562761307,0.3650938868522644,0.0012955476995557547,0.006549578160047531
0.09231831878423691,0.36511218547821045,0.0012958917068317533,0.006549168843775988
0.09231026470661163,0.36511391401290894,0.0012959032319486141,0.006548892706632614
0.09231676906347275,0.3650839328765869,0.0012956750579178333,0.006548192352056503
0.09231676906347275,0.3650839328765869,0.0012956750579178333,0.006548192352056503
0.09228844940662384,0.3650219142436981,0.0012955762213096023,0.0065592071041464806
0.09231502562761307,0.3650938868522644,0.0012955476995557547,0.006549578160047531
0.09231831878423691,0.36511218547821045,0.0012958917068317533,0.006549168843775988
0.09231026470661163,0.36511391401290894,0.0012959032319486141,0.006548892706632614
0.09231676906347275,0.3650839328765869,0.0012956750579178333,0.006548192352056503
0.09231676906347275,0.3650839328765869,0.0012956750579178333,0.006548192352056503
0.09228844940662384,0.3650219142436981,0.0012955762213096023,0.0065592071041464806
0.09231502562761307,0.3650938868522644,0.0012955476995557547,0.006549578160047531
0.09231831878423691,0.36511218547821045,0.0012958917068317533,0.006549168843775988
0.09231026470661163,0.36511391401290894,0.0012959032319486141,0.006548892706632614
0.09231676906347275,0.3650839328765869,0.0012956750579178333,0.006548192352056503
0.09231676906347275,0.3650839328765869,0.0012956750579178333,0.006548192352056503
0.09228844940662384,0.3650219142436981,0.0012955762213096023,0.0065592071041464806
0.09231502562761307,0.3650938868522644,0.0012955476995557547,0.006549578160047531
0.09231831878423691,0.36511218547821045,0.0012958917068317533,0.006549168843775988
0.09231026470661163,0.36511391401290894,0.0012959032319486141,0.006548892706632614
0.09231676906347275,0.3650839328765869,0.0012956750579178333,0.006548192352056503
0.09231676906347275,0.3650839328765869,0.0012956750579178333,0.006548192352056503
0.09228844940662384,0.3650219142436981,0.0012955762213096023,0.0065592071041464806
0.09231502562761307,0.3650938868522644,0.0012955476995557547,0.006549578160047531
0.09231831878423691,0.36511218547821045,0.0012958917068317533,0.006549168843775988
0.09231026470661163,0.36511391401290894,0.0012959032319486141,0.006548892706632614
0.09231676906347275,0.3650839328765869,0.0012956750579178333,0.006548192352056503
0.09231676906347275,0.3650839328765869,0.0012956750579178333,0.006548192352056503
0.09228844940662384,0.3650219142436981,0.0012955762213096023,0.0065592071041464806
0.09231502562761307,0.3650938868522644,0.0012955476995557547,0.006549578160047531
0.09231831878423691,0.36511218547821045,0.0012958917068317533,0.006549168843775988
0.09231026470661163,0.36511391401290894,0.0012959032319486141,0.006548892706632614
0.09231676906347275,0.3650839328765869,0.0012956750579178333,0.006548192352056503
0.09231676906347275,0.3650839328765869,0.0012956750579178333,0.006548192352056503
0.09228844940662384,0.3650219142436981,0.0012955762213096023,0.0065592071041464806
0.09231502562761307,0.3650938868522644,0.0012955476995557547,0.006549578160047531
0.09231831878423691,0.36511218547821045,0.0012958917068317533,0.006549168843775988
0.09231026470661163,0.36511391401290894,0.0012959032319486141,0.006548892706632614
0.09231676906347275,0.3650839328765869,0.0012956750579178333,0.006548192352056503
0.09231676906347275,0.3650839328765869,0.0012956750579178333,0.006548192352056503
0.09228844940662384,0.3650219142436981,0.0012955762213096023,0.0065592071041464806
0.09231502562761307,0.3650938868522644,0.0012955476995557547,0.006549578160047531
0.09231831878423691,0.36511218547821045,0.0012958917068317533,0.006549168843775988
0.09231026470661163,0.36511391401290894,0.0012959032319486141,0.006548892706632614
0.09231676906347275,0.3650839328765869,0.0012956750579178333,0.006548192352056503
0.09231676906347275,0.3650839328765869,0.0012956750579178333,0.006548192352056503
0.09228844940662384,0.3650219142436981,0.0012955762213096023,0.0065592071041464806
0.09231502562761307,0.3650938868522644,0.0012955476995557547,0.006549578160047531
0.09231831878423691,0.36511218547821045,0.0012958917068317533,0.006549168843775988
0.09231026470661163,0.36511391401290894,0.0012959032319486141,0.006548892706632614
0.09231676906347275,0.3650839328765869,0.0012956750579178333,0.006548192352056503
0.09231676906347275,0.3650839328765869,0.0012956750579178333,0.006548192352056503
0.09228844940662384,0.3650219142436981,0.0012955762213096023,0.0065592071041464806
0.09231502562761307,0.3650938868522644,0.0012955476995557547,0.006549578160047531
0.09231831878423691,0.36511218547821045,0.0012958917068317533,0.006549168843775988
0.09231026470661163,0.36511391401290894,0.0012959032319486141,0.006548892706632614
0.09231676906347275,0.3650839328765869,0.0012956750579178333,0.006548192352056503
0.09231676906347275,0.3650839328765869,0.0012956750579178333,0.006548192352056503
0.09228844940662384,0.3650219142436981,0.0012955762213096023,0.0065592071041464806
0.09231502562761307,0.3650938868522644,0.0012955476995557547,0.006549578160047531
0.09231831878423691,0.36511218547821045,0.0012958917068317533,0.006549168843775988
0.09231026470661163,0.36511391401290894,0.0012959032319486141,0.006548892706632614
0.09231676906347275,0.3650839328765869,0.0012956750579178333,0.006548192352056503
0.09231676906347275,0.3650839328765869,0.0012956750579178333,0.006548192352056503
0.09228844940662384,0.3650219142436981,0.0012955762213096023,0.0065592071041464806
0.09231502562761307,0.3650938868522644,0.0012955476995557547,0.006549578160047531
0.09231831878423691,0.36511218547821045,0.0012958917068317533,0.006549168843775988
0.09231026470661163,0.36511391401290894,0.0012959032319486141,0.006548892706632614
0.09231676906347275,0.3650839328765869,0.0012956750579178333,0.006548192352056503
0.09231676906347275,0.3650839328765869,0.0012956750579178333,0.006548192352056503
0.09228844940662384,0.3650219142436981,0.0012955762213096023,0.0065592071041464806
0.09231502562761307,0.3650938868522644,0.0012955476995557547,0.006549578160047531
0.09231831878423691,0.36511218547821045,0.0012958917068317533,0.006549168843775988
0.09231026470661163,0.36511391401290894,0.0012959032319486141,0.006548892706632614
0.09231676906347275,0.3650839328765869,0.0012956750579178333,0.006548192352056503
0.09231676906347275,0.3650839328765869,0.0012956750579178333,0.006548192352056503
0.09228844940662384,0.3650219142436981,0.0012955762213096023,0.0065592071041464806
0.09231502562761307,0.3650938868522644,0.0012955476995557547,0.006549578160047531
0.09231831878423691,0.36511218547821045,0.0012958917068317533,0.006549168843775988
0.09231026470661163,0.36511391401290894,0.0012959032319486141,0.006548892706632614
0.09231676906347275,0.3650839328765869,0.0012956750579178333,0.006548192352056503
0.09231676906347275,0.3650839328765869,0.0012956750579178333,0.006548192352056503
0.09228844940662384,0.3650219142436981,0.0012955762213096023,0.0065592071041464806
0.09231502562761307,0.3650938868522644,0.0012955476995557547,0.006549578160047531
0.09231831878423691,0.36511218547821045,0.0012958917068317533,0.006549168843775988
0.09231026470661163,0.36511391401290894,0.0012959032319486141,0.006548892706632614
0.09231676906347275,0.3650839328765869,0.0012956750579178333,0.006548192352056503
0.09231676906347275,0.3650839328765869,0.0012956750579178333,0.006548192352056503
0.09228844940662384,0.3650219142436981,0.0012955762213096023,0.0065592071041464806
0.09231502562761307,0.3650938868522644,0.0012955476995557547,0.006549578160047531
0.09231831878423691,0.36511218547821045,0.0012958917068317533,0.006549168843775988
0.09231026470661163,0.36511391401290894,0.0012959032319486141,0.006548892706632614
0.09231676906347275,0.3650839328765869,0.0012956750579178333,0.006548192352056503
0.09231676906347275,0.3650839328765869,0.0012956750579178333,0.006548192352056503
0.09228844940662384,0.3650219142436981,0.0012955762213096023,0.0065592071041464806
0.09231502562761307,0.3650938868522644,0.0012955476995557547,0.006549578160047531
0.09231831878423691,0.36511218547821045,0.0012958917068317533,0.006549168843775988
0.09231026470661163,0.36511391401290894,0.0012959032319486141,0.006548892706632614
0.09231676906347275,0.3650839328765869,0.0012956750579178333,0.006548192352056503
0.09231676906347275,0.3650839328765869,0.0012956750579178333,0.006548192352056503
0.09228844940662384,0.3650219142436981,0.0012955762213096023,0.0065592071041464806
0.09231502562761307,0.3650938868522644,0.0012955476995557547,0.006549578160047531
0.09231831878423691,0.36511218547821045,0.0012958917068317533,0.006549168843775988
0.09231026470661163,0.36511391401290894,0.0012959032319486141,0.006548892706632614
0.09231676906347275,0.3650839328765869,0.0012956750579178333,0.006548192352056503
0.09231676906347275,0.3650839328765869,0.0012956750579178333,0.006548192352056503
0.09228844940662384,0.3650219142436981,0.0012955762213096023,0.0065592071041464806
0.09231502562761307,0.3650938868522644,0.0012955476995557547,0.006549578160047531
0.09231831878423691,0.36511218547821045,0.0012958917068317533,0.006549168843775988
0.09231026470661163,0.36511391401290894,0.0012959032319486141,0.006548892706632614
0.09231676906347275,0.3650839328765869,0.0012956750579178333,0.006548192352056503
0.09231676906347275,0.3650839328765869,0.0012956750579178333,0.006548192352056503
0.09228844940662384,0.3650219142436981,0.0012955762213096023,0.0065592071041464806
0.09231502562761307,0.3650938868522644,0.0012955476995557547,0.006549578160047531
0.09231831878423691,0.36511218547821045,0.0012958917068317533,0.006549168843775988
0.09231026470661163,0.36511391401290894,0.0012959032319486141,0.006548892706632614
0.09231676906347275,0.3650839328765869,0.0012956750579178333,0.006548192352056503
0.09231676906347275,0.3650839328765869,0.0012956750579178333,0.006548192352056503
0.09228844940662384,0.3650219142436981,0.0012955762213096023,0.0065592071041464806
0.09231502562761307,0.3650938868522644,0.0012955476995557547,0.006549578160047531
0.09231831878423691,0.36511218547821045,0.0012958917068317533,0.006549168843775988
0.09231026470661163,0.36511391401290894,0.0012959032319486141,0.006548892706632614
0.09231676906347275,0.3650839328765869,0.0012956750579178333,0.006548192352056503
0.09231676906347275,0.3650839328765869,0.0012956750579178333,0.006548192352056503
0.09228844940662384,0.3650219142436981,0.0012955762213096023,0.0065592071041464806
0.09231502562761307,0.3650938868522644,0.0012955476995557547,0.006549578160047531
0.09231831878423691,0.36511218547821045,0.0012958917068317533,0.006549168843775988
0.09231026470661163,0.36511391401290894,0.0012959032319486141,0.006548892706632614
0.09231676906347275,0.3650839328765869,0.0012956750579178333,0.006548192352056503
0.09231676906347275,0.3650839328765869,0.0012956750579178333,0.006548192352056503
0.09228844940662384,0.3650219142436981,0.0012955762213096023,0.0065592071041464806
0.09231502562761307,0.3650938868522644,0.0012955476995557547,0.006549578160047531
0.09231831878423691,0.36511218547821045,0.0012958917068317533,0.006549168843775988
0.09231026470661163,0.36511391401290894,0.0012959032319486141,0.006548892706632614
0.09231676906347275,0.3650839328765869,0.0012956750579178333,0.006548192352056503
0.09231676906347275,0.3650839328765869,0.0012956750579178333,0.006548192352056503
0.09228844940662384,0.3650219142436981,0.0012955762213096023,0.0065592071041464806
0.09231502562761307,0.3650938868522644,0.0012955476995557547,0.006549578160047531
0.09231831878423691,0.36511218547821045,0.0012958917068317533,0.006549168843775988
0.09231026470661163,0.36511391401290894,0.0012959032319486141,0.006548892706632614
0.09231676906347275,0.3650839328765869,0.0012956750579178333,0.006548192352056503
0.09231676906347275,0.3650839328765869,0.0012956750579178333,0.006548192352056503
0.09228844940662384,0.3650219142436981,0.0012955762213096023,0.0065592071041464806
0.09231502562761307,0.3650938868522644,0.0012955476995557547,0.006549578160047531
0.09231831878423691,0.36511218547821045,0.0012958917068317533,0.006549168843775988
0.09231026470661163,0.36511391401290894,0.0012959032319486141,0.006548892706632614
0.09231676906347275,0.3650839328765869,0.0012956750579178333,0.006548192352056503
0.09231676906347275,0.3650839328765869,0.0012956750579178333,0.006548192352056503
0.09228844940662384,0.3650219142436981,0.0012955762213096023,0.0065592071041464806
0.09231502562761307,0.3650938868522644,0.0012955476995557547,0.006549578160047531
0.09231831878423691,0.36511218547821045,0.0012958917068317533,0.006549168843775988
0.09231026470661163,0.36511391401290894,0.0012959032319486141,0.006548892706632614
0.09231676906347275,0.3650839328765869,0.0012956750579178333,0.006548192352056503
0.09231676906347275,0.3650839328765869,0.0012956750579178333,0.006548192352056503
0.09228844940662384,0.3650219142436981,0.0012955762213096023,0.0065592071041464806
0.09231502562761307,0.3650938868522644,0.0012955476995557547,0.006549578160047531
0.09231831878423691,0.36511218547821045,0.0012958917068317533,0.006549168843775988
0.09231026470661163,0.36511391401290894,0.0012959032319486141,0.006548892706632614
0.09231676906347275,0.3650839328765869,0.0012956750579178333,0.006548192352056503
0.09231676906347275,0.3650839328765869,0.0012956750579178333,0.006548192352056503
0.09228844940662384,0.3650219142436981,0.0012955762213096023,0.0065592071041464806
0.09231502562761307,0.3650938868522644,0.0012955476995557547,0.006549578160047531
0.09231831878423691,0.36511218547821045,0.0012958917068317533,0.006549168843775988
0.09231026470661163,0.36511391401290894,0.0012959032319486141,0.006548892706632614
0.09231676906347275,0.3650839328765869,0.0012956750579178333,0.006548192352056503
0.09231676906347275,0.3650839328765869,0.0012956750579178333,0.006548192352056503
0.09228844940662384,0.3650219142436981,0.0012955762213096023,0.0065592071041464806
0.09231502562761307,0.3650938868522644,0.0012955476995557547,0.006549578160047531
0.09231831878423691,0.36511218547821045,0.0012958917068317533,0.006549168843775988
0.09231026470661163,0.36511391401290894,0.0012959032319486141,0.006548892706632614
0.09231676906347275,0.3650839328765869,0.0012956750579178333,0.006548192352056503
0.09231676906347275,0.3650839328765869,0.0012956750579178333,0.006548192352056503
0.09228844940662384,0.3650219142436981,0.0012955762213096023,0.0065592071041464806
0.09231502562761307,0.3650938868522644,0.0012955476995557547,0.006549578160047531
0.09231831878423691,0.36511218547821045,0.0012958917068317533,0.006549168843775988
0.09231026470661163,0.36511391401290894,0.0012959032319486141,0.006548892706632614
0.09231676906347275,0.3650839328765869,0.0012956750579178333,0.006548192352056503
0.09231676906347275,0.3650839328765869,0.0012956750579178333,0.006548192352056503
0.09228844940662384,0.3650219142436981,0.0012955762213096023,0.0065592071041464806
0.09231502562761307,0.3650938868522644,0.0012955476995557547,0.006549578160047531
0.09231831878423691,0.36511218547821045,0.0012958917068317533,0.006549168843775988
0.09231026470661163,0.36511391401290894,0.0012959032319486141,0.006548892706632614
0.09231676906347275,0.3650839328765869,0.0012956750579178333,0.006548192352056503
0.09231676906347275,0.3650839328765869,0.0012956750579178333,0.006548192352056503
0.09228844940662384,0.3650219142436981,0.0012955762213096023,0.0065592071041464806
0.09231502562761307,0.3650938868522644,0.0012955476995557547,0.006549578160047531
0.09231831878423691,0.36511218547821045,0.0012958917068317533,0.006549168843775988
0.09231026470661163,0.36511391401290894,0.0012959032319486141,0.006548892706632614
0.09231676906347275,0.3650839328765869,0.0012956750579178333,0.006548192352056503
0.09231676906347275,0.3650839328765869,0.0012956750579178333,0.006548192352056503
0.09228844940662384,0.3650219142436981,0.0012955762213096023,0.0065592071041464806
0.09231502562761307,0.3650938868522644,0.0012955476995557547,0.006549578160047531
0.09231831878423691,0.36511218547821045,0.0012958917068317533,0.006549168843775988
0.09231026470661163,0.36511391401290894,0.0012959032319486141,0.006548892706632614
0.09231676906347275,0.3650839328765869,0.0012956750579178333,0.006548192352056503
0.09231676906347275,0.3650839328765869,0.0012956750579178333,0.006548192352056503
0.09228844940662384,0.3650219142436981,0.0012955762213096023,0.0065592071041464806
0.09231502562761307,0.3650938868522644,0.0012955476995557547,0.006549578160047531
0.09231831878423691,0.36511218547821045,0.0012958917068317533,0.006549168843775988
0.09231026470661163,0.36511391401290894,0.0012959032319486141,0.006548892706632614
0.09231676906347275,0.3650839328765869,0.0012956750579178333,0.006548192352056503
0.09231676906347275,0.3650839328765869,0.0012956750579178333,0.006548192352056503
0.09228844940662384,0.3650219142436981,0.0012955762213096023,0.0065592071041464806
0.09231502562761307,0.3650938868522644,0.0012955476995557547,0.006549578160047531
0.09231831878423691,0.36511218547821045,0.0012958917068317533,0.006549168843775988
0.09231026470661163,0.36511391401290894,0.0012959032319486141,0.006548892706632614
0.09231676906347275,0.3650839328765869,0.0012956750579178333,0.006548192352056503
0.09231676906347275,0.3650839328765869,0.0012956750579178333,0.006548192352056503
0.09228844940662384,0.3650219142436981,0.0012955762213096023,0.0065592071041464806
0.09231502562761307,0.3650938868522644,0.0012955476995557547,0.006549578160047531
0.09231831878423691,0.36511218547821045,0.0012958917068317533,0.006549168843775988
0.09231026470661163,0.36511391401290894,0.0012959032319486141,0.006548892706632614
0.09231676906347275,0.3650839328765869,0.0012956750579178333,0.006548192352056503
0.09231676906347275,0.3650839328765869,0.0012956750579178333,0.006548192352056503
0.09228844940662384,0.3650219142436981,0.0012955762213096023,0.0065592071041464806
0.09231502562761307,0.3650938868522644,0.0012955476995557547,0.006549578160047531
0.09231831878423691,0.36511218547821045,0.0012958917068317533,0.006549168843775988
0.09231026470661163,0.36511391401290894,0.0012959032319486141,0.006548892706632614
0.09231676906347275,0.3650839328765869,0.0012956750579178333,0.006548192352056503
0.09231676906347275,0.3650839328765869,0.0012956750579178333,0.006548192352056503
0.09228844940662384,0.3650219142436981,0.0012955762213096023,0.0065592071041464806
0.09231502562761307,0.3650938868522644,0.0012955476995557547,0.006549578160047531
0.09231831878423691,0.36511218547821045,0.0012958917068317533,0.006549168843775988
0.09231026470661163,0.36511391401290894,0.0012959032319486141,0.006548892706632614
0.09231676906347275,0.3650839328765869,0.0012956750579178333,0.006548192352056503
0.09231676906347275,0.3650839328765869,0.0012956750579178333,0.006548192352056503
0.09228844940662384,0.3650219142436981,0.0012955762213096023,0.0065592071041464806
0.09231502562761307,0.3650938868522644,0.0012955476995557547,0.006549578160047531
0.09231831878423691,0.36511218547821045,0.0012958917068317533,0.006549168843775988
0.09231026470661163,0.36511391401290894,0.0012959032319486141,0.006548892706632614
0.09231676906347275,0.3650839328765869,0.0012956750579178333,0.006548192352056503
0.09231676906347275,0.3650839328765869,0.0012956750579178333,0.006548192352056503
0.09228844940662384,0.3650219142436981,0.0012955762213096023,0.0065592071041464806
0.09231502562761307,0.3650938868522644,0.0012955476995557547,0.006549578160047531
0.09231831878423691,0.36511218547821045,0.0012958917068317533,0.006549168843775988
0.09231026470661163,0.36511391401290894,0.0012959032319486141,0.006548892706632614
0.09231676906347275,0.3650839328765869,0.0012956750579178333,0.006548192352056503
0.09231676906347275,0.3650839328765869,0.0012956750579178333,0.006548192352056503
0.09228844940662384,0.3650219142436981,0.0012955762213096023,0.0065592071041464806
0.09231502562761307,0.3650938868522644,0.0012955476995557547,0.006549578160047531
0.09231831878423691,0.36511218547821045,0.0012958917068317533,0.006549168843775988
0.09231026470661163,0.36511391401290894,0.0012959032319486141,0.006548892706632614
0.09231676906347275,0.3650839328765869,0.0012956750579178333,0.006548192352056503
0.09231676906347275,0.3650839328765869,0.0012956750579178333,0.006548192352056503
0.09228844940662384,0.3650219142436981,0.0012955762213096023,0.0065592071041464806
0.09231502562761307,0.3650938868522644,0.0012955476995557547,0.006549578160047531
0.09231831878423691,0.36511218547821045,0.0012958917068317533,0.006549168843775988
0.09231026470661163,0.36511391401290894,0.0012959032319486141,0.006548892706632614
0.09231676906347275,0.3650839328765869,0.0012956750579178333,0.006548192352056503
0.09231676906347275,0.3650839328765869,0.0012956750579178333,0.006548192352056503
0.09228844940662384,0.3650219142436981,0.0012955762213096023,0.0065592071041464806
0.09231502562761307,0.3650938868522644,0.0012955476995557547,0.006549578160047531
0.09231831878423691,0.36511218547821045,0.0012958917068317533,0.006549168843775988
0.09231026470661163,0.36511391401290894,0.0012959032319486141,0.006548892706632614
0.09231676906347275,0.3650839328765869,0.0012956750579178333,0.006548192352056503
0.09231676906347275,0.3650839328765869,0.0012956750579178333,0.006548192352056503
0.09228844940662384,0.3650219142436981,0.0012955762213096023,0.0065592071041464806
0.09231502562761307,0.3650938868522644,0.0012955476995557547,0.006549578160047531
0.09231831878423691,0.36511218547821045,0.0012958917068317533,0.006549168843775988
0.09231026470661163,0.36511391401290894,0.0012959032319486141,0.006548892706632614
0.09231676906347275,0.3650839328765869,0.0012956750579178333,0.006548192352056503
0.09231676906347275,0.3650839328765869,0.0012956750579178333,0.006548192352056503
0.09228844940662384,0.3650219142436981,0.0012955762213096023,0.0065592071041464806
0.09231502562761307,0.3650938868522644,0.0012955476995557547,0.006549578160047531
0.09231831878423691,0.36511218547821045,0.0012958917068317533,0.006549168843775988
0.09231026470661163,0.36511391401290894,0.0012959032319486141,0.006548892706632614
0.09231676906347275,0.3650839328765869,0.0012956750579178333,0.006548192352056503
0.09231676906347275,0.3650839328765869,0.0012956750579178333,0.006548192352056503
0.09228844940662384,0.3650219142436981,0.0012955762213096023,0.0065592071041464806
0.09231502562761307,0.3650938868522644,0.0012955476995557547,0.006549578160047531
0.09231831878423691,0.36511218547821045,0.0012958917068317533,0.006549168843775988
0.09231026470661163,0.36511391401290894,0.0012959032319486141,0.006548892706632614
0.09231676906347275,0.3650839328765869,0.0012956750579178333,0.006548192352056503
0.09231676906347275,0.3650839328765869,0.0012956750579178333,0.006548192352056503
0.09228844940662384,0.3650219142436981,0.0012955762213096023,0.0065592071041464806
0.09231502562761307,0.3650938868522644,0.0012955476995557547,0.006549578160047531
0.09231831878423691,0.36511218547821045,0.0012958917068317533,0.006549168843775988
0.09231026470661163,0.36511391401290894,0.0012959032319486141,0.006548892706632614
0.09231676906347275,0.3650839328765869,0.0012956750579178333,0.006548192352056503
0.09231676906347275,0.3650839328765869,0.0012956750579178333,0.006548192352056503
0.09228844940662384,0.3650219142436981,0.0012955762213096023,0.0065592071041464806
0.09231502562761307,0.3650938868522644,0.0012955476995557547,0.006549578160047531
0.09231831878423691,0.36511218547821045,0.0012958917068317533,0.006549168843775988
0.09231026470661163,0.36511391401290894,0.0012959032319486141,0.006548892706632614
0.09231676906347275,0.3650839328765869,0.0012956750579178333,0.006548192352056503
0.09231676906347275,0.3650839328765869,0.0012956750579178333,0.006548192352056503
0.09228844940662384,0.3650219142436981,0.0012955762213096023,0.0065592071041464806
0.09231502562761307,0.3650938868522644,0.0012955476995557547,0.006549578160047531
0.09231831878423691,0.36511218547821045,0.0012958917068317533,0.006549168843775988
0.09231026470661163,0.36511391401290894,0.0012959032319486141,0.006548892706632614
0.09231676906347275,0.3650839328765869,0.0012956750579178333,0.006548192352056503
0.09231676906347275,0.3650839328765869,0.0012956750579178333,0.006548192352056503
0.09228844940662384,0.3650219142436981,0.0012955762213096023,0.0065592071041464806
0.09231502562761307,0.3650938868522644,0.0012955476995557547,0.006549578160047531
0.09231831878423691,0.36511218547821045,0.0012958917068317533,0.006549168843775988
0.09231026470661163,0.36511391401290894,0.0012959032319486141,0.006548892706632614
0.09231676906347275,0.3650839328765869,0.0012956750579178333,0.006548192352056503
0.09231676906347275,0.3650839328765869,0.0012956750579178333,0.006548192352056503
0.09228844940662384,0.3650219142436981,0.0012955762213096023,0.0065592071041464806
0.09231502562761307,0.3650938868522644,0.0012955476995557547,0.006549578160047531
0.09231831878423691,0.36511218547821045,0.0012958917068317533,0.006549168843775988
0.09231026470661163,0.36511391401290894,0.0012959032319486141,0.006548892706632614
0.09231676906347275,0.3650839328765869,0.0012956750579178333,0.006548192352056503
0.09231676906347275,0.3650839328765869,0.0012956750579178333,0.006548192352056503
0.09228844940662384,0.3650219142436981,0.0012955762213096023,0.0065592071041464806
0.09231502562761307,0.3650938868522644,0.0012955476995557547,0.006549578160047531
0.09231831878423691,0.36511218547821045,0.0012958917068317533,0.006549168843775988
0.09231026470661163,0.36511391401290894,0.0012959032319486141,0.006548892706632614
0.09231676906347275,0.3650839328765869,0.0012956750579178333,0.006548192352056503
0.09231676906347275,0.3650839328765869,0.0012956750579178333,0.006548192352056503
0.09228844940662384,0.3650219142436981,0.0012955762213096023,0.0065592071041464806
0.09231502562761307,0.3650938868522644,0.0012955476995557547,0.006549578160047531
0.09231831878423691,0.36511218547821045,0.0012958917068317533,0.006549168843775988
0.09231026470661163,0.36511391401290894,0.0012959032319486141,0.006548892706632614
0.09231676906347275,0.3650839328765869,0.0012956750579178333,0.006548192352056503
0.09231676906347275,0.3650839328765869,0.0012956750579178333,0.006548192352056503
0.09228844940662384,0.3650219142436981,0.0012955762213096023,0.0065592071041464806
0.09231502562761307,0.3650938868522644,0.0012955476995557547,0.006549578160047531
0.09231831878423691,0.36511218547821045,0.0012958917068317533,0.006549168843775988
0.09231026470661163,0.36511391401290894,0.0012959032319486141,0.006548892706632614
0.09231676906347275,0.3650839328765869,0.0012956750579178333,0.006548192352056503
0.09231676906347275,0.3650839328765869,0.0012956750579178333,0.006548192352056503
0.09228844940662384,0.3650219142436981,0.0012955762213096023,0.0065592071041464806
0.09231502562761307,0.3650938868522644,0.0012955476995557547,0.006549578160047531
0.09231831878423691,0.36511218547821045,0.0012958917068317533,0.006549168843775988
0.09231026470661163,0.36511391401290894,0.0012959032319486141,0.006548892706632614
0.09231676906347275,0.3650839328765869,0.0012956750579178333,0.006548192352056503
0.09231676906347275,0.3650839328765869,0.0012956750579178333,0.006548192352056503
0.09228844940662384,0.3650219142436981,0.0012955762213096023,0.0065592071041464806
0.09231502562761307,0.3650938868522644,0.0012955476995557547,0.006549578160047531
0.09231831878423691,0.36511218547821045,0.0012958917068317533,0.006549168843775988
0.09231026470661163,0.36511391401290894,0.0012959032319486141,0.006548892706632614
0.09231676906347275,0.3650839328765869,0.0012956750579178333,0.006548192352056503
0.09231676906347275,0.3650839328765869,0.0012956750579178333,0.006548192352056503
0.09228844940662384,0.3650219142436981,0.0012955762213096023,0.0065592071041464806
0.09231502562761307,0.3650938868522644,0.0012955476995557547,0.006549578160047531
0.09231831878423691,0.36511218547821045,0.0012958917068317533,0.006549168843775988
0.09231026470661163,0.36511391401290894,0.0012959032319486141,0.006548892706632614
0.09231676906347275,0.3650839328765869,0.0012956750579178333,0.006548192352056503
0.09231676906347275,0.3650839328765869,0.0012956750579178333,0.006548192352056503
0.09228844940662384,0.3650219142436981,0.0012955762213096023,0.0065592071041464806
0.09231502562761307,0.3650938868522644,0.0012955476995557547,0.006549578160047531
0.09231831878423691,0.36511218547821045,0.0012958917068317533,0.006549168843775988
0.09231026470661163,0.36511391401290894,0.0012959032319486141,0.006548892706632614
0.09231676906347275,0.3650839328765869,0.0012956750579178333,0.006548192352056503
0.09231676906347275,0.3650839328765869,0.0012956750579178333,0.006548192352056503
0.09228844940662384,0.3650219142436981,0.0012955762213096023,0.0065592071041464806
0.09231502562761307,0.3650938868522644,0.0012955476995557547,0.006549578160047531
0.09231831878423691,0.36511218547821045,0.0012958917068317533,0.006549168843775988
0.09231026470661163,0.36511391401290894,0.0012959032319486141,0.006548892706632614
0.09231676906347275,0.3650839328765869,0.0012956750579178333,0.006548192352056503
0.09231676906347275,0.3650839328765869,0.0012956750579178333,0.006548192352056503
0.09228844940662384,0.3650219142436981,0.0012955762213096023,0.0065592071041464806
0.09231502562761307,0.3650938868522644,0.0012955476995557547,0.006549578160047531
0.09231831878423691,0.36511218547821045,0.0012958917068317533,0.006549168843775988
0.09231026470661163,0.36511391401290894,0.0012959032319486141,0.006548892706632614
0.09231676906347275,0.3650839328765869,0.0012956750579178333,0.006548192352056503
0.09231676906347275,0.3650839328765869,0.0012956750579178333,0.006548192352056503
0.09228844940662384,0.3650219142436981,0.0012955762213096023,0.0065592071041464806
0.09231502562761307,0.3650938868522644,0.0012955476995557547,0.006549578160047531
0.09231831878423691,0.36511218547821045,0.0012958917068317533,0.006549168843775988
0.09231026470661163,0.36511391401290894,0.0012959032319486141,0.006548892706632614
0.09231676906347275,0.3650839328765869,0.0012956750579178333,0.006548192352056503
0.09231676906347275,0.3650839328765869,0.0012956750579178333,0.006548192352056503
0.09228844940662384,0.3650219142436981,0.0012955762213096023,0.0065592071041464806
0.09231502562761307,0.3650938868522644,0.0012955476995557547,0.006549578160047531
0.09231831878423691,0.36511218547821045,0.0012958917068317533,0.006549168843775988
0.09231026470661163,0.36511391401290894,0.0012959032319486141,0.006548892706632614
0.09231676906347275,0.3650839328765869,0.0012956750579178333,0.006548192352056503
0.09231676906347275,0.3650839328765869,0.0012956750579178333,0.006548192352056503
0.09228844940662384,0.3650219142436981,0.0012955762213096023,0.0065592071041464806
0.09231502562761307,0.3650938868522644,0.0012955476995557547,0.006549578160047531
0.09231831878423691,0.36511218547821045,0.0012958917068317533,0.006549168843775988
0.09231026470661163,0.36511391401290894,0.0012959032319486141,0.006548892706632614
0.09231676906347275,0.3650839328765869,0.0012956750579178333,0.006548192352056503
0.09231676906347275,0.3650839328765869,0.0012956750579178333,0.006548192352056503
0.09228844940662384,0.3650219142436981,0.0012955762213096023,0.0065592071041464806
0.09231502562761307,0.3650938868522644,0.0012955476995557547,0.006549578160047531
0.09231831878423691,0.36511218547821045,0.0012958917068317533,0.006549168843775988
0.09231026470661163,0.36511391401290894,0.0012959032319486141,0.006548892706632614
0.09231676906347275,0.3650839328765869,0.0012956750579178333,0.006548192352056503
0.09231676906347275,0.3650839328765869,0.0012956750579178333,0.006548192352056503
0.09228844940662384,0.3650219142436981,0.0012955762213096023,0.0065592071041464806
0.09231502562761307,0.3650938868522644,0.0012955476995557547,0.006549578160047531
0.09231831878423691,0.36511218547821045,0.0012958917068317533,0.006549168843775988
0.09231026470661163,0.36511391401290894,0.0012959032319486141,0.006548892706632614
0.09231676906347275,0.3650839328765869,0.0012956750579178333,0.006548192352056503
0.09231676906347275,0.3650839328765869,0.0012956750579178333,0.006548192352056503
0.09228844940662384,0.3650219142436981,0.0012955762213096023,0.0065592071041464806
0.09231502562761307,0.3650938868522644,0.0012955476995557547,0.006549578160047531
0.09231831878423691,0.36511218547821045,0.0012958917068317533,0.006549168843775988
0.09231026470661163,0.36511391401290894,0.0012959032319486141,0.006548892706632614
0.09231676906347275,0.3650839328765869,0.0012956750579178333,0.006548192352056503
0.09231676906347275,0.3650839328765869,0.0012956750579178333,0.006548192352056503
0.09228844940662384,0.3650219142436981,0.0012955762213096023,0.0065592071041464806
0.09231502562761307,0.3650938868522644,0.0012955476995557547,0.006549578160047531
0.09231831878423691,0.36511218547821045,0.0012958917068317533,0.006549168843775988
0.09231026470661163,0.36511391401290894,0.0012959032319486141,0.006548892706632614
0.09231676906347275,0.3650839328765869,0.0012956750579178333,0.006548192352056503
0.09231676906347275,0.3650839328765869,0.0012956750579178333,0.006548192352056503
0.09228844940662384,0.3650219142436981,0.0012955762213096023,0.0065592071041464806
0.09231502562761307,0.3650938868522644,0.0012955476995557547,0.006549578160047531
0.09231831878423691,0.36511218547821045,0.0012958917068317533,0.006549168843775988
0.09231026470661163,0.36511391401290894,0.0012959032319486141,0.006548892706632614
0.09231676906347275,0.3650839328765869,0.0012956750579178333,0.006548192352056503
0.09231676906347275,0.3650839328765869,0.0012956750579178333,0.006548192352056503
0.09228844940662384,0.3650219142436981,0.0012955762213096023,0.0065592071041464806
0.09231502562761307,0.3650938868522644,0.0012955476995557547,0.006549578160047531
0.09231831878423691,0.36511218547821045,0.0012958917068317533,0.006549168843775988
0.09231026470661163,0.36511391401290894,0.0012959032319486141,0.006548892706632614
0.09231676906347275,0.3650839328765869,0.0012956750579178333,0.006548192352056503
0.09231676906347275,0.3650839328765869,0.0012956750579178333,0.006548192352056503
0.09228844940662384,0.3650219142436981,0.0012955762213096023,0.0065592071041464806
0.09231502562761307,0.3650938868522644,0.0012955476995557547,0.006549578160047531
0.09231831878423691,0.36511218547821045,0.0012958917068317533,0.006549168843775988
0.09231026470661163,0.36511391401290894,0.0012959032319486141,0.006548892706632614
0.09231676906347275,0.3650839328765869,0.0012956750579178333,0.006548192352056503
0.09231676906347275,0.3650839328765869,0.0012956750579178333,0.006548192352056503
0.09228844940662384,0.3650219142436981,0.0012955762213096023,0.0065592071041464806
0.09231502562761307,0.3650938868522644,0.0012955476995557547,0.006549578160047531
0.09231831878423691,0.36511218547821045,0.0012958917068317533,0.006549168843775988
0.09231026470661163,0.36511391401290894,0.0012959032319486141,0.006548892706632614
0.09231676906347275,0.3650839328765869,0.0012956750579178333,0.006548192352056503
0.09231676906347275,0.3650839328765869,0.0012956750579178333,0.006548192352056503
0.09228844940662384,0.3650219142436981,0.0012955762213096023,0.0065592071041464806
0.09231502562761307,0.3650938868522644,0.0012955476995557547,0.006549578160047531
0.09231831878423691,0.36511218547821045,0.0012958917068317533,0.006549168843775988
0.09231026470661163,0.36511391401290894,0.0012959032319486141,0.006548892706632614
0.09231676906347275,0.3650839328765869,0.0012956750579178333,0.006548192352056503
0.09231676906347275,0.3650839328765869,0.0012956750579178333,0.006548192352056503
0.09228844940662384,0.3650219142436981,0.0012955762213096023,0.0065592071041464806
0.09231502562761307,0.3650938868522644,0.0012955476995557547,0.006549578160047531
0.09231831878423691,0.36511218547821045,0.0012958917068317533,0.006549168843775988
0.09231026470661163,0.36511391401290894,0.0012959032319486141,0.006548892706632614
0.09231676906347275,0.3650839328765869,0.0012956750579178333,0.006548192352056503
0.09231676906347275,0.3650839328765869,0.0012956750579178333,0.006548192352056503
0.09228844940662384,0.3650219142436981,0.0012955762213096023,0.0065592071041464806
0.09231502562761307,0.3650938868522644,0.0012955476995557547,0.006549578160047531
0.09231831878423691,0.36511218547821045,0.0012958917068317533,0.006549168843775988
0.09231026470661163,0.36511391401290894,0.0012959032319486141,0.006548892706632614
0.09231676906347275,0.3650839328765869,0.0012956750579178333,0.006548192352056503
0.09231676906347275,0.3650839328765869,0.0012956750579178333,0.006548192352056503
0.09228844940662384,0.3650219142436981,0.0012955762213096023,0.0065592071041464806
0.09231502562761307,0.3650938868522644,0.0012955476995557547,0.006549578160047531
0.09231831878423691,0.36511218547821045,0.0012958917068317533,0.006549168843775988
0.09231026470661163,0.36511391401290894,0.0012959032319486141,0.006548892706632614
0.09231676906347275,0.3650839328765869,0.0012956750579178333,0.006548192352056503
0.09231676906347275,0.3650839328765869,0.0012956750579178333,0.006548192352056503
0.09228844940662384,0.3650219142436981,0.0012955762213096023,0.0065592071041464806
0.09231502562761307,0.3650938868522644,0.0012955476995557547,0.006549578160047531
0.09231831878423691,0.36511218547821045,0.0012958917068317533,0.006549168843775988
0.09231026470661163,0.36511391401290894,0.0012959032319486141,0.006548892706632614
0.09231676906347275,0.3650839328765869,0.0012956750579178333,0.006548192352056503
0.09231676906347275,0.3650839328765869,0.0012956750579178333,0.006548192352056503
0.09228844940662384,0.3650219142436981,0.0012955762213096023,0.0065592071041464806
0.09231502562761307,0.3650938868522644,0.0012955476995557547,0.006549578160047531
0.09231831878423691,0.36511218547821045,0.0012958917068317533,0.006549168843775988
0.09231026470661163,0.36511391401290894,0.0012959032319486141,0.006548892706632614
0.09231676906347275,0.3650839328765869,0.0012956750579178333,0.006548192352056503
0.09231676906347275,0.3650839328765869,0.0012956750579178333,0.006548192352056503
0.09228844940662384,0.3650219142436981,0.0012955762213096023,0.0065592071041464806
0.09231502562761307,0.3650938868522644,0.0012955476995557547,0.006549578160047531
0.09231831878423691,0.36511218547821045,0.0012958917068317533,0.006549168843775988
0.09231026470661163,0.36511391401290894,0.0012959032319486141,0.006548892706632614
0.09231676906347275,0.3650839328765869,0.0012956750579178333,0.006548192352056503
0.09231676906347275,0.3650839328765869,0.0012956750579178333,0.006548192352056503
0.09228844940662384,0.3650219142436981,0.0012955762213096023,0.0065592071041464806
0.09231502562761307,0.3650938868522644,0.0012955476995557547,0.006549578160047531
0.09231831878423691,0.36511218547821045,0.0012958917068317533,0.006549168843775988
0.09231026470661163,0.36511391401290894,0.0012959032319486141,0.006548892706632614
0.09231676906347275,0.3650839328765869,0.0012956750579178333,0.006548192352056503
0.09231676906347275,0.3650839328765869,0.0012956750579178333,0.006548192352056503
0.09228844940662384,0.3650219142436981,0.0012955762213096023,0.0065592071041464806
0.09231502562761307,0.3650938868522644,0.0012955476995557547,0.006549578160047531
0.09231831878423691,0.36511218547821045,0.0012958917068317533,0.006549168843775988
0.09231026470661163,0.36511391401290894,0.0012959032319486141,0.006548892706632614
0.09231676906347275,0.3650839328765869,0.0012956750579178333,0.006548192352056503
0.09231676906347275,0.3650839328765869,0.0012956750579178333,0.006548192352056503
0.09228844940662384,0.3650219142436981,0.0012955762213096023,0.0065592071041464806
0.09231502562761307,0.3650938868522644,0.0012955476995557547,0.006549578160047531
0.09231831878423691,0.36511218547821045,0.0012958917068317533,0.006549168843775988
0.09231026470661163,0.36511391401290894,0.0012959032319486141,0.006548892706632614
0.09231676906347275,0.3650839328765869,0.0012956750579178333,0.006548192352056503
0.09231676906347275,0.3650839328765869,0.0012956750579178333,0.006548192352056503
0.09228844940662384,0.3650219142436981,0.0012955762213096023,0.0065592071041464806
0.09231502562761307,0.3650938868522644,0.0012955476995557547,0.006549578160047531
0.09231831878423691,0.36511218547821045,0.0012958917068317533,0.006549168843775988
0.09231026470661163,0.36511391401290894,0.0012959032319486141,0.006548892706632614
0.09231676906347275,0.3650839328765869,0.0012956750579178333,0.006548192352056503
0.09231676906347275,0.3650839328765869,0.0012956750579178333,0.006548192352056503
0.09228844940662384,0.3650219142436981,0.0012955762213096023,0.0065592071041464806
0.09231502562761307,0.3650938868522644,0.0012955476995557547,0.006549578160047531
0.09231831878423691,0.36511218547821045,0.0012958917068317533,0.006549168843775988
0.09231026470661163,0.36511391401290894,0.0012959032319486141,0.006548892706632614
0.09231676906347275,0.3650839328765869,0.0012956750579178333,0.006548192352056503
0.09231676906347275,0.3650839328765869,0.0012956750579178333,0.006548192352056503
0.09228844940662384,0.3650219142436981,0.0012955762213096023,0.0065592071041464806
0.09231502562761307,0.3650938868522644,0.0012955476995557547,0.006549578160047531
0.09231831878423691,0.36511218547821045,0.0012958917068317533,0.006549168843775988
0.09231026470661163,0.36511391401290894,0.0012959032319486141,0.006548892706632614
0.09231676906347275,0.3650839328765869,0.0012956750579178333,0.006548192352056503
0.09231676906347275,0.3650839328765869,0.0012956750579178333,0.006548192352056503
0.09228844940662384,0.3650219142436981,0.0012955762213096023,0.0065592071041464806
0.09231502562761307,0.3650938868522644,0.0012955476995557547,0.006549578160047531
0.09231831878423691,0.36511218547821045,0.0012958917068317533,0.006549168843775988
0.09231026470661163,0.36511391401290894,0.0012959032319486141,0.006548892706632614
0.09231676906347275,0.3650839328765869,0.0012956750579178333,0.006548192352056503
0.09231676906347275,0.3650839328765869,0.0012956750579178333,0.006548192352056503
0.09228844940662384,0.3650219142436981,0.0012955762213096023,0.0065592071041464806
0.09231502562761307,0.3650938868522644,0.0012955476995557547,0.006549578160047531
0.09231831878423691,0.36511218547821045,0.0012958917068317533,0.006549168843775988
0.09231026470661163,0.36511391401290894,0.0012959032319486141,0.006548892706632614
0.09231676906347275,0.3650839328765869,0.0012956750579178333,0.006548192352056503
0.09231676906347275,0.3650839328765869,0.0012956750579178333,0.006548192352056503
0.09228844940662384,0.3650219142436981,0.0012955762213096023,0.0065592071041464806
0.09231502562761307,0.3650938868522644,0.0012955476995557547,0.006549578160047531
0.09231831878423691,0.36511218547821045,0.0012958917068317533,0.006549168843775988
0.09231026470661163,0.36511391401290894,0.0012959032319486141,0.006548892706632614
0.09231676906347275,0.3650839328765869,0.0012956750579178333,0.006548192352056503
0.09231676906347275,0.3650839328765869,0.0012956750579178333,0.006548192352056503
0.09228844940662384,0.3650219142436981,0.0012955762213096023,0.0065592071041464806
0.09231502562761307,0.3650938868522644,0.0012955476995557547,0.006549578160047531
0.09231831878423691,0.36511218547821045,0.0012958917068317533,0.006549168843775988
0.09231026470661163,0.36511391401290894,0.0012959032319486141,0.006548892706632614
0.09231676906347275,0.3650839328765869,0.0012956750579178333,0.006548192352056503
0.09231676906347275,0.3650839328765869,0.0012956750579178333,0.006548192352056503
0.09228844940662384,0.3650219142436981,0.0012955762213096023,0.0065592071041464806
0.09231502562761307,0.3650938868522644,0.0012955476995557547,0.006549578160047531
0.09231831878423691,0.36511218547821045,0.0012958917068317533,0.006549168843775988
0.09231026470661163,0.36511391401290894,0.0012959032319486141,0.006548892706632614
0.09231676906347275,0.3650839328765869,0.0012956750579178333,0.006548192352056503
0.09231676906347275,0.3650839328765869,0.0012956750579178333,0.006548192352056503
0.09228844940662384,0.3650219142436981,0.0012955762213096023,0.0065592071041464806
0.09231502562761307,0.3650938868522644,0.0012955476995557547,0.006549578160047531
0.09231831878423691,0.36511218547821045,0.0012958917068317533,0.006549168843775988
0.09231026470661163,0.36511391401290894,0.0012959032319486141,0.006548892706632614
0.09231676906347275,0.3650839328765869,0.0012956750579178333,0.006548192352056503
0.09231676906347275,0.3650839328765869,0.0012956750579178333,0.006548192352056503
0.09228844940662384,0.3650219142436981,0.0012955762213096023,0.0065592071041464806
0.09231502562761307,0.3650938868522644,0.0012955476995557547,0.006549578160047531
0.09231831878423691,0.36511218547821045,0.0012958917068317533,0.006549168843775988
0.09231026470661163,0.36511391401290894,0.0012959032319486141,0.006548892706632614
0.09231676906347275,0.3650839328765869,0.0012956750579178333,0.006548192352056503
0.09231676906347275,0.3650839328765869,0.0012956750579178333,0.006548192352056503
0.09228844940662384,0.3650219142436981,0.0012955762213096023,0.0065592071041464806
0.09231502562761307,0.3650938868522644,0.0012955476995557547,0.006549578160047531
0.09231831878423691,0.36511218547821045,0.0012958917068317533,0.006549168843775988
0.09231026470661163,0.36511391401290894,0.0012959032319486141,0.006548892706632614
0.09231676906347275,0.3650839328765869,0.0012956750579178333,0.006548192352056503
0.09231676906347275,0.3650839328765869,0.0012956750579178333,0.006548192352056503
0.09228844940662384,0.3650219142436981,0.0012955762213096023,0.0065592071041464806
0.09231502562761307,0.3650938868522644,0.0012955476995557547,0.006549578160047531
0.09231831878423691,0.36511218547821045,0.0012958917068317533,0.006549168843775988
0.09231026470661163,0.36511391401290894,0.0012959032319486141,0.006548892706632614
0.09231676906347275,0.3650839328765869,0.0012956750579178333,0.006548192352056503
0.09231676906347275,0.3650839328765869,0.0012956750579178333,0.006548192352056503
0.09228844940662384,0.3650219142436981,0.0012955762213096023,0.0065592071041464806
0.09231502562761307,0.3650938868522644,0.0012955476995557547,0.006549578160047531
0.09231831878423691,0.36511218547821045,0.0012958917068317533,0.006549168843775988
0.09231026470661163,0.36511391401290894,0.0012959032319486141,0.006548892706632614
0.09231676906347275,0.3650839328765869,0.0012956750579178333,0.006548192352056503
0.09231676906347275,0.3650839328765869,0.0012956750579178333,0.006548192352056503
0.09228844940662384,0.3650219142436981,0.0012955762213096023,0.0065592071041464806
0.09231502562761307,0.3650938868522644,0.0012955476995557547,0.006549578160047531
0.09231831878423691,0.36511218547821045,0.0012958917068317533,0.006549168843775988
0.09231026470661163,0.36511391401290894,0.0012959032319486141,0.006548892706632614
0.09231676906347275,0.3650839328765869,0.0012956750579178333,0.006548192352056503
0.09231676906347275,0.3650839328765869,0.0012956750579178333,0.006548192352056503
0.09228844940662384,0.3650219142436981,0.0012955762213096023,0.0065592071041464806
0.09231502562761307,0.3650938868522644,0.0012955476995557547,0.006549578160047531
0.09231831878423691,0.36511218547821045,0.0012958917068317533,0.006549168843775988
0.09231026470661163,0.36511391401290894,0.0012959032319486141,0.006548892706632614
0.09231676906347275,0.3650839328765869,0.0012956750579178333,0.006548192352056503
0.09231676906347275,0.3650839328765869,0.0012956750579178333,0.006548192352056503
0.09228844940662384,0.3650219142436981,0.0012955762213096023,0.0065592071041464806
0.09231502562761307,0.3650938868522644,0.0012955476995557547,0.006549578160047531
0.09231831878423691,0.36511218547821045,0.0012958917068317533,0.006549168843775988
0.09231026470661163,0.36511391401290894,0.0012959032319486141,0.006548892706632614
0.09231676906347275,0.3650839328765869,0.0012956750579178333,0.006548192352056503
0.09231676906347275,0.3650839328765869,0.0012956750579178333,0.006548192352056503
0.09228844940662384,0.3650219142436981,0.0012955762213096023,0.0065592071041464806
0.09231502562761307,0.3650938868522644,0.0012955476995557547,0.006549578160047531
0.09231831878423691,0.36511218547821045,0.0012958917068317533,0.006549168843775988
0.09231026470661163,0.36511391401290894,0.0012959032319486141,0.006548892706632614
0.09231676906347275,0.3650839328765869,0.0012956750579178333,0.006548192352056503
0.09231676906347275,0.3650839328765869,0.0012956750579178333,0.006548192352056503
0.09228844940662384,0.3650219142436981,0.0012955762213096023,0.0065592071041464806
0.09231502562761307,0.3650938868522644,0.0012955476995557547,0.006549578160047531
0.09231831878423691,0.36511218547821045,0.0012958917068317533,0.006549168843775988
0.09231026470661163,0.36511391401290894,0.0012959032319486141,0.006548892706632614
0.09231676906347275,0.3650839328765869,0.0012956750579178333,0.006548192352056503
0.09231676906347275,0.3650839328765869,0.0012956750579178333,0.006548192352056503
0.09228844940662384,0.3650219142436981,0.0012955762213096023,0.0065592071041464806
0.09231502562761307,0.3650938868522644,0.0012955476995557547,0.006549578160047531
0.09231831878423691,0.36511218547821045,0.0012958917068317533,0.006549168843775988
0.09231026470661163,0.36511391401290894,0.0012959032319486141,0.006548892706632614
0.09231676906347275,0.3650839328765869,0.0012956750579178333,0.006548192352056503
0.09231676906347275,0.3650839328765869,0.0012956750579178333,0.006548192352056503
0.09228844940662384,0.3650219142436981,0.0012955762213096023,0.0065592071041464806
0.09231502562761307,0.3650938868522644,0.0012955476995557547,0.006549578160047531
0.09231831878423691,0.36511218547821045,0.0012958917068317533,0.006549168843775988
0.09231026470661163,0.36511391401290894,0.0012959032319486141,0.006548892706632614
0.09231676906347275,0.3650839328765869,0.0012956750579178333,0.006548192352056503
0.09231676906347275,0.3650839328765869,0.0012956750579178333,0.006548192352056503
0.09228844940662384,0.3650219142436981,0.0012955762213096023,0.0065592071041464806
0.09231502562761307,0.3650938868522644,0.0012955476995557547,0.006549578160047531
0.09231831878423691,0.36511218547821045,0.0012958917068317533,0.006549168843775988
0.09231026470661163,0.36511391401290894,0.0012959032319486141,0.006548892706632614
0.09231676906347275,0.3650839328765869,0.0012956750579178333,0.006548192352056503
0.09231676906347275,0.3650839328765869,0.0012956750579178333,0.006548192352056503
0.09228844940662384,0.3650219142436981,0.0012955762213096023,0.0065592071041464806
0.09231502562761307,0.3650938868522644,0.0012955476995557547,0.006549578160047531
0.09231831878423691,0.36511218547821045,0.0012958917068317533,0.006549168843775988
0.09231026470661163,0.36511391401290894,0.0012959032319486141,0.006548892706632614
0.09231676906347275,0.3650839328765869,0.0012956750579178333,0.006548192352056503
0.09231676906347275,0.3650839328765869,0.0012956750579178333,0.006548192352056503
0.09228844940662384,0.3650219142436981,0.0012955762213096023,0.0065592071041464806
0.09231502562761307,0.3650938868522644,0.0012955476995557547,0.006549578160047531
0.09231831878423691,0.36511218547821045,0.0012958917068317533,0.006549168843775988
0.09231026470661163,0.36511391401290894,0.0012959032319486141,0.006548892706632614
0.09231676906347275,0.3650839328765869,0.0012956750579178333,0.006548192352056503
0.09231676906347275,0.3650839328765869,0.0012956750579178333,0.006548192352056503
0.09228844940662384,0.3650219142436981,0.0012955762213096023,0.0065592071041464806
0.09231502562761307,0.3650938868522644,0.0012955476995557547,0.006549578160047531
0.09231831878423691,0.36511218547821045,0.0012958917068317533,0.006549168843775988
0.09231026470661163,0.36511391401290894,0.0012959032319486141,0.006548892706632614
0.09231676906347275,0.3650839328765869,0.0012956750579178333,0.006548192352056503
0.09231676906347275,0.3650839328765869,0.0012956750579178333,0.006548192352056503
0.09228844940662384,0.3650219142436981,0.0012955762213096023,0.0065592071041464806
0.09231502562761307,0.3650938868522644,0.0012955476995557547,0.006549578160047531
0.09231831878423691,0.36511218547821045,0.0012958917068317533,0.006549168843775988
0.09231026470661163,0.36511391401290894,0.0012959032319486141,0.006548892706632614
0.09231676906347275,0.3650839328765869,0.0012956750579178333,0.006548192352056503
0.09231676906347275,0.3650839328765869,0.0012956750579178333,0.006548192352056503
0.09228844940662384,0.3650219142436981,0.0012955762213096023,0.0065592071041464806
0.09231502562761307,0.3650938868522644,0.0012955476995557547,0.006549578160047531
0.09231831878423691,0.36511218547821045,0.0012958917068317533,0.006549168843775988
0.09231026470661163,0.36511391401290894,0.0012959032319486141,0.006548892706632614
0.09231676906347275,0.3650839328765869,0.0012956750579178333,0.006548192352056503
0.09231676906347275,0.3650839328765869,0.0012956750579178333,0.006548192352056503
0.09228844940662384,0.3650219142436981,0.0012955762213096023,0.0065592071041464806
0.09231502562761307,0.3650938868522644,0.0012955476995557547,0.006549578160047531
0.09231831878423691,0.36511218547821045,0.0012958917068317533,0.006549168843775988
0.09231026470661163,0.36511391401290894,0.0012959032319486141,0.006548892706632614
0.09231676906347275,0.3650839328765869,0.0012956750579178333,0.006548192352056503
0.09231676906347275,0.3650839328765869,0.0012956750579178333,0.006548192352056503
0.09228844940662384,0.3650219142436981,0.0012955762213096023,0.0065592071041464806
0.09231502562761307,0.3650938868522644,0.0012955476995557547,0.006549578160047531
0.09231831878423691,0.36511218547821045,0.0012958917068317533,0.006549168843775988
0.09231026470661163,0.36511391401290894,0.0012959032319486141,0.006548892706632614
0.09231676906347275,0.3650839328765869,0.0012956750579178333,0.006548192352056503
0.09231676906347275,0.3650839328765869,0.0012956750579178333,0.006548192352056503
0.09228844940662384,0.3650219142436981,0.0012955762213096023,0.0065592071041464806
0.09231502562761307,0.3650938868522644,0.0012955476995557547,0.006549578160047531
0.09231831878423691,0.36511218547821045,0.0012958917068317533,0.006549168843775988
0.09231026470661163,0.36511391401290894,0.0012959032319486141,0.006548892706632614
0.09231676906347275,0.3650839328765869,0.0012956750579178333,0.006548192352056503
0.09231676906347275,0.3650839328765869,0.0012956750579178333,0.006548192352056503
0.09228844940662384,0.3650219142436981,0.0012955762213096023,0.0065592071041464806
0.09231502562761307,0.3650938868522644,0.0012955476995557547,0.006549578160047531
0.09231831878423691,0.36511218547821045,0.0012958917068317533,0.006549168843775988
0.09231026470661163,0.36511391401290894,0.0012959032319486141,0.006548892706632614
0.09231676906347275,0.3650839328765869,0.0012956750579178333,0.006548192352056503
0.09231676906347275,0.3650839328765869,0.0012956750579178333,0.006548192352056503
0.09228844940662384,0.3650219142436981,0.0012955762213096023,0.0065592071041464806
0.09231502562761307,0.3650938868522644,0.0012955476995557547,0.006549578160047531
0.09231831878423691,0.36511218547821045,0.0012958917068317533,0.006549168843775988
0.09231026470661163,0.36511391401290894,0.0012959032319486141,0.006548892706632614
0.09231676906347275,0.3650839328765869,0.0012956750579178333,0.006548192352056503
0.09231676906347275,0.3650839328765869,0.0012956750579178333,0.006548192352056503
0.09228844940662384,0.3650219142436981,0.0012955762213096023,0.0065592071041464806
0.09231502562761307,0.3650938868522644,0.0012955476995557547,0.006549578160047531
0.09231831878423691,0.36511218547821045,0.0012958917068317533,0.006549168843775988
0.09231026470661163,0.36511391401290894,0.0012959032319486141,0.006548892706632614
0.09231676906347275,0.3650839328765869,0.0012956750579178333,0.006548192352056503
0.09231676906347275,0.3650839328765869,0.0012956750579178333,0.006548192352056503
0.09228844940662384,0.3650219142436981,0.0012955762213096023,0.0065592071041464806
0.09231502562761307,0.3650938868522644,0.0012955476995557547,0.006549578160047531
0.09231831878423691,0.36511218547821045,0.0012958917068317533,0.006549168843775988
0.09231026470661163,0.36511391401290894,0.0012959032319486141,0.006548892706632614
0.09231676906347275,0.3650839328765869,0.0012956750579178333,0.006548192352056503
0.09231676906347275,0.3650839328765869,0.0012956750579178333,0.006548192352056503
0.09228844940662384,0.3650219142436981,0.0012955762213096023,0.0065592071041464806
0.09231502562761307,0.3650938868522644,0.0012955476995557547,0.006549578160047531
0.09231831878423691,0.36511218547821045,0.0012958917068317533,0.006549168843775988
0.09231026470661163,0.36511391401290894,0.0012959032319486141,0.006548892706632614
0.09231676906347275,0.3650839328765869,0.0012956750579178333,0.006548192352056503
0.09231676906347275,0.3650839328765869,0.0012956750579178333,0.006548192352056503
0.09228844940662384,0.3650219142436981,0.0012955762213096023,0.0065592071041464806
0.09231502562761307,0.3650938868522644,0.0012955476995557547,0.006549578160047531
0.09231831878423691,0.36511218547821045,0.0012958917068317533,0.006549168843775988
0.09231026470661163,0.36511391401290894,0.0012959032319486141,0.006548892706632614
0.09231676906347275,0.3650839328765869,0.0012956750579178333,0.006548192352056503
0.09231676906347275,0.3650839328765869,0.0012956750579178333,0.006548192352056503
0.09228844940662384,0.3650219142436981,0.0012955762213096023,0.0065592071041464806
0.09231502562761307,0.3650938868522644,0.0012955476995557547,0.006549578160047531
0.09231831878423691,0.36511218547821045,0.0012958917068317533,0.006549168843775988
0.09231026470661163,0.36511391401290894,0.0012959032319486141,0.006548892706632614
0.09231676906347275,0.3650839328765869,0.0012956750579178333,0.006548192352056503
0.09231676906347275,0.3650839328765869,0.0012956750579178333,0.006548192352056503
0.09228844940662384,0.3650219142436981,0.0012955762213096023,0.0065592071041464806
0.09231502562761307,0.3650938868522644,0.0012955476995557547,0.006549578160047531
0.09231831878423691,0.36511218547821045,0.0012958917068317533,0.006549168843775988
0.09231026470661163,0.36511391401290894,0.0012959032319486141,0.006548892706632614
0.09231676906347275,0.3650839328765869,0.0012956750579178333,0.006548192352056503
0.09231676906347275,0.3650839328765869,0.0012956750579178333,0.006548192352056503
0.09228844940662384,0.3650219142436981,0.0012955762213096023,0.0065592071041464806
0.09231502562761307,0.3650938868522644,0.0012955476995557547,0.006549578160047531
0.09231831878423691,0.36511218547821045,0.0012958917068317533,0.006549168843775988
0.09231026470661163,0.36511391401290894,0.0012959032319486141,0.006548892706632614
0.09231676906347275,0.3650839328765869,0.0012956750579178333,0.006548192352056503
0.09231676906347275,0.3650839328765869,0.0012956750579178333,0.006548192352056503
0.09228844940662384,0.3650219142436981,0.0012955762213096023,0.0065592071041464806
0.09231502562761307,0.3650938868522644,0.0012955476995557547,0.006549578160047531
0.09231831878423691,0.36511218547821045,0.0012958917068317533,0.006549168843775988
0.09231026470661163,0.36511391401290894,0.0012959032319486141,0.006548892706632614
0.09231676906347275,0.3650839328765869,0.0012956750579178333,0.006548192352056503
0.09231676906347275,0.3650839328765869,0.0012956750579178333,0.006548192352056503
0.09228844940662384,0.3650219142436981,0.0012955762213096023,0.0065592071041464806
0.09231502562761307,0.3650938868522644,0.0012955476995557547,0.006549578160047531
0.09231831878423691,0.36511218547821045,0.0012958917068317533,0.006549168843775988
0.09231026470661163,0.36511391401290894,0.0012959032319486141,0.006548892706632614
0.09231676906347275,0.3650839328765869,0.0012956750579178333,0.006548192352056503
0.09231676906347275,0.3650839328765869,0.0012956750579178333,0.006548192352056503
0.09228844940662384,0.3650219142436981,0.0012955762213096023,0.0065592071041464806
0.09231502562761307,0.3650938868522644,0.0012955476995557547,0.006549578160047531
0.09231831878423691,0.36511218547821045,0.0012958917068317533,0.006549168843775988
0.09231026470661163,0.36511391401290894,0.0012959032319486141,0.006548892706632614
0.09231676906347275,0.3650839328765869,0.0012956750579178333,0.006548192352056503
0.09231676906347275,0.3650839328765869,0.0012956750579178333,0.006548192352056503
0.09228844940662384,0.3650219142436981,0.0012955762213096023,0.0065592071041464806
0.09231502562761307,0.3650938868522644,0.0012955476995557547,0.006549578160047531
0.09231831878423691,0.36511218547821045,0.0012958917068317533,0.006549168843775988
0.09231026470661163,0.36511391401290894,0.0012959032319486141,0.006548892706632614
0.09231676906347275,0.3650839328765869,0.0012956750579178333,0.006548192352056503
0.09231676906347275,0.3650839328765869,0.0012956750579178333,0.006548192352056503
0.09228844940662384,0.3650219142436981,0.0012955762213096023,0.0065592071041464806
0.09231502562761307,0.3650938868522644,0.0012955476995557547,0.006549578160047531
0.09231831878423691,0.36511218547821045,0.0012958917068317533,0.006549168843775988
0.09231026470661163,0.36511391401290894,0.0012959032319486141,0.006548892706632614
0.09231676906347275,0.3650839328765869,0.0012956750579178333,0.006548192352056503
0.09231676906347275,0.3650839328765869,0.0012956750579178333,0.006548192352056503
0.09228844940662384,0.3650219142436981,0.0012955762213096023,0.0065592071041464806
0.09231502562761307,0.3650938868522644,0.0012955476995557547,0.006549578160047531
0.09231831878423691,0.36511218547821045,0.0012958917068317533,0.006549168843775988
0.09231026470661163,0.36511391401290894,0.0012959032319486141,0.006548892706632614
0.09231676906347275,0.3650839328765869,0.0012956750579178333,0.006548192352056503
0.09231676906347275,0.3650839328765869,0.0012956750579178333,0.006548192352056503
0.09228844940662384,0.3650219142436981,0.0012955762213096023,0.0065592071041464806
0.09231502562761307,0.3650938868522644,0.0012955476995557547,0.006549578160047531
0.09231831878423691,0.36511218547821045,0.0012958917068317533,0.006549168843775988
0.09231026470661163,0.36511391401290894,0.0012959032319486141,0.006548892706632614
0.09231676906347275,0.3650839328765869,0.0012956750579178333,0.006548192352056503
0.09231676906347275,0.3650839328765869,0.0012956750579178333,0.006548192352056503
0.09228844940662384,0.3650219142436981,0.0012955762213096023,0.0065592071041464806
0.09231502562761307,0.3650938868522644,0.0012955476995557547,0.006549578160047531
0.09231831878423691,0.36511218547821045,0.0012958917068317533,0.006549168843775988
0.09231026470661163,0.36511391401290894,0.0012959032319486141,0.006548892706632614
0.09231676906347275,0.3650839328765869,0.0012956750579178333,0.006548192352056503
0.09231676906347275,0.3650839328765869,0.0012956750579178333,0.006548192352056503
0.09228844940662384,0.3650219142436981,0.0012955762213096023,0.0065592071041464806
0.09231502562761307,0.3650938868522644,0.0012955476995557547,0.006549578160047531
0.09231831878423691,0.36511218547821045,0.0012958917068317533,0.006549168843775988
0.09231026470661163,0.36511391401290894,0.0012959032319486141,0.006548892706632614
0.09231676906347275,0.3650839328765869,0.0012956750579178333,0.006548192352056503
0.09231676906347275,0.3650839328765869,0.0012956750579178333,0.006548192352056503
0.09228844940662384,0.3650219142436981,0.0012955762213096023,0.0065592071041464806
0.09231502562761307,0.3650938868522644,0.0012955476995557547,0.006549578160047531
0.09231831878423691,0.36511218547821045,0.0012958917068317533,0.006549168843775988
0.09231026470661163,0.36511391401290894,0.0012959032319486141,0.006548892706632614
0.09231676906347275,0.3650839328765869,0.0012956750579178333,0.006548192352056503
0.09231676906347275,0.3650839328765869,0.0012956750579178333,0.006548192352056503
0.09228844940662384,0.3650219142436981,0.0012955762213096023,0.0065592071041464806
0.09231502562761307,0.3650938868522644,0.0012955476995557547,0.006549578160047531
0.09231831878423691,0.36511218547821045,0.0012958917068317533,0.006549168843775988
0.09231026470661163,0.36511391401290894,0.0012959032319486141,0.006548892706632614
0.09231676906347275,0.3650839328765869,0.0012956750579178333,0.006548192352056503
0.09231676906347275,0.3650839328765869,0.0012956750579178333,0.006548192352056503
0.09228844940662384,0.3650219142436981,0.0012955762213096023,0.0065592071041464806
0.09231502562761307,0.3650938868522644,0.0012955476995557547,0.006549578160047531
0.09231831878423691,0.36511218547821045,0.0012958917068317533,0.006549168843775988
0.09231026470661163,0.36511391401290894,0.0012959032319486141,0.006548892706632614
0.09231676906347275,0.3650839328765869,0.0012956750579178333,0.006548192352056503
0.09231676906347275,0.3650839328765869,0.0012956750579178333,0.006548192352056503
0.09228844940662384,0.3650219142436981,0.0012955762213096023,0.0065592071041464806
0.09231502562761307,0.3650938868522644,0.0012955476995557547,0.006549578160047531
0.09231831878423691,0.36511218547821045,0.0012958917068317533,0.006549168843775988
0.09231026470661163,0.36511391401290894,0.0012959032319486141,0.006548892706632614
0.09231676906347275,0.3650839328765869,0.0012956750579178333,0.006548192352056503
0.09231676906347275,0.3650839328765869,0.0012956750579178333,0.006548192352056503
0.09228844940662384,0.3650219142436981,0.0012955762213096023,0.0065592071041464806
0.09231502562761307,0.3650938868522644,0.0012955476995557547,0.006549578160047531
0.09231831878423691,0.36511218547821045,0.0012958917068317533,0.006549168843775988
0.09231026470661163,0.36511391401290894,0.0012959032319486141,0.006548892706632614
0.09231676906347275,0.3650839328765869,0.0012956750579178333,0.006548192352056503
0.09231676906347275,0.3650839328765869,0.0012956750579178333,0.006548192352056503
0.09228844940662384,0.3650219142436981,0.0012955762213096023,0.0065592071041464806
0.09231502562761307,0.3650938868522644,0.0012955476995557547,0.006549578160047531
0.09231831878423691,0.36511218547821045,0.0012958917068317533,0.006549168843775988
0.09231026470661163,0.36511391401290894,0.0012959032319486141,0.006548892706632614
0.09231676906347275,0.3650839328765869,0.0012956750579178333,0.006548192352056503
0.09231676906347275,0.3650839328765869,0.0012956750579178333,0.006548192352056503
0.09228844940662384,0.3650219142436981,0.0012955762213096023,0.0065592071041464806
0.09231502562761307,0.3650938868522644,0.0012955476995557547,0.006549578160047531
0.09231831878423691,0.36511218547821045,0.0012958917068317533,0.006549168843775988
0.09231026470661163,0.36511391401290894,0.0012959032319486141,0.006548892706632614
0.09231676906347275,0.3650839328765869,0.0012956750579178333,0.006548192352056503
0.09231676906347275,0.3650839328765869,0.0012956750579178333,0.006548192352056503
0.09228844940662384,0.3650219142436981,0.0012955762213096023,0.0065592071041464806
0.09231502562761307,0.3650938868522644,0.0012955476995557547,0.006549578160047531
0.09231831878423691,0.36511218547821045,0.0012958917068317533,0.006549168843775988
0.09231026470661163,0.36511391401290894,0.0012959032319486141,0.006548892706632614
0.09231676906347275,0.3650839328765869,0.0012956750579178333,0.006548192352056503
0.09231676906347275,0.3650839328765869,0.0012956750579178333,0.006548192352056503
0.09228844940662384,0.3650219142436981,0.0012955762213096023,0.0065592071041464806
0.09231502562761307,0.3650938868522644,0.0012955476995557547,0.006549578160047531
0.09231831878423691,0.36511218547821045,0.0012958917068317533,0.006549168843775988
0.09231026470661163,0.36511391401290894,0.0012959032319486141,0.006548892706632614
0.09231676906347275,0.3650839328765869,0.0012956750579178333,0.006548192352056503
0.09231676906347275,0.3650839328765869,0.0012956750579178333,0.006548192352056503
0.09228844940662384,0.3650219142436981,0.0012955762213096023,0.0065592071041464806
0.09231502562761307,0.3650938868522644,0.0012955476995557547,0.006549578160047531
0.09231831878423691,0.36511218547821045,0.0012958917068317533,0.006549168843775988
0.09231026470661163,0.36511391401290894,0.0012959032319486141,0.006548892706632614
0.09231676906347275,0.3650839328765869,0.0012956750579178333,0.006548192352056503
0.09231676906347275,0.3650839328765869,0.0012956750579178333,0.006548192352056503
0.09228844940662384,0.3650219142436981,0.0012955762213096023,0.0065592071041464806
0.09231502562761307,0.3650938868522644,0.0012955476995557547,0.006549578160047531
0.09231831878423691,0.36511218547821045,0.0012958917068317533,0.006549168843775988
0.09231026470661163,0.36511391401290894,0.0012959032319486141,0.006548892706632614
0.09231676906347275,0.3650839328765869,0.0012956750579178333,0.006548192352056503
0.09231676906347275,0.3650839328765869,0.0012956750579178333,0.006548192352056503
0.09228844940662384,0.3650219142436981,0.0012955762213096023,0.0065592071041464806
0.09231502562761307,0.3650938868522644,0.0012955476995557547,0.006549578160047531
0.09231831878423691,0.36511218547821045,0.0012958917068317533,0.006549168843775988
0.09231026470661163,0.36511391401290894,0.0012959032319486141,0.006548892706632614
0.09231676906347275,0.3650839328765869,0.0012956750579178333,0.006548192352056503
0.09231676906347275,0.3650839328765869,0.0012956750579178333,0.006548192352056503
0.09228844940662384,0.3650219142436981,0.0012955762213096023,0.0065592071041464806
0.09231502562761307,0.3650938868522644,0.0012955476995557547,0.006549578160047531
0.09231831878423691,0.36511218547821045,0.0012958917068317533,0.006549168843775988
0.09231026470661163,0.36511391401290894,0.0012959032319486141,0.006548892706632614
0.09231676906347275,0.3650839328765869,0.0012956750579178333,0.006548192352056503
0.09231676906347275,0.3650839328765869,0.0012956750579178333,0.006548192352056503
0.09228844940662384,0.3650219142436981,0.0012955762213096023,0.0065592071041464806
0.09231502562761307,0.3650938868522644,0.0012955476995557547,0.006549578160047531
0.09231831878423691,0.36511218547821045,0.0012958917068317533,0.006549168843775988
0.09231026470661163,0.36511391401290894,0.0012959032319486141,0.006548892706632614
0.09231676906347275,0.3650839328765869,0.0012956750579178333,0.006548192352056503
0.09231676906347275,0.3650839328765869,0.0012956750579178333,0.006548192352056503
0.09228844940662384,0.3650219142436981,0.0012955762213096023,0.0065592071041464806
0.09231502562761307,0.3650938868522644,0.0012955476995557547,0.006549578160047531
0.09231831878423691,0.36511218547821045,0.0012958917068317533,0.006549168843775988
0.09231026470661163,0.36511391401290894,0.0012959032319486141,0.006548892706632614
0.09231676906347275,0.3650839328765869,0.0012956750579178333,0.006548192352056503
0.09231676906347275,0.3650839328765869,0.0012956750579178333,0.006548192352056503
0.09228844940662384,0.3650219142436981,0.0012955762213096023,0.0065592071041464806
0.09231502562761307,0.3650938868522644,0.0012955476995557547,0.006549578160047531
0.09231831878423691,0.36511218547821045,0.0012958917068317533,0.006549168843775988
0.09231026470661163,0.36511391401290894,0.0012959032319486141,0.006548892706632614
0.09231676906347275,0.3650839328765869,0.0012956750579178333,0.006548192352056503
0.09231676906347275,0.3650839328765869,0.0012956750579178333,0.006548192352056503
0.09228844940662384,0.3650219142436981,0.0012955762213096023,0.0065592071041464806
0.09231502562761307,0.3650938868522644,0.0012955476995557547,0.006549578160047531
0.09231831878423691,0.36511218547821045,0.0012958917068317533,0.006549168843775988
0.09231026470661163,0.36511391401290894,0.0012959032319486141,0.006548892706632614
0.09231676906347275,0.3650839328765869,0.0012956750579178333,0.006548192352056503
0.09231676906347275,0.3650839328765869,0.0012956750579178333,0.006548192352056503
0.09228844940662384,0.3650219142436981,0.0012955762213096023,0.0065592071041464806
0.09231502562761307,0.3650938868522644,0.0012955476995557547,0.006549578160047531
0.09231831878423691,0.36511218547821045,0.0012958917068317533,0.006549168843775988
0.09231026470661163,0.36511391401290894,0.0012959032319486141,0.006548892706632614
0.09231676906347275,0.3650839328765869,0.0012956750579178333,0.006548192352056503
0.09231676906347275,0.3650839328765869,0.0012956750579178333,0.006548192352056503
0.09228844940662384,0.3650219142436981,0.0012955762213096023,0.0065592071041464806
0.09231502562761307,0.3650938868522644,0.0012955476995557547,0.006549578160047531
0.09231831878423691,0.36511218547821045,0.0012958917068317533,0.006549168843775988
0.09231026470661163,0.36511391401290894,0.0012959032319486141,0.006548892706632614
0.09231676906347275,0.3650839328765869,0.0012956750579178333,0.006548192352056503
0.09231676906347275,0.3650839328765869,0.0012956750579178333,0.006548192352056503
0.09228844940662384,0.3650219142436981,0.0012955762213096023,0.0065592071041464806
0.09231502562761307,0.3650938868522644,0.0012955476995557547,0.006549578160047531
0.09231831878423691,0.36511218547821045,0.0012958917068317533,0.006549168843775988
0.09231026470661163,0.36511391401290894,0.0012959032319486141,0.006548892706632614
0.09231676906347275,0.3650839328765869,0.0012956750579178333,0.006548192352056503
0.09231676906347275,0.3650839328765869,0.0012956750579178333,0.006548192352056503
0.09228844940662384,0.3650219142436981,0.0012955762213096023,0.0065592071041464806
0.09231502562761307,0.3650938868522644,0.0012955476995557547,0.006549578160047531
0.09231831878423691,0.36511218547821045,0.0012958917068317533,0.006549168843775988
0.09231026470661163,0.36511391401290894,0.0012959032319486141,0.006548892706632614
0.09231676906347275,0.3650839328765869,0.0012956750579178333,0.006548192352056503
0.09231676906347275,0.3650839328765869,0.0012956750579178333,0.006548192352056503
0.09228844940662384,0.3650219142436981,0.0012955762213096023,0.0065592071041464806
0.09231502562761307,0.3650938868522644,0.0012955476995557547,0.006549578160047531
0.09231831878423691,0.36511218547821045,0.0012958917068317533,0.006549168843775988
0.09231026470661163,0.36511391401290894,0.0012959032319486141,0.006548892706632614
0.09231676906347275,0.3650839328765869,0.0012956750579178333,0.006548192352056503
0.09231676906347275,0.3650839328765869,0.0012956750579178333,0.006548192352056503
0.09228844940662384,0.3650219142436981,0.0012955762213096023,0.0065592071041464806
0.09231502562761307,0.3650938868522644,0.0012955476995557547,0.006549578160047531
0.09231831878423691,0.36511218547821045,0.0012958917068317533,0.006549168843775988
0.09231026470661163,0.36511391401290894,0.0012959032319486141,0.006548892706632614
0.09231676906347275,0.3650839328765869,0.0012956750579178333,0.006548192352056503
0.09231676906347275,0.3650839328765869,0.0012956750579178333,0.006548192352056503
0.09228844940662384,0.3650219142436981,0.0012955762213096023,0.0065592071041464806
0.09231502562761307,0.3650938868522644,0.0012955476995557547,0.006549578160047531
0.09231831878423691,0.36511218547821045,0.0012958917068317533,0.006549168843775988
0.09231026470661163,0.36511391401290894,0.0012959032319486141,0.006548892706632614
0.09231676906347275,0.3650839328765869,0.0012956750579178333,0.006548192352056503
0.09231676906347275,0.3650839328765869,0.0012956750579178333,0.006548192352056503
0.09228844940662384,0.3650219142436981,0.0012955762213096023,0.0065592071041464806
0.09231502562761307,0.3650938868522644,0.0012955476995557547,0.006549578160047531
0.09231831878423691,0.36511218547821045,0.0012958917068317533,0.006549168843775988
0.09231026470661163,0.36511391401290894,0.0012959032319486141,0.006548892706632614
0.09231676906347275,0.3650839328765869,0.0012956750579178333,0.006548192352056503
0.09231676906347275,0.3650839328765869,0.0012956750579178333,0.006548192352056503
0.09228844940662384,0.3650219142436981,0.0012955762213096023,0.0065592071041464806
0.09231502562761307,0.3650938868522644,0.0012955476995557547,0.006549578160047531
0.09231831878423691,0.36511218547821045,0.0012958917068317533,0.006549168843775988
0.09231026470661163,0.36511391401290894,0.0012959032319486141,0.006548892706632614
0.09231676906347275,0.3650839328765869,0.0012956750579178333,0.006548192352056503
0.09231676906347275,0.3650839328765869,0.0012956750579178333,0.006548192352056503
0.09228844940662384,0.3650219142436981,0.0012955762213096023,0.0065592071041464806
0.09231502562761307,0.3650938868522644,0.0012955476995557547,0.006549578160047531
0.09231831878423691,0.36511218547821045,0.0012958917068317533,0.006549168843775988
0.09231026470661163,0.36511391401290894,0.0012959032319486141,0.006548892706632614
0.09231676906347275,0.3650839328765869,0.0012956750579178333,0.006548192352056503
0.09231676906347275,0.3650839328765869,0.0012956750579178333,0.006548192352056503
0.09228844940662384,0.3650219142436981,0.0012955762213096023,0.0065592071041464806
0.09231502562761307,0.3650938868522644,0.0012955476995557547,0.006549578160047531
0.09231831878423691,0.36511218547821045,0.0012958917068317533,0.006549168843775988
0.09231026470661163,0.36511391401290894,0.0012959032319486141,0.006548892706632614
0.09231676906347275,0.3650839328765869,0.0012956750579178333,0.006548192352056503
0.09231676906347275,0.3650839328765869,0.0012956750579178333,0.006548192352056503
0.09228844940662384,0.3650219142436981,0.0012955762213096023,0.0065592071041464806
0.09231502562761307,0.3650938868522644,0.0012955476995557547,0.006549578160047531
0.09231831878423691,0.36511218547821045,0.0012958917068317533,0.006549168843775988
0.09231026470661163,0.36511391401290894,0.0012959032319486141,0.006548892706632614
0.09231676906347275,0.3650839328765869,0.0012956750579178333,0.006548192352056503
0.09231676906347275,0.3650839328765869,0.0012956750579178333,0.006548192352056503
0.09228844940662384,0.3650219142436981,0.0012955762213096023,0.0065592071041464806
0.09231502562761307,0.3650938868522644,0.0012955476995557547,0.006549578160047531
0.09231831878423691,0.36511218547821045,0.0012958917068317533,0.006549168843775988
0.09231026470661163,0.36511391401290894,0.0012959032319486141,0.006548892706632614
0.09231676906347275,0.3650839328765869,0.0012956750579178333,0.006548192352056503
0.09231676906347275,0.3650839328765869,0.0012956750579178333,0.006548192352056503
0.09228844940662384,0.3650219142436981,0.0012955762213096023,0.0065592071041464806
0.09231502562761307,0.3650938868522644,0.0012955476995557547,0.006549578160047531
0.09231831878423691,0.36511218547821045,0.0012958917068317533,0.006549168843775988
0.09231026470661163,0.36511391401290894,0.0012959032319486141,0.006548892706632614
0.09231676906347275,0.3650839328765869,0.0012956750579178333,0.006548192352056503
0.09231676906347275,0.3650839328765869,0.0012956750579178333,0.006548192352056503
0.09228844940662384,0.3650219142436981,0.0012955762213096023,0.0065592071041464806
0.09231502562761307,0.3650938868522644,0.0012955476995557547,0.006549578160047531
0.09231831878423691,0.36511218547821045,0.0012958917068317533,0.006549168843775988
0.09231026470661163,0.36511391401290894,0.0012959032319486141,0.006548892706632614
0.09231676906347275,0.3650839328765869,0.0012956750579178333,0.006548192352056503
0.09231676906347275,0.3650839328765869,0.0012956750579178333,0.006548192352056503
0.09228844940662384,0.3650219142436981,0.0012955762213096023,0.0065592071041464806
0.09231502562761307,0.3650938868522644,0.0012955476995557547,0.006549578160047531
0.09231831878423691,0.36511218547821045,0.0012958917068317533,0.006549168843775988
0.09231026470661163,0.36511391401290894,0.0012959032319486141,0.006548892706632614
0.09231676906347275,0.3650839328765869,0.0012956750579178333,0.006548192352056503
0.09231676906347275,0.3650839328765869,0.0012956750579178333,0.006548192352056503
0.09228844940662384,0.3650219142436981,0.0012955762213096023,0.0065592071041464806
0.09231502562761307,0.3650938868522644,0.0012955476995557547,0.006549578160047531
0.09231831878423691,0.36511218547821045,0.0012958917068317533,0.006549168843775988
0.09231026470661163,0.36511391401290894,0.0012959032319486141,0.006548892706632614
0.09231676906347275,0.3650839328765869,0.0012956750579178333,0.006548192352056503
0.09231676906347275,0.3650839328765869,0.0012956750579178333,0.006548192352056503
0.09228844940662384,0.3650219142436981,0.0012955762213096023,0.0065592071041464806
0.09231502562761307,0.3650938868522644,0.0012955476995557547,0.006549578160047531
0.09231831878423691,0.36511218547821045,0.0012958917068317533,0.006549168843775988
0.09231026470661163,0.36511391401290894,0.0012959032319486141,0.006548892706632614
0.09231676906347275,0.3650839328765869,0.0012956750579178333,0.006548192352056503
0.09231676906347275,0.3650839328765869,0.0012956750579178333,0.006548192352056503
0.09228844940662384,0.3650219142436981,0.0012955762213096023,0.0065592071041464806
0.09231502562761307,0.3650938868522644,0.0012955476995557547,0.006549578160047531
0.09231831878423691,0.36511218547821045,0.0012958917068317533,0.006549168843775988
0.09231026470661163,0.36511391401290894,0.0012959032319486141,0.006548892706632614
0.09231676906347275,0.3650839328765869,0.0012956750579178333,0.006548192352056503
0.09231676906347275,0.3650839328765869,0.0012956750579178333,0.006548192352056503
0.09228844940662384,0.3650219142436981,0.0012955762213096023,0.0065592071041464806
0.09231502562761307,0.3650938868522644,0.0012955476995557547,0.006549578160047531
0.09231831878423691,0.36511218547821045,0.0012958917068317533,0.006549168843775988
0.09231026470661163,0.36511391401290894,0.0012959032319486141,0.006548892706632614
0.09231676906347275,0.3650839328765869,0.0012956750579178333,0.006548192352056503
0.09231676906347275,0.3650839328765869,0.0012956750579178333,0.006548192352056503
0.09228844940662384,0.3650219142436981,0.0012955762213096023,0.0065592071041464806
0.09231502562761307,0.3650938868522644,0.0012955476995557547,0.006549578160047531
0.09231831878423691,0.36511218547821045,0.0012958917068317533,0.006549168843775988
0.09231026470661163,0.36511391401290894,0.0012959032319486141,0.006548892706632614
0.09231676906347275,0.3650839328765869,0.0012956750579178333,0.006548192352056503
0.09231676906347275,0.3650839328765869,0.0012956750579178333,0.006548192352056503
0.09228844940662384,0.3650219142436981,0.0012955762213096023,0.0065592071041464806
0.09231502562761307,0.3650938868522644,0.0012955476995557547,0.006549578160047531
0.09231831878423691,0.36511218547821045,0.0012958917068317533,0.006549168843775988
0.09231026470661163,0.36511391401290894,0.0012959032319486141,0.006548892706632614
0.09231676906347275,0.3650839328765869,0.0012956750579178333,0.006548192352056503
0.09231676906347275,0.3650839328765869,0.0012956750579178333,0.006548192352056503
0.09228844940662384,0.3650219142436981,0.0012955762213096023,0.0065592071041464806
0.09231502562761307,0.3650938868522644,0.0012955476995557547,0.006549578160047531
0.09231831878423691,0.36511218547821045,0.0012958917068317533,0.006549168843775988
0.09231026470661163,0.36511391401290894,0.0012959032319486141,0.006548892706632614
0.09231676906347275,0.3650839328765869,0.0012956750579178333,0.006548192352056503
0.09231676906347275,0.3650839328765869,0.0012956750579178333,0.006548192352056503
0.09228844940662384,0.3650219142436981,0.0012955762213096023,0.0065592071041464806
0.09231502562761307,0.3650938868522644,0.0012955476995557547,0.006549578160047531
0.09231831878423691,0.36511218547821045,0.0012958917068317533,0.006549168843775988
0.09231026470661163,0.36511391401290894,0.0012959032319486141,0.006548892706632614
0.09231676906347275,0.3650839328765869,0.0012956750579178333,0.006548192352056503
0.09231676906347275,0.3650839328765869,0.0012956750579178333,0.006548192352056503
0.09228844940662384,0.3650219142436981,0.0012955762213096023,0.0065592071041464806
0.09231502562761307,0.3650938868522644,0.0012955476995557547,0.006549578160047531
0.09231831878423691,0.36511218547821045,0.0012958917068317533,0.006549168843775988
0.09231026470661163,0.36511391401290894,0.0012959032319486141,0.006548892706632614
0.09231676906347275,0.3650839328765869,0.0012956750579178333,0.006548192352056503
0.09231676906347275,0.3650839328765869,0.0012956750579178333,0.006548192352056503
0.09228844940662384,0.3650219142436981,0.0012955762213096023,0.0065592071041464806
0.09231502562761307,0.3650938868522644,0.0012955476995557547,0.006549578160047531
0.09231831878423691,0.36511218547821045,0.0012958917068317533,0.006549168843775988
0.09231026470661163,0.36511391401290894,0.0012959032319486141,0.006548892706632614
0.09231676906347275,0.3650839328765869,0.0012956750579178333,0.006548192352056503
0.09231676906347275,0.3650839328765869,0.0012956750579178333,0.006548192352056503
0.09228844940662384,0.3650219142436981,0.0012955762213096023,0.0065592071041464806
0.09231502562761307,0.3650938868522644,0.0012955476995557547,0.006549578160047531
0.09231831878423691,0.36511218547821045,0.0012958917068317533,0.006549168843775988
0.09231026470661163,0.36511391401290894,0.0012959032319486141,0.006548892706632614
0.09231676906347275,0.3650839328765869,0.0012956750579178333,0.006548192352056503
0.09231676906347275,0.3650839328765869,0.0012956750579178333,0.006548192352056503
0.09228844940662384,0.3650219142436981,0.0012955762213096023,0.0065592071041464806
0.09231502562761307,0.3650938868522644,0.0012955476995557547,0.006549578160047531
0.09231831878423691,0.36511218547821045,0.0012958917068317533,0.006549168843775988
0.09231026470661163,0.36511391401290894,0.0012959032319486141,0.006548892706632614
0.09231676906347275,0.3650839328765869,0.0012956750579178333,0.006548192352056503
0.09231676906347275,0.3650839328765869,0.0012956750579178333,0.006548192352056503
0.09228844940662384,0.3650219142436981,0.0012955762213096023,0.0065592071041464806
0.09231502562761307,0.3650938868522644,0.0012955476995557547,0.006549578160047531
0.09231831878423691,0.36511218547821045,0.0012958917068317533,0.006549168843775988
0.09231026470661163,0.36511391401290894,0.0012959032319486141,0.006548892706632614
0.09231676906347275,0.3650839328765869,0.0012956750579178333,0.006548192352056503
0.09231676906347275,0.3650839328765869,0.0012956750579178333,0.006548192352056503
0.09228844940662384,0.3650219142436981,0.0012955762213096023,0.0065592071041464806
0.09231502562761307,0.3650938868522644,0.0012955476995557547,0.006549578160047531
0.09231831878423691,0.36511218547821045,0.0012958917068317533,0.006549168843775988
0.09231026470661163,0.36511391401290894,0.0012959032319486141,0.006548892706632614
0.09231676906347275,0.3650839328765869,0.0012956750579178333,0.006548192352056503
0.09231676906347275,0.3650839328765869,0.0012956750579178333,0.006548192352056503
0.09228844940662384,0.3650219142436981,0.0012955762213096023,0.0065592071041464806
0.09231502562761307,0.3650938868522644,0.0012955476995557547,0.006549578160047531
0.09231831878423691,0.36511218547821045,0.0012958917068317533,0.006549168843775988
0.09231026470661163,0.36511391401290894,0.0012959032319486141,0.006548892706632614
0.09231676906347275,0.3650839328765869,0.0012956750579178333,0.006548192352056503
0.09231676906347275,0.3650839328765869,0.0012956750579178333,0.006548192352056503
0.09228844940662384,0.3650219142436981,0.0012955762213096023,0.0065592071041464806
0.09231502562761307,0.3650938868522644,0.0012955476995557547,0.006549578160047531
0.09231831878423691,0.36511218547821045,0.0012958917068317533,0.006549168843775988
0.09231026470661163,0.36511391401290894,0.0012959032319486141,0.006548892706632614
0.09231676906347275,0.3650839328765869,0.0012956750579178333,0.006548192352056503
0.09231676906347275,0.3650839328765869,0.0012956750579178333,0.006548192352056503
0.09228844940662384,0.3650219142436981,0.0012955762213096023,0.0065592071041464806
0.09231502562761307,0.3650938868522644,0.0012955476995557547,0.006549578160047531
0.09231831878423691,0.36511218547821045,0.0012958917068317533,0.006549168843775988
0.09231026470661163,0.36511391401290894,0.0012959032319486141,0.006548892706632614
0.09231676906347275,0.3650839328765869,0.0012956750579178333,0.006548192352056503
0.09231676906347275,0.3650839328765869,0.0012956750579178333,0.006548192352056503
0.09228844940662384,0.3650219142436981,0.0012955762213096023,0.0065592071041464806
0.09231502562761307,0.3650938868522644,0.0012955476995557547,0.006549578160047531
0.09231831878423691,0.36511218547821045,0.0012958917068317533,0.006549168843775988
0.09231026470661163,0.36511391401290894,0.0012959032319486141,0.006548892706632614
0.09231676906347275,0.3650839328765869,0.0012956750579178333,0.006548192352056503
0.09231676906347275,0.3650839328765869,0.0012956750579178333,0.006548192352056503
0.09228844940662384,0.3650219142436981,0.0012955762213096023,0.0065592071041464806
0.09231502562761307,0.3650938868522644,0.0012955476995557547,0.006549578160047531
0.09231831878423691,0.36511218547821045,0.0012958917068317533,0.006549168843775988
0.09231026470661163,0.36511391401290894,0.0012959032319486141,0.006548892706632614
0.09231676906347275,0.3650839328765869,0.0012956750579178333,0.006548192352056503
0.09231676906347275,0.3650839328765869,0.0012956750579178333,0.006548192352056503
0.09228844940662384,0.3650219142436981,0.0012955762213096023,0.0065592071041464806
0.09231502562761307,0.3650938868522644,0.0012955476995557547,0.006549578160047531
0.09231831878423691,0.36511218547821045,0.0012958917068317533,0.006549168843775988
0.09231026470661163,0.36511391401290894,0.0012959032319486141,0.006548892706632614
0.09231676906347275,0.3650839328765869,0.0012956750579178333,0.006548192352056503
0.09231676906347275,0.3650839328765869,0.0012956750579178333,0.006548192352056503
0.09228844940662384,0.3650219142436981,0.0012955762213096023,0.0065592071041464806
0.09231502562761307,0.3650938868522644,0.0012955476995557547,0.006549578160047531
0.09231831878423691,0.36511218547821045,0.0012958917068317533,0.006549168843775988
0.09231026470661163,0.36511391401290894,0.0012959032319486141,0.006548892706632614
0.09231676906347275,0.3650839328765869,0.0012956750579178333,0.006548192352056503
0.09231676906347275,0.3650839328765869,0.0012956750579178333,0.006548192352056503
0.09228844940662384,0.3650219142436981,0.0012955762213096023,0.0065592071041464806
0.09231502562761307,0.3650938868522644,0.0012955476995557547,0.006549578160047531
0.09231831878423691,0.36511218547821045,0.0012958917068317533,0.006549168843775988
0.09231026470661163,0.36511391401290894,0.0012959032319486141,0.006548892706632614
0.09231676906347275,0.3650839328765869,0.0012956750579178333,0.006548192352056503
0.09231676906347275,0.3650839328765869,0.0012956750579178333,0.006548192352056503
0.09228844940662384,0.3650219142436981,0.0012955762213096023,0.0065592071041464806
0.09231502562761307,0.3650938868522644,0.0012955476995557547,0.006549578160047531
0.09231831878423691,0.36511218547821045,0.0012958917068317533,0.006549168843775988
0.09231026470661163,0.36511391401290894,0.0012959032319486141,0.006548892706632614
0.09231676906347275,0.3650839328765869,0.0012956750579178333,0.006548192352056503
0.09231676906347275,0.3650839328765869,0.0012956750579178333,0.006548192352056503
0.09228844940662384,0.3650219142436981,0.0012955762213096023,0.0065592071041464806
0.09231502562761307,0.3650938868522644,0.0012955476995557547,0.006549578160047531
0.09231831878423691,0.36511218547821045,0.0012958917068317533,0.006549168843775988
0.09231026470661163,0.36511391401290894,0.0012959032319486141,0.006548892706632614
0.09231676906347275,0.3650839328765869,0.0012956750579178333,0.006548192352056503
0.09231676906347275,0.3650839328765869,0.0012956750579178333,0.006548192352056503
0.09228844940662384,0.3650219142436981,0.0012955762213096023,0.0065592071041464806
0.09231502562761307,0.3650938868522644,0.0012955476995557547,0.006549578160047531
0.09231831878423691,0.36511218547821045,0.0012958917068317533,0.006549168843775988
0.09231026470661163,0.36511391401290894,0.0012959032319486141,0.006548892706632614
0.09231676906347275,0.3650839328765869,0.0012956750579178333,0.006548192352056503
0.09231676906347275,0.3650839328765869,0.0012956750579178333,0.006548192352056503
0.09228844940662384,0.3650219142436981,0.0012955762213096023,0.0065592071041464806
0.09231502562761307,0.3650938868522644,0.0012955476995557547,0.006549578160047531
0.09231831878423691,0.36511218547821045,0.0012958917068317533,0.006549168843775988
0.09231026470661163,0.36511391401290894,0.0012959032319486141,0.006548892706632614
0.09231676906347275,0.3650839328765869,0.0012956750579178333,0.006548192352056503
0.09231676906347275,0.3650839328765869,0.0012956750579178333,0.006548192352056503
0.09228844940662384,0.3650219142436981,0.0012955762213096023,0.0065592071041464806
0.09231502562761307,0.3650938868522644,0.0012955476995557547,0.006549578160047531
0.09231831878423691,0.36511218547821045,0.0012958917068317533,0.006549168843775988
0.09231026470661163,0.36511391401290894,0.0012959032319486141,0.006548892706632614
0.09231676906347275,0.3650839328765869,0.0012956750579178333,0.006548192352056503
0.09231676906347275,0.3650839328765869,0.0012956750579178333,0.006548192352056503
0.09228844940662384,0.3650219142436981,0.0012955762213096023,0.0065592071041464806
0.09231502562761307,0.3650938868522644,0.0012955476995557547,0.006549578160047531
0.09231831878423691,0.36511218547821045,0.0012958917068317533,0.006549168843775988
0.09231026470661163,0.36511391401290894,0.0012959032319486141,0.006548892706632614
0.09231676906347275,0.3650839328765869,0.0012956750579178333,0.006548192352056503
0.09231676906347275,0.3650839328765869,0.0012956750579178333,0.006548192352056503
0.09228844940662384,0.3650219142436981,0.0012955762213096023,0.0065592071041464806
0.09231502562761307,0.3650938868522644,0.0012955476995557547,0.006549578160047531
0.09231831878423691,0.36511218547821045,0.0012958917068317533,0.006549168843775988
0.09231026470661163,0.36511391401290894,0.0012959032319486141,0.006548892706632614
0.09231676906347275,0.3650839328765869,0.0012956750579178333,0.006548192352056503
0.09231676906347275,0.3650839328765869,0.0012956750579178333,0.006548192352056503
0.09228844940662384,0.3650219142436981,0.0012955762213096023,0.0065592071041464806
0.09231502562761307,0.3650938868522644,0.0012955476995557547,0.006549578160047531
0.09231831878423691,0.36511218547821045,0.0012958917068317533,0.006549168843775988
0.09231026470661163,0.36511391401290894,0.0012959032319486141,0.006548892706632614
0.09231676906347275,0.3650839328765869,0.0012956750579178333,0.006548192352056503
0.09231676906347275,0.3650839328765869,0.0012956750579178333,0.006548192352056503
0.09228844940662384,0.3650219142436981,0.0012955762213096023,0.0065592071041464806
0.09231502562761307,0.3650938868522644,0.0012955476995557547,0.006549578160047531
0.09231831878423691,0.36511218547821045,0.0012958917068317533,0.006549168843775988
0.09231026470661163,0.36511391401290894,0.0012959032319486141,0.006548892706632614
0.09231676906347275,0.3650839328765869,0.0012956750579178333,0.006548192352056503
0.09231676906347275,0.3650839328765869,0.0012956750579178333,0.006548192352056503
0.09228844940662384,0.3650219142436981,0.0012955762213096023,0.0065592071041464806
0.09231502562761307,0.3650938868522644,0.0012955476995557547,0.006549578160047531
0.09231831878423691,0.36511218547821045,0.0012958917068317533,0.006549168843775988
0.09231026470661163,0.36511391401290894,0.0012959032319486141,0.006548892706632614
0.09231676906347275,0.3650839328765869,0.0012956750579178333,0.006548192352056503
0.09231676906347275,0.3650839328765869,0.0012956750579178333,0.006548192352056503
0.09228844940662384,0.3650219142436981,0.0012955762213096023,0.0065592071041464806
0.09231502562761307,0.3650938868522644,0.0012955476995557547,0.006549578160047531
0.09231831878423691,0.36511218547821045,0.0012958917068317533,0.006549168843775988
0.09231026470661163,0.36511391401290894,0.0012959032319486141,0.006548892706632614
0.09231676906347275,0.3650839328765869,0.0012956750579178333,0.006548192352056503
0.09231676906347275,0.3650839328765869,0.0012956750579178333,0.006548192352056503
0.09228844940662384,0.3650219142436981,0.0012955762213096023,0.0065592071041464806
0.09231502562761307,0.3650938868522644,0.0012955476995557547,0.006549578160047531
0.09231831878423691,0.36511218547821045,0.0012958917068317533,0.006549168843775988
0.09231026470661163,0.36511391401290894,0.0012959032319486141,0.006548892706632614
0.09231676906347275,0.3650839328765869,0.0012956750579178333,0.006548192352056503
0.09231676906347275,0.3650839328765869,0.0012956750579178333,0.006548192352056503
0.09228844940662384,0.3650219142436981,0.0012955762213096023,0.0065592071041464806
0.09231502562761307,0.3650938868522644,0.0012955476995557547,0.006549578160047531
0.09231831878423691,0.36511218547821045,0.0012958917068317533,0.006549168843775988
0.09231026470661163,0.36511391401290894,0.0012959032319486141,0.006548892706632614
0.09231676906347275,0.3650839328765869,0.0012956750579178333,0.006548192352056503
0.09231676906347275,0.3650839328765869,0.0012956750579178333,0.006548192352056503
0.09228844940662384,0.3650219142436981,0.0012955762213096023,0.0065592071041464806
0.09231502562761307,0.3650938868522644,0.0012955476995557547,0.006549578160047531
0.09231831878423691,0.36511218547821045,0.0012958917068317533,0.006549168843775988
0.09231026470661163,0.36511391401290894,0.0012959032319486141,0.006548892706632614
0.09231676906347275,0.3650839328765869,0.0012956750579178333,0.006548192352056503
0.09231676906347275,0.3650839328765869,0.0012956750579178333,0.006548192352056503
0.09228844940662384,0.3650219142436981,0.0012955762213096023,0.0065592071041464806
0.09231502562761307,0.3650938868522644,0.0012955476995557547,0.006549578160047531
0.09231831878423691,0.36511218547821045,0.0012958917068317533,0.006549168843775988
0.09231026470661163,0.36511391401290894,0.0012959032319486141,0.006548892706632614
0.09231676906347275,0.3650839328765869,0.0012956750579178333,0.006548192352056503
0.09231676906347275,0.3650839328765869,0.0012956750579178333,0.006548192352056503
0.09228844940662384,0.3650219142436981,0.0012955762213096023,0.0065592071041464806
0.09231502562761307,0.3650938868522644,0.0012955476995557547,0.006549578160047531
0.09231831878423691,0.36511218547821045,0.0012958917068317533,0.006549168843775988
0.09231026470661163,0.36511391401290894,0.0012959032319486141,0.006548892706632614
0.09231676906347275,0.3650839328765869,0.0012956750579178333,0.006548192352056503
0.09231676906347275,0.3650839328765869,0.0012956750579178333,0.006548192352056503
0.09228844940662384,0.3650219142436981,0.0012955762213096023,0.0065592071041464806
0.09231502562761307,0.3650938868522644,0.0012955476995557547,0.006549578160047531
0.09231831878423691,0.36511218547821045,0.0012958917068317533,0.006549168843775988
0.09231026470661163,0.36511391401290894,0.0012959032319486141,0.006548892706632614
0.09231676906347275,0.3650839328765869,0.0012956750579178333,0.006548192352056503
0.09231676906347275,0.3650839328765869,0.0012956750579178333,0.006548192352056503
0.09228844940662384,0.3650219142436981,0.0012955762213096023,0.0065592071041464806
0.09231502562761307,0.3650938868522644,0.0012955476995557547,0.006549578160047531
0.09231831878423691,0.36511218547821045,0.0012958917068317533,0.006549168843775988
0.09231026470661163,0.36511391401290894,0.0012959032319486141,0.006548892706632614
0.09231676906347275,0.3650839328765869,0.0012956750579178333,0.006548192352056503
0.09231676906347275,0.3650839328765869,0.0012956750579178333,0.006548192352056503
0.09228844940662384,0.3650219142436981,0.0012955762213096023,0.0065592071041464806
0.09231502562761307,0.3650938868522644,0.0012955476995557547,0.006549578160047531
0.09231831878423691,0.36511218547821045,0.0012958917068317533,0.006549168843775988
0.09231026470661163,0.36511391401290894,0.0012959032319486141,0.006548892706632614
0.09231676906347275,0.3650839328765869,0.0012956750579178333,0.006548192352056503
0.09231676906347275,0.3650839328765869,0.0012956750579178333,0.006548192352056503
0.09228844940662384,0.3650219142436981,0.0012955762213096023,0.0065592071041464806
0.09231502562761307,0.3650938868522644,0.0012955476995557547,0.006549578160047531
0.09231831878423691,0.36511218547821045,0.0012958917068317533,0.006549168843775988
0.09231026470661163,0.36511391401290894,0.0012959032319486141,0.006548892706632614
0.09231676906347275,0.3650839328765869,0.0012956750579178333,0.006548192352056503
0.09231676906347275,0.3650839328765869,0.0012956750579178333,0.006548192352056503
0.09228844940662384,0.3650219142436981,0.0012955762213096023,0.0065592071041464806
0.09231502562761307,0.3650938868522644,0.0012955476995557547,0.006549578160047531
0.09231831878423691,0.36511218547821045,0.0012958917068317533,0.006549168843775988
0.09231026470661163,0.36511391401290894,0.0012959032319486141,0.006548892706632614
0.09231676906347275,0.3650839328765869,0.0012956750579178333,0.006548192352056503
0.09231676906347275,0.3650839328765869,0.0012956750579178333,0.006548192352056503
0.09228844940662384,0.3650219142436981,0.0012955762213096023,0.0065592071041464806
0.09231502562761307,0.3650938868522644,0.0012955476995557547,0.006549578160047531
0.09231831878423691,0.36511218547821045,0.0012958917068317533,0.006549168843775988
0.09231026470661163,0.36511391401290894,0.0012959032319486141,0.006548892706632614
0.09231676906347275,0.3650839328765869,0.0012956750579178333,0.006548192352056503
0.09231676906347275,0.3650839328765869,0.0012956750579178333,0.006548192352056503
0.09228844940662384,0.3650219142436981,0.0012955762213096023,0.0065592071041464806
0.09231502562761307,0.3650938868522644,0.0012955476995557547,0.006549578160047531
0.09231831878423691,0.36511218547821045,0.0012958917068317533,0.006549168843775988
0.09231026470661163,0.36511391401290894,0.0012959032319486141,0.006548892706632614
0.09231676906347275,0.3650839328765869,0.0012956750579178333,0.006548192352056503
0.09231676906347275,0.3650839328765869,0.0012956750579178333,0.006548192352056503
0.09228844940662384,0.3650219142436981,0.0012955762213096023,0.0065592071041464806
0.09231502562761307,0.3650938868522644,0.0012955476995557547,0.006549578160047531
0.09231831878423691,0.36511218547821045,0.0012958917068317533,0.006549168843775988
0.09231026470661163,0.36511391401290894,0.0012959032319486141,0.006548892706632614
0.09231676906347275,0.3650839328765869,0.0012956750579178333,0.006548192352056503
0.09231676906347275,0.3650839328765869,0.0012956750579178333,0.006548192352056503
0.09228844940662384,0.3650219142436981,0.0012955762213096023,0.0065592071041464806
0.09231502562761307,0.3650938868522644,0.0012955476995557547,0.006549578160047531
0.09231831878423691,0.36511218547821045,0.0012958917068317533,0.006549168843775988
0.09231026470661163,0.36511391401290894,0.0012959032319486141,0.006548892706632614
0.09231676906347275,0.3650839328765869,0.0012956750579178333,0.006548192352056503
0.09231676906347275,0.3650839328765869,0.0012956750579178333,0.006548192352056503
0.09228844940662384,0.3650219142436981,0.0012955762213096023,0.0065592071041464806
0.09231502562761307,0.3650938868522644,0.0012955476995557547,0.006549578160047531
0.09231831878423691,0.36511218547821045,0.0012958917068317533,0.006549168843775988
0.09231026470661163,0.36511391401290894,0.0012959032319486141,0.006548892706632614
0.09231676906347275,0.3650839328765869,0.0012956750579178333,0.006548192352056503
0.09231676906347275,0.3650839328765869,0.0012956750579178333,0.006548192352056503
0.09228844940662384,0.3650219142436981,0.0012955762213096023,0.0065592071041464806
0.09231502562761307,0.3650938868522644,0.0012955476995557547,0.006549578160047531
0.09231831878423691,0.36511218547821045,0.0012958917068317533,0.006549168843775988
0.09231026470661163,0.36511391401290894,0.0012959032319486141,0.006548892706632614
0.09231676906347275,0.3650839328765869,0.0012956750579178333,0.006548192352056503
0.09231676906347275,0.3650839328765869,0.0012956750579178333,0.006548192352056503
0.09228844940662384,0.3650219142436981,0.0012955762213096023,0.0065592071041464806
0.09231502562761307,0.3650938868522644,0.0012955476995557547,0.006549578160047531
0.09231831878423691,0.36511218547821045,0.0012958917068317533,0.006549168843775988
0.09231026470661163,0.36511391401290894,0.0012959032319486141,0.006548892706632614
0.09231676906347275,0.3650839328765869,0.0012956750579178333,0.006548192352056503
0.09231676906347275,0.3650839328765869,0.0012956750579178333,0.006548192352056503
0.09228844940662384,0.3650219142436981,0.0012955762213096023,0.0065592071041464806
0.09231502562761307,0.3650938868522644,0.0012955476995557547,0.006549578160047531
0.09231831878423691,0.36511218547821045,0.0012958917068317533,0.006549168843775988
0.09231026470661163,0.36511391401290894,0.0012959032319486141,0.006548892706632614
0.09231676906347275,0.3650839328765869,0.0012956750579178333,0.006548192352056503
0.09231676906347275,0.3650839328765869,0.0012956750579178333,0.006548192352056503
0.09228844940662384,0.3650219142436981,0.0012955762213096023,0.0065592071041464806
0.09231502562761307,0.3650938868522644,0.0012955476995557547,0.006549578160047531
0.09231831878423691,0.36511218547821045,0.0012958917068317533,0.006549168843775988
0.09231026470661163,0.36511391401290894,0.0012959032319486141,0.006548892706632614
0.09231676906347275,0.3650839328765869,0.0012956750579178333,0.006548192352056503
0.09231676906347275,0.3650839328765869,0.0012956750579178333,0.006548192352056503
0.09228844940662384,0.3650219142436981,0.0012955762213096023,0.0065592071041464806
0.09231502562761307,0.3650938868522644,0.0012955476995557547,0.006549578160047531
0.09231831878423691,0.36511218547821045,0.0012958917068317533,0.006549168843775988
0.09231026470661163,0.36511391401290894,0.0012959032319486141,0.006548892706632614
0.09231676906347275,0.3650839328765869,0.0012956750579178333,0.006548192352056503
0.09231676906347275,0.3650839328765869,0.0012956750579178333,0.006548192352056503
0.09228844940662384,0.3650219142436981,0.0012955762213096023,0.0065592071041464806
0.09231502562761307,0.3650938868522644,0.0012955476995557547,0.006549578160047531
0.09231831878423691,0.36511218547821045,0.0012958917068317533,0.006549168843775988
0.09231026470661163,0.36511391401290894,0.0012959032319486141,0.006548892706632614
0.09231676906347275,0.3650839328765869,0.0012956750579178333,0.006548192352056503
0.09231676906347275,0.3650839328765869,0.0012956750579178333,0.006548192352056503
0.09228844940662384,0.3650219142436981,0.0012955762213096023,0.0065592071041464806
0.09231502562761307,0.3650938868522644,0.0012955476995557547,0.006549578160047531
0.09231831878423691,0.36511218547821045,0.0012958917068317533,0.006549168843775988
0.09231026470661163,0.36511391401290894,0.0012959032319486141,0.006548892706632614
0.09231676906347275,0.3650839328765869,0.0012956750579178333,0.006548192352056503
0.09231676906347275,0.3650839328765869,0.0012956750579178333,0.006548192352056503
0.09228844940662384,0.3650219142436981,0.0012955762213096023,0.0065592071041464806
0.09231502562761307,0.3650938868522644,0.0012955476995557547,0.006549578160047531
0.09231831878423691,0.36511218547821045,0.0012958917068317533,0.006549168843775988
0.09231026470661163,0.36511391401290894,0.0012959032319486141,0.006548892706632614
0.09231676906347275,0.3650839328765869,0.0012956750579178333,0.006548192352056503
0.09231676906347275,0.3650839328765869,0.0012956750579178333,0.006548192352056503
0.09228844940662384,0.3650219142436981,0.0012955762213096023,0.0065592071041464806
0.09231502562761307,0.3650938868522644,0.0012955476995557547,0.006549578160047531
0.09231831878423691,0.36511218547821045,0.0012958917068317533,0.006549168843775988
0.09231026470661163,0.36511391401290894,0.0012959032319486141,0.006548892706632614
0.09231676906347275,0.3650839328765869,0.0012956750579178333,0.006548192352056503
0.09231676906347275,0.3650839328765869,0.0012956750579178333,0.006548192352056503
0.09228844940662384,0.3650219142436981,0.0012955762213096023,0.0065592071041464806
0.09231502562761307,0.3650938868522644,0.0012955476995557547,0.006549578160047531
0.09231831878423691,0.36511218547821045,0.0012958917068317533,0.006549168843775988
0.09231026470661163,0.36511391401290894,0.0012959032319486141,0.006548892706632614
0.09231676906347275,0.3650839328765869,0.0012956750579178333,0.006548192352056503
0.09231676906347275,0.3650839328765869,0.0012956750579178333,0.006548192352056503
0.09228844940662384,0.3650219142436981,0.0012955762213096023,0.0065592071041464806
0.09231502562761307,0.3650938868522644,0.0012955476995557547,0.006549578160047531
0.09231831878423691,0.36511218547821045,0.0012958917068317533,0.006549168843775988
0.09231026470661163,0.36511391401290894,0.0012959032319486141,0.006548892706632614
0.09231676906347275,0.3650839328765869,0.0012956750579178333,0.006548192352056503
0.09231676906347275,0.3650839328765869,0.0012956750579178333,0.006548192352056503
0.09228844940662384,0.3650219142436981,0.0012955762213096023,0.0065592071041464806
0.09231502562761307,0.3650938868522644,0.0012955476995557547,0.006549578160047531
0.09231831878423691,0.36511218547821045,0.0012958917068317533,0.006549168843775988
0.09231026470661163,0.36511391401290894,0.0012959032319486141,0.006548892706632614
0.09231676906347275,0.3650839328765869,0.0012956750579178333,0.006548192352056503
0.09231676906347275,0.3650839328765869,0.0012956750579178333,0.006548192352056503
0.09228844940662384,0.3650219142436981,0.0012955762213096023,0.0065592071041464806
0.09231502562761307,0.3650938868522644,0.0012955476995557547,0.006549578160047531
0.09231831878423691,0.36511218547821045,0.0012958917068317533,0.006549168843775988
0.09231026470661163,0.36511391401290894,0.0012959032319486141,0.006548892706632614
0.09231676906347275,0.3650839328765869,0.0012956750579178333,0.006548192352056503
0.09231676906347275,0.3650839328765869,0.0012956750579178333,0.006548192352056503
0.09228844940662384,0.3650219142436981,0.0012955762213096023,0.0065592071041464806
0.09231502562761307,0.3650938868522644,0.0012955476995557547,0.006549578160047531
0.09231831878423691,0.36511218547821045,0.0012958917068317533,0.006549168843775988
0.09231026470661163,0.36511391401290894,0.0012959032319486141,0.006548892706632614
0.09231676906347275,0.3650839328765869,0.0012956750579178333,0.006548192352056503
0.09231676906347275,0.3650839328765869,0.0012956750579178333,0.006548192352056503
0.09228844940662384,0.3650219142436981,0.0012955762213096023,0.0065592071041464806
0.09231502562761307,0.3650938868522644,0.0012955476995557547,0.006549578160047531
0.09231831878423691,0.36511218547821045,0.0012958917068317533,0.006549168843775988
0.09231026470661163,0.36511391401290894,0.0012959032319486141,0.006548892706632614
0.09231676906347275,0.3650839328765869,0.0012956750579178333,0.006548192352056503
0.09231676906347275,0.3650839328765869,0.0012956750579178333,0.006548192352056503
0.09228844940662384,0.3650219142436981,0.0012955762213096023,0.0065592071041464806
0.09231502562761307,0.3650938868522644,0.0012955476995557547,0.006549578160047531
0.09231831878423691,0.36511218547821045,0.0012958917068317533,0.006549168843775988
0.09231026470661163,0.36511391401290894,0.0012959032319486141,0.006548892706632614
0.09231676906347275,0.3650839328765869,0.0012956750579178333,0.006548192352056503
0.09231676906347275,0.3650839328765869,0.0012956750579178333,0.006548192352056503
0.09228844940662384,0.3650219142436981,0.0012955762213096023,0.0065592071041464806
0.09231502562761307,0.3650938868522644,0.0012955476995557547,0.006549578160047531
0.09231831878423691,0.36511218547821045,0.0012958917068317533,0.006549168843775988
0.09231026470661163,0.36511391401290894,0.0012959032319486141,0.006548892706632614
0.09231676906347275,0.3650839328765869,0.0012956750579178333,0.006548192352056503
0.09231676906347275,0.3650839328765869,0.0012956750579178333,0.006548192352056503
0.09228844940662384,0.3650219142436981,0.0012955762213096023,0.0065592071041464806
0.09231502562761307,0.3650938868522644,0.0012955476995557547,0.006549578160047531
0.09231831878423691,0.36511218547821045,0.0012958917068317533,0.006549168843775988
0.09231026470661163,0.36511391401290894,0.0012959032319486141,0.006548892706632614
0.09231676906347275,0.3650839328765869,0.0012956750579178333,0.006548192352056503
0.09231676906347275,0.3650839328765869,0.0012956750579178333,0.006548192352056503
0.09228844940662384,0.3650219142436981,0.0012955762213096023,0.0065592071041464806
0.09231502562761307,0.3650938868522644,0.0012955476995557547,0.006549578160047531
0.09231831878423691,0.36511218547821045,0.0012958917068317533,0.006549168843775988
0.09231026470661163,0.36511391401290894,0.0012959032319486141,0.006548892706632614
0.09231676906347275,0.3650839328765869,0.0012956750579178333,0.006548192352056503
0.09231676906347275,0.3650839328765869,0.0012956750579178333,0.006548192352056503
0.09228844940662384,0.3650219142436981,0.0012955762213096023,0.0065592071041464806
0.09231502562761307,0.3650938868522644,0.0012955476995557547,0.006549578160047531
0.09231831878423691,0.36511218547821045,0.0012958917068317533,0.006549168843775988
0.09231026470661163,0.36511391401290894,0.0012959032319486141,0.006548892706632614
0.09231676906347275,0.3650839328765869,0.0012956750579178333,0.006548192352056503
0.09231676906347275,0.3650839328765869,0.0012956750579178333,0.006548192352056503
0.09228844940662384,0.3650219142436981,0.0012955762213096023,0.0065592071041464806
0.09231502562761307,0.3650938868522644,0.0012955476995557547,0.006549578160047531
0.09231831878423691,0.36511218547821045,0.0012958917068317533,0.006549168843775988
0.09231026470661163,0.36511391401290894,0.0012959032319486141,0.006548892706632614
0.09231676906347275,0.3650839328765869,0.0012956750579178333,0.006548192352056503
0.09231676906347275,0.3650839328765869,0.0012956750579178333,0.006548192352056503
0.09228844940662384,0.3650219142436981,0.0012955762213096023,0.0065592071041464806
0.09231502562761307,0.3650938868522644,0.0012955476995557547,0.006549578160047531
0.09231831878423691,0.36511218547821045,0.0012958917068317533,0.006549168843775988
0.09231026470661163,0.36511391401290894,0.0012959032319486141,0.006548892706632614
0.09231676906347275,0.3650839328765869,0.0012956750579178333,0.006548192352056503
0.09231676906347275,0.3650839328765869,0.0012956750579178333,0.006548192352056503
0.09228844940662384,0.3650219142436981,0.0012955762213096023,0.0065592071041464806
0.09231502562761307,0.3650938868522644,0.0012955476995557547,0.006549578160047531
0.09231831878423691,0.36511218547821045,0.0012958917068317533,0.006549168843775988
0.09231026470661163,0.36511391401290894,0.0012959032319486141,0.006548892706632614
0.09231676906347275,0.3650839328765869,0.0012956750579178333,0.006548192352056503
0.09231676906347275,0.3650839328765869,0.0012956750579178333,0.006548192352056503
0.09228844940662384,0.3650219142436981,0.0012955762213096023,0.0065592071041464806
0.09231502562761307,0.3650938868522644,0.0012955476995557547,0.006549578160047531
0.09231831878423691,0.36511218547821045,0.0012958917068317533,0.006549168843775988
0.09231026470661163,0.36511391401290894,0.0012959032319486141,0.006548892706632614
0.09231676906347275,0.3650839328765869,0.0012956750579178333,0.006548192352056503
0.09231676906347275,0.3650839328765869,0.0012956750579178333,0.006548192352056503
0.09228844940662384,0.3650219142436981,0.0012955762213096023,0.0065592071041464806
0.09231502562761307,0.3650938868522644,0.0012955476995557547,0.006549578160047531
0.09231831878423691,0.36511218547821045,0.0012958917068317533,0.006549168843775988
0.09231026470661163,0.36511391401290894,0.0012959032319486141,0.006548892706632614
0.09231676906347275,0.3650839328765869,0.0012956750579178333,0.006548192352056503
0.09231676906347275,0.3650839328765869,0.0012956750579178333,0.006548192352056503
0.09228844940662384,0.3650219142436981,0.0012955762213096023,0.0065592071041464806
0.09231502562761307,0.3650938868522644,0.0012955476995557547,0.006549578160047531
0.09231831878423691,0.36511218547821045,0.0012958917068317533,0.006549168843775988
0.09231026470661163,0.36511391401290894,0.0012959032319486141,0.006548892706632614
0.09231676906347275,0.3650839328765869,0.0012956750579178333,0.006548192352056503
0.09231676906347275,0.3650839328765869,0.0012956750579178333,0.006548192352056503
0.09228844940662384,0.3650219142436981,0.0012955762213096023,0.0065592071041464806
0.09231502562761307,0.3650938868522644,0.0012955476995557547,0.006549578160047531
0.09231831878423691,0.36511218547821045,0.0012958917068317533,0.006549168843775988
0.09231026470661163,0.36511391401290894,0.0012959032319486141,0.006548892706632614
0.09231676906347275,0.3650839328765869,0.0012956750579178333,0.006548192352056503
0.09231676906347275,0.3650839328765869,0.0012956750579178333,0.006548192352056503
0.09228844940662384,0.3650219142436981,0.0012955762213096023,0.0065592071041464806
0.09231502562761307,0.3650938868522644,0.0012955476995557547,0.006549578160047531
0.09231831878423691,0.36511218547821045,0.0012958917068317533,0.006549168843775988
0.09231026470661163,0.36511391401290894,0.0012959032319486141,0.006548892706632614
0.09231676906347275,0.3650839328765869,0.0012956750579178333,0.006548192352056503
0.09231676906347275,0.3650839328765869,0.0012956750579178333,0.006548192352056503
0.09228844940662384,0.3650219142436981,0.0012955762213096023,0.0065592071041464806
0.09231502562761307,0.3650938868522644,0.0012955476995557547,0.006549578160047531
0.09231831878423691,0.36511218547821045,0.0012958917068317533,0.006549168843775988
0.09231026470661163,0.36511391401290894,0.0012959032319486141,0.006548892706632614
0.09231676906347275,0.3650839328765869,0.0012956750579178333,0.006548192352056503
0.09231676906347275,0.3650839328765869,0.0012956750579178333,0.006548192352056503
0.09228844940662384,0.3650219142436981,0.0012955762213096023,0.0065592071041464806
0.09231502562761307,0.3650938868522644,0.0012955476995557547,0.006549578160047531
0.09231831878423691,0.36511218547821045,0.0012958917068317533,0.006549168843775988
0.09231026470661163,0.36511391401290894,0.0012959032319486141,0.006548892706632614
0.09231676906347275,0.3650839328765869,0.0012956750579178333,0.006548192352056503
0.09231676906347275,0.3650839328765869,0.0012956750579178333,0.006548192352056503
0.09228844940662384,0.3650219142436981,0.0012955762213096023,0.0065592071041464806
0.09231502562761307,0.3650938868522644,0.0012955476995557547,0.006549578160047531
0.09231831878423691,0.36511218547821045,0.0012958917068317533,0.006549168843775988
0.09231026470661163,0.36511391401290894,0.0012959032319486141,0.006548892706632614
0.09231676906347275,0.3650839328765869,0.0012956750579178333,0.006548192352056503
0.09231676906347275,0.3650839328765869,0.0012956750579178333,0.006548192352056503
0.09228844940662384,0.3650219142436981,0.0012955762213096023,0.0065592071041464806
0.09231502562761307,0.3650938868522644,0.0012955476995557547,0.006549578160047531
0.09231831878423691,0.36511218547821045,0.0012958917068317533,0.006549168843775988
0.09231026470661163,0.36511391401290894,0.0012959032319486141,0.006548892706632614
0.09231676906347275,0.3650839328765869,0.0012956750579178333,0.006548192352056503
0.09231676906347275,0.3650839328765869,0.0012956750579178333,0.006548192352056503
0.09228844940662384,0.3650219142436981,0.0012955762213096023,0.0065592071041464806
0.09231502562761307,0.3650938868522644,0.0012955476995557547,0.006549578160047531
0.09231831878423691,0.36511218547821045,0.0012958917068317533,0.006549168843775988
0.09231026470661163,0.36511391401290894,0.0012959032319486141,0.006548892706632614
0.09231676906347275,0.3650839328765869,0.0012956750579178333,0.006548192352056503
0.09231676906347275,0.3650839328765869,0.0012956750579178333,0.006548192352056503
0.09228844940662384,0.3650219142436981,0.0012955762213096023,0.0065592071041464806
0.09231502562761307,0.3650938868522644,0.0012955476995557547,0.006549578160047531
0.09231831878423691,0.36511218547821045,0.0012958917068317533,0.006549168843775988
0.09231026470661163,0.36511391401290894,0.0012959032319486141,0.006548892706632614
0.09231676906347275,0.3650839328765869,0.0012956750579178333,0.006548192352056503
0.09231676906347275,0.3650839328765869,0.0012956750579178333,0.006548192352056503
0.09228844940662384,0.3650219142436981,0.0012955762213096023,0.0065592071041464806
0.09231502562761307,0.3650938868522644,0.0012955476995557547,0.006549578160047531
0.09231831878423691,0.36511218547821045,0.0012958917068317533,0.006549168843775988
0.09231026470661163,0.36511391401290894,0.0012959032319486141,0.006548892706632614
0.09231676906347275,0.3650839328765869,0.0012956750579178333,0.006548192352056503
0.09231676906347275,0.3650839328765869,0.0012956750579178333,0.006548192352056503
0.09228844940662384,0.3650219142436981,0.0012955762213096023,0.0065592071041464806
0.09231502562761307,0.3650938868522644,0.0012955476995557547,0.006549578160047531
0.09231831878423691,0.36511218547821045,0.0012958917068317533,0.006549168843775988
0.09231026470661163,0.36511391401290894,0.0012959032319486141,0.006548892706632614
0.09231676906347275,0.3650839328765869,0.0012956750579178333,0.006548192352056503
0.09231676906347275,0.3650839328765869,0.0012956750579178333,0.006548192352056503
0.09228844940662384,0.3650219142436981,0.0012955762213096023,0.0065592071041464806
0.09231502562761307,0.3650938868522644,0.0012955476995557547,0.006549578160047531
0.09231831878423691,0.36511218547821045,0.0012958917068317533,0.006549168843775988
0.09231026470661163,0.36511391401290894,0.0012959032319486141,0.006548892706632614
0.09231676906347275,0.3650839328765869,0.0012956750579178333,0.006548192352056503
0.09231676906347275,0.3650839328765869,0.0012956750579178333,0.006548192352056503
0.09228844940662384,0.3650219142436981,0.0012955762213096023,0.0065592071041464806
0.09231502562761307,0.3650938868522644,0.0012955476995557547,0.006549578160047531
0.09231831878423691,0.36511218547821045,0.0012958917068317533,0.006549168843775988
0.09231026470661163,0.36511391401290894,0.0012959032319486141,0.006548892706632614
0.09231676906347275,0.3650839328765869,0.0012956750579178333,0.006548192352056503
0.09231676906347275,0.3650839328765869,0.0012956750579178333,0.006548192352056503
0.09228844940662384,0.3650219142436981,0.0012955762213096023,0.0065592071041464806
0.09231502562761307,0.3650938868522644,0.0012955476995557547,0.006549578160047531
0.09231831878423691,0.36511218547821045,0.0012958917068317533,0.006549168843775988
0.09231026470661163,0.36511391401290894,0.0012959032319486141,0.006548892706632614
0.09231676906347275,0.3650839328765869,0.0012956750579178333,0.006548192352056503
0.09231676906347275,0.3650839328765869,0.0012956750579178333,0.006548192352056503
0.09228844940662384,0.3650219142436981,0.0012955762213096023,0.0065592071041464806
0.09231502562761307,0.3650938868522644,0.0012955476995557547,0.006549578160047531
0.09231831878423691,0.36511218547821045,0.0012958917068317533,0.006549168843775988
0.09231026470661163,0.36511391401290894,0.0012959032319486141,0.006548892706632614
0.09231676906347275,0.3650839328765869,0.0012956750579178333,0.006548192352056503
0.09231676906347275,0.3650839328765869,0.0012956750579178333,0.006548192352056503
0.09228844940662384,0.3650219142436981,0.0012955762213096023,0.0065592071041464806
0.09231502562761307,0.3650938868522644,0.0012955476995557547,0.006549578160047531
0.09231831878423691,0.36511218547821045,0.0012958917068317533,0.006549168843775988
0.09231026470661163,0.36511391401290894,0.0012959032319486141,0.006548892706632614
0.09231676906347275,0.3650839328765869,0.0012956750579178333,0.006548192352056503
0.09231676906347275,0.3650839328765869,0.0012956750579178333,0.006548192352056503
0.09228844940662384,0.3650219142436981,0.0012955762213096023,0.0065592071041464806
0.09231502562761307,0.3650938868522644,0.0012955476995557547,0.006549578160047531
0.09231831878423691,0.36511218547821045,0.0012958917068317533,0.006549168843775988
0.09231026470661163,0.36511391401290894,0.0012959032319486141,0.006548892706632614
0.09231676906347275,0.3650839328765869,0.0012956750579178333,0.006548192352056503
0.09231676906347275,0.3650839328765869,0.0012956750579178333,0.006548192352056503
0.09228844940662384,0.3650219142436981,0.0012955762213096023,0.0065592071041464806
0.09231502562761307,0.3650938868522644,0.0012955476995557547,0.006549578160047531
0.09231831878423691,0.36511218547821045,0.0012958917068317533,0.006549168843775988
0.09231026470661163,0.36511391401290894,0.0012959032319486141,0.006548892706632614
0.09231676906347275,0.3650839328765869,0.0012956750579178333,0.006548192352056503
0.09231676906347275,0.3650839328765869,0.0012956750579178333,0.006548192352056503
0.09228844940662384,0.3650219142436981,0.0012955762213096023,0.0065592071041464806
0.09231502562761307,0.3650938868522644,0.0012955476995557547,0.006549578160047531
0.09231831878423691,0.36511218547821045,0.0012958917068317533,0.006549168843775988
0.09231026470661163,0.36511391401290894,0.0012959032319486141,0.006548892706632614
0.09231676906347275,0.3650839328765869,0.0012956750579178333,0.006548192352056503
0.09231676906347275,0.3650839328765869,0.0012956750579178333,0.006548192352056503
0.09228844940662384,0.3650219142436981,0.0012955762213096023,0.0065592071041464806
0.09231502562761307,0.3650938868522644,0.0012955476995557547,0.006549578160047531
0.09231831878423691,0.36511218547821045,0.0012958917068317533,0.006549168843775988
0.09231026470661163,0.36511391401290894,0.0012959032319486141,0.006548892706632614
0.09231676906347275,0.3650839328765869,0.0012956750579178333,0.006548192352056503
0.09231676906347275,0.3650839328765869,0.0012956750579178333,0.006548192352056503
0.09228844940662384,0.3650219142436981,0.0012955762213096023,0.0065592071041464806
0.09231502562761307,0.3650938868522644,0.0012955476995557547,0.006549578160047531
0.09231831878423691,0.36511218547821045,0.0012958917068317533,0.006549168843775988
0.09231026470661163,0.36511391401290894,0.0012959032319486141,0.006548892706632614
0.09231676906347275,0.3650839328765869,0.0012956750579178333,0.006548192352056503
0.09231676906347275,0.3650839328765869,0.0012956750579178333,0.006548192352056503
0.09228844940662384,0.3650219142436981,0.0012955762213096023,0.0065592071041464806
0.09231502562761307,0.3650938868522644,0.0012955476995557547,0.006549578160047531
0.09231831878423691,0.36511218547821045,0.0012958917068317533,0.006549168843775988
0.09231026470661163,0.36511391401290894,0.0012959032319486141,0.006548892706632614
0.09231676906347275,0.3650839328765869,0.0012956750579178333,0.006548192352056503
0.09231676906347275,0.3650839328765869,0.0012956750579178333,0.006548192352056503
0.09228844940662384,0.3650219142436981,0.0012955762213096023,0.0065592071041464806
0.09231502562761307,0.3650938868522644,0.0012955476995557547,0.006549578160047531
0.09231831878423691,0.36511218547821045,0.0012958917068317533,0.006549168843775988
0.09231026470661163,0.36511391401290894,0.0012959032319486141,0.006548892706632614
0.09231676906347275,0.3650839328765869,0.0012956750579178333,0.006548192352056503
0.09231676906347275,0.3650839328765869,0.0012956750579178333,0.006548192352056503
0.09228844940662384,0.3650219142436981,0.0012955762213096023,0.0065592071041464806
0.09231502562761307,0.3650938868522644,0.0012955476995557547,0.006549578160047531
0.09231831878423691,0.36511218547821045,0.0012958917068317533,0.006549168843775988
0.09231026470661163,0.36511391401290894,0.0012959032319486141,0.006548892706632614
0.09231676906347275,0.3650839328765869,0.0012956750579178333,0.006548192352056503
0.09231676906347275,0.3650839328765869,0.0012956750579178333,0.006548192352056503
0.09228844940662384,0.3650219142436981,0.0012955762213096023,0.0065592071041464806
0.09231502562761307,0.3650938868522644,0.0012955476995557547,0.006549578160047531
0.09231831878423691,0.36511218547821045,0.0012958917068317533,0.006549168843775988
0.09231026470661163,0.36511391401290894,0.0012959032319486141,0.006548892706632614
0.09231676906347275,0.3650839328765869,0.0012956750579178333,0.006548192352056503
0.09231676906347275,0.3650839328765869,0.0012956750579178333,0.006548192352056503
0.09228844940662384,0.3650219142436981,0.0012955762213096023,0.0065592071041464806
0.09231502562761307,0.3650938868522644,0.0012955476995557547,0.006549578160047531
0.09231831878423691,0.36511218547821045,0.0012958917068317533,0.006549168843775988
0.09231026470661163,0.36511391401290894,0.0012959032319486141,0.006548892706632614
0.09231676906347275,0.3650839328765869,0.0012956750579178333,0.006548192352056503
0.09231676906347275,0.3650839328765869,0.0012956750579178333,0.006548192352056503
0.09228844940662384,0.3650219142436981,0.0012955762213096023,0.0065592071041464806
0.09231502562761307,0.3650938868522644,0.0012955476995557547,0.006549578160047531
0.09231831878423691,0.36511218547821045,0.0012958917068317533,0.006549168843775988
0.09231026470661163,0.36511391401290894,0.0012959032319486141,0.006548892706632614
0.09231676906347275,0.3650839328765869,0.0012956750579178333,0.006548192352056503
0.09231676906347275,0.3650839328765869,0.0012956750579178333,0.006548192352056503
0.09228844940662384,0.3650219142436981,0.0012955762213096023,0.0065592071041464806
0.09231502562761307,0.3650938868522644,0.0012955476995557547,0.006549578160047531
0.09231831878423691,0.36511218547821045,0.0012958917068317533,0.006549168843775988
0.09231026470661163,0.36511391401290894,0.0012959032319486141,0.006548892706632614
0.09231676906347275,0.3650839328765869,0.0012956750579178333,0.006548192352056503
0.09231676906347275,0.3650839328765869,0.0012956750579178333,0.006548192352056503
0.09228844940662384,0.3650219142436981,0.0012955762213096023,0.0065592071041464806
0.09231502562761307,0.3650938868522644,0.0012955476995557547,0.006549578160047531
0.09231831878423691,0.36511218547821045,0.0012958917068317533,0.006549168843775988
0.09231026470661163,0.36511391401290894,0.0012959032319486141,0.006548892706632614
0.09231676906347275,0.3650839328765869,0.0012956750579178333,0.006548192352056503
0.09231676906347275,0.3650839328765869,0.0012956750579178333,0.006548192352056503
0.09228844940662384,0.3650219142436981,0.0012955762213096023,0.0065592071041464806
0.09231502562761307,0.3650938868522644,0.0012955476995557547,0.006549578160047531
0.09231831878423691,0.36511218547821045,0.0012958917068317533,0.006549168843775988
0.09231026470661163,0.36511391401290894,0.0012959032319486141,0.006548892706632614
0.09231676906347275,0.3650839328765869,0.0012956750579178333,0.006548192352056503
0.09231676906347275,0.3650839328765869,0.0012956750579178333,0.006548192352056503
0.09228844940662384,0.3650219142436981,0.0012955762213096023,0.0065592071041464806
0.09231502562761307,0.3650938868522644,0.0012955476995557547,0.006549578160047531
0.09231831878423691,0.36511218547821045,0.0012958917068317533,0.006549168843775988
0.09231026470661163,0.36511391401290894,0.0012959032319486141,0.006548892706632614
0.09231676906347275,0.3650839328765869,0.0012956750579178333,0.006548192352056503
0.09231676906347275,0.3650839328765869,0.0012956750579178333,0.006548192352056503
0.09228844940662384,0.3650219142436981,0.0012955762213096023,0.0065592071041464806
0.09231502562761307,0.3650938868522644,0.0012955476995557547,0.006549578160047531
0.09231831878423691,0.36511218547821045,0.0012958917068317533,0.006549168843775988
0.09231026470661163,0.36511391401290894,0.0012959032319486141,0.006548892706632614
0.09231676906347275,0.3650839328765869,0.0012956750579178333,0.006548192352056503
0.09231676906347275,0.3650839328765869,0.0012956750579178333,0.006548192352056503
0.09228844940662384,0.3650219142436981,0.0012955762213096023,0.0065592071041464806
0.09231502562761307,0.3650938868522644,0.0012955476995557547,0.006549578160047531
0.09231831878423691,0.36511218547821045,0.0012958917068317533,0.006549168843775988
0.09231026470661163,0.36511391401290894,0.0012959032319486141,0.006548892706632614
0.09231676906347275,0.3650839328765869,0.0012956750579178333,0.006548192352056503
0.09231676906347275,0.3650839328765869,0.0012956750579178333,0.006548192352056503
0.09228844940662384,0.3650219142436981,0.0012955762213096023,0.0065592071041464806
0.09231502562761307,0.3650938868522644,0.0012955476995557547,0.006549578160047531
0.09231831878423691,0.36511218547821045,0.0012958917068317533,0.006549168843775988
0.09231026470661163,0.36511391401290894,0.0012959032319486141,0.006548892706632614
0.09231676906347275,0.3650839328765869,0.0012956750579178333,0.006548192352056503
0.09231676906347275,0.3650839328765869,0.0012956750579178333,0.006548192352056503
0.09228844940662384,0.3650219142436981,0.0012955762213096023,0.0065592071041464806
0.09231502562761307,0.3650938868522644,0.0012955476995557547,0.006549578160047531
0.09231831878423691,0.36511218547821045,0.0012958917068317533,0.006549168843775988
0.09231026470661163,0.36511391401290894,0.0012959032319486141,0.006548892706632614
0.09231676906347275,0.3650839328765869,0.0012956750579178333,0.006548192352056503
0.09231676906347275,0.3650839328765869,0.0012956750579178333,0.006548192352056503
0.09228844940662384,0.3650219142436981,0.0012955762213096023,0.0065592071041464806
0.09231502562761307,0.3650938868522644,0.0012955476995557547,0.006549578160047531
0.09231831878423691,0.36511218547821045,0.0012958917068317533,0.006549168843775988
0.09231026470661163,0.36511391401290894,0.0012959032319486141,0.006548892706632614
0.09231676906347275,0.3650839328765869,0.0012956750579178333,0.006548192352056503
0.09231676906347275,0.3650839328765869,0.0012956750579178333,0.006548192352056503
0.09228844940662384,0.3650219142436981,0.0012955762213096023,0.0065592071041464806
0.09231502562761307,0.3650938868522644,0.0012955476995557547,0.006549578160047531
0.09231831878423691,0.36511218547821045,0.0012958917068317533,0.006549168843775988
0.09231026470661163,0.36511391401290894,0.0012959032319486141,0.006548892706632614
0.09231676906347275,0.3650839328765869,0.0012956750579178333,0.006548192352056503
0.09231676906347275,0.3650839328765869,0.0012956750579178333,0.006548192352056503
0.09228844940662384,0.3650219142436981,0.0012955762213096023,0.0065592071041464806
0.09231502562761307,0.3650938868522644,0.0012955476995557547,0.006549578160047531
0.09231831878423691,0.36511218547821045,0.0012958917068317533,0.006549168843775988
0.09231026470661163,0.36511391401290894,0.0012959032319486141,0.006548892706632614
0.09231676906347275,0.3650839328765869,0.0012956750579178333,0.006548192352056503
0.09231676906347275,0.3650839328765869,0.0012956750579178333,0.006548192352056503
0.09228844940662384,0.3650219142436981,0.0012955762213096023,0.0065592071041464806
0.09231502562761307,0.3650938868522644,0.0012955476995557547,0.006549578160047531
0.09231831878423691,0.36511218547821045,0.0012958917068317533,0.006549168843775988
0.09231026470661163,0.36511391401290894,0.0012959032319486141,0.006548892706632614
0.09231676906347275,0.3650839328765869,0.0012956750579178333,0.006548192352056503
0.09231676906347275,0.3650839328765869,0.0012956750579178333,0.006548192352056503
0.09228844940662384,0.3650219142436981,0.0012955762213096023,0.0065592071041464806
0.09231502562761307,0.3650938868522644,0.0012955476995557547,0.006549578160047531
0.09231831878423691,0.36511218547821045,0.0012958917068317533,0.006549168843775988
0.09231026470661163,0.36511391401290894,0.0012959032319486141,0.006548892706632614
0.09231676906347275,0.3650839328765869,0.0012956750579178333,0.006548192352056503
0.09231676906347275,0.3650839328765869,0.0012956750579178333,0.006548192352056503
0.09228844940662384,0.3650219142436981,0.0012955762213096023,0.0065592071041464806
0.09231502562761307,0.3650938868522644,0.0012955476995557547,0.006549578160047531
0.09231831878423691,0.36511218547821045,0.0012958917068317533,0.006549168843775988
0.09231026470661163,0.36511391401290894,0.0012959032319486141,0.006548892706632614
0.09231676906347275,0.3650839328765869,0.0012956750579178333,0.006548192352056503
0.09231676906347275,0.3650839328765869,0.0012956750579178333,0.006548192352056503
0.09228844940662384,0.3650219142436981,0.0012955762213096023,0.0065592071041464806
0.09231502562761307,0.3650938868522644,0.0012955476995557547,0.006549578160047531
0.09231831878423691,0.36511218547821045,0.0012958917068317533,0.006549168843775988
0.09231026470661163,0.36511391401290894,0.0012959032319486141,0.006548892706632614
0.09231676906347275,0.3650839328765869,0.0012956750579178333,0.006548192352056503
0.09231676906347275,0.3650839328765869,0.0012956750579178333,0.006548192352056503
0.09228844940662384,0.3650219142436981,0.0012955762213096023,0.0065592071041464806
0.09231502562761307,0.3650938868522644,0.0012955476995557547,0.006549578160047531
0.09231831878423691,0.36511218547821045,0.0012958917068317533,0.006549168843775988
0.09231026470661163,0.36511391401290894,0.0012959032319486141,0.006548892706632614
0.09231676906347275,0.3650839328765869,0.0012956750579178333,0.006548192352056503
0.09231676906347275,0.3650839328765869,0.0012956750579178333,0.006548192352056503
0.09228844940662384,0.3650219142436981,0.0012955762213096023,0.0065592071041464806
0.09231502562761307,0.3650938868522644,0.0012955476995557547,0.006549578160047531
0.09231831878423691,0.36511218547821045,0.0012958917068317533,0.006549168843775988
0.09231026470661163,0.36511391401290894,0.0012959032319486141,0.006548892706632614
0.09231676906347275,0.3650839328765869,0.0012956750579178333,0.006548192352056503
0.09231676906347275,0.3650839328765869,0.0012956750579178333,0.006548192352056503
0.09228844940662384,0.3650219142436981,0.0012955762213096023,0.0065592071041464806
0.09231502562761307,0.3650938868522644,0.0012955476995557547,0.006549578160047531
0.09231831878423691,0.36511218547821045,0.0012958917068317533,0.006549168843775988
0.09231026470661163,0.36511391401290894,0.0012959032319486141,0.006548892706632614
0.09231676906347275,0.3650839328765869,0.0012956750579178333,0.006548192352056503
0.09231676906347275,0.3650839328765869,0.0012956750579178333,0.006548192352056503
0.09228844940662384,0.3650219142436981,0.0012955762213096023,0.0065592071041464806
0.09231502562761307,0.3650938868522644,0.0012955476995557547,0.006549578160047531
0.09231831878423691,0.36511218547821045,0.0012958917068317533,0.006549168843775988
0.09231026470661163,0.36511391401290894,0.0012959032319486141,0.006548892706632614
0.09231676906347275,0.3650839328765869,0.0012956750579178333,0.006548192352056503
0.09231676906347275,0.3650839328765869,0.0012956750579178333,0.006548192352056503
0.09228844940662384,0.3650219142436981,0.0012955762213096023,0.0065592071041464806
0.09231502562761307,0.3650938868522644,0.0012955476995557547,0.006549578160047531
0.09231831878423691,0.36511218547821045,0.0012958917068317533,0.006549168843775988
0.09231026470661163,0.36511391401290894,0.0012959032319486141,0.006548892706632614
0.09231676906347275,0.3650839328765869,0.0012956750579178333,0.006548192352056503
0.09231676906347275,0.3650839328765869,0.0012956750579178333,0.006548192352056503
0.09228844940662384,0.3650219142436981,0.0012955762213096023,0.0065592071041464806
0.09231502562761307,0.3650938868522644,0.0012955476995557547,0.006549578160047531
0.09231831878423691,0.36511218547821045,0.0012958917068317533,0.006549168843775988
0.09231026470661163,0.36511391401290894,0.0012959032319486141,0.006548892706632614
0.09231676906347275,0.3650839328765869,0.0012956750579178333,0.006548192352056503
0.09231676906347275,0.3650839328765869,0.0012956750579178333,0.006548192352056503
0.09228844940662384,0.3650219142436981,0.0012955762213096023,0.0065592071041464806
0.09231502562761307,0.3650938868522644,0.0012955476995557547,0.006549578160047531
0.09231831878423691,0.36511218547821045,0.0012958917068317533,0.006549168843775988
0.09231026470661163,0.36511391401290894,0.0012959032319486141,0.006548892706632614
0.09231676906347275,0.3650839328765869,0.0012956750579178333,0.006548192352056503
0.09231676906347275,0.3650839328765869,0.0012956750579178333,0.006548192352056503
0.09228844940662384,0.3650219142436981,0.0012955762213096023,0.0065592071041464806
0.09231502562761307,0.3650938868522644,0.0012955476995557547,0.006549578160047531
0.09231831878423691,0.36511218547821045,0.0012958917068317533,0.006549168843775988
0.09231026470661163,0.36511391401290894,0.0012959032319486141,0.006548892706632614
0.09231676906347275,0.3650839328765869,0.0012956750579178333,0.006548192352056503
0.09231676906347275,0.3650839328765869,0.0012956750579178333,0.006548192352056503
0.09228844940662384,0.3650219142436981,0.0012955762213096023,0.0065592071041464806
0.09231502562761307,0.3650938868522644,0.0012955476995557547,0.006549578160047531
0.09231831878423691,0.36511218547821045,0.0012958917068317533,0.006549168843775988
0.09231026470661163,0.36511391401290894,0.0012959032319486141,0.006548892706632614
0.09231676906347275,0.3650839328765869,0.0012956750579178333,0.006548192352056503
0.09231676906347275,0.3650839328765869,0.0012956750579178333,0.006548192352056503
0.09228844940662384,0.3650219142436981,0.0012955762213096023,0.0065592071041464806
0.09231502562761307,0.3650938868522644,0.0012955476995557547,0.006549578160047531
0.09231831878423691,0.36511218547821045,0.0012958917068317533,0.006549168843775988
0.09231026470661163,0.36511391401290894,0.0012959032319486141,0.006548892706632614
0.09231676906347275,0.3650839328765869,0.0012956750579178333,0.006548192352056503
0.09231676906347275,0.3650839328765869,0.0012956750579178333,0.006548192352056503
0.09228844940662384,0.3650219142436981,0.0012955762213096023,0.0065592071041464806
0.09231502562761307,0.3650938868522644,0.0012955476995557547,0.006549578160047531
0.09231831878423691,0.36511218547821045,0.0012958917068317533,0.006549168843775988
0.09231026470661163,0.36511391401290894,0.0012959032319486141,0.006548892706632614
0.09231676906347275,0.3650839328765869,0.0012956750579178333,0.006548192352056503
0.09231676906347275,0.3650839328765869,0.0012956750579178333,0.006548192352056503
0.09228844940662384,0.3650219142436981,0.0012955762213096023,0.0065592071041464806
0.09231502562761307,0.3650938868522644,0.0012955476995557547,0.006549578160047531
0.09231831878423691,0.36511218547821045,0.0012958917068317533,0.006549168843775988
0.09231026470661163,0.36511391401290894,0.0012959032319486141,0.006548892706632614
0.09231676906347275,0.3650839328765869,0.0012956750579178333,0.006548192352056503
0.09231676906347275,0.3650839328765869,0.0012956750579178333,0.006548192352056503
0.09228844940662384,0.3650219142436981,0.0012955762213096023,0.0065592071041464806
0.09231502562761307,0.3650938868522644,0.0012955476995557547,0.006549578160047531
0.09231831878423691,0.36511218547821045,0.0012958917068317533,0.006549168843775988
0.09231026470661163,0.36511391401290894,0.0012959032319486141,0.006548892706632614
0.09231676906347275,0.3650839328765869,0.0012956750579178333,0.006548192352056503
0.09231676906347275,0.3650839328765869,0.0012956750579178333,0.006548192352056503
0.09228844940662384,0.3650219142436981,0.0012955762213096023,0.0065592071041464806
0.09231502562761307,0.3650938868522644,0.0012955476995557547,0.006549578160047531
0.09231831878423691,0.36511218547821045,0.0012958917068317533,0.006549168843775988
0.09231026470661163,0.36511391401290894,0.0012959032319486141,0.006548892706632614
0.09231676906347275,0.3650839328765869,0.0012956750579178333,0.006548192352056503
0.09231676906347275,0.3650839328765869,0.0012956750579178333,0.006548192352056503
0.09228844940662384,0.3650219142436981,0.0012955762213096023,0.0065592071041464806
0.09231502562761307,0.3650938868522644,0.0012955476995557547,0.006549578160047531
0.09231831878423691,0.36511218547821045,0.0012958917068317533,0.006549168843775988
0.09231026470661163,0.36511391401290894,0.0012959032319486141,0.006548892706632614
0.09231676906347275,0.3650839328765869,0.0012956750579178333,0.006548192352056503
0.09231676906347275,0.3650839328765869,0.0012956750579178333,0.006548192352056503
0.09228844940662384,0.3650219142436981,0.0012955762213096023,0.0065592071041464806
0.09231502562761307,0.3650938868522644,0.0012955476995557547,0.006549578160047531
0.09231831878423691,0.36511218547821045,0.0012958917068317533,0.006549168843775988
0.09231026470661163,0.36511391401290894,0.0012959032319486141,0.006548892706632614
0.09231676906347275,0.3650839328765869,0.0012956750579178333,0.006548192352056503
0.09231676906347275,0.3650839328765869,0.0012956750579178333,0.006548192352056503
0.09228844940662384,0.3650219142436981,0.0012955762213096023,0.0065592071041464806
0.09231502562761307,0.3650938868522644,0.0012955476995557547,0.006549578160047531
0.09231831878423691,0.36511218547821045,0.0012958917068317533,0.006549168843775988
0.09231026470661163,0.36511391401290894,0.0012959032319486141,0.006548892706632614
0.09231676906347275,0.3650839328765869,0.0012956750579178333,0.006548192352056503
0.09231676906347275,0.3650839328765869,0.0012956750579178333,0.006548192352056503
0.09228844940662384,0.3650219142436981,0.0012955762213096023,0.0065592071041464806
0.09231502562761307,0.3650938868522644,0.0012955476995557547,0.006549578160047531
0.09231831878423691,0.36511218547821045,0.0012958917068317533,0.006549168843775988
0.09231026470661163,0.36511391401290894,0.0012959032319486141,0.006548892706632614
0.09231676906347275,0.3650839328765869,0.0012956750579178333,0.006548192352056503
0.09231676906347275,0.3650839328765869,0.0012956750579178333,0.006548192352056503
0.09228844940662384,0.3650219142436981,0.0012955762213096023,0.0065592071041464806
0.09231502562761307,0.3650938868522644,0.0012955476995557547,0.006549578160047531
0.09231831878423691,0.36511218547821045,0.0012958917068317533,0.006549168843775988
0.09231026470661163,0.36511391401290894,0.0012959032319486141,0.006548892706632614
0.09231676906347275,0.3650839328765869,0.0012956750579178333,0.006548192352056503
0.09231676906347275,0.3650839328765869,0.0012956750579178333,0.006548192352056503
0.09228844940662384,0.3650219142436981,0.0012955762213096023,0.0065592071041464806
0.09231502562761307,0.3650938868522644,0.0012955476995557547,0.006549578160047531
0.09231831878423691,0.36511218547821045,0.0012958917068317533,0.006549168843775988
0.09231026470661163,0.36511391401290894,0.0012959032319486141,0.006548892706632614
0.09231676906347275,0.3650839328765869,0.0012956750579178333,0.006548192352056503
0.09231676906347275,0.3650839328765869,0.0012956750579178333,0.006548192352056503
0.09228844940662384,0.3650219142436981,0.0012955762213096023,0.0065592071041464806
0.09231502562761307,0.3650938868522644,0.0012955476995557547,0.006549578160047531
0.09231831878423691,0.36511218547821045,0.0012958917068317533,0.006549168843775988
0.09231026470661163,0.36511391401290894,0.0012959032319486141,0.006548892706632614
0.09231676906347275,0.3650839328765869,0.0012956750579178333,0.006548192352056503
0.09231676906347275,0.3650839328765869,0.0012956750579178333,0.006548192352056503
0.09228844940662384,0.3650219142436981,0.0012955762213096023,0.0065592071041464806
0.09231502562761307,0.3650938868522644,0.0012955476995557547,0.006549578160047531
0.09231831878423691,0.36511218547821045,0.0012958917068317533,0.006549168843775988
0.09231026470661163,0.36511391401290894,0.0012959032319486141,0.006548892706632614
0.09231676906347275,0.3650839328765869,0.0012956750579178333,0.006548192352056503
0.09231676906347275,0.3650839328765869,0.0012956750579178333,0.006548192352056503
0.09228844940662384,0.3650219142436981,0.0012955762213096023,0.0065592071041464806
0.09231502562761307,0.3650938868522644,0.0012955476995557547,0.006549578160047531
0.09231831878423691,0.36511218547821045,0.0012958917068317533,0.006549168843775988
0.09231026470661163,0.36511391401290894,0.0012959032319486141,0.006548892706632614
0.09231676906347275,0.3650839328765869,0.0012956750579178333,0.006548192352056503
0.09231676906347275,0.3650839328765869,0.0012956750579178333,0.006548192352056503
0.09228844940662384,0.3650219142436981,0.0012955762213096023,0.0065592071041464806
0.09231502562761307,0.3650938868522644,0.0012955476995557547,0.006549578160047531
0.09231831878423691,0.36511218547821045,0.0012958917068317533,0.006549168843775988
0.09231026470661163,0.36511391401290894,0.0012959032319486141,0.006548892706632614
0.09231676906347275,0.3650839328765869,0.0012956750579178333,0.006548192352056503
0.09231676906347275,0.3650839328765869,0.0012956750579178333,0.006548192352056503
0.09228844940662384,0.3650219142436981,0.0012955762213096023,0.0065592071041464806
0.09231502562761307,0.3650938868522644,0.0012955476995557547,0.006549578160047531
0.09231831878423691,0.36511218547821045,0.0012958917068317533,0.006549168843775988
0.09231026470661163,0.36511391401290894,0.0012959032319486141,0.006548892706632614
0.09231676906347275,0.3650839328765869,0.0012956750579178333,0.006548192352056503
0.09231676906347275,0.3650839328765869,0.0012956750579178333,0.006548192352056503
0.09228844940662384,0.3650219142436981,0.0012955762213096023,0.0065592071041464806
0.09231502562761307,0.3650938868522644,0.0012955476995557547,0.006549578160047531
0.09231831878423691,0.36511218547821045,0.0012958917068317533,0.006549168843775988
0.09231026470661163,0.36511391401290894,0.0012959032319486141,0.006548892706632614
0.09231676906347275,0.3650839328765869,0.0012956750579178333,0.006548192352056503
0.09231676906347275,0.3650839328765869,0.0012956750579178333,0.006548192352056503
0.09228844940662384,0.3650219142436981,0.0012955762213096023,0.0065592071041464806
0.09231502562761307,0.3650938868522644,0.0012955476995557547,0.006549578160047531
0.09231831878423691,0.36511218547821045,0.0012958917068317533,0.006549168843775988
0.09231026470661163,0.36511391401290894,0.0012959032319486141,0.006548892706632614
0.09231676906347275,0.3650839328765869,0.0012956750579178333,0.006548192352056503
0.09231676906347275,0.3650839328765869,0.0012956750579178333,0.006548192352056503
0.09228844940662384,0.3650219142436981,0.0012955762213096023,0.0065592071041464806
0.09231502562761307,0.3650938868522644,0.0012955476995557547,0.006549578160047531
0.09231831878423691,0.36511218547821045,0.0012958917068317533,0.006549168843775988
0.09231026470661163,0.36511391401290894,0.0012959032319486141,0.006548892706632614
0.09231676906347275,0.3650839328765869,0.0012956750579178333,0.006548192352056503
0.09231676906347275,0.3650839328765869,0.0012956750579178333,0.006548192352056503
0.09228844940662384,0.3650219142436981,0.0012955762213096023,0.0065592071041464806
0.09231502562761307,0.3650938868522644,0.0012955476995557547,0.006549578160047531
0.09231831878423691,0.36511218547821045,0.0012958917068317533,0.006549168843775988
0.09231026470661163,0.36511391401290894,0.0012959032319486141,0.006548892706632614
0.09231676906347275,0.3650839328765869,0.0012956750579178333,0.006548192352056503
0.09231676906347275,0.3650839328765869,0.0012956750579178333,0.006548192352056503
0.09228844940662384,0.3650219142436981,0.0012955762213096023,0.0065592071041464806
0.09231502562761307,0.3650938868522644,0.0012955476995557547,0.006549578160047531
0.09231831878423691,0.36511218547821045,0.0012958917068317533,0.006549168843775988
0.09231026470661163,0.36511391401290894,0.0012959032319486141,0.006548892706632614
0.09231676906347275,0.3650839328765869,0.0012956750579178333,0.006548192352056503
0.09231676906347275,0.3650839328765869,0.0012956750579178333,0.006548192352056503
0.09228844940662384,0.3650219142436981,0.0012955762213096023,0.0065592071041464806
0.09231502562761307,0.3650938868522644,0.0012955476995557547,0.006549578160047531
0.09231831878423691,0.36511218547821045,0.0012958917068317533,0.006549168843775988
0.09231026470661163,0.36511391401290894,0.0012959032319486141,0.006548892706632614
0.09231676906347275,0.3650839328765869,0.0012956750579178333,0.006548192352056503
0.09231676906347275,0.3650839328765869,0.0012956750579178333,0.006548192352056503
0.09228844940662384,0.3650219142436981,0.0012955762213096023,0.0065592071041464806
0.09231502562761307,0.3650938868522644,0.0012955476995557547,0.006549578160047531
0.09231831878423691,0.36511218547821045,0.0012958917068317533,0.006549168843775988
0.09231026470661163,0.36511391401290894,0.0012959032319486141,0.006548892706632614
0.09231676906347275,0.3650839328765869,0.0012956750579178333,0.006548192352056503
0.09231676906347275,0.3650839328765869,0.0012956750579178333,0.006548192352056503
0.09228844940662384,0.3650219142436981,0.0012955762213096023,0.0065592071041464806
0.09231502562761307,0.3650938868522644,0.0012955476995557547,0.006549578160047531
0.09231831878423691,0.36511218547821045,0.0012958917068317533,0.006549168843775988
0.09231026470661163,0.36511391401290894,0.0012959032319486141,0.006548892706632614
0.09231676906347275,0.3650839328765869,0.0012956750579178333,0.006548192352056503
0.09231676906347275,0.3650839328765869,0.0012956750579178333,0.006548192352056503
0.09228844940662384,0.3650219142436981,0.0012955762213096023,0.0065592071041464806
0.09231502562761307,0.3650938868522644,0.0012955476995557547,0.006549578160047531
0.09231831878423691,0.36511218547821045,0.0012958917068317533,0.006549168843775988
0.09231026470661163,0.36511391401290894,0.0012959032319486141,0.006548892706632614
0.09231676906347275,0.3650839328765869,0.0012956750579178333,0.006548192352056503
0.09231676906347275,0.3650839328765869,0.0012956750579178333,0.006548192352056503
0.09228844940662384,0.3650219142436981,0.0012955762213096023,0.0065592071041464806
0.09231502562761307,0.3650938868522644,0.0012955476995557547,0.006549578160047531
0.09231831878423691,0.36511218547821045,0.0012958917068317533,0.006549168843775988
0.09231026470661163,0.36511391401290894,0.0012959032319486141,0.006548892706632614
0.09231676906347275,0.3650839328765869,0.0012956750579178333,0.006548192352056503
0.09231676906347275,0.3650839328765869,0.0012956750579178333,0.006548192352056503
0.09228844940662384,0.3650219142436981,0.0012955762213096023,0.0065592071041464806
0.09231502562761307,0.3650938868522644,0.0012955476995557547,0.006549578160047531
0.09231831878423691,0.36511218547821045,0.0012958917068317533,0.006549168843775988
0.09231026470661163,0.36511391401290894,0.0012959032319486141,0.006548892706632614
0.09231676906347275,0.3650839328765869,0.0012956750579178333,0.006548192352056503
0.09231676906347275,0.3650839328765869,0.0012956750579178333,0.006548192352056503
0.09228844940662384,0.3650219142436981,0.0012955762213096023,0.0065592071041464806
0.09231502562761307,0.3650938868522644,0.0012955476995557547,0.006549578160047531
0.09231831878423691,0.36511218547821045,0.0012958917068317533,0.006549168843775988
0.09231026470661163,0.36511391401290894,0.0012959032319486141,0.006548892706632614
0.09231676906347275,0.3650839328765869,0.0012956750579178333,0.006548192352056503
0.09231676906347275,0.3650839328765869,0.0012956750579178333,0.006548192352056503
0.09228844940662384,0.3650219142436981,0.0012955762213096023,0.0065592071041464806
0.09231502562761307,0.3650938868522644,0.0012955476995557547,0.006549578160047531
0.09231831878423691,0.36511218547821045,0.0012958917068317533,0.006549168843775988
0.09231026470661163,0.36511391401290894,0.0012959032319486141,0.006548892706632614
0.09231676906347275,0.3650839328765869,0.0012956750579178333,0.006548192352056503
0.09231676906347275,0.3650839328765869,0.0012956750579178333,0.006548192352056503
0.09228844940662384,0.3650219142436981,0.0012955762213096023,0.0065592071041464806
0.09231502562761307,0.3650938868522644,0.0012955476995557547,0.006549578160047531
0.09231831878423691,0.36511218547821045,0.0012958917068317533,0.006549168843775988
0.09231026470661163,0.36511391401290894,0.0012959032319486141,0.006548892706632614
0.09231676906347275,0.3650839328765869,0.0012956750579178333,0.006548192352056503
0.09231676906347275,0.3650839328765869,0.0012956750579178333,0.006548192352056503
0.09228844940662384,0.3650219142436981,0.0012955762213096023,0.0065592071041464806
0.09231502562761307,0.3650938868522644,0.0012955476995557547,0.006549578160047531
0.09231831878423691,0.36511218547821045,0.0012958917068317533,0.006549168843775988
0.09231026470661163,0.36511391401290894,0.0012959032319486141,0.006548892706632614
0.09231676906347275,0.3650839328765869,0.0012956750579178333,0.006548192352056503
0.09231676906347275,0.3650839328765869,0.0012956750579178333,0.006548192352056503
0.09228844940662384,0.3650219142436981,0.0012955762213096023,0.0065592071041464806
0.09231502562761307,0.3650938868522644,0.0012955476995557547,0.006549578160047531
0.09231831878423691,0.36511218547821045,0.0012958917068317533,0.006549168843775988
0.09231026470661163,0.36511391401290894,0.0012959032319486141,0.006548892706632614
0.09231676906347275,0.3650839328765869,0.0012956750579178333,0.006548192352056503
0.09231676906347275,0.3650839328765869,0.0012956750579178333,0.006548192352056503
0.09228844940662384,0.3650219142436981,0.0012955762213096023,0.0065592071041464806
0.09231502562761307,0.3650938868522644,0.0012955476995557547,0.006549578160047531
0.09231831878423691,0.36511218547821045,0.0012958917068317533,0.006549168843775988
0.09231026470661163,0.36511391401290894,0.0012959032319486141,0.006548892706632614
0.09231676906347275,0.3650839328765869,0.0012956750579178333,0.006548192352056503
0.09231676906347275,0.3650839328765869,0.0012956750579178333,0.006548192352056503
0.09228844940662384,0.3650219142436981,0.0012955762213096023,0.0065592071041464806
0.09231502562761307,0.3650938868522644,0.0012955476995557547,0.006549578160047531
0.09231831878423691,0.36511218547821045,0.0012958917068317533,0.006549168843775988
0.09231026470661163,0.36511391401290894,0.0012959032319486141,0.006548892706632614
0.09231676906347275,0.3650839328765869,0.0012956750579178333,0.006548192352056503
0.09231676906347275,0.3650839328765869,0.0012956750579178333,0.006548192352056503
0.09228844940662384,0.3650219142436981,0.0012955762213096023,0.0065592071041464806
0.09231502562761307,0.3650938868522644,0.0012955476995557547,0.006549578160047531
0.09231831878423691,0.36511218547821045,0.0012958917068317533,0.006549168843775988
0.09231026470661163,0.36511391401290894,0.0012959032319486141,0.006548892706632614
0.09231676906347275,0.3650839328765869,0.0012956750579178333,0.006548192352056503
0.09231676906347275,0.3650839328765869,0.0012956750579178333,0.006548192352056503
0.09228844940662384,0.3650219142436981,0.0012955762213096023,0.0065592071041464806
0.09231502562761307,0.3650938868522644,0.0012955476995557547,0.006549578160047531
0.09231831878423691,0.36511218547821045,0.0012958917068317533,0.006549168843775988
0.09231026470661163,0.36511391401290894,0.0012959032319486141,0.006548892706632614
0.09231676906347275,0.3650839328765869,0.0012956750579178333,0.006548192352056503
0.09231676906347275,0.3650839328765869,0.0012956750579178333,0.006548192352056503
0.09228844940662384,0.3650219142436981,0.0012955762213096023,0.0065592071041464806
0.09231502562761307,0.3650938868522644,0.0012955476995557547,0.006549578160047531
0.09231831878423691,0.36511218547821045,0.0012958917068317533,0.006549168843775988
0.09231026470661163,0.36511391401290894,0.0012959032319486141,0.006548892706632614
0.09231676906347275,0.3650839328765869,0.0012956750579178333,0.006548192352056503
0.09231676906347275,0.3650839328765869,0.0012956750579178333,0.006548192352056503
0.09228844940662384,0.3650219142436981,0.0012955762213096023,0.0065592071041464806
0.09231502562761307,0.3650938868522644,0.0012955476995557547,0.006549578160047531
0.09231831878423691,0.36511218547821045,0.0012958917068317533,0.006549168843775988
0.09231026470661163,0.36511391401290894,0.0012959032319486141,0.006548892706632614
0.09231676906347275,0.3650839328765869,0.0012956750579178333,0.006548192352056503
0.09231676906347275,0.3650839328765869,0.0012956750579178333,0.006548192352056503
0.09228844940662384,0.3650219142436981,0.0012955762213096023,0.0065592071041464806
0.09231502562761307,0.3650938868522644,0.0012955476995557547,0.006549578160047531
0.09231831878423691,0.36511218547821045,0.0012958917068317533,0.006549168843775988
0.09231026470661163,0.36511391401290894,0.0012959032319486141,0.006548892706632614
0.09231676906347275,0.3650839328765869,0.0012956750579178333,0.006548192352056503
0.09231676906347275,0.3650839328765869,0.0012956750579178333,0.006548192352056503
0.09228844940662384,0.3650219142436981,0.0012955762213096023,0.0065592071041464806
0.09231502562761307,0.3650938868522644,0.0012955476995557547,0.006549578160047531
0.09231831878423691,0.36511218547821045,0.0012958917068317533,0.006549168843775988
0.09231026470661163,0.36511391401290894,0.0012959032319486141,0.006548892706632614
0.09231676906347275,0.3650839328765869,0.0012956750579178333,0.006548192352056503
0.09231676906347275,0.3650839328765869,0.0012956750579178333,0.006548192352056503
0.09228844940662384,0.3650219142436981,0.0012955762213096023,0.0065592071041464806
0.09231502562761307,0.3650938868522644,0.0012955476995557547,0.006549578160047531
0.09231831878423691,0.36511218547821045,0.0012958917068317533,0.006549168843775988
0.09231026470661163,0.36511391401290894,0.0012959032319486141,0.006548892706632614
0.09231676906347275,0.3650839328765869,0.0012956750579178333,0.006548192352056503
0.09231676906347275,0.3650839328765869,0.0012956750579178333,0.006548192352056503
0.09228844940662384,0.3650219142436981,0.0012955762213096023,0.0065592071041464806
0.09231502562761307,0.3650938868522644,0.0012955476995557547,0.006549578160047531
0.09231831878423691,0.36511218547821045,0.0012958917068317533,0.006549168843775988
0.09231026470661163,0.36511391401290894,0.0012959032319486141,0.006548892706632614
0.09231676906347275,0.3650839328765869,0.0012956750579178333,0.006548192352056503
0.09231676906347275,0.3650839328765869,0.0012956750579178333,0.006548192352056503
0.09228844940662384,0.3650219142436981,0.0012955762213096023,0.0065592071041464806
0.09231502562761307,0.3650938868522644,0.0012955476995557547,0.006549578160047531
0.09231831878423691,0.36511218547821045,0.0012958917068317533,0.006549168843775988
0.09231026470661163,0.36511391401290894,0.0012959032319486141,0.006548892706632614
0.09231676906347275,0.3650839328765869,0.0012956750579178333,0.006548192352056503
0.09231676906347275,0.3650839328765869,0.0012956750579178333,0.006548192352056503
0.09228844940662384,0.3650219142436981,0.0012955762213096023,0.0065592071041464806
0.09231502562761307,0.3650938868522644,0.0012955476995557547,0.006549578160047531
0.09231831878423691,0.36511218547821045,0.0012958917068317533,0.006549168843775988
0.09231026470661163,0.36511391401290894,0.0012959032319486141,0.006548892706632614
0.09231676906347275,0.3650839328765869,0.0012956750579178333,0.006548192352056503
0.09231676906347275,0.3650839328765869,0.0012956750579178333,0.006548192352056503
0.09228844940662384,0.3650219142436981,0.0012955762213096023,0.0065592071041464806
0.09231502562761307,0.3650938868522644,0.0012955476995557547,0.006549578160047531
0.09231831878423691,0.36511218547821045,0.0012958917068317533,0.006549168843775988
0.09231026470661163,0.36511391401290894,0.0012959032319486141,0.006548892706632614
0.09231676906347275,0.3650839328765869,0.0012956750579178333,0.006548192352056503
0.09231676906347275,0.3650839328765869,0.0012956750579178333,0.006548192352056503
0.09228844940662384,0.3650219142436981,0.0012955762213096023,0.0065592071041464806
0.09231502562761307,0.3650938868522644,0.0012955476995557547,0.006549578160047531
0.09231831878423691,0.36511218547821045,0.0012958917068317533,0.006549168843775988
0.09231026470661163,0.36511391401290894,0.0012959032319486141,0.006548892706632614
0.09231676906347275,0.3650839328765869,0.0012956750579178333,0.006548192352056503
0.09231676906347275,0.3650839328765869,0.0012956750579178333,0.006548192352056503
0.09228844940662384,0.3650219142436981,0.0012955762213096023,0.0065592071041464806
0.09231502562761307,0.3650938868522644,0.0012955476995557547,0.006549578160047531
0.09231831878423691,0.36511218547821045,0.0012958917068317533,0.006549168843775988
0.09231026470661163,0.36511391401290894,0.0012959032319486141,0.006548892706632614
0.09231676906347275,0.3650839328765869,0.0012956750579178333,0.006548192352056503
0.09231676906347275,0.3650839328765869,0.0012956750579178333,0.006548192352056503
0.09228844940662384,0.3650219142436981,0.0012955762213096023,0.0065592071041464806
0.09231502562761307,0.3650938868522644,0.0012955476995557547,0.006549578160047531
0.09231831878423691,0.36511218547821045,0.0012958917068317533,0.006549168843775988
0.09231026470661163,0.36511391401290894,0.0012959032319486141,0.006548892706632614
0.09231676906347275,0.3650839328765869,0.0012956750579178333,0.006548192352056503
0.09231676906347275,0.3650839328765869,0.0012956750579178333,0.006548192352056503
0.09228844940662384,0.3650219142436981,0.0012955762213096023,0.0065592071041464806
0.09231502562761307,0.3650938868522644,0.0012955476995557547,0.006549578160047531
0.09231831878423691,0.36511218547821045,0.0012958917068317533,0.006549168843775988
0.09231026470661163,0.36511391401290894,0.0012959032319486141,0.006548892706632614
0.09231676906347275,0.3650839328765869,0.0012956750579178333,0.006548192352056503
0.09231676906347275,0.3650839328765869,0.0012956750579178333,0.006548192352056503
0.09228844940662384,0.3650219142436981,0.0012955762213096023,0.0065592071041464806
0.09231502562761307,0.3650938868522644,0.0012955476995557547,0.006549578160047531
0.09231831878423691,0.36511218547821045,0.0012958917068317533,0.006549168843775988
0.09231026470661163,0.36511391401290894,0.0012959032319486141,0.006548892706632614
0.09231676906347275,0.3650839328765869,0.0012956750579178333,0.006548192352056503
0.09231676906347275,0.3650839328765869,0.0012956750579178333,0.006548192352056503
0.09228844940662384,0.3650219142436981,0.0012955762213096023,0.0065592071041464806
0.09231502562761307,0.3650938868522644,0.0012955476995557547,0.006549578160047531
0.09231831878423691,0.36511218547821045,0.0012958917068317533,0.006549168843775988
0.09231026470661163,0.36511391401290894,0.0012959032319486141,0.006548892706632614
0.09231676906347275,0.3650839328765869,0.0012956750579178333,0.006548192352056503
0.09231676906347275,0.3650839328765869,0.0012956750579178333,0.006548192352056503
0.09228844940662384,0.3650219142436981,0.0012955762213096023,0.0065592071041464806
0.09231502562761307,0.3650938868522644,0.0012955476995557547,0.006549578160047531
0.09231831878423691,0.36511218547821045,0.0012958917068317533,0.006549168843775988
0.09231026470661163,0.36511391401290894,0.0012959032319486141,0.006548892706632614
0.09231676906347275,0.3650839328765869,0.0012956750579178333,0.006548192352056503
0.09231676906347275,0.3650839328765869,0.0012956750579178333,0.006548192352056503
0.09228844940662384,0.3650219142436981,0.0012955762213096023,0.0065592071041464806
0.09231502562761307,0.3650938868522644,0.0012955476995557547,0.006549578160047531
0.09231831878423691,0.36511218547821045,0.0012958917068317533,0.006549168843775988
0.09231026470661163,0.36511391401290894,0.0012959032319486141,0.006548892706632614
0.09231676906347275,0.3650839328765869,0.0012956750579178333,0.006548192352056503
0.09231676906347275,0.3650839328765869,0.0012956750579178333,0.006548192352056503
0.09228844940662384,0.3650219142436981,0.0012955762213096023,0.0065592071041464806
0.09231502562761307,0.3650938868522644,0.0012955476995557547,0.006549578160047531
0.09231831878423691,0.36511218547821045,0.0012958917068317533,0.006549168843775988
0.09231026470661163,0.36511391401290894,0.0012959032319486141,0.006548892706632614
0.09231676906347275,0.3650839328765869,0.0012956750579178333,0.006548192352056503
0.09231676906347275,0.3650839328765869,0.0012956750579178333,0.006548192352056503
0.09228844940662384,0.3650219142436981,0.0012955762213096023,0.0065592071041464806
0.09231502562761307,0.3650938868522644,0.0012955476995557547,0.006549578160047531
0.09231831878423691,0.36511218547821045,0.0012958917068317533,0.006549168843775988
0.09231026470661163,0.36511391401290894,0.0012959032319486141,0.006548892706632614
0.09231676906347275,0.3650839328765869,0.0012956750579178333,0.006548192352056503
0.09231676906347275,0.3650839328765869,0.0012956750579178333,0.006548192352056503
0.09228844940662384,0.3650219142436981,0.0012955762213096023,0.0065592071041464806
0.09231502562761307,0.3650938868522644,0.0012955476995557547,0.006549578160047531
0.09231831878423691,0.36511218547821045,0.0012958917068317533,0.006549168843775988
0.09231026470661163,0.36511391401290894,0.0012959032319486141,0.006548892706632614
0.09231676906347275,0.3650839328765869,0.0012956750579178333,0.006548192352056503
0.09231676906347275,0.3650839328765869,0.0012956750579178333,0.006548192352056503
0.09228844940662384,0.3650219142436981,0.0012955762213096023,0.0065592071041464806
0.09231502562761307,0.3650938868522644,0.0012955476995557547,0.006549578160047531
0.09231831878423691,0.36511218547821045,0.0012958917068317533,0.006549168843775988
0.09231026470661163,0.36511391401290894,0.0012959032319486141,0.006548892706632614
0.09231676906347275,0.3650839328765869,0.0012956750579178333,0.006548192352056503
0.09231676906347275,0.3650839328765869,0.0012956750579178333,0.006548192352056503
0.09228844940662384,0.3650219142436981,0.0012955762213096023,0.0065592071041464806
0.09231502562761307,0.3650938868522644,0.0012955476995557547,0.006549578160047531
0.09231831878423691,0.36511218547821045,0.0012958917068317533,0.006549168843775988
0.09231026470661163,0.36511391401290894,0.0012959032319486141,0.006548892706632614
0.09231676906347275,0.3650839328765869,0.0012956750579178333,0.006548192352056503
0.09231676906347275,0.3650839328765869,0.0012956750579178333,0.006548192352056503
0.09228844940662384,0.3650219142436981,0.0012955762213096023,0.0065592071041464806
0.09231502562761307,0.3650938868522644,0.0012955476995557547,0.006549578160047531
0.09231831878423691,0.36511218547821045,0.0012958917068317533,0.006549168843775988
0.09231026470661163,0.36511391401290894,0.0012959032319486141,0.006548892706632614
0.09231676906347275,0.3650839328765869,0.0012956750579178333,0.006548192352056503
0.09231676906347275,0.3650839328765869,0.0012956750579178333,0.006548192352056503
0.09228844940662384,0.3650219142436981,0.0012955762213096023,0.0065592071041464806
0.09231502562761307,0.3650938868522644,0.0012955476995557547,0.006549578160047531
0.09231831878423691,0.36511218547821045,0.0012958917068317533,0.006549168843775988
0.09231026470661163,0.36511391401290894,0.0012959032319486141,0.006548892706632614
0.09231676906347275,0.3650839328765869,0.0012956750579178333,0.006548192352056503
0.09231676906347275,0.3650839328765869,0.0012956750579178333,0.006548192352056503
0.09228844940662384,0.3650219142436981,0.0012955762213096023,0.0065592071041464806
0.09231502562761307,0.3650938868522644,0.0012955476995557547,0.006549578160047531
0.09231831878423691,0.36511218547821045,0.0012958917068317533,0.006549168843775988
0.09231026470661163,0.36511391401290894,0.0012959032319486141,0.006548892706632614
0.09231676906347275,0.3650839328765869,0.0012956750579178333,0.006548192352056503
0.09231676906347275,0.3650839328765869,0.0012956750579178333,0.006548192352056503
0.09228844940662384,0.3650219142436981,0.0012955762213096023,0.0065592071041464806
0.09231502562761307,0.3650938868522644,0.0012955476995557547,0.006549578160047531
0.09231831878423691,0.36511218547821045,0.0012958917068317533,0.006549168843775988
0.09231026470661163,0.36511391401290894,0.0012959032319486141,0.006548892706632614
0.09231676906347275,0.3650839328765869,0.0012956750579178333,0.006548192352056503
0.09231676906347275,0.3650839328765869,0.0012956750579178333,0.006548192352056503
0.09228844940662384,0.3650219142436981,0.0012955762213096023,0.0065592071041464806
0.09231502562761307,0.3650938868522644,0.0012955476995557547,0.006549578160047531
0.09231831878423691,0.36511218547821045,0.0012958917068317533,0.006549168843775988
0.09231026470661163,0.36511391401290894,0.0012959032319486141,0.006548892706632614
0.09231676906347275,0.3650839328765869,0.0012956750579178333,0.006548192352056503
0.09231676906347275,0.3650839328765869,0.0012956750579178333,0.006548192352056503
0.09228844940662384,0.3650219142436981,0.0012955762213096023,0.0065592071041464806
0.09231502562761307,0.3650938868522644,0.0012955476995557547,0.006549578160047531
0.09231831878423691,0.36511218547821045,0.0012958917068317533,0.006549168843775988
0.09231026470661163,0.36511391401290894,0.0012959032319486141,0.006548892706632614
0.09231676906347275,0.3650839328765869,0.0012956750579178333,0.006548192352056503
0.09231676906347275,0.3650839328765869,0.0012956750579178333,0.006548192352056503
0.09228844940662384,0.3650219142436981,0.0012955762213096023,0.0065592071041464806
0.09231502562761307,0.3650938868522644,0.0012955476995557547,0.006549578160047531
0.09231831878423691,0.36511218547821045,0.0012958917068317533,0.006549168843775988
0.09231026470661163,0.36511391401290894,0.0012959032319486141,0.006548892706632614
0.09231676906347275,0.3650839328765869,0.0012956750579178333,0.006548192352056503
0.09231676906347275,0.3650839328765869,0.0012956750579178333,0.006548192352056503
0.09228844940662384,0.3650219142436981,0.0012955762213096023,0.0065592071041464806
0.09231502562761307,0.3650938868522644,0.0012955476995557547,0.006549578160047531
0.09231831878423691,0.36511218547821045,0.0012958917068317533,0.006549168843775988
0.09231026470661163,0.36511391401290894,0.0012959032319486141,0.006548892706632614
0.09231676906347275,0.3650839328765869,0.0012956750579178333,0.006548192352056503
0.09231676906347275,0.3650839328765869,0.0012956750579178333,0.006548192352056503
0.09228844940662384,0.3650219142436981,0.0012955762213096023,0.0065592071041464806
0.09231502562761307,0.3650938868522644,0.0012955476995557547,0.006549578160047531
0.09231831878423691,0.36511218547821045,0.0012958917068317533,0.006549168843775988
0.09231026470661163,0.36511391401290894,0.0012959032319486141,0.006548892706632614
0.09231676906347275,0.3650839328765869,0.0012956750579178333,0.006548192352056503
0.09231676906347275,0.3650839328765869,0.0012956750579178333,0.006548192352056503
0.09228844940662384,0.3650219142436981,0.0012955762213096023,0.0065592071041464806
0.09231502562761307,0.3650938868522644,0.0012955476995557547,0.006549578160047531
0.09231831878423691,0.36511218547821045,0.0012958917068317533,0.006549168843775988
0.09231026470661163,0.36511391401290894,0.0012959032319486141,0.006548892706632614
0.09231676906347275,0.3650839328765869,0.0012956750579178333,0.006548192352056503
0.09231676906347275,0.3650839328765869,0.0012956750579178333,0.006548192352056503
0.09228844940662384,0.3650219142436981,0.0012955762213096023,0.0065592071041464806
0.09231502562761307,0.3650938868522644,0.0012955476995557547,0.006549578160047531
0.09231831878423691,0.36511218547821045,0.0012958917068317533,0.006549168843775988
0.09231026470661163,0.36511391401290894,0.0012959032319486141,0.006548892706632614
0.09231676906347275,0.3650839328765869,0.0012956750579178333,0.006548192352056503
0.09231676906347275,0.3650839328765869,0.0012956750579178333,0.006548192352056503
0.09228844940662384,0.3650219142436981,0.0012955762213096023,0.0065592071041464806
0.09231502562761307,0.3650938868522644,0.0012955476995557547,0.006549578160047531
0.09231831878423691,0.36511218547821045,0.0012958917068317533,0.006549168843775988
0.09231026470661163,0.36511391401290894,0.0012959032319486141,0.006548892706632614
0.09231676906347275,0.3650839328765869,0.0012956750579178333,0.006548192352056503
0.09231676906347275,0.3650839328765869,0.0012956750579178333,0.006548192352056503
0.09228844940662384,0.3650219142436981,0.0012955762213096023,0.0065592071041464806
0.09231502562761307,0.3650938868522644,0.0012955476995557547,0.006549578160047531
0.09231831878423691,0.36511218547821045,0.0012958917068317533,0.006549168843775988
0.09231026470661163,0.36511391401290894,0.0012959032319486141,0.006548892706632614
0.09231676906347275,0.3650839328765869,0.0012956750579178333,0.006548192352056503
0.09231676906347275,0.3650839328765869,0.0012956750579178333,0.006548192352056503
0.09228844940662384,0.3650219142436981,0.0012955762213096023,0.0065592071041464806
0.09231502562761307,0.3650938868522644,0.0012955476995557547,0.006549578160047531
0.09231831878423691,0.36511218547821045,0.0012958917068317533,0.006549168843775988
0.09231026470661163,0.36511391401290894,0.0012959032319486141,0.006548892706632614
0.09231676906347275,0.3650839328765869,0.0012956750579178333,0.006548192352056503
0.09231676906347275,0.3650839328765869,0.0012956750579178333,0.006548192352056503
0.09228844940662384,0.3650219142436981,0.0012955762213096023,0.0065592071041464806
0.09231502562761307,0.3650938868522644,0.0012955476995557547,0.006549578160047531
0.09231831878423691,0.36511218547821045,0.0012958917068317533,0.006549168843775988
0.09231026470661163,0.36511391401290894,0.0012959032319486141,0.006548892706632614
0.09231676906347275,0.3650839328765869,0.0012956750579178333,0.006548192352056503
0.09231676906347275,0.3650839328765869,0.0012956750579178333,0.006548192352056503
0.09228844940662384,0.3650219142436981,0.0012955762213096023,0.0065592071041464806
0.09231502562761307,0.3650938868522644,0.0012955476995557547,0.006549578160047531
0.09231831878423691,0.36511218547821045,0.0012958917068317533,0.006549168843775988
0.09231026470661163,0.36511391401290894,0.0012959032319486141,0.006548892706632614
0.09231676906347275,0.3650839328765869,0.0012956750579178333,0.006548192352056503
0.09231676906347275,0.3650839328765869,0.0012956750579178333,0.006548192352056503
0.09228844940662384,0.3650219142436981,0.0012955762213096023,0.0065592071041464806
0.09231502562761307,0.3650938868522644,0.0012955476995557547,0.006549578160047531
0.09231831878423691,0.36511218547821045,0.0012958917068317533,0.006549168843775988
0.09231026470661163,0.36511391401290894,0.0012959032319486141,0.006548892706632614
0.09231676906347275,0.3650839328765869,0.0012956750579178333,0.006548192352056503
0.09231676906347275,0.3650839328765869,0.0012956750579178333,0.006548192352056503
0.09228844940662384,0.3650219142436981,0.0012955762213096023,0.0065592071041464806
0.09231502562761307,0.3650938868522644,0.0012955476995557547,0.006549578160047531
0.09231831878423691,0.36511218547821045,0.0012958917068317533,0.006549168843775988
0.09231026470661163,0.36511391401290894,0.0012959032319486141,0.006548892706632614
0.09231676906347275,0.3650839328765869,0.0012956750579178333,0.006548192352056503
0.09231676906347275,0.3650839328765869,0.0012956750579178333,0.006548192352056503
0.09228844940662384,0.3650219142436981,0.0012955762213096023,0.0065592071041464806
0.09231502562761307,0.3650938868522644,0.0012955476995557547,0.006549578160047531
0.09231831878423691,0.36511218547821045,0.0012958917068317533,0.006549168843775988
0.09231026470661163,0.36511391401290894,0.0012959032319486141,0.006548892706632614
0.09231676906347275,0.3650839328765869,0.0012956750579178333,0.006548192352056503
0.09231676906347275,0.3650839328765869,0.0012956750579178333,0.006548192352056503
0.09228844940662384,0.3650219142436981,0.0012955762213096023,0.0065592071041464806
0.09231502562761307,0.3650938868522644,0.0012955476995557547,0.006549578160047531
0.09231831878423691,0.36511218547821045,0.0012958917068317533,0.006549168843775988
0.09231026470661163,0.36511391401290894,0.0012959032319486141,0.006548892706632614
0.09231676906347275,0.3650839328765869,0.0012956750579178333,0.006548192352056503
0.09231676906347275,0.3650839328765869,0.0012956750579178333,0.006548192352056503
0.09228844940662384,0.3650219142436981,0.0012955762213096023,0.0065592071041464806
0.09231502562761307,0.3650938868522644,0.0012955476995557547,0.006549578160047531
0.09231831878423691,0.36511218547821045,0.0012958917068317533,0.006549168843775988
0.09231026470661163,0.36511391401290894,0.0012959032319486141,0.006548892706632614
0.09231676906347275,0.3650839328765869,0.0012956750579178333,0.006548192352056503
0.09231676906347275,0.3650839328765869,0.0012956750579178333,0.006548192352056503
0.09228844940662384,0.3650219142436981,0.0012955762213096023,0.0065592071041464806
0.09231502562761307,0.3650938868522644,0.0012955476995557547,0.006549578160047531
0.09231831878423691,0.36511218547821045,0.0012958917068317533,0.006549168843775988
0.09231026470661163,0.36511391401290894,0.0012959032319486141,0.006548892706632614
0.09231676906347275,0.3650839328765869,0.0012956750579178333,0.006548192352056503
0.09231676906347275,0.3650839328765869,0.0012956750579178333,0.006548192352056503
0.09228844940662384,0.3650219142436981,0.0012955762213096023,0.0065592071041464806
0.09231502562761307,0.3650938868522644,0.0012955476995557547,0.006549578160047531
0.09231831878423691,0.36511218547821045,0.0012958917068317533,0.006549168843775988
0.09231026470661163,0.36511391401290894,0.0012959032319486141,0.006548892706632614
0.09231676906347275,0.3650839328765869,0.0012956750579178333,0.006548192352056503
0.09231676906347275,0.3650839328765869,0.0012956750579178333,0.006548192352056503
0.09228844940662384,0.3650219142436981,0.0012955762213096023,0.0065592071041464806
0.09231502562761307,0.3650938868522644,0.0012955476995557547,0.006549578160047531
0.09231831878423691,0.36511218547821045,0.0012958917068317533,0.006549168843775988
0.09231026470661163,0.36511391401290894,0.0012959032319486141,0.006548892706632614
0.09231676906347275,0.3650839328765869,0.0012956750579178333,0.006548192352056503
0.09231676906347275,0.3650839328765869,0.0012956750579178333,0.006548192352056503
0.09228844940662384,0.3650219142436981,0.0012955762213096023,0.0065592071041464806
0.09231502562761307,0.3650938868522644,0.0012955476995557547,0.006549578160047531
0.09231831878423691,0.36511218547821045,0.0012958917068317533,0.006549168843775988
0.09231026470661163,0.36511391401290894,0.0012959032319486141,0.006548892706632614
0.09231676906347275,0.3650839328765869,0.0012956750579178333,0.006548192352056503
