x,y,z,sdf,value,region
2.72,0,0,-0.02,0.5,twisted_surface
2.678557,-0.031621,0.073162,0.032902,0.77032,twisted_surface
2.698223,-0.064194,0.148528,0.049288,0.954816,twisted_surface
2.774599,-0.080308,0.185811,0.017845,0.994911,twisted_surface
2.862647,-0.075886,0.175579,-0.039721,0.877875,twisted_surface
2.926329,-0.065315,0.151122,-0.083674,0.640866,twisted_surface
2.973671,-0.065315,0.151122,-0.083674,0.359134,twisted_surface
3.037353,-0.075886,0.175579,-0.039721,0.122125,twisted_surface
3.125401,-0.080308,0.185811,0.017845,0.005089,twisted_surface
3.201777,-0.064194,0.148528,0.049288,0.045184,twisted_surface
3.221443,-0.031621,0.073162,0.032902,0.22968,twisted_surface
3.18,0,0,-0.02,0.5,twisted_surface
3.119924,0.019795,-0.045799,-0.072902,0.77032,twisted_surface
3.0852,0.034471,-0.079757,-0.089288,0.954816,twisted_surface
3.075835,0.057614,-0.133303,-0.057845,0.994911,twisted_surface
3.053738,0.09012,-0.208513,-0.000279,0.877875,twisted_surface
2.991794,0.115325,-0.266829,0.043674,0.640866,twisted_surface
2.908206,0.115325,-0.266829,0.043674,0.359134,twisted_surface
2.846262,0.09012,-0.208513,-0.000279,0.122125,twisted_surface
2.824165,0.057614,-0.133303,-0.057845,0.005089,twisted_surface
2.8148,0.034471,-0.079757,-0.089288,0.045184,twisted_surface
2.780076,0.019795,-0.045799,-0.072902,0.22968,twisted_surface
2.694085,0.181148,0.088849,-0.003065,0.569587,twisted_surface
2.663828,0.145431,0.164531,0.042421,0.82623,twisted_surface
2.699235,0.118375,0.235272,0.044819,0.979297,twisted_surface
2.78274,0.114201,0.264132,0.002474,0.980191,twisted_surface
2.866276,0.127974,0.251475,-0.055384,0.828628,twisted_surface
2.923217,0.140577,0.23541,-0.088818,0.572728,twisted_surface
2.971406,0.139837,0.248204,-0.074748,0.293737,twisted_surface
3.041765,0.13368,0.27863,-0.022887,0.080233,twisted_surface
3.131198,0.140285,0.283913,0.030967,0.000003,twisted_surface
3.196975,0.166812,0.237666,0.049639,0.078518,twisted_surface
3.200807,0.201283,0.15879,0.020241,0.29085,twisted_surface
3.151829,0.226645,0.088849,-0.036935,0.569587,twisted_surface
3.097966,0.240037,0.045478,-0.082421,0.82623,twisted_surface
3.074596,0.254426,0.006812,-0.084819,0.979297,twisted_surface
3.068913,0.280675,-0.055228,-0.042474,0.980191,twisted_surface
3.040079,0.311385,-0.132912,0.015384,0.828628,twisted_surface
2.970568,0.326065,-0.182862,0.048818,0.572728,twisted_surface
2.888469,0.312376,-0.170069,0.034748,0.293737,twisted_surface
2.83526,0.279291,-0.105756,-0.017113,0.080233,twisted_surface
2.817854,0.247172,-0.035446,-0.070967,0.000003,twisted_surface
2.802178,0.226315,0.009206,-0.089639,0.078518,twisted_surface
2.75654,0.208582,0.039738,-0.060241,0.29085,twisted_surface
2.651659,0.357195,0.176725,0.012863,0.637819,twisted_surface
2.635273,0.320473,0.254087,0.048231,0.875789,twisted_surface
2.684961,0.302235,0.319342,0.0365,0.994449,twisted_surface
2.77168,0.31036,0.340784,-0.014231,0.956125,twisted_surface
2.848281,0.331092,0.328365,-0.068945,0.772985,twisted_surface
2.899207,0.343772,0.32266,-0.089873,0.503173,twisted_surface
2.949777,0.34316,0.347543,-0.062569,0.232355,twisted_surface
3.025858,0.34388,0.381183,-0.005881,0.046511,twisted_surface
3.11315,0.36222,0.379259,0.041061,0.004648,twisted_surface
3.16569,0.396642,0.323998,0.045854,0.120055,twisted_surface
3.154977,0.429535,0.242922,0.005189,0.356092,twisted_surface
3.102676,0.447655,0.176725,-0.052863,0.637819,twisted_surface
3.058077,0.456847,0.134762,-0.088231,0.875789,twisted_surface
3.045299,0.473475,0.090359,-0.0765,0.994449,twisted_surface
3.040359,0.502594,0.020694,-0.025769,0.956125,twisted_surface
3.003535,0.528745,-0.056901,0.028945,0.772985,twisted_surface
2.928457,0.530832,-0.096569,0.049873,0.503173,twisted_surface
2.850655,0.504472,-0.071686,0.022569,0.232355,twisted_surface
2.806392,0.466376,-0.004083,-0.034119,0.046511,twisted_surface
2.791121,0.435975,0.059169,-0.081061,0.004648,twisted_surface
2.767188,0.415682,0.095015,-0.085854,0.120055,twisted_surface
2.712285,0.392317,0.123597,-0.045189,0.356092,twisted_surface
2.59444,0.526875,0.262664,0.026839,0.703368,twisted_surface
2.593353,0.49279,0.340773,0.049987,0.918034,twisted_surface
2.654669,0.485934,0.399982,0.024825,0.999977,twisted_surface
2.740663,0.505523,0.415431,-0.031279,0.923181,twisted_surface
2.808798,0.530445,0.405917,-0.079598,0.712028,twisted_surface
2.855014,0.541942,0.411978,-0.086777,0.433557,twisted_surface
2.90904,0.543061,0.447577,-0.047861,0.176182,twisted_surface
2.989031,0.552843,0.481479,0.010286,0.021616,twisted_surface
3.070633,0.582523,0.470474,0.047528,0.018934,twisted_surface
3.108425,0.621648,0.406643,0.038157,0.168987,twisted_surface
3.085693,0.65007,0.3248,-0.011359,0.424134,twisted_surface
3.034377,0.661246,0.262664,-0.066839,0.703368,twisted_surface
3.00101,0.669058,0.221001,-0.089987,0.918034,twisted_surface
2.99702,0.689817,0.170141,-0.064825,0.999977,twisted_surface
2.989973,0.720505,0.094142,-0.008721,0.923181,twisted_surface
2.944871,0.739109,0.019208,0.039598,0.712028,twisted_surface
2.866824,0.727383,-0.008821,0.046777,0.433557,twisted_surface
2.795631,0.690255,0.026778,0.007861,0.176182,twisted_surface
2.759591,0.649866,0.094771,-0.050286,0.021616,twisted_surface
2.743749,0.621515,0.149185,-0.087528,0.018934,twisted_surface
2.710581,0.59945,0.176802,-0.078157,0.168987,twisted_surface
2.649118,0.56848,0.205028,-0.028641,0.424134,twisted_surface
2.524089,0.689358,0.345726,0.038033,0.76496,twisted_surface
2.538327,0.661656,0.423605,0.047586,0.952143,twisted_surface
2.607736,0.667682,0.476544,0.010486,0.995774,twisted_surface
2.689436,0.696832,0.487775,-0.047658,0.882,twisted_surface
2.74852,0.72318,0.4837,-0.08671,0.646944,twisted_surface
2.791621,0.733087,0.502296,-0.079714,0.365234,twisted_surface
2.849495,0.738029,0.546628,-0.031499,0.126312,twisted_surface
2.930898,0.758445,0.577799,0.024654,0.006032,twisted_surface
3.003638,0.797991,0.556321,0.049983,0.042584,twisted_surface
3.026466,0.838356,0.484839,0.027004,0.224362,twisted_surface
2.995181,0.860366,0.403714,-0.028421,0.493654,twisted_surface
2.948782,0.866095,0.345726,-0.078033,0.76496,twisted_surface
2.927378,0.875541,0.303222,-0.087586,0.952143,twisted_surface
2.929626,0.901388,0.245529,-0.050486,0.995774,twisted_surface
2.918088,0.931425,0.164845,0.007658,0.882,twisted_surface
2.865411,0.939655,0.095017,0.04671,0.646944,twisted_surface
2.78728,0.913906,0.079348,0.039714,0.365234,twisted_surface
2.724273,0.868543,0.12368,-0.008501,0.126312,twisted_surface
2.694941,0.828082,0.189115,-0.064654,0.006032,twisted_surface
2.676062,0.801108,0.233391,-0.089983,0.042584,twisted_surface
2.633808,0.7747,0.253825,-0.067004,0.224362,twisted_surface
2.569253,0.735095,0.283331,-0.011579,0.493654,twisted_surface
2.442086,0.844163,0.425,0.045778,0.821394,twisted_surface
2.4703,0.826215,0.501682,0.041169,0.977451,twisted_surface
2.54378,0.845379,0.548483,-0.005664,0.981921,twisted_surface
2.618308,0.881372,0.557537,-0.062393,0.833385,twisted_surface
2.668622,0.906742,0.561169,-0.089859,0.579001,twisted_surface
2.710172,0.915533,0.592378,-0.069103,0.299535,twisted_surface
2.771492,0.926563,0.642945,-0.014453,0.083715,twisted_surface
2.851401,0.958325,0.668502,0.036369,0.000063,twisted_surface
2.912852,1.005349,0.635724,0.04828,0.075137,twisted_surface
2.921796,1.043662,0.557945,0.013059,0.285103,twisted_surface
2.885961,1.058509,0.478993,-0.044982,0.563296,twisted_surface
2.847632,1.061262,0.425,-0.085778,0.821394,twisted_surface
2.837692,1.075106,0.380537,-0.081169,0.977451,twisted_surface
2.843255,1.105897,0.316008,-0.034336,0.981921,twisted_surface
2.825602,1.132413,0.232565,0.022393,0.833385,twisted_surface
2.766944,1.127967,0.170027,0.049859,0.579001,twisted_surface
2.691555,1.08902,0.166755,0.029103,0.299535,twisted_surface
2.637444,1.038258,0.217321,-0.025547,0.083715,twisted_surface
2.612782,0.999178,0.27736,-0.076369,0.000063,twisted_surface
2.588994,0.972051,0.310751,-0.08828,0.075137,twisted_surface
2.538936,0.938909,0.32547,-0.053059,0.285103,twisted_surface
2.475116,0.890789,0.357848,0.004982,0.563296,twisted_surface
2.349655,0.991026,0.499617,0.049617,0.871572,twisted_surface
2.389305,0.985412,0.574197,0.031119,0.993466,twisted_surface
2.462777,1.016687,0.615354,-0.022665,0.958688,twisted_surface
2.52815,1.05634,0.624436,-0.074609,0.77828,twisted_surface
2.570644,1.078978,0.637646,-0.088858,0.509519,twisted_surface
2.611885,1.087905,0.680836,-0.055576,0.237737,twisted_surface
2.675472,1.107116,0.734747,0.002264,0.049221,twisted_surface
2.750924,1.149942,0.752077,0.044735,0.003824,twisted_surface
2.799673,1.20144,0.707793,0.042521,0.11596,twisted_surface
2.796965,1.235003,0.625442,-0.00285,0.350025,twisted_surface
2.760654,1.243208,0.550008,-0.060059,0.631707,twisted_surface
2.732473,1.246074,0.499617,-0.089617,0.871572,twisted_surface
2.732432,1.266429,0.452161,-0.071119,0.993466,twisted_surface
2.738416,1.300905,0.381168,-0.017335,0.958688,twisted_surface
2.713969,1.320734,0.297073,0.034609,0.77828,twisted_surface
2.651589,1.302128,0.243626,0.048858,0.509519,twisted_surface
2.581399,1.251734,0.252081,0.015576,0.237737,twisted_surface
2.536025,1.198351,0.305992,-0.042264,0.049221,twisted_surface
2.513812,1.16119,0.358057,-0.084735,0.003824,twisted_surface
2.484107,1.131791,0.380429,-0.082521,0.11596,twisted_surface
2.428509,1.0901,0.391256,-0.03715,0.350025,twisted_surface
2.369158,1.03479,0.427972,0.020059,0.631707,twisted_surface
2.24774,1.129768,0.568761,0.049319,0.914519,twisted_surface
2.295408,1.137948,0.640449,0.018032,0.999877,twisted_surface
2.365142,1.17915,0.676797,-0.039508,0.926527,twisted_surface
2.420346,1.219196,0.68816,-0.083582,0.717758,twisted_surface
2.456365,1.238183,0.712313,-0.083766,0.439853,twisted_surface
2.497993,1.249064,0.766155,-0.039934,0.181044,twisted_surface
2.562042,1.278061,0.820273,0.017658,0.023501,twisted_surface
2.63038,1.330688,0.827184,0.049256,0.017243,twisted_surface
2.666179,1.383415,0.771838,0.033048,0.164257,twisted_surface
2.654899,1.41047,0.686923,-0.019778,0.417867,twisted_surface
2.621803,1.413744,0.616167,-0.072757,0.697554,twisted_surface
2.604623,1.419998,0.568761,-0.089319,0.914519,twisted_surface
2.612141,1.448018,0.517417,-0.058032,0.999877,twisted_surface
2.616063,1.483939,0.4407,-0.000492,0.926527,twisted_surface
2.585129,1.494013,0.358127,0.043582,0.717758,twisted_surface
2.521659,1.460763,0.315079,0.043766,0.439853,twisted_surface
2.458507,1.401375,0.333903,-0.000066,0.181044,twisted_surface
2.420977,1.347764,0.388021,-0.057658,0.023501,twisted_surface
2.399164,1.312136,0.42995,-0.089256,0.017243,twisted_surface
2.363543,1.27811,0.441804,-0.073048,0.164257,twisted_surface
2.305361,1.226944,0.450827,-0.020222,0.417867,twisted_surface
2.253681,1.166865,0.493135,0.032757,0.697554,twisted_surface
2.137036,1.260169,0.631673,0.044903,0.949397,twisted_surface
2.188831,1.282293,0.699843,0.002685,0.996558,twisted_surface
2.251772,1.330333,0.732527,-0.055192,0.886064,twisted_surface
2.296702,1.367794,0.748349,-0.088777,0.652999,twisted_surface
2.327686,1.383106,0.784206,-0.074886,0.371357,twisted_surface
2.369731,1.398034,0.846729,-0.023109,0.130558,twisted_surface
2.432054,1.437695,0.897839,0.030814,0.007055,twisted_surface
2.491264,1.498029,0.892693,0.049662,0.040058,twisted_surface
2.515018,1.548915,0.827376,0.020423,0.21909,twisted_surface
2.498698,1.568859,0.742091,-0.036719,0.487308,twisted_surface
2.47173,1.569862,0.67691,-0.08232,0.759556,twisted_surface
2.465194,1.582523,0.631673,-0.084903,0.949397,twisted_surface
2.477526,1.61823,0.575743,-0.042685,0.996558,twisted_surface
2.477616,1.652639,0.494381,0.015192,0.886064,twisted_surface
2.441398,1.650356,0.415451,0.048777,0.652999,twisted_surface
2.379513,1.603032,0.383524,0.034886,0.371357,twisted_surface
2.324489,1.537508,0.410724,-0.016891,0.130558,twisted_surface
2.293409,1.485418,0.461835,-0.070814,0.007055,twisted_surface
2.270448,1.450134,0.492011,-0.089662,0.040058,twisted_surface
2.22992,1.409282,0.494477,-0.060423,0.21909,twisted_surface
2.172415,1.348801,0.503945,-0.003281,0.487308,twisted_surface
2.130696,1.287206,0.55281,0.04232,0.759556,twisted_surface
2.018062,1.381871,0.687664,0.036631,0.975528,twisted_surface
2.070049,1.416744,0.751896,-0.01401,0.983573,twisted_surface
2.124038,1.467978,0.782314,-0.068786,0.838087,twisted_surface
2.159318,1.500473,0.804567,-0.089886,0.585261,twisted_surface
2.186522,1.51291,0.852221,-0.062745,0.305365,twisted_surface
2.228357,1.533943,0.920896,-0.006099,0.087264,twisted_surface
2.286698,1.58429,0.965888,0.040952,0.000204,twisted_surface
2.335645,1.649669,0.947722,0.045929,0.071825,twisted_surface
2.34925,1.696205,0.874134,0.005397,0.279389,twisted_surface
2.331428,1.709654,0.790733,-0.052667,0.556996,twisted_surface
2.312446,1.711641,0.731708,-0.088181,0.816506,twisted_surface
2.315151,1.733067,0.687664,-0.076631,0.975528,twisted_surface
2.329555,1.775327,0.626694,-0.02599,0.983573,twisted_surface
2.324937,1.804897,0.542053,0.028786,0.838087,twisted_surface
2.285335,1.788434,0.468712,0.049886,0.585261,twisted_surface
2.227447,1.728583,0.44798,0.022745,0.305365,twisted_surface
2.180875,1.659856,0.481019,-0.033901,0.087264,twisted_surface
2.154657,1.610242,0.526012,-0.080952,0.000204,twisted_surface
2.12974,1.573558,0.543482,-0.085929,0.071825,twisted_surface
2.086163,1.524197,0.53828,-0.045397,0.279389,twisted_surface
2.032474,1.455684,0.550472,0.012667,0.556996,twisted_surface
2.001842,1.396285,0.606506,0.048181,0.816506,twisted_surface
1.891258,1.49432,0.736122,0.024995,0.992404,twisted_surface
1.93987,1.539526,0.796231,-0.03106,0.961177,twisted_surface
1.98373,1.590137,0.825961,-0.079481,0.78353,twisted_surface
2.010466,1.616096,0.856283,-0.086843,0.515864,twisted_surface
2.034741,1.627113,0.915124,-0.048065,0.243161,twisted_surface
2.075204,1.655984,0.986996,0.010086,0.052003,twisted_surface
2.127566,1.716179,1.023055,0.047469,0.003081,twisted_surface
2.166106,1.783714,0.991664,0.03828,0.111927,twisted_surface
2.172151,1.824259,0.912038,-0.011139,0.343983,twisted_surface
2.155936,1.832949,0.832708,-0.066674,0.625574,twisted_surface
2.14561,1.83934,0.780052,-0.089991,0.867296,twisted_surface
2.155404,1.870919,0.736122,-0.064995,0.992404,twisted_surface
2.16951,1.917567,0.669939,-0.00894,0.961177,twisted_surface
2.16026,1.938995,0.583607,0.039481,0.78353,twisted_surface
2.119584,1.907508,0.517503,0.046843,0.515864,twisted_surface
2.067608,1.837469,0.507363,0.008065,0.243161,twisted_surface
2.029157,1.768245,0.543288,-0.050086,0.052003,twisted_surface
2.006334,1.721248,0.579347,-0.087469,0.003081,twisted_surface
1.979513,1.681181,0.583902,-0.07828,0.111927,twisted_surface
1.935312,1.622431,0.573258,-0.028861,0.343983,twisted_surface
1.888038,1.548176,0.590354,0.026674,0.625574,twisted_surface
1.868357,1.494694,0.653759,0.049991,0.867296,twisted_surface
1.757099,1.596757,0.776514,0.010686,0.999695,twisted_surface
1.79947,1.648907,0.832575,-0.047453,0.929805,twisted_surface
1.832958,1.695298,0.86328,-0.086642,0.723454,twisted_surface
1.852454,1.714053,0.90286,-0.079829,0.446158,twisted_surface
1.874135,1.725515,0.971581,-0.031718,0.185957,twisted_surface
1.911745,1.763407,1.043429,0.024483,0.025462,twisted_surface
1.956669,1.831875,1.06822,0.049977,0.01563,twisted_surface
1.98562,1.898812,1.024205,0.027168,0.159581,twisted_surface
1.987001,1.932772,0.941193,-0.0282,0.411614,twisted_surface
1.974705,1.939315,0.867919,-0.077908,0.691708,twisted_surface
1.972557,1.95326,0.821451,-0.087643,0.910936,twisted_surface
1.986911,1.995237,0.776514,-0.050686,0.999695,twisted_surface
1.99902,2.04333,0.705255,0.007453,0.929805,twisted_surface
1.98608,2.053709,0.618955,0.046642,0.723454,twisted_surface
1.946744,2.007417,0.561324,0.039829,0.446158,twisted_surface
1.901953,1.930064,0.560503,-0.008282,0.185957,twisted_surface
1.870838,1.862571,0.596111,-0.064483,0.025462,twisted_surface
1.85035,1.81762,0.620903,-0.089977,0.01563,twisted_surface
1.822503,1.772292,0.613126,-0.067168,0.159581,twisted_surface
1.780301,1.704238,0.599657,-0.0118,0.411614,twisted_surface
1.741167,1.627281,0.623594,0.037908,0.691708,twisted_surface
1.731102,1.583005,0.694131,0.047643,0.910936,twisted_surface
1.616199,1.688251,0.808398,-0.005446,0.997261,twisted_surface
1.650383,1.743339,0.860743,-0.062216,0.890066,twisted_surface
1.674034,1.782453,0.894068,-0.089845,0.659028,twisted_surface
1.687533,1.79422,0.943546,-0.069261,0.3775,twisted_surface
1.70643,1.808134,1.020193,-0.014674,0.134865,twisted_surface
1.739654,1.855554,1.088724,0.036237,0.008157,twisted_surface
1.776415,1.930204,1.100566,0.048329,0.037606,twisted_surface
1.797374,1.994253,1.045329,0.013255,0.213862,twisted_surface
1.796873,2.022115,0.961856,-0.044774,0.480965,twisted_surface
1.789777,2.029645,0.896284,-0.085702,0.754111,twisted_surface
1.794361,2.053629,0.85543,-0.081277,0.946579,twisted_surface
1.810766,2.105077,0.808398,-0.034554,0.997261,twisted_surface
1.820032,2.151233,0.732517,0.022216,0.890066,twisted_surface
1.80502,2.14837,0.648005,0.049845,0.659028,twisted_surface
1.769245,2.088516,0.599579,0.029261,0.3775,twisted_surface
1.732249,2.006966,0.60619,-0.025326,0.134865,twisted_surface
1.707488,1.942814,0.638223,-0.076237,0.008157,twisted_surface
1.68887,1.898823,0.650065,-0.088329,0.037606,twisted_surface
1.661542,1.846774,0.631326,-0.053255,0.213862,twisted_surface
1.623757,1.770485,0.61789,0.004774,0.480965,twisted_surface
1.593404,1.694249,0.650221,0.045702,0.754111,twisted_surface
1.590639,1.66164,0.727204,0.041277,0.946579,twisted_surface
1.469391,1.767784,0.831425,-0.022443,0.985148,twisted_surface
1.494453,1.821575,0.880631,-0.07447,0.842736,twisted_surface
1.509342,1.851144,0.918088,-0.088898,0.591508,twisted_surface
1.517816,1.856904,0.977483,-0.055767,0.311227,twisted_surface
1.533315,1.875163,1.059554,0.002053,0.09088,twisted_surface
1.560844,1.931922,1.121618,0.04465,0.000425,twisted_surface
1.589523,2.010425,1.119619,0.042621,0.068583,twisted_surface
1.604574,2.070008,1.055311,-0.002635,0.273712,twisted_surface
1.604462,2.09322,0.974392,-0.059877,0.550686,twisted_surface
1.602728,2.104982,0.917714,-0.089593,0.811568,twisted_surface
1.611942,2.140534,0.881528,-0.07127,0.973529,twisted_surface
1.628275,2.199473,0.831425,-0.017557,0.985148,twisted_surface
1.634752,2.24025,0.751682,0.03447,0.842736,twisted_surface
1.619692,2.222884,0.670637,0.048898,0.591508,twisted_surface
1.589275,2.151594,0.631577,0.015767,0.311227,twisted_surface
1.560096,2.06893,0.643217,-0.042053,0.09088,twisted_surface
1.540776,2.009066,0.668577,-0.08465,0.000425,twisted_surface
1.524232,1.964697,0.666578,-0.082621,0.068583,twisted_surface
1.499349,1.905114,0.638973,-0.037365,0.273712,twisted_surface
1.467828,1.822518,0.628486,0.019877,0.550686,twisted_surface
1.445754,1.750402,0.670263,0.049593,0.811568,twisted_surface
1.447346,1.730802,0.752579,0.03127,0.973529,twisted_surface
1.31777,1.834347,0.845344,-0.039295,0.963592,twisted_surface
1.333737,1.882778,0.892193,-0.083488,0.788735,twisted_surface
1.341218,1.901456,0.935048,-0.083858,0.522206,twisted_surface
1.34525,1.902767,1.00373,-0.040147,0.248627,twisted_surface
1.35649,1.926953,1.088322,0.01747,0.054857,twisted_surface
1.377464,1.992249,1.14113,0.049223,0.002417,twisted_surface
1.398881,2.072324,1.125283,0.033192,0.107956,twisted_surface
1.410229,2.126699,1.054686,-0.019556,0.337966,twisted_surface
1.411964,2.147427,0.979229,-0.07261,0.619421,twisted_surface
1.414712,2.166366,0.932083,-0.089349,0.86296,twisted_surface
1.426177,2.213897,0.899304,-0.058218,0.991262,twisted_surface
1.440989,2.277536,0.845344,-0.000705,0.963592,twisted_surface
1.44555,2.309799,0.762768,0.043488,0.788735,twisted_surface
1.432567,2.277713,0.686682,0.043858,0.522206,twisted_surface
1.408734,2.197779,0.656545,0.000147,0.248627,twisted_surface
1.386967,2.116819,0.670444,-0.05747,0.054857,twisted_surface
1.372464,2.061587,0.686413,-0.089223,0.002417,twisted_surface
1.358809,2.015518,0.670567,-0.073192,0.107956,twisted_surface
1.338332,1.94835,0.636808,-0.020444,0.337966,twisted_surface
1.314066,1.861984,0.632043,0.03261,0.619421,twisted_surface
1.298744,1.796954,0.683717,0.049349,0.86296,twisted_surface
1.301535,1.790444,0.769878,0.018218,0.991262,twisted_surface
1.162693,1.887063,0.85,-0.055,0.933013,twisted_surface
1.170397,1.926587,0.895434,-0.088735,0.729113,twisted_surface
1.171838,1.933981,0.944599,-0.075024,0.452472,twisted_surface
1.171602,1.932766,1.021305,-0.023331,0.190921,twisted_surface
1.177694,1.964024,1.105298,0.030661,0.0275,twisted_surface
1.191841,2.036599,1.146633,0.049683,0.014094,twisted_surface
1.207368,2.116261,1.117849,0.020604,0.15496,twisted_surface
1.216968,2.165512,1.044203,-0.036503,0.405374,twisted_surface
1.221021,2.186305,0.976801,-0.082218,0.685831,twisted_surface
1.226558,2.214716,0.939213,-0.084986,0.907288,twisted_surface
1.238018,2.273506,0.908348,-0.042895,0.999434,twisted_surface
1.250699,2.338566,0.85,0.015,0.933013,twisted_surface
1.254838,2.3598,0.765837,0.048735,0.729113,twisted_surface
1.245873,2.313809,0.695905,0.035024,0.452472,twisted_surface
1.229233,2.228438,0.67366,-0.016669,0.190921,twisted_surface
1.214253,2.151585,0.686868,-0.070661,0.0275,twisted_surface
1.204365,2.100855,0.691315,-0.089683,0.014094,twisted_surface
1.194843,2.052005,0.662532,-0.060604,0.15496,twisted_surface
1.180409,1.977951,0.625773,-0.003497,0.405374,twisted_surface
1.163389,1.890633,0.629156,0.042218,0.685831,twisted_surface
1.152523,1.834887,0.690519,0.044986,0.907288,twisted_surface
1.153577,1.840292,0.778751,0.002895,0.999434,twisted_surface
1.005737,1.925297,0.845344,-0.068626,0.894005,twisted_surface
1.006572,1.953147,0.890385,-0.089898,0.665033,twisted_surface
1.003149,1.949759,0.946341,-0.062921,0.383663,twisted_surface
0.998472,1.948095,1.029242,-0.006316,0.13923,twisted_surface
0.998711,1.987092,1.109523,0.040843,0.009338,twisted_surface
1.006374,2.065427,1.137913,0.046003,0.035229,twisted_surface
1.017658,2.143143,1.097981,0.005603,0.208681,twisted_surface
1.026889,2.188054,1.024765,-0.05247,0.474624,twisted_surface
1.032736,2.211477,0.967501,-0.08813,0.748625,twisted_surface
1.038896,2.250762,0.938869,-0.076761,0.943688,twisted_surface
1.048571,2.319086,0.908301,-0.026212,0.997884,twisted_surface
1.059381,2.382158,0.845344,0.028626,0.894005,twisted_surface
1.064944,2.390692,0.760974,0.049898,0.665033,twisted_surface
1.06152,2.33254,0.698004,0.022921,0.383663,twisted_surface
1.052114,2.245102,0.682098,-0.033684,0.13923,twisted_surface
1.043277,2.174262,0.691694,-0.080843,0.009338,twisted_surface
1.038254,2.127598,0.68325,-0.086003,0.035229,twisted_surface
1.03427,2.075278,0.643319,-0.045603,0.208681,twisted_surface
1.026887,1.995651,0.606936,0.01247,0.474624,twisted_surface
1.01612,1.910123,0.620356,0.04813,0.748625,twisted_surface
1.007012,1.864871,0.690532,0.036761,0.943688,twisted_surface
1.004002,1.879921,0.778891,-0.013788,0.997884,twisted_surface
0.848616,1.948749,0.831425,-0.079363,0.847329,twisted_surface
0.844256,1.96311,0.877101,-0.086909,0.59774,twisted_surface
0.836812,1.950206,0.939843,-0.048268,0.317119,twisted_surface
0.827304,1.950149,1.026669,0.009885,0.094561,twisted_surface
0.821332,1.997101,1.100355,0.047409,0.000727,twisted_surface
0.823386,2.079596,1.1152,0.038403,0.065409,twisted_surface
0.832034,2.154354,1.066671,-0.010918,0.268071,twisted_surface
0.841488,2.196175,0.997346,-0.066508,0.544368,twisted_surface
0.847755,2.22448,0.951633,-0.089994,0.806579,twisted_surface
0.852295,2.275039,0.930762,-0.065165,0.971453,twisted_surface
0.859147,2.3504,0.898876,-0.009159,0.986644,twisted_surface
0.869113,2.408292,0.831425,0.039363,0.847329,twisted_surface
0.877998,2.40341,0.748272,0.046909,0.59774,twisted_surface
0.881065,2.335593,0.692623,0.008268,0.317119,twisted_surface
0.878484,2.249401,0.681085,-0.049885,0.094561,twisted_surface
0.875291,2.185975,0.684405,-0.087409,0.000727,twisted_surface
0.875754,2.14279,0.662582,-0.078403,0.065409,twisted_surface
0.878567,2.086748,0.614052,-0.029082,0.268071,twisted_surface
0.878418,2.003247,0.581396,0.026508,0.544368,twisted_surface
0.872089,1.921859,0.606049,0.049994,0.806579,twisted_surface
0.862061,1.887242,0.683542,0.025165,0.971453,twisted_surface
0.853555,1.908845,0.770047,-0.030841,0.986644,twisted_surface
0.693068,1.957516,0.808398,-0.086574,0.793893,twisted_surface
0.685188,1.957585,0.855656,-0.079944,0.528544,twisted_surface
0.674176,1.937034,0.924688,-0.031937,0.254134,twisted_surface
0.659388,1.940489,1.012888,0.024311,0.057784,twisted_surface
0.647286,1.995235,1.077549,0.049971,0.001834,twisted_surface
0.644959,2.080348,1.079173,0.027332,0.104049,twisted_surface
0.65224,2.15161,1.025169,-0.027979,0.331975,twisted_surface
0.661647,2.191793,0.962921,-0.077783,0.613248,twisted_surface
0.666395,2.22666,0.929387,-0.0877,0.858566,twisted_surface
0.667383,2.287924,0.914583,-0.050885,0.990041,twisted_surface
0.671248,2.367363,0.879887,0.007249,0.965932,twisted_surface
0.681957,2.417382,0.808398,0.046574,0.793893,twisted_surface
0.695826,2.399337,0.727823,0.039944,0.528544,twisted_surface
0.705701,2.324885,0.679377,-0.008063,0.254134,twisted_surface
0.709247,2.243017,0.669973,-0.064311,0.057784,twisted_surface
0.711438,2.187932,0.664812,-0.089971,0.001834,twisted_surface
0.718208,2.147601,0.63005,-0.067332,0.104049,twisted_surface
0.728651,2.087972,0.576046,-0.012021,0.331975,twisted_surface
0.73503,2.00242,0.550183,0.037783,0.613248,twisted_surface
0.730805,1.926893,0.586472,0.0477,0.858566,twisted_surface
0.717602,1.902048,0.669272,0.010885,0.990041,twisted_surface
0.703207,1.92664,0.752054,-0.047249,0.965932,twisted_surface
0.540736,1.952114,0.776514,-0.089829,0.734736,twisted_surface
0.530769,1.938076,0.826147,-0.069419,0.458794,twisted_surface
0.516269,1.912168,0.900516,-0.014895,0.195934,twisted_surface
0.495844,1.92081,0.987455,0.036104,0.029613,twisted_surface
0.47813,1.982889,1.041297,0.048377,0.012637,twisted_surface
0.472771,2.069212,1.030912,0.01345,0.150395,twisted_surface
0.479402,2.136798,0.974889,-0.044567,0.39915,twisted_surface
0.487706,2.176742,0.922382,-0.085625,0.679924,twisted_surface
0.488793,2.219143,0.900832,-0.081384,0.903574,twisted_surface
0.484933,2.289721,0.890033,-0.034771,0.999091,twisted_surface
0.486514,2.370137,0.851284,0.022038,0.936151,twisted_surface
0.499832,2.410291,0.776514,0.049829,0.734736,twisted_surface
0.519878,2.380226,0.699715,0.029419,0.458794,twisted_surface
0.536273,2.302469,0.657896,-0.025105,0.195934,twisted_surface
0.545122,2.227643,0.648302,-0.076104,0.029613,twisted_surface
0.552691,2.181396,0.633087,-0.088377,0.012637,twisted_surface
0.566573,2.143311,0.586716,-0.05345,0.150395,twisted_surface
0.584847,2.080486,0.530693,0.004567,0.39915,twisted_surface
0.596251,1.994582,0.514172,0.045625,0.679924,twisted_surface
0.591644,1.925891,0.561679,0.041384,0.903574,twisted_surface
0.573758,1.909136,0.647413,-0.005229,0.999091,twisted_surface
0.554117,1.933051,0.724852,-0.062038,0.936151,twisted_surface
0.393042,1.933457,0.736122,-0.088937,0.67101,twisted_surface
0.382006,1.906388,0.788705,-0.055957,0.389845,twisted_surface
0.3638,1.877668,0.867086,0.001842,0.143653,twisted_surface
0.337587,1.89289,0.95025,0.044565,0.010599,twisted_surface
0.31514,1.961609,0.992235,0.04272,0.032926,twisted_surface
0.307985,2.047873,0.971837,-0.00242,0.203546,twisted_surface
0.314016,2.111807,0.917307,-0.059694,0.468288,twisted_surface
0.319587,2.152658,0.87649,-0.089569,0.743098,twisted_surface
0.315048,2.202841,0.865936,-0.071421,0.940727,twisted_surface
0.30589,2.28076,0.856882,-0.017779,0.998427,twisted_surface
0.306619,2.359203,0.813172,0.03433,0.897881,twisted_surface
0.324385,2.388304,0.736122,0.048937,0.67101,twisted_surface
0.351179,2.348101,0.66405,0.015957,0.389845,twisted_surface
0.373302,2.270462,0.627874,-0.041842,0.143653,twisted_surface
0.386646,2.204944,0.615862,-0.084565,0.010599,twisted_surface
0.399783,2.167641,0.58976,-0.08272,0.032926,twisted_surface
0.421355,2.131192,0.533882,-0.03758,0.203546,twisted_surface
0.446928,2.065663,0.479352,0.019694,0.468288,twisted_surface
0.461274,1.980789,0.474015,0.049569,0.743098,twisted_surface
0.454029,1.919172,0.531548,0.031421,0.940727,twisted_surface
0.430908,1.90827,0.617671,-0.022221,0.998427,twisted_surface
0.407545,1.928071,0.688517,-0.07433,0.897881,twisted_surface
0.251081,1.902809,0.687664,-0.083948,0.603956,twisted_surface
0.239484,1.864526,0.743522,-0.04036,0.32304,twisted_surface
0.217165,1.83564,0.824328,0.017283,0.098308,twisted_surface
0.185288,1.858521,0.901508,0.04919,0.00111,twisted_surface
0.159212,1.932985,0.931412,0.033336,0.062306,twisted_surface
0.151185,2.018018,0.903595,-0.019334,0.262467,twisted_surface
0.156014,2.078379,0.853859,-0.072464,0.538043,twisted_surface
0.156945,2.12093,0.825843,-0.089379,0.801541,twisted_surface
0.145331,2.178517,0.824607,-0.058404,0.969301,twisted_surface
0.131338,2.261481,0.815021,-0.000919,0.988062,twisted_surface
0.133139,2.335385,0.765838,0.043395,0.851866,twisted_surface
0.15688,2.35306,0.687664,0.043948,0.603956,twisted_surface
0.190315,2.305162,0.620957,0.00036,0.32304,twisted_surface
0.217012,2.230963,0.589127,-0.057283,0.098308,twisted_surface
0.234162,2.176505,0.572726,-0.08919,0.00111,twisted_surface
0.253155,2.147868,0.535685,-0.073336,0.062306,twisted_surface
0.282586,2.112392,0.472982,-0.020666,0.262467,twisted_surface
0.314227,2.044598,0.423246,0.032464,0.538043,twisted_surface
0.329154,1.961731,0.430116,0.049379,0.801541,twisted_surface
0.317583,1.906797,0.495825,0.018404,0.969301,twisted_surface
0.289679,1.899253,0.57982,-0.039081,0.988062,twisted_surface
0.26474,1.911996,0.643273,-0.083395,0.851866,twisted_surface
0.115547,1.861694,0.631673,-0.075161,0.534878,twisted_surface
0.103374,1.81459,0.690868,-0.023553,0.25968,twisted_surface
0.076467,1.788142,0.772385,0.030508,0.060781,twisted_surface
0.03934,1.819414,0.841832,0.049704,0.001331,twisted_surface
0.010809,1.898529,0.860215,0.020785,0.100205,twisted_surface
0.002398,1.981194,0.827948,-0.036287,0.326011,twisted_surface
0.004893,2.03802,0.785858,-0.082116,0.607058,twisted_surface
-0.000675,2.082702,0.770876,-0.085068,0.854114,twisted_surface
-0.020055,2.146853,0.776752,-0.043105,0.988741,twisted_surface
-0.037578,2.2325,0.764509,0.014807,0.968197,twisted_surface
-0.03259,2.299827,0.709753,0.048693,0.799003,twisted_surface
-0.001879,2.306453,0.631673,0.035161,0.534878,twisted_surface
0.037438,2.253672,0.570621,-0.016447,0.25968,twisted_surface
0.067362,2.185975,0.541634,-0.070508,0.060781,twisted_surface
0.087803,2.143768,0.51927,-0.089704,0.001331,twisted_surface
0.112915,2.123125,0.471975,-0.060785,0.100205,twisted_surface
0.149875,2.087839,0.405482,-0.003713,0.326011,twisted_surface
0.185793,2.018073,0.363392,0.042116,0.607058,twisted_surface
0.198992,1.937779,0.382636,0.045068,0.854114,twisted_surface
0.182203,1.888695,0.454191,0.003105,0.988741,twisted_surface
0.150886,1.882021,0.533758,-0.054807,0.968197,twisted_surface
0.126812,1.885422,0.589507,-0.088693,0.799003,twisted_surface
-0.013308,1.811799,0.568761,-0.063096,0.465122,twisted_surface
-0.026536,1.758665,0.631111,-0.006534,0.200997,twisted_surface
-0.058453,1.737096,0.711638,0.040733,0.031803,twisted_surface
-0.100159,1.777099,0.772158,0.046077,0.011259,twisted_surface
-0.13005,1.859549,0.780278,0.00581,0.145886,twisted_surface
-0.138837,1.938696,0.746664,-0.052273,0.392942,twisted_surface
-0.140135,1.991953,0.714448,-0.088079,0.673989,twisted_surface
-0.153709,2.038912,0.711896,-0.076891,0.899795,twisted_surface
-0.180673,2.10852,0.722345,-0.026433,0.998669,twisted_surface
-0.199765,2.194618,0.70561,0.028466,0.939219,twisted_surface
-0.18959,2.253921,0.645566,0.04991,0.74032,twisted_surface
-0.151592,2.250521,0.568761,0.023096,0.465122,twisted_surface
-0.107701,2.195854,0.513308,-0.033466,0.200997,twisted_surface
-0.075923,2.137334,0.485576,-0.080733,0.031803,twisted_surface
-0.052517,2.107961,0.456151,-0.086077,0.011259,twisted_surface
-0.021158,2.09423,0.399927,-0.04581,0.145886,twisted_surface
0.022485,2.058185,0.332783,0.012273,0.392942,twisted_surface
0.060547,1.986568,0.300567,0.048079,0.673989,twisted_surface
0.070074,1.90909,0.331545,0.036891,0.899795,twisted_surface
0.048083,1.864778,0.406338,-0.013567,0.998669,twisted_surface
0.01543,1.856703,0.479548,-0.068466,0.939219,twisted_surface
-0.005388,1.849208,0.527763,-0.08991,0.74032,twisted_surface
-0.135661,1.754872,0.499617,-0.048472,0.396044,twisted_surface
-0.150773,1.698722,0.564737,0.009684,0.148134,twisted_surface
-0.187974,1.684189,0.642706,0.047349,0.011938,twisted_surface
-0.233387,1.732824,0.693702,0.038525,0.030699,twisted_surface
-0.263746,1.817054,0.693367,-0.010698,0.198459,twisted_surface
-0.273345,1.891514,0.661424,-0.066342,0.461957,twisted_surface
-0.279983,1.941131,0.640584,-0.089997,0.737533,twisted_surface
-0.302486,1.99035,0.649131,-0.065335,0.937694,twisted_surface
-0.335994,2.064212,0.661478,-0.009379,0.99889,twisted_surface
-0.354311,2.148789,0.638806,0.039245,0.901692,twisted_surface
-0.33734,2.199209,0.574088,0.046974,0.67696,twisted_surface
-0.292465,2.187322,0.499617,0.008472,0.396044,twisted_surface
-0.245692,2.13379,0.449385,-0.049684,0.148134,twisted_surface
-0.213319,2.086629,0.421348,-0.087349,0.011938,twisted_surface
-0.187105,2.070033,0.38427,-0.078525,0.030699,twisted_surface
-0.149586,2.061713,0.32093,-0.029302,0.198459,twisted_surface
-0.100555,2.023802,0.256155,0.026342,0.461957,twisted_surface
-0.062563,1.950331,0.235314,0.049997,0.737533,twisted_surface
-0.058048,1.875717,0.276694,0.025335,0.937694,twisted_surface
-0.084342,1.835033,0.352046,-0.030621,0.99889,twisted_surface
-0.115833,1.82363,0.417448,-0.079245,0.901692,twisted_surface
-0.131355,1.804413,0.458736,-0.086974,0.67696,twisted_surface
-0.252076,1.692626,0.425,-0.032155,0.32899,twisted_surface
-0.270095,1.636534,0.492351,0.024139,0.102119,twisted_surface
-0.312633,1.630795,0.566422,0.049965,0.001573,twisted_surface
-0.360766,1.687474,0.607883,0.027496,0.059273,twisted_surface
-0.390976,1.771695,0.601291,-0.027759,0.256902,twisted_surface
-0.40217,1.840322,0.573761,-0.077657,0.531712,twisted_surface
-0.415554,1.88628,0.565044,-0.087756,0.796454,twisted_surface
-0.447185,1.9377,0.582788,-0.051085,0.967074,twisted_surface
-0.48547,2.014645,0.594405,0.007044,0.989401,twisted_surface
-0.50059,2.096045,0.564791,0.046505,0.856347,twisted_surface
-0.47582,2.137268,0.496263,0.040059,0.610155,twisted_surface
-0.42516,2.11882,0.425,-0.007845,0.32899,twisted_surface
-0.377401,2.069331,0.379337,-0.064139,0.102119,twisted_surface
-0.345468,2.03513,0.349549,-0.089965,0.001573,twisted_surface
-0.31647,2.030593,0.304721,-0.067496,0.059273,twisted_surface
-0.273138,2.025799,0.2364,-0.012241,0.256902,twisted_surface
-0.220336,1.984825,0.176703,0.037657,0.531712,twisted_surface
-0.184455,1.909475,0.167986,0.047756,0.796454,twisted_surface
-0.185544,1.837708,0.217897,0.011085,0.967074,twisted_surface
-0.214483,1.799567,0.291242,-0.047044,0.989401,twisted_surface
-0.24221,1.783306,0.347918,-0.086505,0.856347,twisted_surface
-0.250981,1.752204,0.383248,-0.080059,0.610155,twisted_surface
-0.363417,1.626656,0.345726,-0.015117,0.265264,twisted_surface
-0.385397,1.573604,0.414676,0.035971,0.063849,twisted_surface
-0.433062,1.577906,0.483802,0.048424,0.000909,twisted_surface
-0.482896,1.641526,0.516245,0.013645,0.096426,twisted_surface
-0.512653,1.72376,0.505812,-0.044358,0.320076,twisted_surface
-0.526436,1.785522,0.485033,-0.085548,0.60085,twisted_surface
-0.547628,1.827955,0.48847,-0.081491,0.849605,twisted_surface
-0.587834,1.881567,0.513106,-0.034988,0.987363,twisted_surface
-0.628623,1.960511,0.521559,0.02186,0.970387,twisted_surface
-0.638342,2.037405,0.484445,0.049814,0.804066,twisted_surface
-0.605502,2.069599,0.413134,0.029576,0.541206,twisted_surface
-0.550724,2.046794,0.345726,-0.024883,0.265264,twisted_surface
-0.503886,2.004022,0.303766,-0.075971,0.063849,twisted_surface
-0.473134,1.983732,0.270967,-0.088424,0.000909,twisted_surface
-0.441306,1.989885,0.218728,-0.053645,0.096426,twisted_surface
-0.392768,1.986428,0.147716,0.004358,0.320076,twisted_surface
-0.337971,1.94122,0.095369,0.045548,0.60085,twisted_surface
-0.305849,1.864069,0.098805,0.041491,0.849605,twisted_surface
-0.31233,1.795172,0.15501,-0.005012,0.987363,twisted_surface
-0.341713,1.758606,0.224042,-0.06186,0.970387,twisted_surface
-0.36327,1.736347,0.27161,-0.089814,0.804066,twisted_surface
-0.364552,1.693778,0.302224,-0.069576,0.541206,twisted_surface
-0.470739,1.558384,0.262664,0.001631,0.206107,twisted_surface
-0.497608,1.511109,0.332537,0.044479,0.034068,twisted_surface
-0.549927,1.526094,0.395993,0.042818,0.009959,twisted_surface
-0.600494,1.595038,0.420385,-0.002205,0.141434,twisted_surface
-0.629796,1.673208,0.408597,-0.059511,0.386752,twisted_surface
-0.647222,1.727304,0.396426,-0.089544,0.668025,twisted_surface
-0.676803,1.766584,0.411407,-0.071572,0.895951,twisted_surface
-0.724342,1.822468,0.440397,-0.018001,0.998166,twisted_surface
-0.765121,1.90242,0.44355,0.03419,0.942216,twisted_surface
-0.767714,1.973781,0.398796,0.048975,0.745866,twisted_surface
-0.7273,1.997539,0.325815,0.016148,0.471456,twisted_surface
-0.670476,1.972757,0.262664,-0.041631,0.206107,twisted_surface
-0.626311,1.939037,0.22339,-0.084479,0.034068,twisted_surface
-0.59717,1.932908,0.186542,-0.082818,0.009959,twisted_surface
-0.562449,1.947782,0.127597,-0.037795,0.141434,twisted_surface
-0.509546,1.943303,0.056194,0.019511,0.386752,twisted_surface
-0.454508,1.892869,0.012956,0.049544,0.668025,twisted_surface
-0.427238,1.814206,0.027938,0.031572,0.895951,twisted_surface
-0.438145,1.748289,0.087994,-0.021999,0.998166,twisted_surface
-0.465477,1.71245,0.150762,-0.07419,0.942216,twisted_surface
-0.478899,1.68341,0.189345,-0.088975,0.745866,twisted_surface
-0.472712,1.630291,0.216668,-0.056148,0.471456,twisted_surface
-0.575174,1.489011,0.176725,0.017094,0.152671,twisted_surface
-0.607609,1.449861,0.246842,0.049155,0.013356,twisted_surface
-0.663875,1.475493,0.304229,0.03348,0.028547,twisted_surface
-0.714328,1.547679,0.321893,-0.019111,0.193421,twisted_surface
-0.743431,1.61974,0.311189,-0.072316,0.455632,twisted_surface
-0.765457,1.665716,0.308968,-0.089408,0.731929,twisted_surface
-0.803451,1.702492,0.334346,-0.058589,0.934591,twisted_surface
-0.856537,1.760793,0.365057,-0.001133,0.999273,twisted_surface
-0.894837,1.840828,0.361134,0.0433,0.905439,twisted_surface
-0.889243,1.90591,0.308978,0.044038,0.682881,twisted_surface
-0.842476,1.922205,0.235455,0.000572,0.40226,twisted_surface
-0.78589,1.89791,0.176725,-0.057094,0.152671,twisted_surface
-0.745869,1.875137,0.139025,-0.089155,0.013356,twisted_surface
-0.718478,1.882692,0.09733,-0.07348,0.028547,twisted_surface
-0.68085,1.903813,0.032674,-0.020889,0.193421,twisted_surface
-0.624585,1.895956,-0.03692,0.032316,0.455632,twisted_surface
-0.57087,1.839637,-0.069829,0.049408,0.731929,twisted_surface
-0.548888,1.760029,-0.044451,0.018589,0.934591,twisted_surface
-0.562622,1.697284,0.016948,-0.038867,0.999273,twisted_surface
-0.58538,1.661417,0.071914,-0.0833,0.905439,twisted_surface
-0.589314,1.625133,0.102079,-0.084038,0.682881,twisted_surface
-0.576375,1.562809,0.127638,-0.040572,0.40226,twisted_surface
-0.677827,1.419483,0.088849,0.030354,0.105995,twisted_surface
-0.716172,1.390282,0.158561,0.049724,0.002116,twisted_surface
-0.775502,1.425809,0.209789,0.020965,0.056312,twisted_surface
-0.825163,1.498788,0.222323,-0.036071,0.251375,twisted_surface
-0.854496,1.562882,0.214999,-0.082014,0.525376,twisted_surface
-0.88185,1.600722,0.223557,-0.08515,0.791319,twisted_surface
-0.927717,1.635908,0.257743,-0.043314,0.964771,twisted_surface
-0.984221,1.696774,0.287562,0.014615,0.990662,twisted_surface
-1.017879,1.775986,0.275181,0.04865,0.86077,twisted_surface
-1.003809,1.834317,0.216186,0.035297,0.616337,twisted_surface
-0.952514,1.844463,0.143222,-0.016226,0.334967,twisted_surface
-0.89848,1.823106,0.088849,-0.070354,0.105995,twisted_surface
-0.863716,1.812637,0.051571,-0.089724,0.002116,twisted_surface
-0.837984,1.832678,0.004477,-0.060965,0.056312,twisted_surface
-0.797521,1.85721,-0.064678,-0.003929,0.251375,twisted_surface
-0.73897,1.843819,-0.130439,0.042014,0.525376,twisted_surface
-0.687798,1.781415,-0.152333,0.04515,0.791319,twisted_surface
-0.670861,1.701717,-0.118147,0.003314,0.964771,twisted_surface
-0.68537,1.642368,-0.057876,-0.054615,0.990662,twisted_surface
-0.701244,1.605773,-0.01182,-0.08865,0.86077,twisted_surface
-0.695041,1.562087,0.010874,-0.075297,0.616337,twisted_surface
-0.676628,1.49227,0.036232,-0.023774,0.334967,twisted_surface
-0.779689,1.350461,0,0.040622,0.066987,twisted_surface
-0.823927,1.332389,0.0687,0.04615,0.000566,twisted_surface
-0.885335,1.376354,0.113968,0.006016,0.092712,twisted_surface
-0.933705,1.447458,0.123164,-0.052076,0.314169,twisted_surface
-0.963765,1.502071,0.121315,-0.088027,0.594626,twisted_surface
-0.996836,1.532247,0.14098,-0.07702,0.84504,twisted_surface
-1.049538,1.566948,0.182029,-0.026654,0.985906,twisted_surface
-1.107218,1.630441,0.208446,0.028306,0.9725,twisted_surface
-1.134597,1.707927,0.186634,0.049921,0.809079,twisted_surface
-1.112552,1.759318,0.121649,0.023271,0.547528,twisted_surface
-1.058997,1.76493,0.050281,-0.033248,0.270887,twisted_surface
-1.009689,1.748833,0,-0.080622,0.066987,twisted_surface
-0.98092,1.751395,-0.038009,-0.08615,0.000566,twisted_surface
-0.956603,1.782049,-0.090805,-0.046016,0.092712,twisted_surface
-0.913474,1.806975,-0.163084,0.012076,0.314169,twisted_surface
-0.853674,1.786284,-0.223217,0.048027,0.594626,twisted_surface
-0.805804,1.718131,-0.233925,0.03702,0.84504,twisted_surface
-0.793042,1.639444,-0.192875,-0.013346,0.985906,twisted_surface
-0.806037,1.583675,-0.136086,-0.068306,0.9725,twisted_surface
-0.81313,1.545688,-0.099614,-0.089921,0.809079,twisted_surface
-0.796844,1.49475,-0.083124,-0.063271,0.547528,twisted_surface
-0.774624,1.419466,-0.056428,-0.006752,0.270887,twisted_surface
-0.881588,1.282293,-0.088849,0.047288,0.036408,twisted_surface
-0.931359,1.275795,-0.021714,0.038646,0.008738,twisted_surface
-0.99382,1.326107,0.018057,-0.010478,0.13704,twisted_surface
-1.040551,1.392626,0.025842,-0.066175,0.380579,twisted_surface
-1.071778,1.436733,0.031304,-0.089999,0.662034,twisted_surface
-1.11056,1.460197,0.061913,-0.065504,0.892044,twisted_surface
-1.168679,1.495607,0.107596,-0.009598,0.997583,twisted_surface
-1.22542,1.561623,0.128271,0.039127,0.945143,twisted_surface
-1.245554,1.636482,0.096477,0.047038,0.751373,twisted_surface
-1.216768,1.681045,0.026605,0.008674,0.477794,twisted_surface
-1.163476,1.68397,-0.042212,-0.049483,0.211265,twisted_surface
-1.12081,1.675195,-0.088849,-0.087288,0.036408,twisted_surface
-1.098425,1.690816,-0.128704,-0.078646,0.008738,twisted_surface
-1.075194,1.729622,-0.187255,-0.029522,0.13704,twisted_surface
-1.029642,1.751947,-0.261159,0.026175,0.380579,twisted_surface
-0.969469,1.722748,-0.314134,0.049999,0.662034,twisted_surface
-0.92514,1.649736,-0.313978,0.025504,0.892044,twisted_surface
-0.915169,1.573314,-0.268295,-0.030402,0.997583,twisted_surface
-0.924358,1.521203,-0.217167,-0.079127,0.945143,twisted_surface
-0.921331,1.48121,-0.190524,-0.087038,0.751373,twisted_surface
-0.89565,1.423499,-0.178707,-0.048674,0.477794,twisted_surface
-0.871478,1.345016,-0.149201,0.009483,0.211265,twisted_surface
-0.984162,1.214978,-0.176725,0.049957,0.014852,twisted_surface
-1.038813,1.219723,-0.111646,0.027659,0.026471,twisted_surface
-1.101303,1.273781,-0.076666,-0.027538,0.188432,twisted_surface
-1.146131,1.333176,-0.068287,-0.077531,0.449314,twisted_surface
-1.178796,1.366349,-0.053988,-0.087812,0.726288,twisted_surface
-1.222883,1.384482,-0.013088,-0.051284,0.931417,twisted_surface
-1.284795,1.421754,0.034775,0.006839,0.999575,twisted_surface
-1.33882,1.489964,0.047605,0.046435,0.90912,twisted_surface
-1.351487,1.561328,0.005718,0.040173,0.688773,twisted_surface
-1.317797,1.599483,-0.06771,-0.007626,0.408492,twisted_surface
-1.267364,1.60171,-0.133121,-0.063966,0.157264,twisted_surface
-1.232921,1.601913,-0.176725,-0.089957,0.014852,twisted_surface
-1.217009,1.629871,-0.219463,-0.067659,0.026471,twisted_surface
-1.194498,1.673915,-0.283565,-0.012462,0.188432,twisted_surface
-1.146777,1.690879,-0.357507,0.037531,0.449314,twisted_surface
-1.086839,1.652642,-0.402097,0.047812,0.726288,twisted_surface
-1.045774,1.576172,-0.391885,0.011284,0.931417,twisted_surface
-1.036881,1.503311,-0.344022,-0.046839,0.999575,twisted_surface
-1.040187,1.45478,-0.300504,-0.086435,0.90912,twisted_surface
-1.026328,1.412254,-0.283502,-0.080173,0.688773,twisted_surface
-0.992453,1.348596,-0.274609,-0.032374,0.408492,twisted_surface
-0.968194,1.269336,-0.240938,0.023966,0.157264,twisted_surface
-1.087859,1.148154,-0.262664,0.04847,0.002739,twisted_surface
-1.146495,1.163043,-0.200062,0.013839,0.053421,twisted_surface
-1.207994,1.217923,-0.168935,-0.04415,0.245889,twisted_surface
-1.250647,1.268032,-0.157942,-0.085469,0.519035,twisted_surface
-1.284774,1.290506,-0.133652,-0.081597,0.786138,twisted_surface
-1.333428,1.30502,-0.083605,-0.035205,0.962394,twisted_surface
-1.397498,1.345145,-0.036182,0.021682,0.991843,twisted_surface
-1.447536,1.414966,-0.032992,0.049797,0.865135,twisted_surface
-1.453241,1.482041,-0.084616,0.029733,0.6225,twisted_surface
-1.416918,1.514507,-0.160061,-0.024661,0.340972,twisted_surface
-1.371852,1.518033,-0.22134,-0.075838,0.109934,twisted_surface
-1.346848,1.528318,-0.262664,-0.08847,0.002739,twisted_surface
-1.337247,1.567147,-0.309209,-0.053839,0.053421,twisted_surface
-1.315055,1.61323,-0.378386,0.00415,0.245889,twisted_surface
-1.265344,1.622517,-0.450729,0.045469,0.519035,twisted_surface
-1.205915,1.57545,-0.486055,0.041597,0.786138,twisted_surface
-1.167404,1.497339,-0.467075,-0.004795,0.962394,twisted_surface
-1.157757,1.429257,-0.419652,-0.061682,0.991843,twisted_surface
-1.153501,1.384058,-0.385395,-0.089797,0.865135,twisted_surface
-1.128734,1.338617,-0.377404,-0.069733,0.6225,twisted_surface
-1.088228,1.270187,-0.369513,-0.015339,0.340972,twisted_surface
-1.065608,1.192609,-0.330487,0.035838,0.109934,twisted_surface
-1.192929,1.08109,-0.345726,0.042916,0.000305,twisted_surface
-1.254459,1.104332,-0.285929,-0.00199,0.089064,twisted_surface
-1.313921,1.15701,-0.257505,-0.059327,0.308292,twisted_surface
-1.354029,1.196244,-0.24193,-0.089518,0.588386,twisted_surface
-1.389373,1.208938,-0.206942,-0.071722,0.840419,twisted_surface
-1.441654,1.221745,-0.149389,-0.018223,0.98437,twisted_surface
-1.506434,1.265435,-0.105109,0.034049,0.974538,twisted_surface
-1.551814,1.336032,-0.112954,0.049012,0.814043,twisted_surface
-1.551699,1.398143,-0.173465,0.016338,0.553842,twisted_surface
-1.515261,1.425893,-0.249219,-0.04142,0.276546,twisted_surface
-1.477852,1.432571,-0.305797,-0.084392,0.070195,twisted_surface
-1.463126,1.453372,-0.345726,-0.082916,0.000305,twisted_surface
-1.459455,1.500912,-0.396839,-0.03801,0.089064,twisted_surface
-1.437109,1.545759,-0.47034,0.019327,0.308292,twisted_surface
-1.385429,1.545668,-0.539447,0.049518,0.588386,twisted_surface
-1.326441,1.490729,-0.565038,0.031722,0.840419,twisted_surface
-1.289488,1.413075,-0.539053,-0.021777,0.98437,twisted_surface
-1.277363,1.350802,-0.494774,-0.074049,0.974538,twisted_surface
-1.264394,1.308521,-0.47105,-0.089012,0.814043,twisted_surface
-1.229217,1.259983,-0.470982,-0.056338,0.553842,twisted_surface
-1.183841,1.188276,-0.462054,0.00142,0.276546,twisted_surface
-1.164344,1.114748,-0.416707,0.044392,0.070195,twisted_surface
-1.299414,1.012711,-0.425,0.033623,0.007596,twisted_surface
-1.362567,1.041962,-0.36822,-0.018889,0.132704,twisted_surface
-1.418868,1.089566,-0.341159,-0.072169,0.374426,twisted_surface
-1.455908,1.117069,-0.319181,-0.089437,0.656017,twisted_surface
-1.492014,1.121544,-0.273312,-0.058774,0.888073,twisted_surface
-1.546948,1.134606,-0.21037,-0.001347,0.996919,twisted_surface
-1.611346,1.182201,-0.171914,0.043205,0.947997,twisted_surface
-1.65201,1.252507,-0.191686,0.044128,0.756839,twisted_surface
-1.647705,1.309139,-0.259721,0.000784,0.484136,twisted_surface
-1.613726,1.333322,-0.333963,-0.056906,0.21647,twisted_surface
-1.585951,1.344705,-0.385475,-0.089121,0.038823,twisted_surface
-1.581968,1.375703,-0.425,-0.073623,0.007596,twisted_surface
-1.583623,1.429211,-0.481234,-0.021111,0.132704,twisted_surface
-1.560519,1.469699,-0.558032,0.032169,0.374426,twisted_surface
-1.506677,1.45929,-0.622343,0.049437,0.656017,twisted_surface
-1.447789,1.398127,-0.638203,0.018774,0.888073,twisted_surface
-1.411311,1.323146,-0.607428,-0.038653,0.996919,twisted_surface
-1.395286,1.267423,-0.568973,-0.083205,0.947997,twisted_surface
-1.373031,1.227506,-0.556577,-0.084128,0.756839,twisted_surface
-1.328407,1.175941,-0.562883,-0.040784,0.484136,twisted_surface
-1.279979,1.102718,-0.550836,0.016906,0.21647,twisted_surface
-1.264791,1.035377,-0.498489,0.049121,0.038823,twisted_surface
-1.40712,0.941647,-0.499617,0.021145,0.024472,twisted_surface
-1.47044,0.974203,-0.445917,-0.035855,0.183494,twisted_surface
-1.522334,1.014268,-0.41873,-0.08191,0.443004,twisted_surface
-1.555638,1.030035,-0.388781,-0.08523,0.720611,twisted_surface
-1.59196,1.028398,-0.332445,-0.043523,0.928175,twisted_surface
-1.648731,1.043553,-0.266657,0.014421,0.999796,twisted_surface
-1.712113,1.094943,-0.23654,0.048606,0.912736,twisted_surface
-1.748553,1.163703,-0.268518,0.035433,0.694635,twisted_surface
-1.741985,1.214522,-0.342213,-0.016004,0.414739,twisted_surface
-1.712935,1.236375,-0.413095,-0.070199,0.161913,twisted_surface
-1.696391,1.253568,-0.459431,-0.089743,0.016427,twisted_surface
-1.70323,1.293668,-0.499617,-0.061145,0.024472,twisted_surface
-1.709351,1.349989,-0.561269,-0.004145,0.183494,twisted_surface
-1.684691,1.383375,-0.640089,0.04191,0.443004,twisted_surface
-1.628288,1.362561,-0.698212,0.04523,0.720611,twisted_surface
-1.569016,1.297403,-0.704882,0.003523,0.928175,twisted_surface
-1.532053,1.227245,-0.671926,-0.054421,0.999796,twisted_surface
-1.511153,1.178439,-0.641809,-0.088606,0.912736,twisted_surface
-1.479592,1.14024,-0.640955,-0.075433,0.694635,twisted_surface
-1.426813,1.085999,-0.651645,-0.023996,0.414739,twisted_surface
-1.377085,1.013205,-0.634453,0.030199,0.161913,twisted_surface
-1.367071,0.953831,-0.574782,0.049743,0.016427,twisted_surface
-1.515575,0.866321,-0.568761,0.006222,0.050603,twisted_surface
-1.577404,0.899351,-0.518023,-0.051878,0.240444,twisted_surface
-1.623515,0.930057,-0.489135,-0.087974,0.512692,twisted_surface
-1.652353,0.934976,-0.450017,-0.077149,0.78091,twisted_surface
-1.688432,0.929723,-0.38427,-0.026875,0.959942,twisted_surface
-1.746545,0.948497,-0.318503,0.028145,0.992945,twisted_surface
-1.808757,1.003074,-0.298901,0.049931,0.869442,twisted_surface
-1.841874,1.068907,-0.342663,0.023446,0.628643,twisted_surface
-1.83508,1.113781,-0.419708,-0.033029,0.347001,twisted_surface
-1.813187,1.134522,-0.485467,-0.08051,0.113936,twisted_surface
-1.809046,1.158067,-0.526819,-0.086222,0.003442,twisted_surface
-1.826377,1.20544,-0.568761,-0.046222,0.050603,twisted_surface
-1.835795,1.261231,-0.635826,0.011878,0.240444,twisted_surface
-1.80856,1.28538,-0.715197,0.047974,0.512692,twisted_surface
-1.749062,1.254955,-0.766024,0.037149,0.78091,twisted_surface
-1.68897,1.188436,-0.764621,-0.013125,0.959942,twisted_surface
-1.650868,1.124985,-0.732384,-0.068145,0.992945,twisted_surface
-1.624616,1.083038,-0.712782,-0.089931,0.869442,twisted_surface
-1.584188,1.04587,-0.723014,-0.063446,0.628643,twisted_surface
-1.524725,0.989609,-0.735715,-0.006971,0.347001,twisted_surface
-1.475306,0.919274,-0.711529,0.04051,0.113936,twisted_surface
-1.471012,0.869181,-0.644622,0.046222,0.003442,twisted_surface
-1.623986,0.785056,-0.631673,-0.010258,0.085481,twisted_surface
-1.682461,0.815862,-0.583577,-0.066008,0.302446,twisted_surface
-1.721333,0.836233,-0.551412,-0.09,0.582133,twisted_surface
-1.745066,0.832043,-0.502419,-0.065672,0.835743,twisted_surface
-1.780725,0.825836,-0.42896,-0.009818,0.982757,twisted_surface
-1.840105,0.849262,-0.366247,0.039008,0.976499,twisted_surface
-1.901407,0.905906,-0.358814,0.047102,0.818956,twisted_surface
-1.932325,0.967391,-0.413181,0.008877,0.560147,twisted_surface
-1.927272,1.006407,-0.490925,-0.049281,0.282242,twisted_surface
-1.914434,1.027134,-0.550021,-0.087227,0.073473,twisted_surface
-1.923406,1.056935,-0.586912,-0.078767,0.000123,twisted_surface
-1.950446,1.109129,-0.631673,-0.029742,0.085481,twisted_surface
-1.961646,1.161111,-0.703823,0.026008,0.302446,twisted_surface
-1.930624,1.174687,-0.782163,0.05,0.582133,twisted_surface
-1.867508,1.136283,-0.82498,0.025672,0.835743,twisted_surface
-1.806399,1.071214,-0.8172,-0.030182,0.982757,twisted_surface
-1.766929,1.015899,-0.788713,-0.079008,0.976499,twisted_surface
-1.735311,0.980302,-0.78128,-0.087102,0.818956,twisted_surface
-1.686766,0.943519,-0.801421,-0.048877,0.560147,twisted_surface
-1.622142,0.886201,-0.813486,0.009281,0.282242,twisted_surface
-1.574453,0.820332,-0.780772,0.047227,0.073473,twisted_surface
-1.576118,0.780292,-0.707158,0.038767,0.000123,twisted_surface
-1.731216,0.696203,-0.687664,-0.027317,0.128428,twisted_surface
-1.784289,0.722485,-0.641677,-0.077404,0.368293,twisted_surface
-1.814514,0.732509,-0.604765,-0.087867,0.649975,twisted_surface
-1.832792,0.721668,-0.545775,-0.051482,0.88404,twisted_surface
-1.868296,0.717065,-0.466889,0.006634,0.996176,twisted_surface
-1.929294,0.745519,-0.410233,0.046365,0.950779,twisted_surface
-1.990213,0.802643,-0.415924,0.040286,0.762263,twisted_surface
-2.020089,0.858434,-0.478968,-0.007407,0.490481,twisted_surface
-2.018543,0.891903,-0.554574,-0.063793,0.22172,twisted_surface
-2.016269,0.913497,-0.60583,-0.089949,0.041312,twisted_surface
-2.03857,0.948796,-0.639124,-0.067821,0.006534,twisted_surface
-2.074044,1.002909,-0.687664,-0.012683,0.128428,twisted_surface
-2.085154,1.04815,-0.764242,0.037404,0.368293,twisted_surface
-2.049041,1.05075,-0.839965,0.047867,0.649975,twisted_surface
-1.981982,1.006702,-0.874557,0.011482,0.88404,twisted_surface
-1.920062,0.945802,-0.862615,-0.046634,0.996176,twisted_surface
-1.879443,0.899426,-0.840845,-0.086365,0.950779,twisted_surface
-1.842783,0.869253,-0.846536,-0.080286,0.762263,twisted_surface
-1.787024,0.832349,-0.874695,-0.032593,0.490481,twisted_surface
-1.718723,0.775238,-0.883356,0.023793,0.22172,twisted_surface
-1.673986,0.715703,-0.84103,0.049949,0.041312,twisted_surface
-1.681553,0.685897,-0.761689,0.027821,0.006534,twisted_surface
-1.835771,0.598283,-0.736122,-0.043941,0.178606,twisted_surface
-1.881295,0.618376,-0.691514,-0.08539,0.436704,twisted_surface
-1.901694,0.61904,-0.648602,-0.081702,0.714897,twisted_surface
-1.914666,0.604485,-0.580138,-0.035422,0.924863,twisted_surface
-1.95081,0.603649,-0.498571,0.021504,0.999937,twisted_surface
-2.014113,0.636743,-0.450708,0.04978,0.916285,twisted_surface
-2.075241,0.692402,-0.469646,0.029889,0.700465,twisted_surface
-2.105092,0.741362,-0.538769,-0.02444,0.420999,twisted_surface
-2.108539,0.769814,-0.60942,-0.075703,0.166615,twisted_surface
-2.117932,0.79285,-0.652146,-0.088516,0.018079,twisted_surface
-2.153246,0.832254,-0.683017,-0.054034,0.022549,twisted_surface
-2.195352,0.885165,-0.736122,0.003941,0.178606,twisted_surface
-2.204203,0.921346,-0.816169,0.04539,0.436704,twisted_surface
-2.16177,0.913554,-0.887814,0.041702,0.714897,twisted_surface
-2.09084,0.866681,-0.914526,-0.004578,0.924863,twisted_surface
-2.028809,0.812287,-0.901046,-0.061504,0.999937,twisted_surface
-1.987619,0.774921,-0.888664,-0.08978,0.916285,twisted_surface
-1.946399,0.748924,-0.907602,-0.069889,0.700465,twisted_surface
-1.884341,0.71165,-0.941243,-0.01556,0.420999,twisted_surface
-1.813763,0.656274,-0.943808,0.035703,0.166615,twisted_surface
-1.773011,0.604681,-0.891357,0.048516,0.018079,twisted_surface
-1.786124,0.584701,-0.807672,0.014034,0.022549,twisted_surface
-1.935843,0.490121,-0.776514,-0.059144,0.23504,twisted_surface
-1.971703,0.503183,-0.732398,-0.089492,0.506346,twisted_surface
-1.981555,0.496392,-0.682562,-0.071871,0.775638,twisted_surface
-1.990035,0.481223,-0.605791,-0.018445,0.957416,twisted_surface
-2.02812,0.485637,-0.52457,0.033908,0.993968,twisted_surface
-2.09456,0.522198,-0.487739,0.049049,0.873688,twisted_surface
-2.156345,0.574267,-0.519143,0.016528,0.634766,twisted_surface
-2.18694,0.61561,-0.591229,-0.041208,0.353056,twisted_surface
-2.19658,0.639758,-0.654348,-0.084304,0.118,twisted_surface
-2.218323,0.664422,-0.688439,-0.083013,0.004226,twisted_surface
-2.265768,0.705989,-0.718307,-0.038225,0.047857,twisted_surface
-2.312184,0.754633,-0.776514,0.019144,0.23504,twisted_surface
-2.31643,0.780272,-0.858829,0.049492,0.506346,twisted_surface
-2.26674,0.763609,-0.925182,0.031871,0.775638,twisted_surface
-2.192573,0.71692,-0.944944,-0.021555,0.957416,twisted_surface
-2.131603,0.67072,-0.93278,-0.073908,0.993968,twisted_surface
-2.090605,0.641671,-0.931935,-0.089049,0.873688,twisted_surface
-2.045272,0.618452,-0.963339,-0.056528,0.634766,twisted_surface
-1.977748,0.580928,-0.999439,0.001208,0.353056,twisted_surface
-1.906216,0.529017,-0.993501,0.044304,0.118,twisted_surface
-1.87031,0.486595,-0.931059,0.043013,0.004226,twisted_surface
-1.8883,0.475482,-0.844738,-0.001775,0.047857,twisted_surface
-2.029368,0.370965,-0.808398,-0.07202,0.296632,twisted_surface
-2.053684,0.377088,-0.763785,-0.089465,0.575866,twisted_surface
-2.052951,0.365461,-0.706519,-0.058959,0.831013,twisted_surface
-2.058493,0.352575,-0.623195,-0.001561,0.981066,twisted_surface
-2.100187,0.362823,-0.545404,0.043109,0.978384,twisted_surface
-2.170496,0.400975,-0.521139,0.044216,0.823818,twisted_surface
-2.233073,0.447387,-0.563337,0.000996,0.566443,twisted_surface
-2.264906,0.480791,-0.634974,-0.056717,0.287972,twisted_surface
-2.28168,0.501461,-0.688441,-0.089085,0.076819,twisted_surface
-2.316033,0.527488,-0.714415,-0.073766,0.000023,twisted_surface
-2.374129,0.56887,-0.744852,-0.021333,0.081966,twisted_surface
-2.422068,0.610519,-0.808398,0.03202,0.296632,twisted_surface
-2.419382,0.625127,-0.891619,0.049465,0.575866,twisted_surface
-2.36202,0.60189,-0.95183,0.018959,0.831013,twisted_surface
-2.285894,0.55824,-0.96611,-0.038439,0.981066,twisted_surface
-2.227498,0.521061,-0.958142,-0.083109,0.978384,twisted_surface
-2.187402,0.498968,-0.970262,-0.084216,0.823818,twisted_surface
-2.138205,0.477195,-1.01246,-0.040996,0.566443,twisted_surface
-2.06595,0.44,-1.047711,0.016717,0.287972,twisted_surface
-1.994754,0.393376,-1.031356,0.049085,0.076819,twisted_surface
-1.964381,0.360864,-0.959726,0.033766,0.000023,twisted_surface
-1.986241,0.357207,-0.872685,-0.018667,0.081966,twisted_surface
-2.114142,0.240578,-0.831425,-0.081806,0.362181,twisted_surface
-2.125497,0.240792,-0.785302,-0.085311,0.643908,twisted_surface
-2.115,0.227363,-0.72057,-0.043733,0.879945,twisted_surface
-2.119854,0.219082,-0.632919,0.014228,0.995352,twisted_surface
-2.166946,0.234733,-0.561454,0.048561,0.953489,twisted_surface
-2.241502,0.272098,-0.550439,0.035569,0.767645,twisted_surface
-2.304602,0.311097,-0.600966,-0.015782,0.496827,twisted_surface
-2.337949,0.336764,-0.668702,-0.070044,0.227015,twisted_surface
-2.362596,0.354783,-0.711043,-0.089762,0.043875,twisted_surface
-2.409375,0.381418,-0.730024,-0.061324,0.005551,twisted_surface
-2.476033,0.420056,-0.762631,-0.004362,0.124211,twisted_surface
-2.522367,0.452598,-0.831425,0.041806,0.362181,twisted_surface
-2.510692,0.456727,-0.914131,0.045311,0.643908,twisted_surface
-2.445959,0.429719,-0.967791,0.003733,0.879945,twisted_surface
-2.369765,0.391466,-0.978503,-0.054228,0.995352,twisted_surface
-2.315562,0.363179,-0.977405,-0.088561,0.953489,twisted_surface
-2.276783,0.3462,-1.003058,-0.075569,0.767645,twisted_surface
-2.223691,0.324852,-1.053585,-0.024218,0.496827,twisted_surface
-2.1474,0.289057,-1.084653,0.030044,0.227015,twisted_surface
-2.077846,0.249479,-1.056628,0.049762,0.043875,twisted_surface
-2.053493,0.227048,-0.977245,0.021324,0.005551,twisted_surface
-2.07785,0.229127,-0.89146,-0.035638,0.124211,twisted_surface
-2.187946,0.099287,-0.845344,-0.087921,0.430413,twisted_surface
-2.185628,0.095448,-0.796752,-0.077277,0.70915,twisted_surface
-2.167138,0.083289,-0.725006,-0.027096,0.921482,twisted_surface
-2.174069,0.081045,-0.63556,0.027983,0.999997,twisted_surface
-2.228155,0.100678,-0.572901,0.04994,0.919767,twisted_surface
-2.306784,0.134664,-0.574899,0.023619,0.706263,twisted_surface
-2.369751,0.165046,-0.630675,-0.032811,0.427272,twisted_surface
-2.404783,0.18368,-0.691291,-0.080398,0.171372,twisted_surface
-2.437887,0.199722,-0.721801,-0.086294,0.019809,twisted_surface
-2.496423,0.225733,-0.735443,-0.046428,0.020703,twisted_surface
-2.568965,0.259101,-0.771726,0.01168,0.17377,twisted_surface
-2.610421,0.281261,-0.845344,0.047921,0.430413,twisted_surface
-2.588241,0.276433,-0.926162,0.037277,0.70915,twisted_surface
-2.517271,0.248622,-0.973343,-0.012904,0.921482,twisted_surface
-2.443358,0.217333,-0.982705,-0.067983,0.999997,twisted_surface
-2.394782,0.196879,-0.990729,-0.08994,0.919767,twisted_surface
-2.357251,0.182983,-1.029562,-0.063619,0.706263,twisted_surface
-2.299969,0.16157,-1.085337,-0.007189,0.427272,twisted_surface
-2.220405,0.12869,-1.109119,0.040398,0.171372,twisted_surface
-2.15385,0.097674,-1.068945,0.046294,0.019809,twisted_surface
-2.135739,0.084894,-0.98378,0.006428,0.020703,twisted_surface
-2.160854,0.09088,-0.901136,-0.05168,0.17377,twisted_surface
-2.24869,-0.052013,-0.85,-0.09,0.5,twisted_surface
-2.232897,-0.057442,-0.798116,-0.06584,0.77032,twisted_surface
-2.209095,-0.065623,-0.720267,-0.010038,0.954816,twisted_surface
-2.221094,-0.061499,-0.631673,0.038888,0.994911,twisted_surface
-2.283258,-0.04013,-0.57969,0.047165,0.877875,twisted_surface
-2.365132,-0.011986,-0.593558,0.009079,0.640866,twisted_surface
-2.427041,0.009295,-0.651124,-0.049079,0.359134,twisted_surface
-2.46397,0.02199,-0.70188,-0.087165,0.122125,twisted_surface
-2.505969,0.036427,-0.720682,-0.078888,0.005089,twisted_surface
-2.575054,0.060175,-0.731039,-0.029962,0.045184,twisted_surface
-2.650292,0.086038,-0.772287,0.02584,0.22968,twisted_surface
-2.683706,0.097524,-0.85,0.05,0.5,twisted_surface
-2.650292,0.086038,-0.927713,0.02584,0.77032,twisted_surface
-2.575054,0.060175,-0.968961,-0.029962,0.954816,twisted_surface
-2.505969,0.036427,-0.979318,-0.078888,0.994911,twisted_surface
-2.46397,0.02199,-0.99812,-0.087165,0.877875,twisted_surface
-2.427041,0.009295,-1.048876,-0.049079,0.640866,twisted_surface
-2.365132,-0.011986,-1.106442,0.009079,0.359134,twisted_surface
-2.283258,-0.04013,-1.12031,0.047165,0.122125,twisted_surface
-2.221094,-0.061499,-1.068327,0.038888,0.005089,twisted_surface
-2.209095,-0.065623,-0.979733,-0.010038,0.045184,twisted_surface
-2.232897,-0.057442,-0.901884,-0.06584,0.22968,twisted_surface
-2.294561,-0.211905,-0.845344,-0.087921,0.569587,twisted_surface
-2.266531,-0.21617,-0.789544,-0.05168,0.82623,twisted_surface
-2.240841,-0.218405,-0.706891,0.006428,0.979297,twisted_surface
-2.260749,-0.208746,-0.621715,0.046294,0.980191,twisted_surface
-2.331302,-0.188414,-0.581537,0.040398,0.828628,twisted_surface
-2.41496,-0.1681,-0.605321,-0.007189,0.572728,twisted_surface
-2.474822,-0.155624,-0.661104,-0.063619,0.293737,twisted_surface
-2.51402,-0.147577,-0.699941,-0.08994,0.080233,twisted_surface
-2.565158,-0.134814,-0.707966,-0.067983,0.000003,twisted_surface
-2.642997,-0.115235,-0.717329,-0.012904,0.078518,twisted_surface
-2.717371,-0.098559,-0.764515,0.037277,0.29085,twisted_surface
-2.739984,-0.097021,-0.845344,0.047921,0.569587,twisted_surface
-2.695574,-0.112387,-0.91897,0.01168,0.82623,twisted_surface
-2.618745,-0.13413,-0.955257,-0.046428,0.979297,twisted_surface
-2.556899,-0.150806,-0.968901,-0.086294,0.980191,twisted_surface
-2.521706,-0.161504,-0.999415,-0.080398,0.828628,twisted_surface
-2.484192,-0.1744,-1.060038,-0.032811,0.572728,twisted_surface
-2.417273,-0.194624,-1.11582,0.023619,0.293737,twisted_surface
-2.334354,-0.216116,-1.117819,0.04994,0.080233,twisted_surface
-2.277928,-0.227341,-1.055152,0.027983,0.000003,twisted_surface
-2.271474,-0.224253,-0.965695,-0.027096,0.078518,twisted_surface
-2.291654,-0.215236,-0.893941,-0.077277,0.29085,twisted_surface
-2.32414,-0.37854,-0.831425,-0.081806,0.637819,twisted_surface
-2.286175,-0.378972,-0.771335,-0.035638,0.875789,twisted_surface
-2.262464,-0.374318,-0.68547,0.021324,0.994449,twisted_surface
-2.292591,-0.361023,-0.606014,0.049762,0.956125,twisted_surface
-2.370915,-0.344646,-0.577962,0.030044,0.772985,twisted_surface
-2.454421,-0.333399,-0.609059,-0.024218,0.503173,twisted_surface
-2.511411,-0.328713,-0.659633,-0.075569,0.232355,twisted_surface
-2.553474,-0.324068,-0.68531,-0.088561,0.046511,twisted_surface
-2.613703,-0.313559,-0.684211,-0.054228,0.004648,twisted_surface
-2.697894,-0.300119,-0.694933,0.003733,0.120055,twisted_surface
-2.767687,-0.293542,-0.748643,0.045311,0.356092,twisted_surface
-2.777435,-0.300293,-0.831425,0.041806,0.637819,twisted_surface
-2.723311,-0.31665,-0.900284,-0.004362,0.875789,twisted_surface
-2.648026,-0.332971,-0.932921,-0.061324,0.994449,twisted_surface
-2.595344,-0.344,-0.95192,-0.089762,0.956125,twisted_surface
-2.56633,-0.353326,-0.9943,-0.070044,0.772985,twisted_surface
-2.526668,-0.367079,-1.0621,-0.015782,0.503173,twisted_surface
-2.454636,-0.384665,-1.112674,0.035569,0.232355,twisted_surface
-2.372277,-0.397759,-1.101648,0.048561,0.046511,twisted_surface
-2.322764,-0.399019,-1.030117,0.014228,0.004648,twisted_surface
-2.320782,-0.390423,-0.942384,-0.043733,0.120055,twisted_surface
-2.334955,-0.381376,-0.877592,-0.085311,0.356092,twisted_surface
-2.336491,-0.549768,-0.808398,-0.07202,0.703368,twisted_surface
-2.291854,-0.544164,-0.743914,-0.018667,0.918034,twisted_surface
-2.27405,-0.532865,-0.656606,0.033766,0.999977,twisted_surface
-2.315834,-0.518651,-0.584756,0.049085,0.923181,twisted_surface
-2.400365,-0.508874,-0.568351,0.016717,0.712028,twisted_surface
-2.481563,-0.507006,-0.603711,-0.040996,0.433557,twisted_surface
-2.535238,-0.508561,-0.646038,-0.084216,0.176182,twisted_surface
-2.580956,-0.506368,-0.658195,-0.083109,0.021616,twisted_surface
-2.649807,-0.499195,-0.650202,-0.038439,0.018934,twisted_surface
-2.737379,-0.493676,-0.664526,0.018959,0.168987,twisted_surface
-2.798988,-0.497199,-0.724922,0.049465,0.424134,twisted_surface
-2.794756,-0.509854,-0.808398,0.03202,0.703368,twisted_surface
-2.733188,-0.524598,-0.872139,-0.021333,0.918034,twisted_surface
-2.662698,-0.535231,-0.902669,-0.073766,0.999977,twisted_surface
-2.62031,-0.542758,-0.928723,-0.089085,0.923181,twisted_surface
-2.596003,-0.552768,-0.982354,-0.056717,0.712028,twisted_surface
-2.552513,-0.567132,-1.054211,0.000996,0.433557,twisted_surface
-2.475752,-0.580048,-1.096539,0.044216,0.176182,twisted_surface
-2.395853,-0.583424,-1.072199,0.043109,0.021616,twisted_surface
-2.354084,-0.575577,-0.994169,-0.001561,0.018934,twisted_surface
-2.354992,-0.563197,-0.91059,-0.058959,0.168987,twisted_surface
-2.360917,-0.554226,-0.853148,-0.089465,0.424134,twisted_surface
-2.331211,-0.723281,-0.776514,-0.059144,0.76496,twisted_surface
-2.283892,-0.710252,-0.707809,-0.001775,0.952143,twisted_surface
-2.275556,-0.693742,-0.620883,0.043013,0.995774,twisted_surface
-2.329319,-0.681771,-0.558001,0.044304,0.882,twisted_surface
-2.417692,-0.680593,-0.552022,0.001208,0.646944,twisted_surface
-2.494516,-0.687463,-0.588375,-0.056528,0.365234,twisted_surface
-2.544959,-0.693447,-0.62,-0.089049,0.126312,twisted_surface
-2.595205,-0.693262,-0.619149,-0.073908,0.006032,twisted_surface
-2.671652,-0.690899,-0.6069,-0.021555,0.042584,twisted_surface
-2.759179,-0.694638,-0.6268,0.031871,0.224362,twisted_surface
-2.80942,-0.707308,-0.69362,0.049492,0.493654,twisted_surface
-2.791211,-0.723064,-0.776514,0.019144,0.76496,twisted_surface
-2.725269,-0.734231,-0.835129,-0.038225,0.952143,twisted_surface
-2.662554,-0.739974,-0.865207,-0.083013,0.995774,twisted_surface
-2.630586,-0.746511,-0.899538,-0.084304,0.882,twisted_surface
-2.608819,-0.758597,-0.9631,-0.041208,0.646944,twisted_surface
-2.560021,-0.77241,-1.035693,0.016528,0.365234,twisted_surface
-2.479534,-0.778456,-1.067318,0.049049,0.126312,twisted_surface
-2.404151,-0.771445,-1.030227,0.033908,0.006032,twisted_surface
-2.370447,-0.755923,-0.948436,-0.018445,0.042584,twisted_surface
-2.372224,-0.741235,-0.871125,-0.071871,0.224362,twisted_surface
-2.368065,-0.731704,-0.820939,-0.089492,0.493654,twisted_surface
-2.308418,-0.89678,-0.736122,-0.043941,0.821394,twisted_surface
-2.262789,-0.875996,-0.663631,0.014034,0.977451,twisted_surface
-2.266708,-0.856745,-0.578847,0.048516,0.981921,twisted_surface
-2.331568,-0.850189,-0.525707,0.035703,0.833385,twisted_surface
-2.420874,-0.858675,-0.528305,-0.01556,0.579001,twisted_surface
-2.491663,-0.872803,-0.562389,-0.069889,0.299535,twisted_surface
-2.539521,-0.881464,-0.581576,-0.08978,0.083715,twisted_surface
-2.595062,-0.883468,-0.569031,-0.061504,0.000063,twisted_surface
-2.677432,-0.887584,-0.555373,-0.004578,0.075137,twisted_surface
-2.761234,-0.901239,-0.582437,0.041702,0.285103,twisted_surface
-2.797647,-0.921231,-0.655022,0.04539,0.563296,twisted_surface
-2.766635,-0.937239,-0.736122,0.003941,0.821394,twisted_surface
-2.699888,-0.943781,-0.789924,-0.054034,0.977451,twisted_surface
-2.647277,-0.946365,-0.8212,-0.088516,0.981921,twisted_surface
-2.624776,-0.954384,-0.864488,-0.075703,0.833385,twisted_surface
-2.602967,-0.969003,-0.936067,-0.02444,0.579001,twisted_surface
-2.547888,-0.980327,-1.006097,0.029889,0.299535,twisted_surface
-2.465324,-0.977472,-1.025284,0.04978,0.083715,twisted_surface
-2.396454,-0.960183,-0.976793,0.021504,0.000063,twisted_surface
-2.370503,-0.93879,-0.894154,-0.035422,0.075137,twisted_surface
-2.370849,-0.922788,-0.82479,-0.081702,0.285103,twisted_surface
-2.355433,-0.911378,-0.781315,-0.08539,0.563296,twisted_surface
-2.268698,-1.068114,-0.687664,-0.027317,0.871572,twisted_surface
-2.229101,-1.040431,-0.612048,0.027821,0.993466,twisted_surface
-2.246955,-1.02164,-0.530999,0.049949,0.958688,twisted_surface
-2.320884,-1.023238,-0.487763,0.023793,0.77828,twisted_surface
-2.408031,-1.041367,-0.496611,-0.032593,0.509519,twisted_surface
-2.471776,-1.060682,-0.525375,-0.080286,0.237737,twisted_surface
-2.518186,-1.070635,-0.531188,-0.086365,0.049221,twisted_surface
-2.579463,-1.075653,-0.50895,-0.046634,0.003824,twisted_surface
-2.665416,-1.08785,-0.496751,0.011482,0.11596,twisted_surface
-2.741825,-1.111236,-0.532087,0.047867,0.350025,twisted_surface
-2.762934,-1.136054,-0.609439,0.037404,0.631707,twisted_surface
-2.721387,-1.149802,-0.687664,-0.012683,0.871572,twisted_surface
-2.657509,-1.151743,-0.73725,-0.067821,0.993466,twisted_surface
-2.616377,-1.153557,-0.77126,-0.089949,0.958688,twisted_surface
-2.60139,-1.165073,-0.823618,-0.063793,0.77828,twisted_surface
-2.576898,-1.18163,-0.900851,-0.007407,0.509519,twisted_surface
-2.515322,-1.188009,-0.965251,0.040286,0.237737,twisted_surface
-2.432884,-1.174712,-0.971064,0.046365,0.049221,twisted_surface
-2.372222,-1.148047,-0.91319,0.006634,0.003824,twisted_surface
-2.353027,-1.122697,-0.832606,-0.051482,0.11596,twisted_surface
-2.349595,-1.105712,-0.772348,-0.087867,0.350025,twisted_surface
-2.32264,-1.090606,-0.734641,-0.077404,0.631707,twisted_surface
-2.213008,-1.235395,-0.631673,-0.010258,0.914519,twisted_surface
-2.183309,-1.202823,-0.553769,0.038767,0.999877,twisted_surface
-2.215465,-1.188022,-0.477796,0.047227,0.926527,twisted_surface
-2.295509,-1.199693,-0.444033,0.009281,0.717758,twisted_surface
-2.37761,-1.226367,-0.456485,-0.048877,0.439853,twisted_surface
-2.434105,-1.248538,-0.477272,-0.087102,0.181044,twisted_surface
-2.480509,-1.259021,-0.4696,-0.079008,0.023501,twisted_surface
-2.547417,-1.268408,-0.440201,-0.030182,0.017243,twisted_surface
-2.634025,-1.289937,-0.432171,0.025672,0.164257,twisted_surface
-2.699701,-1.321965,-0.476361,0.05,0.417867,twisted_surface
-2.705193,-1.348738,-0.557211,0.026008,0.697554,twisted_surface
-2.656254,-1.35841,-0.631673,-0.029742,0.914519,twisted_surface
-2.598613,-1.356839,-0.677869,-0.078767,0.999877,twisted_surface
-2.569183,-1.360562,-0.715942,-0.087227,0.926527,twisted_surface
-2.558984,-1.376778,-0.776932,-0.049281,0.717758,twisted_surface
-2.529496,-1.393651,-0.857167,0.008877,0.439853,twisted_surface
-2.462099,-1.392469,-0.913277,0.047102,0.181044,twisted_surface
-2.382342,-1.367938,-0.905605,0.039008,0.023501,twisted_surface
-2.331041,-1.333488,-0.840883,-0.009818,0.017243,twisted_surface
-2.316971,-1.305907,-0.76507,-0.065672,0.164257,twisted_surface
-2.307654,-1.28753,-0.714507,-0.09,0.417867,twisted_surface
-2.269914,-1.26669,-0.681311,-0.066008,0.697554,twisted_surface
-2.142543,-1.397076,-0.568761,0.006222,0.949397,twisted_surface
-2.125729,-1.362593,-0.489533,0.046222,0.996558,twisted_surface
-2.171187,-1.355178,-0.419656,0.04051,0.886064,twisted_surface
-2.253811,-1.377749,-0.394396,-0.006971,0.652999,twisted_surface
-2.328537,-1.410954,-0.407662,-0.063446,0.371357,twisted_surface
-2.3784,-1.433762,-0.418347,-0.089931,0.130558,twisted_surface
-2.42628,-1.444774,-0.397875,-0.068145,0.007055,twisted_surface
-2.49801,-1.46021,-0.364207,-0.013125,0.040058,twisted_surface
-2.581937,-1.491707,-0.362742,0.037149,0.21909,twisted_surface
-2.63419,-1.530446,-0.415825,0.047974,0.487308,twisted_surface
-2.624969,-1.556296,-0.498719,0.011878,0.759556,twisted_surface
-2.572332,-1.561031,-0.568761,-0.046222,0.949397,twisted_surface
-2.523593,-1.557957,-0.612565,-0.086222,0.996558,twisted_surface
-2.504894,-1.566124,-0.655752,-0.08051,0.886064,twisted_surface
-2.496326,-1.587187,-0.72443,-0.033029,0.652999,twisted_surface
-2.460212,-1.601917,-0.804895,0.023446,0.371357,twisted_surface
-2.388568,-1.590779,-0.8506,0.049931,0.130558,twisted_surface
-2.314117,-1.555125,-0.830128,0.028145,0.007055,twisted_surface
-2.272603,-1.514954,-0.761441,-0.026875,0.040058,twisted_surface
-2.261547,-1.486409,-0.692776,-0.077149,0.21909,twisted_surface
-2.244774,-1.465537,-0.651921,-0.087974,0.487308,twisted_surface
-2.198074,-1.437033,-0.621751,-0.051878,0.759556,twisted_surface
-2.058599,-1.551975,-0.499617,0.021145,0.975528,twisted_surface
-2.056455,-1.519202,-0.420097,0.049743,0.983573,twisted_surface
-2.112963,-1.521989,-0.356968,0.030199,0.838087,twisted_surface
-2.194465,-1.555065,-0.33878,-0.023996,0.585261,twisted_surface
-2.260326,-1.592164,-0.35009,-0.075433,0.305365,twisted_surface
-2.304879,-1.613849,-0.349186,-0.088606,0.087264,twisted_surface
-2.355463,-1.626172,-0.317323,-0.054421,0.000204,twisted_surface
-2.430436,-1.649367,-0.282458,0.003523,0.071825,twisted_surface
-2.508206,-1.690662,-0.289514,0.04523,0.279389,twisted_surface
-2.545276,-1.733527,-0.351006,0.04191,0.556996,twisted_surface
-2.523387,-1.755949,-0.434393,-0.004145,0.816506,twisted_surface
-2.470887,-1.755981,-0.499617,-0.061145,0.975528,twisted_surface
-2.432698,-1.754038,-0.542133,-0.089743,0.983573,twisted_surface
-2.42268,-1.76863,-0.591154,-0.070199,0.838087,twisted_surface
-2.412565,-1.793529,-0.666143,-0.016004,0.585261,twisted_surface
-2.36914,-1.803133,-0.744109,0.035433,0.305365,twisted_surface
-2.295591,-1.780231,-0.777941,0.048606,0.087264,twisted_surface
-2.228826,-1.734488,-0.746078,0.014421,0.000204,twisted_surface
-2.196709,-1.690841,-0.676478,-0.043523,0.071825,twisted_surface
-2.186324,-1.661935,-0.616877,-0.08523,0.279389,twisted_surface
-2.161317,-1.636926,-0.585192,-0.08191,0.556996,twisted_surface
-2.108456,-1.5993,-0.556429,-0.035855,0.816506,twisted_surface
-1.962436,-1.699239,-0.425,0.033623,0.992404,twisted_surface
-1.975355,-1.672025,-0.346224,0.049121,0.961177,twisted_surface
-2.039673,-1.686864,-0.290111,0.016906,0.78353,twisted_surface
-2.116621,-1.728869,-0.277197,-0.040784,0.515864,twisted_surface
-2.17312,-1.766977,-0.283957,-0.084128,0.243161,twisted_surface
-2.214156,-1.786515,-0.27067,-0.083205,0.052003,twisted_surface
-2.268137,-1.801597,-0.229447,-0.038653,0.003081,twisted_surface
-2.344051,-1.833981,-0.196459,0.018774,0.111927,twisted_surface
-2.412375,-1.884012,-0.213459,0.049437,0.343983,twisted_surface
-2.43363,-1.928046,-0.282397,0.032169,0.625574,twisted_surface
-2.402041,-1.945254,-0.36472,-0.021111,0.867296,twisted_surface
-2.353223,-1.941903,-0.425,-0.073623,0.992404,twisted_surface
-2.326028,-1.943967,-0.467369,-0.089121,0.961177,twisted_surface
-2.321822,-1.966055,-0.522586,-0.056906,0.78353,twisted_surface
-2.307387,-1.992689,-0.60217,0.000784,0.515864,twisted_surface
-2.25705,-1.994053,-0.675099,0.044128,0.243161,twisted_surface
-2.184449,-1.958451,-0.696293,0.043205,0.052003,twisted_surface
-2.127201,-1.904464,-0.655071,-0.001347,0.003081,twisted_surface
-2.103304,-1.859445,-0.587601,-0.058774,0.111927,twisted_surface
-2.09132,-1.83001,-0.538432,-0.089437,0.343983,twisted_surface
-2.058277,-1.798953,-0.514873,-0.072169,0.625574,twisted_surface
-2.002799,-1.751529,-0.485865,-0.018889,0.867296,twisted_surface
-1.855168,-1.83828,-0.345726,0.042916,0.999695,twisted_surface
-1.882124,-1.82023,-0.268683,0.044392,0.929805,twisted_surface
-1.950411,-1.847747,-0.219462,0.00142,0.723454,twisted_surface
-2.020029,-1.896121,-0.209771,-0.056338,0.446158,twisted_surface
-2.067664,-1.932511,-0.209697,-0.089012,0.185957,twisted_surface
-2.107133,-1.94977,-0.183948,-0.074049,0.025462,twisted_surface
-2.164463,-1.96949,-0.135886,-0.021777,0.01563,twisted_surface
-2.238458,-2.01192,-0.107681,0.031722,0.159581,twisted_surface
-2.294574,-2.068772,-0.135458,0.049518,0.411614,twisted_surface
-2.300582,-2.11101,-0.210468,0.019327,0.691708,twisted_surface
-2.262857,-2.122199,-0.290248,-0.03801,0.910936,twisted_surface
-2.220573,-2.117706,-0.345726,-0.082916,0.999695,twisted_surface
-2.203576,-2.126459,-0.389066,-0.084392,0.929805,twisted_surface
-2.201867,-2.155971,-0.450476,-0.04142,0.723454,twisted_surface
-2.181118,-2.181368,-0.532701,0.016338,0.446158,twisted_surface
-2.125336,-2.171673,-0.598381,0.049012,0.185957,twisted_surface
-2.056715,-2.123472,-0.606896,0.034049,0.025462,twisted_surface
-2.01004,-2.06366,-0.558834,-0.018223,0.01563,twisted_surface
-1.992539,-2.018927,-0.496365,-0.071722,0.159581,twisted_surface
-1.977084,-1.988049,-0.458388,-0.089518,0.411614,twisted_surface
-1.937241,-1.949098,-0.441483,-0.059327,0.691708,twisted_surface
-1.883102,-1.892214,-0.410631,-0.00199,0.910936,twisted_surface
-1.737691,-1.968657,-0.262664,0.04847,0.997261,twisted_surface
-1.776376,-1.962685,-0.18824,0.035838,0.890066,twisted_surface
-1.844639,-2.002172,-0.145415,-0.015339,0.659028,twisted_surface
-1.905106,-2.053694,-0.136756,-0.069733,0.3775,twisted_surface
-1.945233,-2.086177,-0.127986,-0.089797,0.134865,twisted_surface
-1.984895,-2.101935,-0.090395,-0.061682,0.008157,twisted_surface
-2.044677,-2.1283,-0.038356,-0.004795,0.037606,twisted_surface
-2.113603,-2.180837,-0.017528,0.041597,0.213862,twisted_surface
-2.15558,-2.241913,-0.056292,0.045469,0.480965,twisted_surface
-2.148052,-2.279758,-0.135677,0.00415,0.754111,twisted_surface
-2.107939,-2.285239,-0.211589,-0.053839,0.946579,twisted_surface
-2.074028,-2.282467,-0.262664,-0.08847,0.997261,twisted_surface
-2.065322,-2.299975,-0.308012,-0.075838,0.890066,twisted_surface
-2.062786,-2.335616,-0.375256,-0.024661,0.659028,twisted_surface
-2.034779,-2.356279,-0.458045,0.029733,0.3775,twisted_surface
-1.975928,-2.333389,-0.514695,0.049797,0.134865,twisted_surface
-1.914125,-2.273747,-0.511194,0.021682,0.008157,twisted_surface
-1.878176,-2.210792,-0.459155,-0.035205,0.037606,twisted_surface
-1.864859,-2.167326,-0.404236,-0.081597,0.213862,twisted_surface
-1.844745,-2.133494,-0.377582,-0.085469,0.480965,twisted_surface
-1.800308,-2.085214,-0.365518,-0.04415,0.754111,twisted_surface
-1.751458,-2.020331,-0.331361,0.013839,0.946579,twisted_surface
-1.610667,-2.089956,-0.176725,0.049957,0.985148,twisted_surface
-1.657777,-2.097909,-0.105658,0.023966,0.842736,twisted_surface
-1.722337,-2.147384,-0.068393,-0.032374,0.591508,twisted_surface
-1.772939,-2.198584,-0.058551,-0.080173,0.311227,twisted_surface
-1.807505,-2.225801,-0.039734,-0.086435,0.09088,twisted_surface
-1.848612,-2.241626,0.008429,-0.046839,0.000425,twisted_surface
-1.909125,-2.276423,0.0614,0.011284,0.068583,twisted_surface
-1.969879,-2.338226,0.072702,0.047812,0.273712,twisted_surface
-1.996834,-2.400524,0.023353,0.037531,0.550686,twisted_surface
-1.978418,-2.432092,-0.058481,-0.012462,0.811568,twisted_surface
-1.939416,-2.433275,-0.129425,-0.067659,0.973529,twisted_surface
-1.914517,-2.435319,-0.176725,-0.089957,0.985148,twisted_surface
-1.911354,-2.462683,-0.224983,-0.063966,0.842736,twisted_surface
-1.905099,-2.502017,-0.297376,-0.007626,0.591508,twisted_surface
-1.870078,-2.514347,-0.378641,0.040173,0.311227,twisted_surface
-1.811153,-2.477112,-0.424999,0.046435,0.09088,twisted_surface
-1.758473,-2.408125,-0.4108,0.006839,0.000425,twisted_surface
-1.732502,-2.344622,-0.357829,-0.051284,0.068583,twisted_surface
-1.721079,-2.302599,-0.312563,-0.087812,0.273712,twisted_surface
-1.696015,-2.263958,-0.296737,-0.077531,0.550686,twisted_surface
-1.649951,-2.205651,-0.287464,-0.027538,0.811568,twisted_surface
-1.60991,-2.135303,-0.24875,0.027659,0.973529,twisted_surface
-1.474555,-2.201668,-0.088849,0.047288,0.963592,twisted_surface
-1.526196,-2.224072,-0.021692,0.009483,0.788735,twisted_surface
-1.584093,-2.280502,0.01114,-0.048674,0.522206,twisted_surface
-1.625224,-2.328095,0.024289,-0.087038,0.248627,twisted_surface
-1.656422,-2.349686,0.053936,-0.079127,0.054857,twisted_surface
-1.69947,-2.367691,0.110829,-0.030402,0.002417,twisted_surface
-1.758323,-2.412177,0.161663,0.025504,0.107956,twisted_surface
-1.808198,-2.481519,0.161836,0.049999,0.337966,twisted_surface
-1.820398,-2.541984,0.102888,0.026175,0.619421,twisted_surface
-1.794362,-2.566365,0.020652,-0.029522,0.86296,twisted_surface
-1.759314,-2.565596,-0.044501,-0.078646,0.991262,twisted_surface
-1.742828,-2.575338,-0.088849,-0.087288,0.963592,twisted_surface
-1.742008,-2.612468,-0.140745,-0.049483,0.788735,twisted_surface
-1.729961,-2.652158,-0.217321,0.008674,0.522206,twisted_surface
-1.689329,-2.652902,-0.295071,0.047038,0.248627,twisted_surface
-1.633572,-2.60133,-0.33045,0.039127,0.054857,twisted_surface
-1.591516,-2.525785,-0.307443,-0.009598,0.002417,twisted_surface
-1.57401,-2.463913,-0.25661,-0.065504,0.107956,twisted_surface
-1.562459,-2.422706,-0.22255,-0.089999,0.337966,twisted_surface
-1.53314,-2.377387,-0.216472,-0.066175,0.619421,twisted_surface
-1.488858,-2.309319,-0.207809,-0.010478,0.86296,twisted_surface
-1.460314,-2.236924,-0.163554,0.038646,0.991262,twisted_surface
-1.329689,-2.303089,0,0.040622,0.933013,twisted_surface
-1.381849,-2.339055,0.062907,-0.006752,0.729113,twisted_surface
-1.431143,-2.398708,0.092668,-0.063271,0.452472,twisted_surface
-1.464152,-2.439991,0.111051,-0.089921,0.190921,twisted_surface
-1.494046,-2.456623,0.151711,-0.068306,0.0275,twisted_surface
-1.538643,-2.479141,0.215021,-0.013346,0.014094,twisted_surface
-1.593035,-2.533794,0.260784,0.03702,0.15496,twisted_surface
-1.630046,-2.608217,0.248847,0.048027,0.405374,twisted_surface
-1.628863,-2.664116,0.181809,0.012076,0.685831,twisted_surface
-1.598692,-2.68151,0.101231,-0.046016,0.907288,twisted_surface
-1.569467,-2.681768,0.042374,-0.08615,0.999434,twisted_surface
-1.559689,-2.701461,0,-0.080622,0.933013,twisted_surface
-1.558005,-2.746998,-0.056055,-0.033248,0.729113,twisted_surface
-1.539184,-2.783173,-0.135617,0.023271,0.452472,twisted_surface
-1.495325,-2.769831,-0.208063,0.049921,0.190921,twisted_surface
-1.445827,-2.705116,-0.23238,0.028306,0.0275,twisted_surface
-1.414936,-2.626155,-0.20293,-0.026654,0.014094,twisted_surface
-1.403864,-2.56742,-0.157168,-0.07702,0.15496,twisted_surface
-1.390735,-2.52573,-0.135245,-0.088027,0.405374,twisted_surface
-1.3588,-2.472199,-0.137305,-0.052076,0.685831,twisted_surface
-1.319757,-2.395712,-0.127054,0.006016,0.907288,twisted_surface
-1.304256,-2.325241,-0.076588,0.04615,0.999434,twisted_surface
-1.176398,-2.393267,0.088849,0.030354,0.894005,twisted_surface
-1.225414,-2.440569,0.147399,-0.023774,0.665033,twisted_surface
-1.265343,-2.49944,0.175616,-0.075297,0.383663,twisted_surface
-1.292254,-2.532607,0.200868,-0.08865,0.13923,twisted_surface
-1.322429,-2.54585,0.252118,-0.054615,0.009338,twisted_surface
-1.367297,-2.57508,0.319185,0.003314,0.035229,twisted_surface
-1.414355,-2.639467,0.357225,0.04515,0.208681,twisted_surface
-1.437472,-2.716046,0.332862,0.042014,0.474624,twisted_surface
-1.425201,-2.765308,0.259687,-0.003929,0.748625,twisted_surface
-1.394171,-2.777012,0.182734,-0.060965,0.943688,twisted_surface
-1.371474,-2.781519,0.13033,-0.089724,0.997884,twisted_surface
-1.365869,-2.812434,0.088849,-0.070354,0.894005,twisted_surface
-1.360552,-2.863846,0.028346,-0.016226,0.665033,twisted_surface
-1.3352,-2.892538,-0.052845,0.035297,0.383663,twisted_surface
-1.29117,-2.863678,-0.118491,0.04865,0.13923,twisted_surface
-1.250493,-2.788073,-0.132269,0.014615,0.009338,twisted_surface
-1.230335,-2.708831,-0.099088,-0.043314,0.035229,twisted_surface
-1.223464,-2.653911,-0.061047,-0.08515,0.208681,twisted_surface
-1.208116,-2.610012,-0.051524,-0.082014,0.474624,twisted_surface
-1.175963,-2.547388,-0.059673,-0.036071,0.748625,twisted_surface
-1.145241,-2.464859,-0.045727,0.020965,0.943688,twisted_surface
-1.143019,-2.400422,0.011278,0.049724,0.997884,twisted_surface
-1.015136,-2.470993,0.176725,0.017094,0.847329,twisted_surface
-1.05811,-2.5263,0.231051,-0.040572,0.59774,twisted_surface
-1.089089,-2.58057,0.259339,-0.084038,0.317119,twisted_surface
-1.112234,-2.604895,0.292723,-0.0833,0.094561,twisted_surface
-1.143523,-2.616977,0.353556,-0.038867,0.000727,twisted_surface
-1.186637,-2.654647,0.421508,0.018589,0.065409,twisted_surface
-1.223775,-2.727425,0.449596,0.049408,0.268071,twisted_surface
-1.233041,-2.803106,0.413174,0.032316,0.544368,twisted_surface
-1.212597,-2.844585,0.336152,-0.020889,0.806579,twisted_surface
-1.183375,-2.852829,0.264595,-0.07348,0.971453,twisted_surface
-1.166713,-2.86461,0.218448,-0.089155,0.986644,twisted_surface
-1.162303,-2.906815,0.176725,-0.057094,0.847329,twisted_surface
-1.151409,-2.960647,0.111726,0.000572,0.59774,twisted_surface
-1.120959,-2.978252,0.030356,0.044038,0.317119,twisted_surface
-1.080095,-2.933694,-0.027367,0.0433,0.094561,twisted_surface
-1.049977,-2.850257,-0.03171,-0.001133,0.000727,twisted_surface
-1.039263,-2.773508,0.00228,-0.058589,0.065409,twisted_surface
-1.034513,-2.722238,0.030367,-0.089408,0.268071,twisted_surface
-1.017224,-2.674292,0.027909,-0.072316,0.544368,twisted_surface
-0.987708,-2.602578,0.016062,-0.019111,0.806579,twisted_surface
-0.967635,-2.517236,0.035612,0.03348,0.971453,twisted_surface
-0.977599,-2.462619,0.099123,0.049155,0.986644,twisted_surface
-0.846611,-2.534849,0.262664,0.001631,0.793893,twisted_surface
-0.881715,-2.594096,0.313138,-0.056148,0.528544,twisted_surface
-0.905169,-2.640544,0.343121,-0.088975,0.254134,twisted_surface
-0.926796,-2.656413,0.38546,-0.07419,0.057784,twisted_surface
-0.959128,-2.669894,0.454338,-0.021999,0.001834,twisted_surface
-0.99797,-2.716999,0.520241,0.031572,0.104049,twisted_surface
-1.023215,-2.796046,0.536681,0.049544,0.331975,twisted_surface
-1.019725,-2.86801,0.489235,0.019511,0.613248,twisted_surface
-0.994257,-2.901615,0.41088,-0.037795,0.858566,twisted_surface
-0.968591,-2.90927,0.346198,-0.082818,0.990041,twisted_surface
-0.956403,-2.93074,0.305762,-0.084479,0.965932,twisted_surface
-0.950209,-2.983031,0.262664,-0.041631,0.793893,twisted_surface
-0.932891,-3.035271,0.193367,0.016148,0.528544,twisted_surface
-0.899777,-3.038971,0.113281,0.048975,0.254134,twisted_surface
-0.865272,-2.979813,0.064171,0.03419,0.057784,twisted_surface
-0.846456,-2.892068,0.06763,-0.018001,0.001834,twisted_surface
-0.843279,-2.819948,0.099442,-0.071572,0.104049,twisted_surface
-0.839037,-2.771428,0.115882,-0.089544,0.331975,twisted_surface
-0.82098,-2.717821,0.102526,-0.059511,0.613248,twisted_surface
-0.797048,-2.638022,0.089591,-0.002205,0.858566,twisted_surface
-0.788893,-2.553627,0.116357,0.042818,0.990041,twisted_surface
-0.808774,-2.511861,0.18599,0.044479,0.965932,twisted_surface
-0.671893,-2.583311,0.345726,-0.015117,0.734736,twisted_surface
-0.69852,-2.642137,0.392944,-0.069576,0.458794,twisted_surface
-0.7166,-2.678468,0.426173,-0.089814,0.195934,twisted_surface
-0.738501,-2.687271,0.477804,-0.06186,0.029613,twisted_surface
-0.770884,-2.704676,0.552732,-0.005012,0.012637,twisted_surface
-0.802772,-2.761327,0.613738,0.041491,0.150395,twisted_surface
-0.815014,-2.843983,0.617468,0.045548,0.39915,twisted_surface
-0.80075,-2.909975,0.56065,0.004358,0.679924,twisted_surface
-0.773233,-2.936665,0.483572,-0.053645,0.903574,twisted_surface
-0.751764,-2.946858,0.426871,-0.088424,0.999091,twisted_surface
-0.741692,-2.979481,0.39127,-0.075971,0.936151,twisted_surface
-0.731181,-3.039474,0.345726,-0.024883,0.734736,twisted_surface
-0.707816,-3.086008,0.27256,0.029576,0.458794,twisted_surface
-0.67515,-3.074087,0.195158,0.049814,0.195934,twisted_surface
-0.649663,-3.002587,0.154874,0.02186,0.029613,twisted_surface
-0.641856,-2.914144,0.164049,-0.034988,0.012637,twisted_surface
-0.644007,-2.847977,0.19079,-0.081491,0.150395,twisted_surface
-0.639374,-2.800795,0.19452,-0.085548,0.39915,twisted_surface
-0.622464,-2.740449,0.171966,-0.044358,0.679924,twisted_surface
-0.606745,-2.654534,0.160642,0.013645,0.903574,twisted_surface
-0.610562,-2.574979,0.195856,0.048424,0.999091,twisted_surface
-0.637216,-2.547981,0.270886,0.035971,0.936151,twisted_surface
-0.492477,-2.614884,0.425,-0.032155,0.67101,twisted_surface
-0.511233,-2.669097,0.469756,-0.080059,0.389845,twisted_surface
-0.526436,-2.694139,0.507627,-0.086505,0.143653,twisted_surface
-0.549659,-2.698029,0.568381,-0.047044,0.010599,twisted_surface
-0.580304,-2.721507,0.647003,0.011085,0.032926,twisted_surface
-0.602745,-2.786904,0.700505,0.047756,0.203546,twisted_surface
-0.601869,-2.870288,0.69116,0.037657,0.468288,twisted_surface
-0.57942,-2.928869,0.627168,-0.012241,0.743098,twisted_surface
-0.552271,-2.950498,0.553932,-0.067496,0.940727,twisted_surface
-0.534505,-2.966191,0.505879,-0.089965,0.998427,twisted_surface
-0.523779,-3.01026,0.473948,-0.064139,0.897881,twisted_surface
-0.507236,-3.074647,0.425,-0.007845,0.67101,twisted_surface
-0.479383,-3.111714,0.34861,0.040059,0.389845,twisted_surface
-0.450557,-3.083751,0.275152,0.046505,0.143653,twisted_surface
-0.435898,-3.003072,0.243408,0.007044,0.010599,twisted_surface
-0.437878,-2.917268,0.255861,-0.051085,0.032926,twisted_surface
-0.443192,-2.857524,0.274881,-0.087756,0.203546,twisted_surface
-0.438115,-2.810046,0.265537,-0.077657,0.468288,twisted_surface
-0.424731,-2.742646,0.236026,-0.027759,0.743098,twisted_surface
-0.419179,-2.653379,0.22896,0.027496,0.940727,twisted_surface
-0.433793,-2.582248,0.273403,0.049965,0.998427,twisted_surface
-0.463606,-2.570598,0.352803,0.024139,0.897881,twisted_surface
-0.31029,-2.62826,0.499617,-0.048472,0.603956,twisted_surface
-0.322827,-2.674264,0.542868,-0.086974,0.32304,twisted_surface
-0.337589,-2.688012,0.586549,-0.079245,0.098308,twisted_surface
-0.362269,-2.689582,0.65574,-0.030621,0.00111,twisted_surface
-0.388827,-2.720631,0.735459,0.025335,0.062306,twisted_surface
-0.399849,-2.793171,0.779237,0.049997,0.262467,twisted_surface
-0.386731,-2.874519,0.757189,0.026342,0.538043,twisted_surface
-0.358933,-2.925196,0.688659,-0.029302,0.801541,twisted_surface
-0.333712,-2.94423,0.621649,-0.078525,0.969301,twisted_surface
-0.318149,-2.96782,0.582423,-0.087349,0.988062,twisted_surface
-0.304021,-3.022398,0.552761,-0.049684,0.851866,twisted_surface
-0.280821,-3.087315,0.499617,0.008472,0.603956,twisted_surface
-0.251023,-3.111929,0.420831,0.046974,0.32304,twisted_surface
-0.229268,-3.068831,0.352363,0.039245,0.098308,twisted_surface
-0.226206,-2.982703,0.328377,-0.009379,0.00111,twisted_surface
-0.236046,-2.902308,0.34144,-0.065335,0.062306,twisted_surface
-0.242727,-2.848684,0.350482,-0.089997,0.262467,twisted_surface
-0.237996,-2.799371,0.328434,-0.066342,0.538043,twisted_surface
-0.230636,-2.725476,0.29464,-0.010698,0.801541,twisted_surface
-0.236246,-2.636117,0.294286,0.038525,0.969301,twisted_surface
-0.25941,-2.576276,0.348237,0.047349,0.988062,twisted_surface
-0.288769,-2.579144,0.430724,0.009684,0.851866,twisted_surface
-0.127646,-2.622477,0.568761,-0.063096,0.534878,twisted_surface
-0.136362,-2.657601,0.611579,-0.08991,0.25968,twisted_surface
-0.152679,-2.661121,0.661934,-0.068466,0.060781,twisted_surface
-0.178003,-2.663044,0.738393,-0.013567,0.001331,twisted_surface
-0.197882,-2.702343,0.816506,0.036891,0.100205,twisted_surface
-0.196291,-2.779828,0.848859,0.048079,0.326011,twisted_surface
-0.172655,-2.856802,0.815214,0.012273,0.607058,twisted_surface
-0.142209,-2.900021,0.74509,-0.04581,0.854114,twisted_surface
-0.119448,-2.919178,0.68637,-0.086077,0.988741,twisted_surface
-0.103849,-2.952173,0.655638,-0.080733,0.968197,twisted_surface
-0.084023,-3.015194,0.626675,-0.033466,0.799003,twisted_surface
-0.05474,-3.076663,0.568761,0.023096,0.534878,twisted_surface
-0.0262,-3.086934,0.488547,0.04991,0.25968,twisted_surface
-0.014184,-3.03082,0.425837,0.028466,0.060781,twisted_surface
-0.022396,-2.943158,0.408359,-0.026433,0.001331,twisted_surface
-0.037769,-2.870179,0.419273,-0.076891,0.100205,twisted_surface
-0.044643,-2.821789,0.416607,-0.088079,0.326011,twisted_surface
-0.041759,-2.769487,0.382961,-0.052273,0.607058,twisted_surface
-0.042668,-2.690505,0.347856,0.00581,0.854114,twisted_surface
-0.059326,-2.604436,0.356336,0.046077,0.988741,twisted_surface
-0.088018,-2.557702,0.419542,0.040733,0.968197,twisted_surface
-0.113765,-2.572952,0.503644,-0.006534,0.799003,twisted_surface
0.052859,-2.597057,0.631673,-0.075161,0.465122,twisted_surface
0.0452,-2.619761,0.675191,-0.088693,0.200997,twisted_surface
0.026078,-2.61496,0.732726,-0.054807,0.031803,twisted_surface
0.001767,-2.619649,0.814843,0.003105,0.011259,twisted_surface
-0.008947,-2.667009,0.888691,0.045068,0.145886,twisted_surface
0.005533,-2.746931,0.908552,0.042116,0.392942,twisted_surface
0.037359,-2.817846,0.865113,-0.003713,0.673989,twisted_surface
0.068249,-2.854847,0.796489,-0.060785,0.899795,twisted_surface
0.089068,-2.876703,0.747678,-0.089704,0.998669,twisted_surface
0.107308,-2.919528,0.724598,-0.070508,0.939219,twisted_surface
0.134311,-2.988044,0.694681,-0.016447,0.74032,twisted_surface
0.167948,-3.042427,0.631673,0.035161,0.465122,twisted_surface
0.191784,-3.037747,0.551091,0.048693,0.200997,twisted_surface
0.19228,-2.971699,0.49458,0.014807,0.031803,twisted_surface
0.174124,-2.886241,0.481944,-0.043105,0.011259,twisted_surface
0.155601,-2.821856,0.488009,-0.085068,0.145886,twisted_surface
0.148942,-2.777488,0.472547,-0.082116,0.392942,twisted_surface
0.14801,-2.721638,0.429108,-0.036287,0.673989,twisted_surface
0.137179,-2.639667,0.395807,0.020785,0.899795,twisted_surface
0.110691,-2.559984,0.41478,0.049704,0.998669,twisted_surface
0.079873,-2.526929,0.486452,0.030508,0.939219,twisted_surface
0.060041,-2.551372,0.570582,-0.023553,0.74032,twisted_surface
0.228492,-2.5521,0.687664,-0.083948,0.396044,twisted_surface
0.219181,-2.56203,0.733011,-0.083395,0.148134,twisted_surface
0.196932,-2.551347,0.797829,-0.039081,0.011938,twisted_surface
0.175915,-2.560675,0.883631,0.018404,0.030699,twisted_surface
0.176418,-2.615114,0.950754,0.049379,0.198459,twisted_surface
0.203124,-2.694955,0.957771,0.032464,0.461957,twisted_surface
0.240541,-2.758904,0.906965,-0.020666,0.737533,twisted_surface
0.270436,-2.791462,0.842913,-0.073336,0.937694,twisted_surface
0.29075,-2.818079,0.805075,-0.08919,0.99889,twisted_surface
0.314183,-2.870031,0.788322,-0.057283,0.901692,twisted_surface
0.348777,-2.940582,0.755807,0.00036,0.67696,twisted_surface
0.384092,-2.984984,0.687664,0.043948,0.396044,twisted_surface
0.39997,-2.966059,0.607809,0.043395,0.148134,twisted_surface
0.388262,-2.89379,0.557568,-0.000919,0.011938,twisted_surface
0.362287,-2.813789,0.547776,-0.058404,0.030699,twisted_surface
0.342734,-2.758393,0.546514,-0.089379,0.198459,twisted_surface
0.335909,-2.716791,0.517895,-0.072464,0.461957,twisted_surface
0.329037,-2.657529,0.467089,-0.019334,0.737533,twisted_surface
0.307474,-2.575088,0.438673,0.033336,0.937694,twisted_surface
0.27333,-2.504236,0.46922,0.04919,0.99889,twisted_surface
0.243716,-2.484144,0.548061,0.017283,0.901692,twisted_surface
0.230972,-2.513914,0.630605,-0.04036,0.67696,twisted_surface
0.396557,-2.488333,0.736122,-0.088937,0.32899,twisted_surface
0.383329,-2.486227,0.784352,-0.07433,0.102119,twisted_surface
0.358614,-2.472287,0.856128,-0.022221,0.001573,twisted_surface
0.343491,-2.487407,0.943383,0.031421,0.059273,twisted_surface
0.356572,-2.547328,1.001671,0.049569,0.256902,twisted_surface
0.394011,-2.624832,0.996264,0.019694,0.531712,twisted_surface
0.43449,-2.681673,0.941018,-0.03758,0.796454,twisted_surface
0.462872,-2.711768,0.884405,-0.08272,0.967074,twisted_surface
0.484781,-2.744419,0.857961,-0.084565,0.989401,twisted_surface
0.515494,-2.80378,0.845791,-0.041842,0.856347,twisted_surface
0.556927,-2.872815,0.80914,0.015957,0.610155,twisted_surface
0.590628,-2.90539,0.736122,0.048937,0.32899,twisted_surface
0.595902,-2.874122,0.658059,0.03433,0.102119,twisted_surface
0.572469,-2.799595,0.613775,-0.017779,0.001573,twisted_surface
0.541302,-2.727612,0.604602,-0.071421,0.059273,twisted_surface
0.522313,-2.68097,0.593909,-0.089569,0.256902,twisted_surface
0.514255,-2.641084,0.552556,-0.059694,0.531712,twisted_surface
0.499496,-2.579218,0.49731,-0.00242,0.796454,twisted_surface
0.467373,-2.498907,0.476644,0.04272,0.967074,twisted_surface
0.428413,-2.438396,0.519181,0.044565,0.989401,twisted_surface
0.402823,-2.429387,0.603437,0.001842,0.856347,twisted_surface
0.397081,-2.460384,0.682847,-0.055957,0.610155,twisted_surface
0.554581,-2.407096,0.776514,-0.089829,0.265264,twisted_surface
0.535927,-2.394572,0.828538,-0.062038,0.063849,twisted_surface
0.510307,-2.37985,0.906522,-0.005229,0.000909,twisted_surface
0.503662,-2.40113,0.992858,0.041384,0.096426,twisted_surface
0.529826,-2.464559,1.040699,0.045625,0.320076,twisted_surface
0.575887,-2.537936,1.024062,0.004567,0.60085,twisted_surface
0.617293,-2.588157,0.967645,-0.05345,0.849605,twisted_surface
0.644573,-2.61763,0.920948,-0.088377,0.987363,twisted_surface
0.670481,-2.656638,0.905626,-0.076104,0.970387,twisted_surface
0.709759,-2.720928,0.895965,-0.025105,0.804066,twisted_surface
0.756171,-2.78524,0.853852,0.029419,0.541206,twisted_surface
0.784769,-2.805359,0.776514,0.049829,0.265264,twisted_surface
0.777732,-2.764599,0.701218,0.022038,0.063849,twisted_surface
0.744139,-2.691664,0.662197,-0.034771,0.000909,twisted_surface
0.710578,-2.629469,0.651321,-0.081384,0.096426,twisted_surface
0.693062,-2.590925,0.62962,-0.085625,0.320076,twisted_surface
0.682219,-2.552091,0.576744,-0.044567,0.60085,twisted_surface
0.658107,-2.488955,0.520327,0.01345,0.849605,twisted_surface
0.616563,-2.413107,0.50987,0.048377,0.987363,twisted_surface
0.575915,-2.363363,0.56409,0.036104,0.970387,twisted_surface
0.556299,-2.362661,0.65164,-0.014895,0.804066,twisted_surface
0.556249,-2.391006,0.726532,-0.069419,0.541206,twisted_surface
0.700476,-2.310269,0.808398,-0.086574,0.206107,twisted_surface
0.675851,-2.289527,0.864915,-0.047249,0.034068,twisted_surface
0.651582,-2.276078,0.947951,0.010885,0.009959,twisted_surface
0.655659,-2.303149,1.031005,0.0477,0.141434,twisted_surface
0.694511,-2.367992,1.067405,0.037783,0.386752,twisted_surface
0.746745,-2.436016,1.041463,-0.012021,0.668025,twisted_surface
0.787571,-2.480514,0.987294,-0.067332,0.895951,twisted_surface
0.814966,-2.510753,0.952425,-0.089971,0.998166,twisted_surface
0.847188,-2.555484,0.947248,-0.064311,0.942216,twisted_surface
0.895288,-2.621822,0.937815,-0.008063,0.745866,twisted_surface
0.943931,-2.67892,0.889221,0.039944,0.471456,twisted_surface
0.964174,-2.687182,0.808398,0.046574,0.206107,twisted_surface
0.944273,-2.640394,0.736689,0.007249,0.034068,twisted_surface
0.902981,-2.572474,0.701888,-0.050885,0.009959,twisted_surface
0.86967,-2.521062,0.687038,-0.0877,0.141434,twisted_surface
0.853795,-2.489768,0.653401,-0.077783,0.386752,twisted_surface
0.838398,-2.45179,0.590962,-0.027979,0.668025,twisted_surface
0.804167,-2.389007,0.536793,0.027332,0.895951,twisted_surface
0.755162,-2.319379,0.538421,0.049971,0.998166,twisted_surface
0.715827,-2.279747,0.603281,0.024311,0.942216,twisted_surface
0.703013,-2.28406,0.691751,-0.031937,0.745866,twisted_surface
0.70632,-2.306497,0.760995,-0.079944,0.471456,twisted_surface
0.832681,-2.200157,0.831425,-0.079363,0.152671,twisted_surface
0.802568,-2.173643,0.892861,-0.030841,0.013356,twisted_surface
0.78232,-2.162916,0.979447,0.025165,0.028547,twisted_surface
0.798757,-2.194814,1.057012,0.049994,0.193421,twisted_surface
0.849072,-2.259088,1.081688,0.026508,0.455632,twisted_surface
0.904988,-2.321088,1.049001,-0.029082,0.731929,twisted_surface
0.944487,-2.360888,1.000427,-0.078403,0.934591,twisted_surface
0.973771,-2.392617,0.978583,-0.087409,0.999273,twisted_surface
1.01416,-2.441625,0.981906,-0.049885,0.905439,twisted_surface
1.070235,-2.507132,0.970358,0.008268,0.682881,twisted_surface
1.117805,-2.555503,0.914656,0.046909,0.40226,twisted_surface
1.127093,-2.553599,0.831425,0.039363,0.152671,twisted_surface
1.095001,-2.504483,0.763912,-0.009159,0.013356,twisted_surface
1.049082,-2.444351,0.731996,-0.065165,0.028547,twisted_surface
1.018236,-2.404045,0.711106,-0.089994,0.193421,twisted_surface
1.003489,-2.379164,0.66535,-0.066508,0.455632,twisted_surface
0.981831,-2.342281,0.595961,-0.010918,0.731929,twisted_surface
0.937532,-2.28148,0.547386,0.038403,0.934591,twisted_surface
0.883581,-2.219043,0.562245,0.047409,0.999273,twisted_surface
0.848041,-2.187945,0.636,0.009885,0.905439,twisted_surface
0.841646,-2.193899,0.722907,-0.048268,0.682881,twisted_surface
0.845264,-2.208093,0.785707,-0.086909,0.40226,twisted_surface
0.950251,-2.07933,0.845344,-0.068626,0.105995,twisted_surface
0.916102,-2.049416,0.911804,-0.013788,0.002116,twisted_surface
0.902634,-2.042182,1.000174,0.036761,0.056312,twisted_surface
0.932282,-2.077546,1.070358,0.04813,0.251375,twisted_surface
0.992167,-2.139551,1.083779,0.01247,0.525376,twisted_surface
1.0495,-2.195297,1.047392,-0.045603,0.791319,twisted_surface
1.087689,-2.231276,1.007457,-0.086003,0.964771,twisted_surface
1.120872,-2.264467,0.999011,-0.080843,0.990662,twisted_surface
1.170522,-2.315762,1.008609,-0.033684,0.86077,twisted_surface
1.232702,-2.377952,0.992701,0.022921,0.616337,twisted_surface
1.275748,-2.417188,0.929723,0.049898,0.334967,twisted_surface
1.272455,-2.407636,0.845344,0.028626,0.105995,twisted_surface
1.230006,-2.359759,0.782378,-0.026212,0.002116,twisted_surface
1.182808,-2.309422,0.751808,-0.076761,0.056312,twisted_surface
1.156027,-2.280031,0.723172,-0.08813,0.251375,twisted_surface
1.141357,-2.260877,0.665901,-0.05247,0.525376,twisted_surface
1.112049,-2.225636,0.592676,0.005603,0.791319,twisted_surface
1.058529,-2.16817,0.55274,0.046003,0.964771,twisted_surface
1.002365,-2.113028,0.581133,0.040843,0.990662,twisted_surface
0.97227,-2.088259,0.661423,-0.006316,0.86077,twisted_surface
0.970765,-2.092815,0.744335,-0.062921,0.616337,twisted_surface
0.971347,-2.097518,0.800297,-0.089898,0.334967,twisted_surface
1.052898,-1.950454,0.85,-0.055,0.066987,twisted_surface
1.016951,-1.919173,0.921249,0.002895,0.000566,twisted_surface
1.012797,-1.915558,1.009481,0.044986,0.092712,twisted_surface
1.055642,-1.952841,1.070844,0.042218,0.314169,twisted_surface
1.122752,-2.01124,1.074227,-0.003497,0.594626,twisted_surface
1.179667,-2.060767,1.037468,-0.060604,0.84504,twisted_surface
1.217211,-2.093438,1.008685,-0.089683,0.985906,twisted_surface
1.256201,-2.127366,1.013132,-0.070661,0.9725,twisted_surface
1.315267,-2.178766,1.02634,-0.016669,0.809079,twisted_surface
1.380881,-2.235862,1.004095,0.035024,0.547528,twisted_surface
1.416228,-2.266621,0.934163,0.048735,0.270887,twisted_surface
1.399908,-2.25242,0.85,0.015,0.066987,twisted_surface
1.349905,-2.208908,0.791652,-0.042895,0.000566,twisted_surface
1.304721,-2.169588,0.760787,-0.084986,0.092712,twisted_surface
1.282885,-2.150587,0.723199,-0.082218,0.314169,twisted_surface
1.266905,-2.136681,0.655797,-0.036503,0.594626,twisted_surface
1.229052,-2.103741,0.582151,0.020604,0.84504,twisted_surface
1.167827,-2.050464,0.553367,0.049683,0.985906,twisted_surface
1.112047,-2.001925,0.594702,0.030661,0.9725,twisted_surface
1.088024,-1.98102,0.678695,-0.023331,0.809079,twisted_surface
1.088957,-1.981832,0.755401,-0.075024,0.547528,twisted_surface
1.083274,-1.976887,0.804566,-0.088735,0.270887,twisted_surface
1.140969,-1.816115,0.845344,-0.039295,0.036408,twisted_surface
1.105988,-1.78499,0.920801,0.018218,0.008738,twisted_surface
1.113182,-1.784583,1.006951,0.049349,0.13704,twisted_surface
1.168367,-1.822252,1.058619,0.03261,0.380579,twisted_surface
1.240144,-1.876065,1.053854,-0.020444,0.662034,twisted_surface
1.295347,-1.919468,1.0201,-0.073192,0.892044,twisted_surface
1.33336,-1.94886,1.004255,-0.089223,0.997583,twisted_surface
1.379654,-1.982293,1.020223,-0.05747,0.945143,twisted_surface
1.447317,-2.031791,1.03412,0.000147,0.751373,twisted_surface
1.513219,-2.082925,1.003986,0.043858,0.477794,twisted_surface
1.538353,-2.106752,0.92791,0.043488,0.211265,twisted_surface
1.509801,-2.091002,0.845344,-0.000705,0.036408,twisted_surface
1.455727,-2.054314,0.79139,-0.058218,0.008738,twisted_surface
1.415494,-2.026524,0.758614,-0.089349,0.13704,twisted_surface
1.398762,-2.01721,0.711474,-0.07261,0.380579,twisted_surface
1.379955,-2.008246,0.636026,-0.019556,0.662034,twisted_surface
1.333248,-1.978163,0.565437,0.033192,0.892044,twisted_surface
1.266281,-1.929314,0.549593,0.049223,0.997583,twisted_surface
1.213029,-1.88609,0.602394,0.01747,0.945143,twisted_surface
1.194645,-1.866724,0.686976,-0.040147,0.751373,twisted_surface
1.194969,-1.862367,0.755649,-0.083858,0.477794,twisted_surface
1.180309,-1.848572,0.798499,-0.083488,0.211265,twisted_surface
1.215381,-1.678669,0.831425,-0.022443,0.014852,twisted_surface
1.184346,-1.648636,0.910199,0.03127,0.026471,twisted_surface
1.204225,-1.650656,0.992438,0.049593,0.188432,twisted_surface
1.270152,-1.687328,1.034176,0.019877,0.449314,twisted_surface
1.344047,-1.735861,1.023698,-0.037365,0.726288,twisted_surface
1.3968,-1.773116,0.996119,-0.082621,0.931417,twisted_surface
1.436595,-1.79878,0.994122,-0.08465,0.999575,twisted_surface
1.491063,-1.830265,1.019459,-0.042053,0.90912,twisted_surface
1.565631,-1.87636,1.031088,0.015767,0.688773,twisted_surface
1.628581,-1.921611,0.992064,0.048898,0.408492,twisted_surface
1.641937,-1.940642,0.911095,0.03447,0.157264,twisted_surface
1.603109,-1.926191,0.831425,-0.017557,0.014852,twisted_surface
1.548786,-1.898007,0.78137,-0.07127,0.026471,twisted_surface
1.515854,-1.881674,0.745217,-0.089593,0.188432,twisted_surface
1.503723,-1.881277,0.688592,-0.059877,0.449314,twisted_surface
1.480637,-1.877028,0.607748,-0.002635,0.726288,twisted_surface
1.425343,-1.850065,0.5435,0.042621,0.931417,twisted_surface
1.35478,-1.805277,0.541503,0.04465,0.999575,twisted_surface
1.305518,-1.765783,0.603509,0.002053,0.90912,twisted_surface
1.291387,-1.746124,0.685504,-0.055767,0.688773,twisted_surface
1.287856,-1.73617,0.744843,-0.088898,0.408492,twisted_surface
1.262334,-1.715022,0.782266,-0.07447,0.157264,twisted_surface
1.277507,-1.540117,0.808398,-0.005446,0.002739,twisted_surface
1.25331,-1.511548,0.889344,0.041277,0.053421,twisted_surface
1.286402,-1.515031,0.966092,0.045702,0.245889,twisted_surface
1.360887,-1.54955,0.998324,0.004774,0.519035,twisted_surface
1.434532,-1.592272,0.984929,-0.053255,0.786138,twisted_surface
1.48459,-1.62313,0.966246,-0.088329,0.962394,twisted_surface
1.527439,-1.644266,0.978052,-0.076237,0.991843,twisted_surface
1.590212,-1.67245,1.009988,-0.025326,0.865135,twisted_surface
1.669344,-1.714372,1.016578,0.029261,0.6225,twisted_surface
1.726385,-1.754658,0.968301,0.049845,0.340972,twisted_surface
1.727511,-1.771268,0.884047,0.022216,0.109934,twisted_surface
1.681318,-1.760428,0.808398,-0.034554,0.002739,twisted_surface
1.630559,-1.741637,0.76151,-0.081277,0.053421,twisted_surface
1.606528,-1.736259,0.72078,-0.085702,0.245889,twisted_surface
1.597955,-1.743992,0.655409,-0.044774,0.519035,twisted_surface
1.569336,-1.744178,0.572191,0.013255,0.786138,twisted_surface
1.506209,-1.720192,0.517124,0.048329,0.962394,twisted_surface
1.434121,-1.678621,0.528929,0.036237,0.991843,twisted_surface
1.389518,-1.641315,0.59725,-0.014674,0.865135,twisted_surface
1.377533,-1.620269,0.673663,-0.069261,0.6225,twisted_surface
1.367097,-1.605211,0.72299,-0.089845,0.340972,twisted_surface
1.329854,-1.578584,0.756213,-0.062216,0.109934,twisted_surface
1.329039,-1.40203,0.776514,0.010686,0.000305,twisted_surface
1.314208,-1.374838,0.858321,0.047643,0.089064,twisted_surface
1.360199,-1.378796,0.928366,0.037908,0.308292,twisted_surface
1.440655,-1.410239,0.952136,-0.0118,0.588386,twisted_surface
1.511985,-1.446668,0.938761,-0.067168,0.840419,twisted_surface
1.559487,-1.470633,0.931038,-0.089977,0.98437,twisted_surface
1.606426,-1.486308,0.955657,-0.064483,0.974538,twisted_surface
1.67691,-1.510246,0.991017,-0.008282,0.814043,twisted_surface
1.75791,-1.548045,0.990202,0.039829,0.553842,twisted_surface
1.806684,-1.58489,0.932973,0.046642,0.276546,twisted_surface
1.796269,-1.601329,0.847275,0.007453,0.070195,twisted_surface
1.746284,-1.595695,0.776514,-0.050686,0.000305,twisted_surface
1.702566,-1.586481,0.73189,-0.087643,0.089064,twisted_surface
1.688208,-1.591271,0.685746,-0.077908,0.308292,twisted_surface
1.681741,-1.606332,0.612983,-0.0282,0.588386,twisted_surface
1.646617,-1.610492,0.530551,0.027168,0.840419,twisted_surface
1.576758,-1.588918,0.486842,0.049977,0.98437,twisted_surface
1.504937,-1.54947,0.511461,0.024483,0.974538,twisted_surface
1.464883,-1.513168,0.582807,-0.031718,0.814043,twisted_surface
1.452521,-1.49049,0.651049,-0.079829,0.553842,twisted_surface
1.432675,-1.471521,0.690353,-0.086642,0.276546,twisted_surface
1.383939,-1.441331,0.720844,-0.047453,0.070195,twisted_surface
1.371837,-1.265512,0.736122,0.024995,0.007596,twisted_surface
1.368321,-1.239301,0.817416,0.049991,0.132704,twisted_surface
1.426102,-1.242849,0.879999,0.026674,0.374426,twisted_surface
1.50972,-1.270491,0.896874,-0.028861,0.656017,twisted_surface
1.577035,-1.300103,0.886367,-0.07828,0.888073,twisted_surface
1.622378,-1.316514,0.890864,-0.087469,0.996919,twisted_surface
1.674093,-1.325926,0.926455,-0.050086,0.947997,twisted_surface
1.751091,-1.345296,0.961914,0.008065,0.756839,twisted_surface
1.831218,-1.37978,0.951906,0.046843,0.484136,twisted_surface
1.870186,-1.414994,0.886659,0.039481,0.21647,twisted_surface
1.849952,-1.433086,0.801446,-0.00894,0.038823,twisted_surface
1.800075,-1.433476,0.736122,-0.064995,0.007596,twisted_surface
1.766269,-1.433461,0.692761,-0.089991,0.132704,twisted_surface
1.761521,-1.447474,0.640787,-0.066674,0.374426,twisted_surface
1.755436,-1.469005,0.562486,-0.011139,0.656017,twisted_surface
1.713142,-1.476422,0.483892,0.03828,0.888073,twisted_surface
1.637849,-1.456355,0.452908,0.047469,0.996919,twisted_surface
1.567675,-1.41796,0.4885,0.010086,0.947997,twisted_surface
1.531405,-1.382065,0.55944,-0.048065,0.756839,twisted_surface
1.516062,-1.358307,0.617518,-0.086843,0.484136,twisted_surface
1.485092,-1.337018,0.647447,-0.079481,0.21647,twisted_surface
1.426118,-1.304924,0.676791,-0.03106,0.038823,twisted_surface
1.407782,-1.13122,0.687664,0.036631,0.024472,twisted_surface
1.416802,-1.105452,0.767114,0.048181,0.183494,twisted_surface
1.484564,-1.107873,0.821967,0.012667,0.443004,twisted_surface
1.568483,-1.13112,0.833903,-0.045397,0.720611,twisted_surface
1.630479,-1.153324,0.828811,-0.085929,0.928175,twisted_surface
1.674209,-1.161504,0.845912,-0.080952,0.999796,twisted_surface
1.731006,-1.164231,0.889957,-0.033901,0.912736,twisted_surface
1.8129,-1.179434,0.922301,0.022745,0.694635,twisted_surface
1.889657,-1.211984,0.902006,0.049886,0.414739,twisted_surface
1.9182,-1.247322,0.830209,0.028786,0.161913,twisted_surface
1.890702,-1.268254,0.747351,-0.02599,0.016427,twisted_surface
1.844812,-1.274765,0.687664,-0.076631,0.024472,twisted_surface
1.822989,-1.283188,0.644548,-0.088181,0.183494,twisted_surface
1.827001,-1.305401,0.586767,-0.052667,0.443004,twisted_surface
1.819427,-1.332438,0.505122,0.005397,0.720611,twisted_surface
1.769601,-1.342123,0.433084,0.045929,0.928175,twisted_surface
1.690239,-1.322487,0.4153,0.040952,0.999796,twisted_surface
1.622645,-1.284358,0.459345,-0.006099,0.912736,twisted_surface
1.588926,-1.248971,0.526574,-0.062745,0.694635,twisted_surface
1.568215,-1.225299,0.573224,-0.089886,0.414739,twisted_surface
1.525332,-1.203336,0.595008,-0.068786,0.161913,twisted_surface
1.458235,-1.17053,0.624786,-0.01401,0.016427,twisted_surface
1.438643,-0.999413,0.631673,0.044903,0.050603,twisted_surface
1.46062,-0.973558,0.708087,0.04232,0.240444,twisted_surface
1.535985,-0.974326,0.755435,-0.003281,0.512692,twisted_surface
1.617437,-0.99265,0.764609,-0.060423,0.78091,twisted_surface
1.673213,-1.006819,0.766999,-0.089662,0.959942,twisted_surface
1.715963,-1.006263,0.796238,-0.070814,0.992945,twisted_surface
1.777805,-1.002448,0.845761,-0.016891,0.869442,twisted_surface
1.862772,-1.014571,0.872117,0.034886,0.628643,twisted_surface
1.934113,-1.046853,0.841181,0.048777,0.347001,twisted_surface
1.952523,-1.083716,0.764702,0.015192,0.113936,twisted_surface
1.92088,-1.107952,0.685866,-0.042685,0.003442,twisted_surface
1.882529,-1.120099,0.631673,-0.084903,0.050603,twisted_surface
1.873844,-1.135997,0.587841,-0.08232,0.240444,twisted_surface
1.88507,-1.165357,0.524684,-0.036719,0.512692,twisted_surface
1.874103,-1.196798,0.442047,0.020423,0.78091,twisted_surface
1.816666,-1.207544,0.378759,0.049662,0.959942,twisted_surface
1.734581,-1.187304,0.373772,0.030814,0.992945,twisted_surface
1.670081,-1.149138,0.423295,-0.023109,0.869442,twisted_surface
1.637432,-1.115026,0.483877,-0.074886,0.628643,twisted_surface
1.609412,-1.092935,0.51862,-0.088777,0.347001,twisted_surface
1.554768,-1.071692,0.533951,-0.055192,0.113936,twisted_surface
1.482293,-1.038796,0.56562,0.002685,0.003442,twisted_surface
1.46597,-0.870034,0.568761,0.049319,0.085481,twisted_surface
1.50051,-0.843684,0.641173,0.032757,0.302446,twisted_surface
1.580683,-0.842439,0.681683,-0.020222,0.582133,twisted_surface
1.657127,-0.855336,0.690322,-0.073048,0.835743,twisted_surface
1.706192,-0.860887,0.701673,-0.089256,0.982757,twisted_surface
1.748646,-0.851447,0.741819,-0.057658,0.976499,twisted_surface
1.81524,-0.841879,0.793637,-0.000066,0.818956,twisted_surface
1.901444,-0.852532,0.811662,0.043766,0.560147,twisted_surface
1.965906,-0.886189,0.770443,0.043582,0.282242,twisted_surface
1.975281,-0.925403,0.691379,-0.000492,0.073473,twisted_surface
1.942891,-0.95272,0.617923,-0.058032,0.000123,twisted_surface
1.915057,-0.969637,0.568761,-0.089319,0.085481,twisted_surface
1.91971,-0.991988,0.52337,-0.072757,0.302446,twisted_surface
1.936034,-1.027429,0.455621,-0.019778,0.582133,twisted_surface
1.919841,-1.062025,0.374315,0.033048,0.835743,twisted_surface
1.854986,-1.072531,0.321322,0.049256,0.982757,twisted_surface
1.771465,-1.050899,0.327938,0.017658,0.976499,twisted_surface
1.710236,-1.012981,0.379756,-0.039934,0.818956,twisted_surface
1.677123,-0.981423,0.431311,-0.083766,0.560147,twisted_surface
1.640441,-0.962426,0.454436,-0.083582,0.282242,twisted_surface
1.575041,-0.94281,0.465317,-0.039508,0.073473,twisted_surface
1.500299,-0.909887,0.50012,0.018032,0.000123,twisted_surface
1.491017,-0.7428,0.499617,0.049617,0.128428,twisted_surface
1.536954,-0.715736,0.567339,0.020059,0.368293,twisted_surface
1.618887,-0.712235,0.602044,-0.03715,0.649975,twisted_surface
1.68812,-0.719207,0.612277,-0.082521,0.88404,twisted_surface
1.730403,-0.715718,0.633423,-0.084735,0.996176,twisted_surface
1.773297,-0.697738,0.682637,-0.042264,0.950779,twisted_surface
1.844181,-0.683823,0.733595,0.015576,0.762263,twisted_surface
1.929921,-0.694892,0.741587,0.048858,0.490481,twisted_surface
1.986669,-0.731244,0.691068,0.034609,0.22172,twisted_surface
1.988758,-0.772958,0.611579,-0.017335,0.041312,twisted_surface
1.959026,-0.802579,0.544474,-0.071119,0.006534,twisted_surface
1.943931,-0.823229,0.499617,-0.089617,0.128428,twisted_surface
1.961193,-0.851067,0.451987,-0.060059,0.368293,twisted_surface
1.980083,-0.891506,0.380686,-0.00285,0.649975,twisted_surface
1.95701,-0.927893,0.302845,0.042521,0.88404,twisted_surface
1.885204,-0.936913,0.260986,0.044735,0.996176,twisted_surface
1.801467,-0.913523,0.277368,0.002264,0.950779,twisted_surface
1.743438,-0.876715,0.328326,-0.055576,0.762263,twisted_surface
1.708427,-0.849265,0.36915,-0.088858,0.490481,twisted_surface
1.662368,-0.834591,0.381636,-0.074609,0.22172,twisted_surface
1.587923,-0.816906,0.390221,-0.022665,0.041312,twisted_surface
1.51413,-0.783569,0.429123,0.031119,0.006534,twisted_surface
1.5147,-0.6173,0.425,0.045778,0.178606,twisted_surface
1.570171,-0.5895,0.487645,0.004982,0.436704,twisted_surface
1.650727,-0.583559,0.517851,-0.053059,0.714897,twisted_surface
1.710993,-0.584139,0.531581,-0.08828,0.924863,twisted_surface
1.746849,-0.571463,0.562731,-0.076369,0.999937,twisted_surface
1.790973,-0.545848,0.618741,-0.025547,0.916285,twisted_surface
1.865595,-0.52947,0.665913,0.029103,0.700465,twisted_surface
1.9494,-0.542825,0.66286,0.049859,0.420999,twisted_surface
1.998204,-0.582651,0.60452,0.022393,0.166615,twisted_surface
1.995221,-0.626343,0.526678,-0.034336,0.018079,twisted_surface
1.971327,-0.657138,0.466479,-0.081169,0.022549,twisted_surface
1.970338,-0.680503,0.425,-0.085778,0.178606,twisted_surface
1.998637,-0.712968,0.37463,-0.044982,0.436704,twisted_surface
2.01731,-0.757291,0.300977,0.013059,0.714897,twisted_surface
1.985994,-0.794059,0.228419,0.04828,0.924863,twisted_surface
1.907991,-0.800565,0.19784,0.036369,0.999937,twisted_surface
1.825199,-0.775572,0.221683,-0.014453,0.916285,twisted_surface
1.770133,-0.741205,0.268855,-0.069103,0.700465,twisted_surface
1.731984,-0.719417,0.29797,-0.089859,0.420999,twisted_surface
1.676448,-0.709794,0.301358,-0.062393,0.166615,twisted_surface
1.595191,-0.693736,0.309804,-0.005664,0.018079,twisted_surface
1.525432,-0.659322,0.353464,0.041169,0.022549,twisted_surface
1.537573,-0.49307,0.345726,0.038033,0.23504,twisted_surface
1.600136,-0.464678,0.403211,-0.011579,0.506346,twisted_surface
1.676256,-0.456119,0.430396,-0.067004,0.775638,twisted_surface
1.72633,-0.449915,0.449221,-0.089983,0.957416,twisted_surface
1.756538,-0.428285,0.490013,-0.064654,0.993968,twisted_surface
1.802724,-0.396477,0.550299,-0.008501,0.873688,twisted_surface
1.880482,-0.379789,0.591142,0.039714,0.634766,twisted_surface
1.961156,-0.397001,0.576706,0.04671,0.353056,twisted_surface
2.002336,-0.440407,0.512373,0.007658,0.118,twisted_surface
1.996778,-0.485002,0.438038,-0.050486,0.004226,twisted_surface
1.981494,-0.515707,0.384886,-0.087586,0.047857,twisted_surface
1.995076,-0.540926,0.345726,-0.078033,0.23504,twisted_surface
2.032133,-0.577272,0.292301,-0.028421,0.506346,twisted_surface
2.047748,-0.624329,0.217561,0.027004,0.775638,twisted_surface
2.007222,-0.660113,0.151704,0.049983,0.957416,twisted_surface
1.924073,-0.663442,0.131916,0.024654,0.993968,twisted_surface
1.84333,-0.637542,0.160634,-0.031499,0.873688,twisted_surface
1.790868,-0.607233,0.201477,-0.079714,0.634766,twisted_surface
1.748583,-0.592397,0.21861,-0.08671,0.353056,twisted_surface
1.684025,-0.587926,0.214856,-0.047658,0.118,twisted_surface
1.598517,-0.572693,0.225203,0.010486,0.004226,twisted_surface
1.535548,-0.536464,0.273976,0.047586,0.047857,twisted_surface
1.559831,-0.369645,0.262664,0.026839,0.296632,twisted_surface
1.6266,-0.340907,0.315188,-0.028641,0.575866,twisted_surface
1.695465,-0.32953,0.34091,-0.078157,0.831013,twisted_surface
1.734725,-0.316302,0.366077,-0.087528,0.981066,twisted_surface
1.760454,-0.286388,0.415664,-0.050286,0.978384,twisted_surface
1.809542,-0.250272,0.477626,0.007861,0.823818,twisted_surface
1.889801,-0.235431,0.510067,0.046777,0.566443,twisted_surface
1.966436,-0.257544,0.484524,0.039598,0.287972,twisted_surface
2.000782,-0.303942,0.416237,-0.008721,0.076819,twisted_surface
1.995266,-0.347991,0.34698,-0.064825,0.000023,twisted_surface
1.990817,-0.377413,0.300632,-0.089987,0.081966,twisted_surface
2.018557,-0.403855,0.262664,-0.066839,0.296632,twisted_surface
2.061548,-0.443411,0.206041,-0.011359,0.575866,twisted_surface
2.071398,-0.492024,0.131458,0.038157,0.831013,twisted_surface
2.021187,-0.525621,0.07329,0.047528,0.981066,twisted_surface
1.934238,-0.525575,0.063261,0.010286,0.978384,twisted_surface
1.856569,-0.49995,0.094156,-0.047861,0.823818,twisted_surface
1.806261,-0.475372,0.126597,-0.086777,0.566443,twisted_surface
1.759097,-0.468309,0.13212,-0.079598,0.287972,twisted_surface
1.686441,-0.468457,0.12345,-0.031279,0.076819,twisted_surface
1.599389,-0.452927,0.137529,0.024825,0.000023,twisted_surface
1.545476,-0.414269,0.191485,0.049987,0.081966,twisted_surface
1.581335,-0.246592,0.176725,0.012863,0.362181,twisted_surface
1.649137,-0.217779,0.224729,-0.045189,0.643908,twisted_surface
1.708318,-0.203365,0.250555,-0.085854,0.879945,twisted_surface
1.736775,-0.183099,0.282943,-0.081061,0.995352,twisted_surface
1.759523,-0.146025,0.340095,-0.034119,0.953489,twisted_surface
1.812299,-0.107762,0.401178,0.022569,0.767645,twisted_surface
1.894389,-0.096673,0.423662,0.049873,0.496827,twisted_surface
1.966366,-0.124047,0.387819,0.028945,0.227015,twisted_surface
1.99506,-0.172233,0.317708,-0.025769,0.043875,twisted_surface
1.992174,-0.214125,0.254762,-0.0765,0.005551,twisted_surface
2.000145,-0.241295,0.214641,-0.088231,0.124211,twisted_surface
2.04081,-0.268556,0.176725,-0.052863,0.362181,twisted_surface
2.086566,-0.310681,0.116913,0.005189,0.643908,twisted_surface
2.088264,-0.359677,0.043656,0.045854,0.879945,twisted_surface
2.028457,-0.390158,-0.006276,0.041061,0.995352,twisted_surface
1.93931,-0.387057,-0.008014,-0.005881,0.953489,twisted_surface
1.865626,-0.363239,0.022381,-0.062569,0.767645,twisted_surface
1.816936,-0.345899,0.044865,-0.089873,0.496827,twisted_surface
1.764407,-0.34683,0.03971,-0.068945,0.227015,twisted_surface
1.684957,-0.350525,0.028488,-0.014231,0.043875,twisted_surface
1.59905,-0.333482,0.047863,0.0365,0.005551,twisted_surface
1.555848,-0.292047,0.106824,0.048231,0.124211,twisted_surface
1.601632,-0.123505,0.088849,-0.003065,0.430413,twisted_surface
1.66718,-0.094855,0.132984,-0.060241,0.70915,twisted_surface
1.714772,-0.077204,0.160423,-0.089639,0.921482,twisted_surface
1.733069,-0.050193,0.200551,-0.070967,0.999997,twisted_surface
1.754567,-0.007492,0.263736,-0.017113,0.919767,twisted_surface
1.811693,0.030694,0.321532,0.034748,0.706263,twisted_surface
1.894904,0.036616,0.333029,0.048818,0.427272,twisted_surface
1.961889,0.004361,0.28814,0.015384,0.171372,twisted_surface
1.986425,-0.043945,0.218327,-0.042474,0.019809,twisted_surface
1.988595,-0.082116,0.162574,-0.084819,0.020703,twisted_surface
2.009867,-0.106371,0.127826,-0.082421,0.17377,twisted_surface
2.061507,-0.134225,0.088849,-0.036935,0.430413,twisted_surface
2.106722,-0.178256,0.025995,0.020241,0.70915,twisted_surface
2.098373,-0.226528,-0.044889,0.049639,0.921482,twisted_surface
2.02965,-0.253343,-0.08645,0.030967,0.999997,twisted_surface
1.940103,-0.248009,-0.081702,-0.022887,0.919767,twisted_surface
1.871152,-0.227705,-0.054359,-0.074748,0.706263,twisted_surface
1.823468,-0.218733,-0.042862,-0.088818,0.427272,twisted_surface
1.765346,-0.227249,-0.057298,-0.055384,0.171372,twisted_surface
1.680699,-0.233053,-0.068673,0.002474,0.019809,twisted_surface
1.598453,-0.213402,-0.042737,0.044819,0.020703,twisted_surface
1.566916,-0.169199,0.020836,0.042421,0.17377,twisted_surface
1.62,0,0,-0.02,0.5,twisted_surface
1.680076,0.028314,0.041082,-0.072902,0.77032,twisted_surface
1.7148,0.049306,0.071543,-0.089288,0.954816,twisted_surface
1.724165,0.082409,0.119574,-0.057845,0.994911,twisted_surface
1.746262,0.128904,0.187037,-0.000279,0.877875,twisted_surface
1.808206,0.164956,0.239348,0.043674,0.640866,twisted_surface
1.891794,0.164956,0.239348,0.043674,0.359134,twisted_surface
1.953738,0.128904,0.187037,-0.000279,0.122125,twisted_surface
1.975835,0.082409,0.119574,-0.057845,0.005089,twisted_surface
1.9852,0.049306,0.071543,-0.089288,0.045184,twisted_surface
2.019924,0.028314,0.041082,-0.072902,0.22968,twisted_surface
2.08,0,0,-0.02,0.5,twisted_surface
2.121443,-0.045229,-0.065627,0.032902,0.77032,twisted_surface
2.101776,-0.091821,-0.133231,0.049288,0.954816,twisted_surface
2.025401,-0.11487,-0.166674,0.017845,0.994911,twisted_surface
1.937353,-0.108544,-0.157495,-0.039721,0.877875,twisted_surface
1.873671,-0.093425,-0.135557,-0.083674,0.640866,twisted_surface
1.826329,-0.093425,-0.135557,-0.083674,0.359134,twisted_surface
1.762647,-0.108544,-0.157495,-0.039721,0.122125,twisted_surface
1.674599,-0.11487,-0.166674,0.017845,0.005089,twisted_surface
1.598224,-0.091821,-0.133231,0.049288,0.045184,twisted_surface
1.578557,-0.045229,-0.065627,0.032902,0.22968,twisted_surface
1.635492,0.124294,-0.088849,-0.036935,0.569587,twisted_surface
1.687131,0.152148,-0.049873,-0.082421,0.82623,twisted_surface
1.708404,0.176403,-0.015124,-0.084819,0.979297,twisted_surface
1.710573,0.214574,0.040629,-0.042474,0.980191,twisted_surface
1.73511,0.26288,0.110442,0.015384,0.828628,twisted_surface
1.802094,0.295135,0.155331,0.048818,0.572728,twisted_surface
1.885305,0.289214,0.143834,0.034748,0.293737,twisted_surface
1.942431,0.251028,0.086038,-0.017113,0.080233,twisted_surface
1.963929,0.208326,0.022852,-0.070967,0.000003,twisted_surface
1.982226,0.181315,-0.017275,-0.089639,0.078518,twisted_surface
2.029819,0.163664,-0.044714,-0.060241,0.29085,twisted_surface
2.095366,0.135015,-0.088849,-0.003065,0.569587,twisted_surface
2.130082,0.08932,-0.156862,0.042421,0.82623,twisted_surface
2.098546,0.045117,-0.220436,0.044819,0.979297,twisted_surface
2.016299,0.025466,-0.246372,0.002474,0.980191,twisted_surface
1.931652,0.031271,-0.234997,-0.055384,0.828628,twisted_surface
1.87353,0.039787,-0.22056,-0.088818,0.572728,twisted_surface
1.825846,0.030814,-0.232057,-0.074748,0.293737,twisted_surface
1.756896,0.010511,-0.2594,-0.022887,0.080233,twisted_surface
1.667348,0.005176,-0.264149,0.030967,0.000003,twisted_surface
1.598626,0.031992,-0.222587,0.049639,0.078518,twisted_surface
1.590276,0.080263,-0.151704,0.020241,0.29085,twisted_surface
1.646986,0.24973,-0.176725,-0.052863,0.637819,twisted_surface
1.687651,0.276991,-0.138809,-0.088231,0.875789,twisted_surface
1.695622,0.304161,-0.098688,-0.0765,0.994449,twisted_surface
1.692735,0.346053,-0.035742,-0.025769,0.956125,twisted_surface
1.72143,0.394239,0.034369,0.028945,0.772985,twisted_surface
1.793406,0.421613,0.070212,0.049873,0.503173,twisted_surface
1.875496,0.410524,0.047728,0.022569,0.232355,twisted_surface
1.928273,0.372261,-0.013355,-0.034119,0.046511,twisted_surface
1.95102,0.335187,-0.070507,-0.081061,0.004648,twisted_surface
1.979477,0.314921,-0.102895,-0.085854,0.120055,twisted_surface
2.038659,0.300506,-0.128721,-0.045189,0.356092,twisted_surface
2.106461,0.271694,-0.176725,0.012863,0.637819,twisted_surface
2.131948,0.226239,-0.246626,0.048231,0.875789,twisted_surface
2.088746,0.184804,-0.305587,0.0365,0.994449,twisted_surface
2.002838,0.167761,-0.324962,-0.014231,0.956125,twisted_surface
1.923388,0.171456,-0.31374,-0.068945,0.772985,twisted_surface
1.870859,0.172387,-0.308585,-0.089873,0.503173,twisted_surface
1.822169,0.155046,-0.331069,-0.062569,0.232355,twisted_surface
1.748486,0.131229,-0.361464,-0.005881,0.046511,twisted_surface
1.659339,0.128128,-0.359726,0.041061,0.004648,twisted_surface
1.599531,0.158609,-0.309794,0.045854,0.120055,twisted_surface
1.60123,0.207605,-0.236537,0.005189,0.356092,twisted_surface
1.65325,0.376612,-0.262664,-0.066839,0.703368,twisted_surface
1.68099,0.403054,-0.224697,-0.089987,0.918034,twisted_surface
1.676542,0.432476,-0.178349,-0.064825,0.999977,twisted_surface
1.671026,0.476525,-0.109092,-0.008721,0.923181,twisted_surface
1.705371,0.522923,-0.040805,0.039598,0.712028,twisted_surface
1.782006,0.545035,-0.015262,0.046777,0.433557,twisted_surface
1.862265,0.530195,-0.047703,0.007861,0.176182,twisted_surface
1.911354,0.494079,-0.109665,-0.050286,0.021616,twisted_surface
1.937082,0.464165,-0.159252,-0.087528,0.018934,twisted_surface
1.976342,0.450937,-0.184419,-0.078157,0.168987,twisted_surface
2.045207,0.43956,-0.210141,-0.028641,0.424134,twisted_surface
2.111976,0.410821,-0.262664,0.026839,0.703368,twisted_surface
2.126331,0.366198,-0.333844,0.049987,0.918034,twisted_surface
2.072418,0.32754,-0.3878,0.024825,0.999977,twisted_surface
1.985366,0.31201,-0.401879,-0.031279,0.923181,twisted_surface
1.91271,0.312157,-0.393209,-0.079598,0.712028,twisted_surface
1.865547,0.305094,-0.398732,-0.086777,0.433557,twisted_surface
1.815239,0.280517,-0.431173,-0.047861,0.176182,twisted_surface
1.73757,0.254892,-0.462068,0.010286,0.021616,twisted_surface
1.65062,0.254846,-0.452039,0.047528,0.018934,twisted_surface
1.600409,0.288443,-0.39387,0.038157,0.168987,twisted_surface
1.610259,0.337056,-0.319288,-0.011359,0.424134,twisted_surface
1.653008,0.505145,-0.345726,-0.078033,0.76496,twisted_surface
1.66659,0.530365,-0.306567,-0.087586,0.952143,twisted_surface
1.651306,0.561069,-0.253414,-0.050486,0.995774,twisted_surface
1.645748,0.605665,-0.179079,0.007658,0.882,twisted_surface
1.686928,0.649071,-0.114746,0.04671,0.646944,twisted_surface
1.767602,0.666283,-0.100311,0.039714,0.365234,twisted_surface
1.84536,0.649594,-0.141154,-0.008501,0.126312,twisted_surface
1.891546,0.617787,-0.20144,-0.064654,0.006032,twisted_surface
1.921754,0.596156,-0.242231,-0.089983,0.042584,twisted_surface
1.971828,0.589952,-0.261057,-0.067004,0.224362,twisted_surface
2.047949,0.581394,-0.288241,-0.011579,0.493654,twisted_surface
2.110512,0.553001,-0.345726,0.038033,0.76496,twisted_surface
2.112536,0.509607,-0.417477,0.047586,0.952143,twisted_surface
2.049567,0.473379,-0.466249,0.010486,0.995774,twisted_surface
1.964059,0.458146,-0.476596,-0.047658,0.882,twisted_surface
1.899501,0.453674,-0.472843,-0.08671,0.646944,twisted_surface
1.857216,0.438839,-0.489975,-0.079714,0.365234,twisted_surface
1.804754,0.408529,-0.530818,-0.031499,0.126312,twisted_surface
1.724011,0.38263,-0.559536,0.024654,0.006032,twisted_surface
1.640862,0.385958,-0.539748,0.049983,0.042584,twisted_surface
1.600336,0.421743,-0.473892,0.027004,0.224362,twisted_surface
1.615952,0.4688,-0.399151,-0.028421,0.493654,twisted_surface
1.64501,0.635376,-0.425,-0.085778,0.821394,twisted_surface
1.64402,0.658741,-0.383521,-0.081169,0.977451,twisted_surface
1.620126,0.689536,-0.323322,-0.034336,0.981921,twisted_surface
1.617143,0.733228,-0.24548,0.022393,0.833385,twisted_surface
1.665947,0.773054,-0.18714,0.049859,0.579001,twisted_surface
1.749753,0.786409,-0.184087,0.029103,0.299535,twisted_surface
1.824374,0.770031,-0.231259,-0.025547,0.083715,twisted_surface
1.868498,0.744416,-0.287269,-0.076369,0.000063,twisted_surface
1.904354,0.73174,-0.318419,-0.08828,0.075137,twisted_surface
1.96462,0.73232,-0.332149,-0.053059,0.285103,twisted_surface
2.045176,0.726379,-0.362355,0.004982,0.563296,twisted_surface
2.100647,0.698578,-0.425,0.045778,0.821394,twisted_surface
2.089915,0.656557,-0.496536,0.041169,0.977451,twisted_surface
2.020156,0.622142,-0.540196,-0.005664,0.981921,twisted_surface
1.938899,0.606085,-0.548642,-0.062393,0.833385,twisted_surface
1.883363,0.596462,-0.55203,-0.089859,0.579001,twisted_surface
1.845214,0.574674,-0.581145,-0.069103,0.299535,twisted_surface
1.790148,0.540307,-0.628317,-0.014453,0.083715,twisted_surface
1.707357,0.515314,-0.65216,0.036369,0.000063,twisted_surface
1.629353,0.52182,-0.621581,0.04828,0.075137,twisted_surface
1.598037,0.558588,-0.549023,0.013059,0.285103,twisted_surface
1.61671,0.602911,-0.47537,-0.044982,0.563296,twisted_surface
1.628106,0.767144,-0.499617,-0.089617,0.871572,twisted_surface
1.613011,0.787794,-0.45476,-0.071119,0.993466,twisted_surface
1.583279,0.817416,-0.387656,-0.017335,0.958688,twisted_surface
1.585368,0.859129,-0.308167,0.034609,0.77828,twisted_surface
1.642116,0.895481,-0.257648,0.048858,0.509519,twisted_surface
1.727856,0.906551,-0.26564,0.015576,0.237737,twisted_surface
1.79874,0.892635,-0.316598,-0.042264,0.049221,twisted_surface
1.841634,0.874656,-0.365812,-0.084735,0.003824,twisted_surface
1.883917,0.871166,-0.386958,-0.082521,0.11596,twisted_surface
1.95315,0.878138,-0.397191,-0.03715,0.350025,twisted_surface
2.035083,0.874638,-0.431896,0.020059,0.631707,twisted_surface
2.08102,0.847573,-0.499617,0.049617,0.871572,twisted_surface
2.057907,0.806804,-0.570112,0.031119,0.993466,twisted_surface
1.984114,0.773467,-0.609014,-0.022665,0.958688,twisted_surface
1.909669,0.755782,-0.617599,-0.074609,0.77828,twisted_surface
1.86361,0.741109,-0.630085,-0.088858,0.509519,twisted_surface
1.828599,0.713659,-0.670909,-0.055576,0.237737,twisted_surface
1.77057,0.676851,-0.721867,0.002264,0.049221,twisted_surface
1.686833,0.653461,-0.738248,0.044735,0.003824,twisted_surface
1.615027,0.66248,-0.69639,0.042521,0.11596,twisted_surface
1.591954,0.698868,-0.618549,-0.00285,0.350025,twisted_surface
1.610844,0.739306,-0.547248,-0.060059,0.631707,twisted_surface
1.601318,0.900053,-0.568761,-0.089319,0.914519,twisted_surface
1.573484,0.91697,-0.519599,-0.058032,0.999877,twisted_surface
1.541093,0.944287,-0.446143,-0.000492,0.926527,twisted_surface
1.550469,0.983501,-0.367079,0.043582,0.717758,twisted_surface
1.614931,1.017157,-0.32586,0.043766,0.439853,twisted_surface
1.701135,1.027811,-0.343885,-0.000066,0.181044,twisted_surface
1.767729,1.018243,-0.395703,-0.057658,0.023501,twisted_surface
1.810182,1.008803,-0.435849,-0.089256,0.017243,twisted_surface
1.859248,1.014354,-0.4472,-0.073048,0.164257,twisted_surface
1.935691,1.027251,-0.455839,-0.020222,0.417867,twisted_surface
2.015864,1.026006,-0.496349,0.032757,0.697554,twisted_surface
2.050405,0.999656,-0.568761,0.049319,0.914519,twisted_surface
2.016076,0.959803,-0.637402,0.018032,0.999877,twisted_surface
1.941334,0.926879,-0.672205,-0.039508,0.926527,twisted_surface
1.875934,0.907264,-0.683086,-0.083582,0.717758,twisted_surface
1.839252,0.888266,-0.706211,-0.083766,0.439853,twisted_surface
1.806139,0.856708,-0.757766,-0.039934,0.181044,twisted_surface
1.74491,0.81879,-0.809584,0.017658,0.023501,twisted_surface
1.661389,0.797158,-0.8162,0.049256,0.017243,twisted_surface
1.596534,0.807664,-0.763207,0.033048,0.164257,twisted_surface
1.58034,0.84226,-0.681901,-0.019778,0.417867,twisted_surface
1.596665,0.877702,-0.614152,-0.072757,0.697554,twisted_surface
1.563902,1.033469,-0.631673,-0.084903,0.949397,twisted_surface
1.525551,1.045617,-0.57748,-0.042685,0.996558,twisted_surface
1.493907,1.069852,-0.498644,0.015192,0.886064,twisted_surface
1.512318,1.106715,-0.422165,0.048777,0.652999,twisted_surface
1.583658,1.138998,-0.391229,0.034886,0.371357,twisted_surface
1.668625,1.151121,-0.417585,-0.016891,0.130558,twisted_surface
1.730468,1.147306,-0.467108,-0.070814,0.007055,twisted_surface
1.773218,1.146749,-0.496347,-0.089662,0.040058,twisted_surface
1.828994,1.160918,-0.498738,-0.060423,0.21909,twisted_surface
1.910446,1.179243,-0.507911,-0.003281,0.487308,twisted_surface
1.98581,1.180011,-0.555259,0.04232,0.759556,twisted_surface
2.007787,1.154155,-0.631673,0.044903,0.949397,twisted_surface
1.964137,1.114773,-0.697726,0.002685,0.996558,twisted_surface
1.891663,1.081877,-0.729395,-0.055192,0.886064,twisted_surface
1.837018,1.060633,-0.744726,-0.088777,0.652999,twisted_surface
1.808998,1.038543,-0.779469,-0.074886,0.371357,twisted_surface
1.776349,1.004431,-0.840051,-0.023109,0.130558,twisted_surface
1.711849,0.966265,-0.889574,0.030814,0.007055,twisted_surface
1.629764,0.946024,-0.884587,0.049662,0.040058,twisted_surface
1.572327,0.956771,-0.821299,0.020423,0.21909,twisted_surface
1.56136,0.988212,-0.738662,-0.036719,0.487308,twisted_surface
1.572586,1.017572,-0.675505,-0.08232,0.759556,twisted_surface
1.515389,1.166564,-0.687664,-0.076631,0.975528,twisted_surface
1.469499,1.173075,-0.627978,-0.02599,0.983573,twisted_surface
1.442,1.194006,-0.54512,0.028786,0.838087,twisted_surface
1.470544,1.229345,-0.473323,0.049886,0.585261,twisted_surface
1.5473,1.261895,-0.453028,0.022745,0.305365,twisted_surface
1.629194,1.277097,-0.485371,-0.033901,0.087264,twisted_surface
1.685991,1.279825,-0.529416,-0.080952,0.000204,twisted_surface
1.729722,1.288004,-0.546518,-0.085929,0.071825,twisted_surface
1.791718,1.310209,-0.541426,-0.045397,0.279389,twisted_surface
1.875637,1.333456,-0.553361,0.012667,0.556996,twisted_surface
1.943398,1.335876,-0.608215,0.048181,0.816506,twisted_surface
1.952418,1.310109,-0.687664,0.036631,0.975528,twisted_surface
1.901965,1.270799,-0.750543,-0.01401,0.983573,twisted_surface
1.834869,1.237992,-0.78032,-0.068786,0.838087,twisted_surface
1.791986,1.21603,-0.802105,-0.089886,0.585261,twisted_surface
1.771275,1.192357,-0.848755,-0.062745,0.305365,twisted_surface
1.737556,1.156971,-0.915984,-0.006099,0.087264,twisted_surface
1.669961,1.118842,-0.960029,0.040952,0.000204,twisted_surface
1.590599,1.099206,-0.942245,0.045929,0.071825,twisted_surface
1.540773,1.10889,-0.870207,0.005397,0.279389,twisted_surface
1.5332,1.135927,-0.788562,-0.052667,0.556996,twisted_surface
1.537212,1.15814,-0.73078,-0.088181,0.816506,twisted_surface
1.455614,1.298371,-0.736122,-0.064995,0.992404,twisted_surface
1.405737,1.298761,-0.670797,-0.00894,0.961177,twisted_surface
1.385502,1.316853,-0.585584,0.039481,0.78353,twisted_surface
1.424471,1.352067,-0.520337,0.046843,0.515864,twisted_surface
1.504598,1.386552,-0.510329,0.008065,0.243161,twisted_surface
1.581596,1.405921,-0.545788,-0.050086,0.052003,twisted_surface
1.633311,1.415333,-0.58138,-0.087469,0.003081,twisted_surface
1.678654,1.431745,-0.585876,-0.07828,0.111927,twisted_surface
1.745969,1.461356,-0.575369,-0.028861,0.343983,twisted_surface
1.829587,1.488999,-0.592244,0.026674,0.625574,twisted_surface
1.887368,1.492546,-0.654827,0.049991,0.867296,twisted_surface
1.883852,1.466336,-0.736122,0.024995,0.992404,twisted_surface
1.829571,1.426923,-0.795452,-0.03106,0.961177,twisted_surface
1.770596,1.394829,-0.824796,-0.079481,0.78353,twisted_surface
1.739627,1.37354,-0.854725,-0.086843,0.515864,twisted_surface
1.724284,1.349782,-0.912804,-0.048065,0.243161,twisted_surface
1.688013,1.313888,-0.983743,0.010086,0.052003,twisted_surface
1.617839,1.275493,-1.019335,0.047469,0.003081,twisted_surface
1.542547,1.255425,-0.988351,0.03828,0.111927,twisted_surface
1.500253,1.262843,-0.909757,-0.011139,0.343983,twisted_surface
1.494168,1.284373,-0.831456,-0.066674,0.625574,twisted_surface
1.48942,1.298386,-0.779482,-0.089991,0.867296,twisted_surface
1.384707,1.427868,-0.776514,-0.050686,0.999695,twisted_surface
1.334722,1.422234,-0.705752,0.007453,0.929805,twisted_surface
1.324307,1.438673,-0.620054,0.046642,0.723454,twisted_surface
1.373081,1.475518,-0.562825,0.039829,0.446158,twisted_surface
1.454081,1.513317,-0.56201,-0.008282,0.185957,twisted_surface
1.524565,1.537255,-0.59737,-0.064483,0.025462,twisted_surface
1.571504,1.55293,-0.621989,-0.089977,0.01563,twisted_surface
1.619006,1.576895,-0.614266,-0.067168,0.159581,twisted_surface
1.690336,1.613323,-0.600891,-0.0118,0.411614,twisted_surface
1.770792,1.644767,-0.624661,0.037908,0.691708,twisted_surface
1.816783,1.648725,-0.694706,0.047643,0.910936,twisted_surface
1.801952,1.621533,-0.776514,0.010686,0.999695,twisted_surface
1.747052,1.582231,-0.832184,-0.047453,0.929805,twisted_surface
1.698316,1.552041,-0.862674,-0.086642,0.723454,twisted_surface
1.67847,1.533073,-0.901979,-0.079829,0.446158,twisted_surface
1.666108,1.510395,-0.97022,-0.031718,0.185957,twisted_surface
1.626054,1.474093,-1.041566,0.024483,0.025462,twisted_surface
1.554233,1.434645,-1.066185,0.049977,0.01563,twisted_surface
1.484374,1.41307,-1.022476,0.027168,0.159581,twisted_surface
1.44925,1.417231,-0.940044,-0.0282,0.411614,twisted_surface
1.442783,1.432292,-0.867281,-0.077908,0.691708,twisted_surface
1.428425,1.437082,-0.821137,-0.087643,0.910936,twisted_surface
1.303059,1.554058,-0.808398,-0.034554,0.997261,twisted_surface
1.256866,1.543218,-0.732749,0.022216,0.890066,twisted_surface
1.257992,1.559828,-0.648495,0.049845,0.659028,twisted_surface
1.315033,1.600114,-0.600218,0.029261,0.3775,twisted_surface
1.394165,1.642036,-0.606808,-0.025326,0.134865,twisted_surface
1.456938,1.670221,-0.638744,-0.076237,0.008157,twisted_surface
1.499787,1.691357,-0.65055,-0.088329,0.037606,twisted_surface
1.549845,1.722214,-0.631867,-0.053255,0.213862,twisted_surface
1.62349,1.764937,-0.618472,0.004774,0.480965,twisted_surface
1.697975,1.799455,-0.650705,0.045702,0.754111,twisted_surface
1.731067,1.802938,-0.727452,0.041277,0.946579,twisted_surface
1.70687,1.774369,-0.808398,-0.005446,0.997261,twisted_surface
1.654523,1.735902,-0.860583,-0.062216,0.890066,twisted_surface
1.61728,1.709275,-0.893806,-0.089845,0.659028,twisted_surface
1.606844,1.694217,-0.943133,-0.069261,0.3775,twisted_surface
1.594859,1.673171,-1.019546,-0.014674,0.134865,twisted_surface
1.550256,1.635866,-1.087867,0.036237,0.008157,twisted_surface
1.478168,1.594294,-1.099672,0.048329,0.037606,twisted_surface
1.415041,1.570309,-1.044605,0.013255,0.213862,twisted_surface
1.386422,1.570494,-0.961387,-0.044774,0.480965,twisted_surface
1.377849,1.578228,-0.896016,-0.085702,0.754111,twisted_surface
1.353818,1.572849,-0.855286,-0.081277,0.946579,twisted_surface
1.211263,1.67604,-0.831425,-0.017557,0.985148,twisted_surface
1.172434,1.661589,-0.751756,0.03447,0.842736,twisted_surface
1.18579,1.680621,-0.670787,0.048898,0.591508,twisted_surface
1.24874,1.725871,-0.631763,0.015767,0.311227,twisted_surface
1.323309,1.771966,-0.643392,-0.042053,0.09088,twisted_surface
1.377777,1.803451,-0.668729,-0.08465,0.000425,twisted_surface
1.417572,1.829115,-0.666732,-0.082621,0.068583,twisted_surface
1.470324,1.86637,-0.639153,-0.037365,0.273712,twisted_surface
1.544219,1.914903,-0.628675,0.019877,0.550686,twisted_surface
1.610146,1.951575,-0.670413,0.049593,0.811568,twisted_surface
1.630026,1.953596,-0.752652,0.03127,0.973529,twisted_surface
1.59899,1.923562,-0.831425,-0.022443,0.985148,twisted_surface
1.552037,1.88721,-0.880585,-0.07447,0.842736,twisted_surface
1.526515,1.866061,-0.918008,-0.088898,0.591508,twisted_surface
1.522984,1.856108,-0.977347,-0.055767,0.311227,twisted_surface
1.508854,1.836448,-1.059342,0.002053,0.09088,twisted_surface
1.459592,1.796954,-1.121348,0.04465,0.000425,twisted_surface
1.389028,1.752166,-1.119351,0.042621,0.068583,twisted_surface
1.333734,1.725203,-1.055103,-0.002635,0.273712,twisted_surface
1.310648,1.720954,-0.974259,-0.059877,0.550686,twisted_surface
1.298517,1.720557,-0.917634,-0.089593,0.811568,twisted_surface
1.265585,1.704224,-0.881481,-0.07127,0.973529,twisted_surface
1.110028,1.793055,-0.845344,-0.000705,0.963592,twisted_surface
1.081476,1.777304,-0.762777,0.043488,0.788735,twisted_surface
1.10661,1.801131,-0.686701,0.043858,0.522206,twisted_surface
1.172512,1.852265,-0.656567,0.000147,0.248627,twisted_surface
1.240175,1.901763,-0.670464,-0.05747,0.054857,twisted_surface
1.286469,1.935197,-0.686432,-0.089223,0.002417,twisted_surface
1.324483,1.964589,-0.670587,-0.073192,0.107956,twisted_surface
1.379685,2.007991,-0.636833,-0.020444,0.337966,twisted_surface
1.451462,2.061805,-0.632068,0.03261,0.619421,twisted_surface
1.506647,2.099474,-0.683736,0.049349,0.86296,twisted_surface
1.513841,2.099066,-0.769887,0.018218,0.991262,twisted_surface
1.47886,2.067942,-0.845344,-0.039295,0.963592,twisted_surface
1.43952,2.035485,-0.892188,-0.083488,0.788735,twisted_surface
1.42486,2.021689,-0.935038,-0.083858,0.522206,twisted_surface
1.425184,2.017332,-1.003712,-0.040147,0.248627,twisted_surface
1.4068,1.997966,-1.088293,0.01747,0.054857,twisted_surface
1.353549,1.954742,-1.141095,0.049223,0.002417,twisted_surface
1.286581,1.905893,-1.12525,0.033192,0.107956,twisted_surface
1.239874,1.87581,-1.054661,-0.019556,0.337966,twisted_surface
1.221068,1.866847,-0.979213,-0.07261,0.619421,twisted_surface
1.204335,1.857533,-0.932073,-0.089349,0.86296,twisted_surface
1.164102,1.829742,-0.899297,-0.058218,0.991262,twisted_surface
1.000092,1.904502,-0.85,0.015,0.933013,twisted_surface
0.983772,1.8903,-0.765837,0.048735,0.729113,twisted_surface
1.019119,1.92106,-0.695905,0.035024,0.452472,twisted_surface
1.084733,1.978156,-0.67366,-0.016669,0.190921,twisted_surface
1.143799,2.029556,-0.686868,-0.070661,0.0275,twisted_surface
1.182789,2.063484,-0.691315,-0.089683,0.014094,twisted_surface
1.220333,2.096155,-0.662532,-0.060604,0.15496,twisted_surface
1.277248,2.145682,-0.625773,-0.003497,0.405374,twisted_surface
1.344358,2.204081,-0.629156,0.042218,0.685831,twisted_surface
1.387203,2.241364,-0.690519,0.044986,0.907288,twisted_surface
1.383049,2.237749,-0.778751,0.002895,0.999434,twisted_surface
1.347102,2.206468,-0.85,-0.055,0.933013,twisted_surface
1.316726,2.180035,-0.895434,-0.088735,0.729113,twisted_surface
1.311043,2.17509,-0.944599,-0.075024,0.452472,twisted_surface
1.311976,2.175902,-1.021305,-0.023331,0.190921,twisted_surface
1.287953,2.154997,-1.105298,0.030661,0.0275,twisted_surface
1.232173,2.106458,-1.146633,0.049683,0.014094,twisted_surface
1.170948,2.053181,-1.117849,0.020604,0.15496,twisted_surface
1.133095,2.020241,-1.044203,-0.036503,0.405374,twisted_surface
1.117115,2.006335,-0.976801,-0.082218,0.685831,twisted_surface
1.095279,1.987334,-0.939213,-0.084986,0.907288,twisted_surface
1.050095,1.948014,-0.908348,-0.042895,0.999434,twisted_surface
0.882131,2.00992,-0.845344,0.028626,0.894005,twisted_surface
0.878838,2.000368,-0.760964,0.049898,0.665033,twisted_surface
0.921884,2.039604,-0.697986,0.022921,0.383663,twisted_surface
0.984064,2.101794,-0.682078,-0.033684,0.13923,twisted_surface
1.033714,2.153089,-0.691676,-0.080843,0.009338,twisted_surface
1.066897,2.18628,-0.683231,-0.086003,0.035229,twisted_surface
1.105086,2.222259,-0.643295,-0.045603,0.208681,twisted_surface
1.162419,2.278005,-0.606908,0.01247,0.474624,twisted_surface
1.222304,2.34001,-0.620329,0.04813,0.748625,twisted_surface
1.251952,2.375373,-0.690513,0.036761,0.943688,twisted_surface
1.238484,2.36814,-0.778883,-0.013788,0.997884,twisted_surface
1.204335,2.338226,-0.845344,-0.068626,0.894005,twisted_surface
1.183239,2.320038,-0.89039,-0.089898,0.665033,twisted_surface
1.183821,2.324741,-0.946353,-0.062921,0.383663,twisted_surface
1.182316,2.329297,-1.029264,-0.006316,0.13923,twisted_surface
1.152221,2.304528,-1.109554,0.040843,0.009338,twisted_surface
1.096057,2.249386,-1.137947,0.046003,0.035229,twisted_surface
1.042537,2.19192,-1.098011,0.005603,0.208681,twisted_surface
1.013229,2.156679,-1.024786,-0.05247,0.474624,twisted_surface
0.998559,2.137525,-0.967515,-0.08813,0.748625,twisted_surface
0.971778,2.108134,-0.93888,-0.076761,0.943688,twisted_surface
0.92458,2.057797,-0.908309,-0.026212,0.997884,twisted_surface
0.756692,2.108933,-0.831425,0.039363,0.847329,twisted_surface
0.76598,2.107029,-0.748195,0.046909,0.59774,twisted_surface
0.813551,2.1554,-0.692493,0.008268,0.317119,twisted_surface
0.869626,2.220907,-0.680945,-0.049885,0.094561,twisted_surface
0.910014,2.269915,-0.684268,-0.087409,0.000727,twisted_surface
0.939298,2.301644,-0.662424,-0.078403,0.065409,twisted_surface
0.978797,2.341444,-0.61385,-0.029082,0.268071,twisted_surface
1.034713,2.403444,-0.581163,0.026508,0.544368,twisted_surface
1.085029,2.467718,-0.605839,0.049994,0.806579,twisted_surface
1.101466,2.499617,-0.683404,0.025165,0.971453,twisted_surface
1.081217,2.488889,-0.76999,-0.030841,0.986644,twisted_surface
1.051105,2.462375,-0.831425,-0.079363,0.847329,twisted_surface
1.038521,2.454439,-0.877144,-0.086909,0.59774,twisted_surface
1.04214,2.468633,-0.939944,-0.048268,0.317119,twisted_surface
1.035744,2.474587,-1.026851,0.009885,0.094561,twisted_surface
1.000204,2.443489,-1.100606,0.047409,0.000727,twisted_surface
0.946253,2.381052,-1.115465,0.038403,0.065409,twisted_surface
0.901954,2.320252,-1.06689,-0.010918,0.268071,twisted_surface
0.880297,2.283369,-0.997501,-0.066508,0.544368,twisted_surface
0.865549,2.258488,-0.951745,-0.089994,0.806579,twisted_surface
0.834704,2.218181,-0.930855,-0.065165,0.971453,twisted_surface
0.788785,2.158049,-0.898939,-0.009159,0.986644,twisted_surface
0.624148,2.201171,-0.808398,0.046574,0.793893,twisted_surface
0.644391,2.209433,-0.727575,0.039944,0.528544,twisted_surface
0.693035,2.266531,-0.678981,-0.008063,0.254134,twisted_surface
0.741135,2.332869,-0.669548,-0.064311,0.057784,twisted_surface
0.773356,2.3776,-0.664371,-0.089971,0.001834,twisted_surface
0.800752,2.407839,-0.629503,-0.067332,0.104049,twisted_surface
0.841577,2.452337,-0.575333,-0.012021,0.331975,twisted_surface
0.893811,2.520361,-0.549391,0.037783,0.613248,twisted_surface
0.932663,2.585204,-0.585792,0.0477,0.858566,twisted_surface
0.936741,2.612275,-0.668845,0.010885,0.990041,twisted_surface
0.912472,2.598826,-0.751881,-0.047249,0.965932,twisted_surface
0.887846,2.578084,-0.808398,-0.086574,0.793893,twisted_surface
0.882003,2.581856,-0.855801,-0.079944,0.528544,twisted_surface
0.885309,2.604293,-0.925045,-0.031937,0.254134,twisted_surface
0.872495,2.608606,-1.013515,0.024311,0.057784,twisted_surface
0.83316,2.568974,-1.078375,0.049971,0.001834,twisted_surface
0.784155,2.499346,-1.080003,0.027332,0.104049,twisted_surface
0.749925,2.436564,-1.025834,-0.027979,0.331975,twisted_surface
0.734528,2.398586,-0.963395,-0.077783,0.613248,twisted_surface
0.718653,2.367291,-0.929758,-0.0877,0.858566,twisted_surface
0.685341,2.315879,-0.914909,-0.050885,0.990041,twisted_surface
0.64405,2.247959,-0.880107,0.007249,0.965932,twisted_surface
0.484695,2.286181,-0.776514,0.049829,0.734736,twisted_surface
0.513292,2.306299,-0.699175,0.029419,0.458794,twisted_surface
0.559704,2.370612,-0.657062,-0.025105,0.195934,twisted_surface
0.598982,2.434902,-0.647401,-0.076104,0.029613,twisted_surface
0.62489,2.47391,-0.632079,-0.088377,0.012637,twisted_surface
0.652171,2.503382,-0.585383,-0.05345,0.150395,twisted_surface
0.693577,2.553603,-0.528966,0.004567,0.39915,twisted_surface
0.739638,2.62698,-0.512329,0.045625,0.679924,twisted_surface
0.765801,2.69041,-0.56017,0.041384,0.903574,twisted_surface
0.759156,2.711689,-0.646506,-0.005229,0.999091,twisted_surface
0.733536,2.696968,-0.724489,-0.062038,0.936151,twisted_surface
0.714882,2.684444,-0.776514,-0.089829,0.734736,twisted_surface
0.713215,2.700533,-0.826495,-0.069419,0.458794,twisted_surface
0.713165,2.728879,-0.901387,-0.014895,0.195934,twisted_surface
0.693549,2.728177,-0.988938,0.036104,0.029613,twisted_surface
0.652901,2.678433,-1.043157,0.048377,0.012637,twisted_surface
0.611357,2.602585,-1.0327,0.01345,0.150395,twisted_surface
0.587244,2.539448,-0.976283,-0.044567,0.39915,twisted_surface
0.576401,2.500615,-0.923407,-0.085625,0.679924,twisted_surface
0.558886,2.462071,-0.901706,-0.081384,0.903574,twisted_surface
0.525324,2.399876,-0.890831,-0.034771,0.999091,twisted_surface
0.491731,2.326941,-0.851809,0.022038,0.936151,twisted_surface
0.33839,2.363331,-0.736122,0.048937,0.67101,twisted_surface
0.372091,2.395906,-0.663103,0.015957,0.389845,twisted_surface
0.413523,2.464942,-0.626453,-0.041842,0.143653,twisted_surface
0.444237,2.524302,-0.614282,-0.084565,0.010599,twisted_surface
0.466146,2.556953,-0.587838,-0.08272,0.032926,twisted_surface
0.494527,2.587049,-0.531225,-0.03758,0.203546,twisted_surface
0.535007,2.643889,-0.475979,0.019694,0.468288,twisted_surface
0.572445,2.721393,-0.470572,0.049569,0.743098,twisted_surface
0.585526,2.781315,-0.52886,0.031421,0.940727,twisted_surface
0.570404,2.796435,-0.616115,-0.022221,0.998427,twisted_surface
0.545689,2.782494,-0.687892,-0.07433,0.897881,twisted_surface
0.53246,2.780388,-0.736122,-0.088937,0.67101,twisted_surface
0.531937,2.808337,-0.789396,-0.055957,0.389845,twisted_surface
0.526194,2.839334,-0.868806,0.001842,0.143653,twisted_surface
0.500605,2.830325,-0.953063,0.044565,0.010599,twisted_surface
0.461645,2.769814,-0.995599,0.04272,0.032926,twisted_surface
0.429522,2.689504,-0.974933,-0.00242,0.203546,twisted_surface
0.414763,2.627637,-0.919687,-0.059694,0.468288,twisted_surface
0.406704,2.587751,-0.878334,-0.089569,0.743098,twisted_surface
0.387716,2.54111,-0.867641,-0.071421,0.940727,twisted_surface
0.356549,2.469126,-0.858469,-0.017779,0.998427,twisted_surface
0.333115,2.394599,-0.814184,0.03433,0.897881,twisted_surface
0.185229,2.431743,-0.687664,0.043948,0.603956,twisted_surface
0.220544,2.476145,-0.619522,0.00036,0.32304,twisted_surface
0.255138,2.546696,-0.587007,-0.057283,0.098308,twisted_surface
0.278571,2.598648,-0.570254,-0.08919,0.00111,twisted_surface
0.298885,2.625265,-0.532416,-0.073336,0.062306,twisted_surface
0.32878,2.657823,-0.468364,-0.020666,0.262467,twisted_surface
0.366197,2.721772,-0.417558,0.032464,0.538043,twisted_surface
0.392903,2.801613,-0.424575,0.049379,0.801541,twisted_surface
0.393406,2.856052,-0.491698,0.018404,0.969301,twisted_surface
0.372389,2.86538,-0.5775,-0.039081,0.988062,twisted_surface
0.35014,2.854697,-0.642318,-0.083395,0.851866,twisted_surface
0.340829,2.864627,-0.687664,-0.083948,0.603956,twisted_surface
0.338349,2.902813,-0.744724,-0.04036,0.32304,twisted_surface
0.325605,2.932583,-0.827268,0.017283,0.098308,twisted_surface
0.295991,2.912491,-0.906108,0.04919,0.00111,twisted_surface
0.261847,2.841639,-0.936656,0.033336,0.062306,twisted_surface
0.240284,2.759198,-0.90824,-0.019334,0.262467,twisted_surface
0.233412,2.699936,-0.857434,-0.072464,0.538043,twisted_surface
0.226587,2.658334,-0.828815,-0.089379,0.801541,twisted_surface
0.207034,2.602938,-0.827553,-0.058404,0.969301,twisted_surface
0.181059,2.522937,-0.817761,-0.000919,0.988062,twisted_surface
0.169351,2.450668,-0.76752,0.043395,0.851866,twisted_surface
0.025257,2.490244,-0.631673,0.035161,0.534878,twisted_surface
0.058894,2.544627,-0.568665,-0.016447,0.25968,twisted_surface
0.085897,2.613144,-0.538749,-0.070508,0.060781,twisted_surface
0.104138,2.655969,-0.515668,-0.089704,0.001331,twisted_surface
0.124956,2.677824,-0.466858,-0.060785,0.100205,twisted_surface
0.155846,2.714825,-0.398233,-0.003713,0.326011,twisted_surface
0.187672,2.78574,-0.354795,0.042116,0.607058,twisted_surface
0.202152,2.865662,-0.374655,0.045068,0.854114,twisted_surface
0.191438,2.913022,-0.448503,0.003105,0.988741,twisted_surface
0.167128,2.917711,-0.53062,-0.054807,0.968197,twisted_surface
0.148005,2.91291,-0.588155,-0.088693,0.799003,twisted_surface
0.140346,2.935614,-0.631673,-0.075161,0.534878,twisted_surface
0.133164,2.981299,-0.692765,-0.023553,0.25968,twisted_surface
0.113332,3.005742,-0.776894,0.030508,0.060781,twisted_surface
0.082515,2.972687,-0.848567,0.049704,0.001331,twisted_surface
0.056027,2.893004,-0.86754,0.020785,0.100205,twisted_surface
0.045195,2.811034,-0.834238,-0.036287,0.326011,twisted_surface
0.044263,2.755183,-0.790799,-0.082116,0.607058,twisted_surface
0.037604,2.710816,-0.775337,-0.085068,0.854114,twisted_surface
0.019081,2.64643,-0.781402,-0.043105,0.988741,twisted_surface
0.000925,2.560972,-0.768766,0.014807,0.968197,twisted_surface
0.001421,2.494924,-0.712255,0.048693,0.799003,twisted_surface
-0.141306,2.537374,-0.568761,0.023096,0.465122,twisted_surface
-0.112024,2.598843,-0.510847,-0.033466,0.200997,twisted_surface
-0.092198,2.661864,-0.481884,-0.080733,0.031803,twisted_surface
-0.076599,2.694859,-0.451152,-0.086077,0.011259,twisted_surface
-0.053838,2.714017,-0.392432,-0.04581,0.145886,twisted_surface
-0.023391,2.757236,-0.322308,0.012273,0.392942,twisted_surface
0.000244,2.834209,-0.288663,0.048079,0.673989,twisted_surface
0.001836,2.911694,-0.321016,0.036891,0.899795,twisted_surface
-0.018044,2.950993,-0.399129,-0.013567,0.998669,twisted_surface
-0.043368,2.952916,-0.475588,-0.068466,0.939219,twisted_surface
-0.059684,2.956436,-0.525943,-0.08991,0.74032,twisted_surface
-0.068401,2.99156,-0.568761,-0.063096,0.465122,twisted_surface
-0.082282,3.041086,-0.633878,-0.006534,0.200997,twisted_surface
-0.108029,3.056335,-0.71798,0.040733,0.031803,twisted_surface
-0.13672,3.009601,-0.781186,0.046077,0.011259,twisted_surface
-0.153379,2.923532,-0.789666,0.00581,0.145886,twisted_surface
-0.154288,2.84455,-0.754561,-0.052273,0.392942,twisted_surface
-0.151404,2.792248,-0.720915,-0.088079,0.673989,twisted_surface
-0.158278,2.743858,-0.718249,-0.076891,0.899795,twisted_surface
-0.173651,2.670879,-0.729163,-0.026433,0.998669,twisted_surface
-0.181863,2.583217,-0.711685,0.028466,0.939219,twisted_surface
-0.169847,2.527103,-0.648975,0.04991,0.74032,twisted_surface
-0.313938,2.571434,-0.499617,0.008472,0.396044,twisted_surface
-0.290737,2.636351,-0.446474,-0.049684,0.148134,twisted_surface
-0.27661,2.690929,-0.416812,-0.087349,0.011938,twisted_surface
-0.261047,2.714519,-0.377586,-0.078525,0.030699,twisted_surface
-0.235825,2.733553,-0.310575,-0.029302,0.198459,twisted_surface
-0.208028,2.78423,-0.242046,0.026342,0.461957,twisted_surface
-0.194909,2.865578,-0.219998,0.049997,0.737533,twisted_surface
-0.205932,2.938117,-0.263776,0.025335,0.937694,twisted_surface
-0.23249,2.969167,-0.343495,-0.030621,0.99889,twisted_surface
-0.25717,2.970737,-0.412686,-0.079245,0.901692,twisted_surface
-0.271932,2.984485,-0.456367,-0.086974,0.67696,twisted_surface
-0.284469,3.030489,-0.499617,-0.048472,0.396044,twisted_surface
-0.30599,3.079605,-0.568511,0.009684,0.148134,twisted_surface
-0.335348,3.082473,-0.650998,0.047349,0.011938,twisted_surface
-0.358513,3.022631,-0.704949,0.038525,0.030699,twisted_surface
-0.364122,2.933273,-0.704595,-0.010698,0.198459,twisted_surface
-0.356763,2.859378,-0.670801,-0.066342,0.461957,twisted_surface
-0.352032,2.810065,-0.648752,-0.089997,0.737533,twisted_surface
-0.358713,2.756441,-0.657795,-0.065335,0.937694,twisted_surface
-0.368552,2.676046,-0.670858,-0.009379,0.99889,twisted_surface
-0.365491,2.589917,-0.646872,0.039245,0.901692,twisted_surface
-0.343735,2.54682,-0.578404,0.046974,0.67696,twisted_surface
-0.491697,2.590586,-0.425,-0.007845,0.32899,twisted_surface
-0.475154,2.654972,-0.376052,-0.064139,0.102119,twisted_surface
-0.464429,2.699042,-0.344121,-0.089965,0.001573,twisted_surface
-0.446663,2.714735,-0.296068,-0.067496,0.059273,twisted_surface
-0.419513,2.736364,-0.222832,-0.012241,0.256902,twisted_surface
-0.397064,2.794945,-0.15884,0.037657,0.531712,twisted_surface
-0.396188,2.878329,-0.149495,0.047756,0.796454,twisted_surface
-0.418629,2.943726,-0.202997,0.011085,0.967074,twisted_surface
-0.449275,2.967204,-0.281619,-0.047044,0.989401,twisted_surface
-0.472498,2.971094,-0.342373,-0.086505,0.856347,twisted_surface
-0.4877,2.996135,-0.380244,-0.080059,0.610155,twisted_surface
-0.506456,3.050349,-0.425,-0.032155,0.32899,twisted_surface
-0.535327,3.094635,-0.497197,0.024139,0.102119,twisted_surface
-0.565141,3.082984,-0.576597,0.049965,0.001573,twisted_surface
-0.579754,3.011853,-0.62104,0.027496,0.059273,twisted_surface
-0.574202,2.922587,-0.613974,-0.027759,0.256902,twisted_surface
-0.560818,2.855186,-0.584463,-0.077657,0.531712,twisted_surface
-0.555742,2.807708,-0.575119,-0.087756,0.796454,twisted_surface
-0.561055,2.747964,-0.594139,-0.051085,0.967074,twisted_surface
-0.563035,2.662161,-0.606592,0.007044,0.989401,twisted_surface
-0.548376,2.581482,-0.574848,0.046505,0.856347,twisted_surface
-0.51955,2.553519,-0.50139,0.040059,0.610155,twisted_surface
-0.673152,2.592996,-0.345726,-0.024883,0.265264,twisted_surface
-0.66264,2.652988,-0.300182,-0.075971,0.063849,twisted_surface
-0.652569,2.685611,-0.264582,-0.088424,0.000909,twisted_surface
-0.6311,2.695805,-0.207881,-0.053645,0.096426,twisted_surface
-0.603583,2.722495,-0.130802,0.004358,0.320076,twisted_surface
-0.589319,2.788487,-0.073984,0.045548,0.60085,twisted_surface
-0.601561,2.871143,-0.077714,0.041491,0.849605,twisted_surface
-0.633448,2.927794,-0.13872,-0.005012,0.987363,twisted_surface
-0.665832,2.945199,-0.213648,-0.06186,0.970387,twisted_surface
-0.687732,2.954002,-0.26528,-0.089814,0.804066,twisted_surface
-0.705812,2.990333,-0.298509,-0.069576,0.541206,twisted_surface
-0.732439,3.049159,-0.345726,-0.015117,0.265264,twisted_surface
-0.767117,3.084488,-0.420566,0.035971,0.063849,twisted_surface
-0.79377,3.05749,-0.495596,0.048424,0.000909,twisted_surface
-0.797587,2.977936,-0.530811,0.013645,0.096426,twisted_surface
-0.781868,2.892021,-0.519486,-0.044358,0.320076,twisted_surface
-0.764958,2.831675,-0.496932,-0.085548,0.60085,twisted_surface
-0.760326,2.784493,-0.500663,-0.081491,0.849605,twisted_surface
-0.762476,2.718326,-0.527404,-0.034988,0.987363,twisted_surface
-0.754669,2.629883,-0.536578,0.02186,0.970387,twisted_surface
-0.729182,2.558383,-0.496294,0.049814,0.804066,twisted_surface
-0.696517,2.546462,-0.418892,0.029576,0.541206,twisted_surface
-0.856354,2.577,-0.262664,-0.041631,0.206107,twisted_surface
-0.850161,2.62929,-0.219567,-0.084479,0.034068,twisted_surface
-0.837972,2.650761,-0.179131,-0.082818,0.009959,twisted_surface
-0.812306,2.658416,-0.114449,-0.037795,0.141434,twisted_surface
-0.786839,2.692021,-0.036094,0.019511,0.386752,twisted_surface
-0.783348,2.763985,0.011353,0.049544,0.668025,twisted_surface
-0.808593,2.843031,-0.005088,0.031572,0.895951,twisted_surface
-0.847436,2.890137,-0.070991,-0.021999,0.998166,twisted_surface
-0.879767,2.903618,-0.139869,-0.07419,0.942216,twisted_surface
-0.901394,2.919487,-0.182208,-0.088975,0.745866,twisted_surface
-0.924848,2.965934,-0.21219,-0.056148,0.471456,twisted_surface
-0.959953,3.025182,-0.262664,0.001631,0.206107,twisted_surface
-0.997789,3.04817,-0.339339,0.044479,0.034068,twisted_surface
-1.01767,3.006403,-0.408972,0.042818,0.009959,twisted_surface
-1.009516,2.922009,-0.435738,-0.002205,0.141434,twisted_surface
-0.985583,2.84221,-0.422803,-0.059511,0.386752,twisted_surface
-0.967526,2.788602,-0.409447,-0.089544,0.668025,twisted_surface
-0.963284,2.740083,-0.425887,-0.071572,0.895951,twisted_surface
-0.960107,2.667963,-0.457699,-0.018001,0.998166,twisted_surface
-0.941292,2.580217,-0.461158,0.03419,0.942216,twisted_surface
-0.906786,2.52106,-0.412048,0.048975,0.745866,twisted_surface
-0.873672,2.524759,-0.331962,0.016148,0.471456,twisted_surface
-1.038871,2.541282,-0.176725,-0.057094,0.152671,twisted_surface
-1.034461,2.583488,-0.135002,-0.089155,0.013356,twisted_surface
-1.017799,2.595269,-0.088855,-0.07348,0.028547,twisted_surface
-0.988577,2.603513,-0.017298,-0.020889,0.193421,twisted_surface
-0.968133,2.644991,0.059724,0.032316,0.455632,twisted_surface
-0.977399,2.720673,0.096146,0.049408,0.731929,twisted_surface
-1.014537,2.793451,0.068058,0.018589,0.934591,twisted_surface
-1.057651,2.831121,0.000106,-0.038867,0.999273,twisted_surface
-1.08894,2.843203,-0.060727,-0.0833,0.905439,twisted_surface
-1.112085,2.867527,-0.094111,-0.084038,0.682881,twisted_surface
-1.143064,2.921797,-0.122399,-0.040572,0.40226,twisted_surface
-1.186039,2.977105,-0.176725,0.017094,0.152671,twisted_surface
-1.223576,2.985479,-0.254326,0.049155,0.013356,twisted_surface
-1.23354,2.930861,-0.317838,0.03348,0.028547,twisted_surface
-1.213466,2.845519,-0.337388,-0.019111,0.193421,twisted_surface
-1.183951,2.773806,-0.325541,-0.072316,0.455632,twisted_surface
-1.166661,2.725859,-0.323083,-0.089408,0.731929,twisted_surface
-1.161911,2.674589,-0.35117,-0.058589,0.934591,twisted_surface
-1.151197,2.597841,-0.38516,-0.001133,0.999273,twisted_surface
-1.12108,2.514403,-0.380817,0.0433,0.905439,twisted_surface
-1.080215,2.469845,-0.323094,0.044038,0.682881,twisted_surface
-1.049765,2.487451,-0.241724,0.000572,0.40226,twisted_surface
-1.217879,2.485035,-0.088849,-0.070354,0.105995,twisted_surface
-1.212275,2.51595,-0.047368,-0.089724,0.002116,twisted_surface
-1.189577,2.520457,0.005036,-0.060965,0.056312,twisted_surface
-1.158547,2.532161,0.081988,-0.003929,0.251375,twisted_surface
-1.146277,2.581423,0.155164,0.042014,0.525376,twisted_surface
-1.169393,2.658002,0.179527,0.04515,0.791319,twisted_surface
-1.216452,2.722389,0.141486,0.003314,0.964771,twisted_surface
-1.261319,2.751619,0.074419,-0.054615,0.990662,twisted_surface
-1.291494,2.764861,0.02317,-0.08865,0.86077,twisted_surface
-1.318405,2.798028,-0.002082,-0.075297,0.616337,twisted_surface
-1.358334,2.8569,-0.0303,-0.023774,0.334967,twisted_surface
-1.40735,2.904202,-0.088849,0.030354,0.105995,twisted_surface
-1.440729,2.897047,-0.166421,0.049724,0.002116,twisted_surface
-1.438507,2.83261,-0.223425,0.020965,0.056312,twisted_surface
-1.407786,2.750081,-0.237372,-0.036071,0.251375,twisted_surface
-1.375632,2.687456,-0.229222,-0.082014,0.525376,twisted_surface
-1.360284,2.643558,-0.238746,-0.08515,0.791319,twisted_surface
-1.353413,2.588638,-0.276786,-0.043314,0.964771,twisted_surface
-1.333256,2.509396,-0.309967,0.014615,0.990662,twisted_surface
-1.292578,2.433791,-0.29619,0.04865,0.86077,twisted_surface
-1.248548,2.404931,-0.230543,0.035297,0.616337,twisted_surface
-1.223196,2.433622,-0.149352,-0.016226,0.334967,twisted_surface
-1.390311,2.408089,0,-0.080622,0.066987,twisted_surface
-1.380533,2.427782,0.042374,-0.08615,0.000566,twisted_surface
-1.351308,2.42804,0.101231,-0.046016,0.092712,twisted_surface
-1.321137,2.445434,0.181809,0.012076,0.314169,twisted_surface
-1.319954,2.501333,0.248847,0.048027,0.594626,twisted_surface
-1.356965,2.575756,0.260784,0.03702,0.84504,twisted_surface
-1.411357,2.630409,0.215021,-0.013346,0.985906,twisted_surface
-1.455954,2.652926,0.151711,-0.068306,0.9725,twisted_surface
-1.485848,2.669558,0.111051,-0.089921,0.809079,twisted_surface
-1.518857,2.710841,0.092668,-0.063271,0.547528,twisted_surface
-1.568151,2.770494,0.062907,-0.006752,0.270887,twisted_surface
-1.620311,2.806461,0,0.040622,0.066987,twisted_surface
-1.645744,2.784309,-0.076588,0.04615,0.000566,twisted_surface
-1.630243,2.713838,-0.127054,0.006016,0.092712,twisted_surface
-1.5912,2.637351,-0.137305,-0.052076,0.314169,twisted_surface
-1.559265,2.58382,-0.135245,-0.088027,0.594626,twisted_surface
-1.546136,2.54213,-0.157168,-0.07702,0.84504,twisted_surface
-1.535064,2.483394,-0.20293,-0.026654,0.985906,twisted_surface
-1.504173,2.404434,-0.23238,0.028306,0.9725,twisted_surface
-1.454675,2.339719,-0.208063,0.049921,0.809079,twisted_surface
-1.410816,2.326377,-0.135617,0.023271,0.547528,twisted_surface
-1.391995,2.362552,-0.056055,-0.033248,0.270887,twisted_surface
-1.55304,2.310988,0.088849,-0.087288,0.036408,twisted_surface
-1.536554,2.32073,0.133197,-0.078646,0.008738,twisted_surface
-1.501506,2.319961,0.19835,-0.029522,0.13704,twisted_surface
-1.47547,2.344342,0.280587,0.026175,0.380579,twisted_surface
-1.48767,2.404807,0.339535,0.049999,0.662034,twisted_surface
-1.537545,2.474149,0.339361,0.025504,0.892044,twisted_surface
-1.596398,2.518635,0.288527,-0.030402,0.997583,twisted_surface
-1.639446,2.53664,0.231635,-0.079127,0.945143,twisted_surface
-1.670645,2.558231,0.201987,-0.087038,0.751373,twisted_surface
-1.711775,2.605824,0.188838,-0.048674,0.477794,twisted_surface
-1.769672,2.662254,0.156006,0.009483,0.211265,twisted_surface
-1.821314,2.684658,0.088849,0.047288,0.036408,twisted_surface
-1.835555,2.649402,0.014145,0.038646,0.008738,twisted_surface
-1.80701,2.577007,-0.03011,-0.010478,0.13704,twisted_surface
-1.762728,2.508939,-0.038773,-0.066175,0.380579,twisted_surface
-1.73341,2.46362,-0.044852,-0.089999,0.662034,twisted_surface
-1.721858,2.422412,-0.078911,-0.065504,0.892044,twisted_surface
-1.704353,2.360541,-0.129745,-0.009598,0.997583,twisted_surface
-1.662296,2.284996,-0.152752,0.039127,0.945143,twisted_surface
-1.606539,2.233424,-0.117373,0.047038,0.751373,twisted_surface
-1.565908,2.234168,-0.039622,0.008674,0.477794,twisted_surface
-1.55386,2.273858,0.036953,-0.049483,0.211265,twisted_surface
-1.703087,2.195003,0.176725,-0.089957,0.014852,twisted_surface
-1.678188,2.197046,0.224025,-0.067659,0.026471,twisted_surface
-1.639186,2.198229,0.294969,-0.012462,0.188432,twisted_surface
-1.62077,2.229798,0.376803,0.037531,0.449314,twisted_surface
-1.647725,2.292095,0.426152,0.047812,0.726288,twisted_surface
-1.708478,2.353898,0.41485,0.011284,0.931417,twisted_surface
-1.768992,2.388696,0.361879,-0.046839,0.999575,twisted_surface
-1.810099,2.404521,0.313716,-0.086435,0.90912,twisted_surface
-1.844665,2.431737,0.294899,-0.080173,0.688773,twisted_surface
-1.895266,2.482938,0.285057,-0.032374,0.408492,twisted_surface
-1.959827,2.532412,0.247792,0.023966,0.157264,twisted_surface
-2.006936,2.540365,0.176725,0.049957,0.014852,twisted_surface
-2.007693,2.495018,0.1047,0.027659,0.026471,twisted_surface
-1.967653,2.424671,0.065986,-0.027538,0.188432,twisted_surface
-1.921588,2.366364,0.056713,-0.077531,0.449314,twisted_surface
-1.896524,2.327722,0.040887,-0.087812,0.726288,twisted_surface
-1.885102,2.285699,-0.004379,-0.051284,0.931417,twisted_surface
-1.859131,2.222197,-0.05735,0.006839,0.999575,twisted_surface
-1.806451,2.15321,-0.07155,0.046435,0.90912,twisted_surface
-1.747525,2.115975,-0.025191,0.040173,0.688773,twisted_surface
-1.712505,2.128304,0.056074,-0.007626,0.408492,twisted_surface
-1.70625,2.167638,0.128467,-0.063966,0.157264,twisted_surface
-1.837818,2.062078,0.262664,-0.08847,0.002739,twisted_surface
-1.803907,2.059307,0.31374,-0.053839,0.053421,twisted_surface
-1.763794,2.064787,0.389651,0.00415,0.245889,twisted_surface
-1.756266,2.102633,0.469036,0.045469,0.519035,twisted_surface
-1.798243,2.163708,0.507801,0.041597,0.786138,twisted_surface
-1.867169,2.216245,0.486973,-0.004795,0.962394,twisted_surface
-1.926951,2.24261,0.434934,-0.061682,0.991843,twisted_surface
-1.966613,2.258369,0.397342,-0.089797,0.865135,twisted_surface
-2.00674,2.290851,0.388573,-0.069733,0.6225,twisted_surface
-2.067207,2.342374,0.379914,-0.015339,0.340972,twisted_surface
-2.13547,2.38186,0.337089,0.035838,0.109934,twisted_surface
-2.174155,2.375888,0.262664,0.04847,0.002739,twisted_surface
-2.160388,2.324214,0.193968,0.013839,0.053421,twisted_surface
-2.111538,2.259331,0.159811,-0.04415,0.245889,twisted_surface
-2.067101,2.211051,0.147747,-0.085469,0.519035,twisted_surface
-2.046987,2.177219,0.121093,-0.081597,0.786138,twisted_surface
-2.03367,2.133753,0.066174,-0.035205,0.962394,twisted_surface
-1.997721,2.070798,0.014135,0.021682,0.991843,twisted_surface
-1.935918,2.011156,0.010634,0.049797,0.865135,twisted_surface
-1.877067,1.988266,0.067284,0.029733,0.6225,twisted_surface
-1.84906,2.008929,0.150073,-0.024661,0.340972,twisted_surface
-1.846524,2.04457,0.217317,-0.075838,0.109934,twisted_surface
-1.955123,1.914716,0.345726,-0.082916,0.000305,twisted_surface
-1.912838,1.910223,0.401205,-0.03801,0.089064,twisted_surface
-1.875114,1.921412,0.480984,0.019327,0.308292,twisted_surface
-1.881122,1.963651,0.555994,0.049518,0.588386,twisted_surface
-1.937238,2.020503,0.583771,0.031722,0.840419,twisted_surface
-2.011233,2.062932,0.555567,-0.021777,0.98437,twisted_surface
-2.068563,2.082653,0.507505,-0.074049,0.974538,twisted_surface
-2.108031,2.099912,0.481755,-0.089012,0.814043,twisted_surface
-2.155667,2.136302,0.481681,-0.056338,0.553842,twisted_surface
-2.225285,2.184675,0.471991,0.00142,0.276546,twisted_surface
-2.293571,2.212193,0.42277,0.044392,0.070195,twisted_surface
-2.320528,2.194142,0.345726,0.042916,0.000305,twisted_surface
-2.292594,2.140208,0.280821,-0.00199,0.089064,twisted_surface
-2.238455,2.083325,0.249969,-0.059327,0.308292,twisted_surface
-2.198612,2.044373,0.233064,-0.089518,0.588386,twisted_surface
-2.183156,2.013495,0.195087,-0.071722,0.840419,twisted_surface
-2.165656,1.968763,0.132618,-0.018223,0.98437,twisted_surface
-2.118981,1.90895,0.084556,0.034049,0.974538,twisted_surface
-2.05036,1.860749,0.093071,0.049012,0.814043,twisted_surface
-1.994578,1.851054,0.158751,0.016338,0.553842,twisted_surface
-1.973829,1.876452,0.240976,-0.04142,0.276546,twisted_surface
-1.97212,1.905963,0.302386,-0.084392,0.070195,twisted_surface
-2.053546,1.755815,0.425,-0.073623,0.007596,twisted_surface
-2.004727,1.752464,0.48528,-0.021111,0.132704,twisted_surface
-1.973139,1.769672,0.567603,0.032169,0.374426,twisted_surface
-1.994394,1.813706,0.636541,0.049437,0.656017,twisted_surface
-2.062717,1.863737,0.653541,0.018774,0.888073,twisted_surface
-2.138631,1.896121,0.620553,-0.038653,0.996919,twisted_surface
-2.192613,1.911203,0.57933,-0.083205,0.947997,twisted_surface
-2.233649,1.930741,0.566043,-0.084128,0.756839,twisted_surface
-2.290148,1.968849,0.572803,-0.040784,0.484136,twisted_surface
-2.367095,2.010854,0.559889,0.016906,0.21647,twisted_surface
-2.431413,2.025693,0.503776,0.049121,0.038823,twisted_surface
-2.444332,1.998479,0.425,0.033623,0.007596,twisted_surface
-2.403969,1.946189,0.364135,-0.018889,0.132704,twisted_surface
-2.348492,1.898765,0.335127,-0.072169,0.374426,twisted_surface
-2.315449,1.867708,0.311568,-0.089437,0.656017,twisted_surface
-2.303465,1.838273,0.262399,-0.058774,0.888073,twisted_surface
-2.279567,1.793254,0.194929,-0.001347,0.996919,twisted_surface
-2.222319,1.739267,0.153707,0.043205,0.947997,twisted_surface
-2.149719,1.703665,0.174901,0.044128,0.756839,twisted_surface
-2.099382,1.705029,0.24783,0.000784,0.484136,twisted_surface
-2.084947,1.731663,0.327414,-0.056906,0.21647,twisted_surface
-2.080741,1.75375,0.382631,-0.089121,0.038823,twisted_surface
-2.132354,1.588469,0.499617,-0.061145,0.024472,twisted_surface
-2.079853,1.588501,0.564842,-0.004145,0.183494,twisted_surface
-2.057964,1.610923,0.648229,0.04191,0.443004,twisted_surface
-2.095035,1.653788,0.709721,0.04523,0.720611,twisted_surface
-2.172805,1.695083,0.716777,0.003523,0.928175,twisted_surface
-2.247778,1.718278,0.681912,-0.054421,0.999796,twisted_surface
-2.298362,1.730601,0.650049,-0.088606,0.912736,twisted_surface
-2.342915,1.752286,0.649145,-0.075433,0.694635,twisted_surface
-2.408776,1.789386,0.660455,-0.023996,0.414739,twisted_surface
-2.490278,1.822461,0.642267,0.030199,0.161913,twisted_surface
-2.546786,1.825248,0.579138,0.049743,0.016427,twisted_surface
-2.544642,1.792476,0.499617,0.021145,0.024472,twisted_surface
-2.494785,1.74515,0.442806,-0.035855,0.183494,twisted_surface
-2.441924,1.707524,0.414043,-0.08191,0.443004,twisted_surface
-2.416917,1.682515,0.382358,-0.08523,0.720611,twisted_surface
-2.406532,1.653609,0.322757,-0.043523,0.928175,twisted_surface
-2.374415,1.609962,0.253157,0.014421,0.999796,twisted_surface
-2.307649,1.56422,0.221294,0.048606,0.912736,twisted_surface
-2.234101,1.541318,0.255126,0.035433,0.694635,twisted_surface
-2.190675,1.550921,0.333092,-0.016004,0.414739,twisted_surface
-2.180561,1.57582,0.408081,-0.070199,0.161913,twisted_surface
-2.170543,1.590412,0.457102,-0.089743,0.016427,twisted_surface
-2.191544,1.415769,0.568761,-0.046222,0.050603,twisted_surface
-2.138906,1.420503,0.638803,0.011878,0.240444,twisted_surface
-2.129686,1.446354,0.721697,0.047974,0.512692,twisted_surface
-2.181939,1.485093,0.77478,0.037149,0.78091,twisted_surface
-2.265866,1.51659,0.773315,-0.013125,0.959942,twisted_surface
-2.337596,1.532026,0.739647,-0.068145,0.992945,twisted_surface
-2.385476,1.543038,0.719175,-0.089931,0.869442,twisted_surface
-2.435339,1.565846,0.72986,-0.063446,0.628643,twisted_surface
-2.510064,1.599051,0.743126,-0.006971,0.347001,twisted_surface
-2.592688,1.621621,0.717866,0.04051,0.113936,twisted_surface
-2.638147,1.614207,0.647989,0.046222,0.003442,twisted_surface
-2.621333,1.579724,0.568761,0.006222,0.050603,twisted_surface
-2.565801,1.539766,0.515771,-0.051878,0.240444,twisted_surface
-2.519102,1.511263,0.485601,-0.087974,0.512692,twisted_surface
-2.502328,1.49039,0.444746,-0.077149,0.78091,twisted_surface
-2.491272,1.461846,0.376081,-0.026875,0.959942,twisted_surface
-2.449758,1.421675,0.307394,0.028145,0.992945,twisted_surface
-2.375308,1.386021,0.286922,0.049931,0.869442,twisted_surface
-2.303664,1.374883,0.332627,0.023446,0.628643,twisted_surface
-2.26755,1.389613,0.413092,-0.033029,0.347001,twisted_surface
-2.258982,1.410676,0.48177,-0.08051,0.113936,twisted_surface
-2.240283,1.418843,0.524957,-0.086222,0.003442,twisted_surface
-2.231783,1.240605,0.631673,-0.029742,0.085481,twisted_surface
-2.182844,1.250277,0.706135,0.026008,0.302446,twisted_surface
-2.188336,1.277051,0.786985,0.05,0.582133,twisted_surface
-2.254012,1.309078,0.831175,0.025672,0.835743,twisted_surface
-2.34062,1.330607,0.823145,-0.030182,0.982757,twisted_surface
-2.407527,1.339995,0.793746,-0.079008,0.976499,twisted_surface
-2.453932,1.350477,0.786074,-0.087102,0.818956,twisted_surface
-2.510427,1.372648,0.806861,-0.048877,0.560147,twisted_surface
-2.592527,1.399322,0.819313,0.009281,0.282242,twisted_surface
-2.672571,1.410993,0.78555,0.047227,0.073473,twisted_surface
-2.704728,1.396192,0.709577,0.038767,0.000123,twisted_surface
-2.675029,1.36362,0.631673,-0.010258,0.085481,twisted_surface
-2.618122,1.332325,0.582035,-0.066008,0.302446,twisted_surface
-2.580383,1.311485,0.54884,-0.09,0.582133,twisted_surface
-2.571066,1.293108,0.498276,-0.065672,0.835743,twisted_surface
-2.556995,1.265527,0.422463,-0.009818,0.982757,twisted_surface
-2.505695,1.231077,0.357741,0.039008,0.976499,twisted_surface
-2.425938,1.206546,0.35007,0.047102,0.818956,twisted_surface
-2.35854,1.205364,0.406179,0.008877,0.560147,twisted_surface
-2.329052,1.222237,0.486414,-0.049281,0.282242,twisted_surface
-2.318853,1.238453,0.547404,-0.087227,0.073473,twisted_surface
-2.289423,1.242176,0.585478,-0.078767,0.000123,twisted_surface
-2.254297,1.065515,0.687664,-0.012683,0.128428,twisted_surface
-2.21275,1.079264,0.76589,0.037404,0.368293,twisted_surface
-2.233859,1.104082,0.843242,0.047867,0.649975,twisted_surface
-2.310268,1.127467,0.878578,0.011482,0.88404,twisted_surface
-2.396221,1.139664,0.866379,-0.046634,0.996176,twisted_surface
-2.457497,1.144682,0.844141,-0.086365,0.950779,twisted_surface
-2.503908,1.154635,0.849954,-0.080286,0.762263,twisted_surface
-2.567652,1.17395,0.878718,-0.032593,0.490481,twisted_surface
-2.6548,1.192079,0.887566,0.023793,0.22172,twisted_surface
-2.728728,1.193677,0.84433,0.049949,0.041312,twisted_surface
-2.746583,1.174886,0.763281,0.027821,0.006534,twisted_surface
-2.706985,1.147203,0.687664,-0.027317,0.128428,twisted_surface
-2.653044,1.124711,0.640688,-0.077404,0.368293,twisted_surface
-2.626089,1.109606,0.602981,-0.087867,0.649975,twisted_surface
-2.622657,1.09262,0.542723,-0.051482,0.88404,twisted_surface
-2.603461,1.06727,0.462139,0.006634,0.996176,twisted_surface
-2.5428,1.040605,0.404265,0.046365,0.950779,twisted_surface
-2.460362,1.027308,0.410078,0.040286,0.762263,twisted_surface
-2.398786,1.033687,0.474478,-0.007407,0.490481,twisted_surface
-2.374293,1.050244,0.551711,-0.063793,0.22172,twisted_surface
-2.359307,1.06176,0.604069,-0.089949,0.041312,twisted_surface
-2.318174,1.063575,0.638079,-0.067821,0.006534,twisted_surface
-2.260721,0.892569,0.736122,0.003941,0.178606,twisted_surface
-2.229709,0.908576,0.817221,0.04539,0.436704,twisted_surface
-2.266122,0.928569,0.889806,0.041702,0.714897,twisted_surface
-2.349923,0.942224,0.91687,-0.004578,0.924863,twisted_surface
-2.432293,0.94634,0.903212,-0.061504,0.999937,twisted_surface
-2.487835,0.948344,0.890667,-0.08978,0.916285,twisted_surface
-2.535693,0.957005,0.909854,-0.069889,0.700465,twisted_surface
-2.606482,0.971133,0.943938,-0.01556,0.420999,twisted_surface
-2.695787,0.979619,0.946536,0.035703,0.166615,twisted_surface
-2.760647,0.973063,0.893397,0.048516,0.018079,twisted_surface
-2.764566,0.953812,0.808612,0.014034,0.022549,twisted_surface
-2.718938,0.933027,0.736122,-0.043941,0.178606,twisted_surface
-2.671923,0.91843,0.690928,-0.08539,0.436704,twisted_surface
-2.656506,0.90702,0.647453,-0.081702,0.714897,twisted_surface
-2.656852,0.891017,0.578089,-0.035422,0.924863,twisted_surface
-2.630901,0.869625,0.49545,0.021504,0.999937,twisted_surface
-2.562031,0.852336,0.446959,0.04978,0.916285,twisted_surface
-2.479467,0.84948,0.466146,0.029889,0.700465,twisted_surface
-2.424389,0.860804,0.536176,-0.02444,0.420999,twisted_surface
-2.40258,0.875424,0.607756,-0.075703,0.166615,twisted_surface
-2.380078,0.883442,0.651043,-0.088516,0.018079,twisted_surface
-2.327468,0.886027,0.682319,-0.054034,0.022549,twisted_surface
-2.252924,0.723318,0.776514,0.019144,0.23504,twisted_surface
-2.234715,0.739074,0.859408,0.049492,0.506346,twisted_surface
-2.284956,0.751744,0.926227,0.031871,0.775638,twisted_surface
-2.372483,0.755484,0.946127,-0.021555,0.957416,twisted_surface
-2.44893,0.753121,0.933878,-0.073908,0.993968,twisted_surface
-2.499176,0.752935,0.933027,-0.089049,0.873688,twisted_surface
-2.549618,0.758919,0.964652,-0.056528,0.634766,twisted_surface
-2.626443,0.765789,1.001006,0.001208,0.353056,twisted_surface
-2.714815,0.764612,0.995026,0.044304,0.118,twisted_surface
-2.768579,0.752641,0.932145,0.043013,0.004226,twisted_surface
-2.760243,0.736131,0.845218,-0.001775,0.047857,twisted_surface
-2.712924,0.723101,0.776514,-0.059144,0.23504,twisted_surface
-2.67607,0.714679,0.732088,-0.089492,0.506346,twisted_surface
-2.67191,0.705147,0.681902,-0.071871,0.775638,twisted_surface
-2.673688,0.690459,0.604591,-0.018445,0.957416,twisted_surface
-2.639984,0.674937,0.5228,0.033908,0.993968,twisted_surface
-2.5646,0.667926,0.48571,0.049049,0.873688,twisted_surface
-2.484113,0.673972,0.517334,0.016528,0.634766,twisted_surface
-2.435315,0.687786,0.589927,-0.041208,0.353056,twisted_surface
-2.413549,0.699871,0.65349,-0.084304,0.118,twisted_surface
-2.381581,0.706408,0.68782,-0.083013,0.004226,twisted_surface
-2.318865,0.712152,0.717898,-0.038225,0.047857,twisted_surface
-2.232843,0.558795,0.808398,0.03202,0.296632,twisted_surface
-2.228611,0.57145,0.891874,0.049465,0.575866,twisted_surface
-2.290221,0.574973,0.95227,0.018959,0.831013,twisted_surface
-2.377792,0.569454,0.966594,-0.038439,0.981066,twisted_surface
-2.446643,0.562281,0.958601,-0.083109,0.978384,twisted_surface
-2.492361,0.560088,0.970758,-0.084216,0.823818,twisted_surface
-2.546036,0.561643,1.013086,-0.040996,0.566443,twisted_surface
-2.627234,0.559776,1.048445,0.016717,0.287972,twisted_surface
-2.711765,0.549999,1.03204,0.049085,0.076819,twisted_surface
-2.753549,0.535784,0.96019,0.033766,0.000023,twisted_surface
-2.735745,0.524485,0.872882,-0.018667,0.081966,twisted_surface
-2.691108,0.518882,0.808398,-0.07202,0.296632,twisted_surface
-2.666682,0.514423,0.763649,-0.089465,0.575866,twisted_surface
-2.672607,0.505452,0.706206,-0.058959,0.831013,twisted_surface
-2.673515,0.493072,0.622627,-0.001561,0.981066,twisted_surface
-2.631746,0.485225,0.544597,0.043109,0.978384,twisted_surface
-2.551847,0.488602,0.520258,0.044216,0.823818,twisted_surface
-2.475086,0.501517,0.562585,0.000996,0.566443,twisted_surface
-2.431597,0.515881,0.634442,-0.056717,0.287972,twisted_surface
-2.407289,0.525892,0.688073,-0.089085,0.076819,twisted_surface
-2.364902,0.533418,0.714127,-0.073766,0.000023,twisted_surface
-2.294412,0.544051,0.744657,-0.021333,0.081966,twisted_surface
-2.202328,0.399567,0.831425,0.041806,0.362181,twisted_surface
-2.212077,0.406318,0.914208,0.045311,0.643908,twisted_surface
-2.28187,0.399741,0.967918,0.003733,0.879945,twisted_surface
-2.366061,0.386301,0.97864,-0.054228,0.995352,twisted_surface
-2.42629,0.375792,0.977541,-0.088561,0.953489,twisted_surface
-2.468353,0.371147,1.003218,-0.075569,0.767645,twisted_surface
-2.525343,0.366461,1.053792,-0.024218,0.496827,twisted_surface
-2.608849,0.355215,1.084889,0.030044,0.227015,twisted_surface
-2.687172,0.338837,1.056837,0.049762,0.043875,twisted_surface
-2.7173,0.325542,0.977381,0.021324,0.005551,twisted_surface
-2.693589,0.320888,0.891516,-0.035638,0.124211,twisted_surface
-2.655624,0.32132,0.831425,-0.081806,0.362181,twisted_surface
-2.644809,0.318484,0.785259,-0.085311,0.643908,twisted_surface
-2.658981,0.309437,0.720467,-0.043733,0.879945,twisted_surface
-2.657,0.300842,0.632734,0.014228,0.995352,twisted_surface
-2.607487,0.302101,0.561203,0.048561,0.953489,twisted_surface
-2.525128,0.315195,0.550177,0.035569,0.767645,twisted_surface
-2.453096,0.332781,0.600751,-0.015782,0.496827,twisted_surface
-2.413434,0.346534,0.668551,-0.070044,0.227015,twisted_surface
-2.38442,0.35586,0.710931,-0.089762,0.043875,twisted_surface
-2.331738,0.366889,0.72993,-0.061324,0.005551,twisted_surface
-2.256453,0.38321,0.762567,-0.004362,0.124211,twisted_surface
-2.163025,0.245831,0.845344,0.047921,0.430413,twisted_surface
-2.185638,0.244292,0.926172,0.037277,0.70915,twisted_surface
-2.260012,0.227616,0.973358,-0.012904,0.921482,twisted_surface
-2.337851,0.208038,0.982721,-0.067983,0.999997,twisted_surface
-2.388988,0.195274,0.990747,-0.08994,0.919767,twisted_surface
-2.428187,0.187227,1.029583,-0.063619,0.706263,twisted_surface
-2.488048,0.174751,1.085366,-0.007189,0.427272,twisted_surface
-2.571706,0.154438,1.10915,0.040398,0.171372,twisted_surface
-2.64226,0.134106,1.068972,0.046294,0.019809,twisted_surface
-2.662168,0.124446,0.983796,0.006428,0.020703,twisted_surface
-2.636477,0.126682,0.901143,-0.05168,0.17377,twisted_surface
-2.608447,0.130947,0.845344,-0.087921,0.430413,twisted_surface
-2.611355,0.127615,0.796746,-0.077277,0.70915,twisted_surface
-2.631535,0.118599,0.724992,-0.027096,0.921482,twisted_surface
-2.62508,0.115511,0.635536,0.027983,0.999997,twisted_surface
-2.568655,0.126735,0.572869,0.04994,0.919767,twisted_surface
-2.485736,0.148228,0.574867,0.023619,0.706263,twisted_surface
-2.418816,0.168451,0.630649,-0.032811,0.427272,twisted_surface
-2.381303,0.181348,0.691272,-0.080398,0.171372,twisted_surface
-2.34611,0.192046,0.721786,-0.086294,0.019809,twisted_surface
-2.284264,0.208722,0.73543,-0.046428,0.020703,twisted_surface
-2.207435,0.230465,0.771717,0.01168,0.17377,twisted_surface
-2.116294,0.097524,0.85,0.05,0.5,twisted_surface
-2.149708,0.086038,0.927713,0.02584,0.77032,twisted_surface
-2.224946,0.060175,0.968961,-0.029962,0.954816,twisted_surface
-2.294031,0.036427,0.979318,-0.078888,0.994911,twisted_surface
-2.33603,0.02199,0.99812,-0.087165,0.877875,twisted_surface
-2.372959,0.009295,1.048876,-0.049079,0.640866,twisted_surface
-2.434868,-0.011986,1.106442,0.009079,0.359134,twisted_surface
-2.516742,-0.04013,1.12031,0.047165,0.122125,twisted_surface
-2.578906,-0.061499,1.068327,0.038888,0.005089,twisted_surface
-2.590905,-0.065623,0.979733,-0.010038,0.045184,twisted_surface
-2.567103,-0.057442,0.901884,-0.06584,0.22968,twisted_surface
-2.55131,-0.052013,0.85,-0.09,0.5,twisted_surface
-2.567103,-0.057442,0.798116,-0.06584,0.77032,twisted_surface
-2.590905,-0.065623,0.720267,-0.010038,0.954816,twisted_surface
-2.578906,-0.061499,0.631673,0.038888,0.994911,twisted_surface
-2.516742,-0.04013,0.57969,0.047165,0.877875,twisted_surface
-2.434868,-0.011986,0.593558,0.009079,0.640866,twisted_surface
-2.372959,0.009295,0.651124,-0.049079,0.359134,twisted_surface
-2.33603,0.02199,0.70188,-0.087165,0.122125,twisted_surface
-2.294031,0.036427,0.720682,-0.078888,0.005089,twisted_surface
-2.224946,0.060175,0.731039,-0.029962,0.045184,twisted_surface
-2.149708,0.086038,0.772287,0.02584,0.22968,twisted_surface
-2.063186,-0.045549,0.845344,0.047921,0.569587,twisted_surface
-2.104641,-0.067709,0.918961,0.01168,0.82623,twisted_surface
-2.177184,-0.101077,0.955244,-0.046428,0.979297,twisted_surface
-2.23572,-0.127088,0.968886,-0.086294,0.980191,twisted_surface
-2.268823,-0.143131,0.999397,-0.080398,0.828628,twisted_surface
-2.303855,-0.161764,1.060013,-0.032811,0.572728,twisted_surface
-2.366822,-0.192147,1.115788,0.023619,0.293737,twisted_surface
-2.445451,-0.226132,1.117786,0.04994,0.080233,twisted_surface
-2.499537,-0.245765,1.055127,0.027983,0.000003,twisted_surface
-2.506469,-0.243521,0.965681,-0.027096,0.078518,twisted_surface
-2.487978,-0.231362,0.893935,-0.077277,0.29085,twisted_surface
-2.485661,-0.227523,0.845344,-0.087921,0.569587,twisted_surface
-2.512752,-0.23593,0.789551,-0.05168,0.82623,twisted_surface
-2.537867,-0.241917,0.706908,0.006428,0.979297,twisted_surface
-2.519756,-0.229136,0.621742,0.046294,0.980191,twisted_surface
-2.453201,-0.19812,0.581568,0.040398,0.828628,twisted_surface
-2.373638,-0.16524,0.60535,-0.007189,0.572728,twisted_surface
-2.316355,-0.143827,0.661126,-0.063619,0.293737,twisted_surface
-2.278824,-0.129932,0.699958,-0.08994,0.080233,twisted_surface
-2.230249,-0.109478,0.707982,-0.067983,0.000003,twisted_surface
-2.156335,-0.078188,0.717344,-0.012904,0.078518,twisted_surface
-2.085365,-0.050377,0.764525,0.037277,0.29085,twisted_surface
-2.004443,-0.183603,0.831425,0.041806,0.637819,twisted_surface
-2.050777,-0.216146,0.90022,-0.004362,0.875789,twisted_surface
-2.117435,-0.254784,0.932827,-0.061324,0.994449,twisted_surface
-2.164214,-0.281419,0.951808,-0.089762,0.956125,twisted_surface
-2.18886,-0.299437,0.994149,-0.070044,0.772985,twisted_surface
-2.222207,-0.325104,1.061885,-0.015782,0.503173,twisted_surface
-2.285307,-0.364103,1.112412,0.035569,0.232355,twisted_surface
-2.359863,-0.401468,1.101397,0.048561,0.046511,twisted_surface
-2.406955,-0.41712,1.029932,0.014228,0.004648,twisted_surface
-2.411809,-0.408839,0.942281,-0.043733,0.120055,twisted_surface
-2.401312,-0.39541,0.877549,-0.085311,0.356092,twisted_surface
-2.412667,-0.395624,0.831425,-0.081806,0.637819,twisted_surface
-2.448959,-0.407074,0.771391,-0.035638,0.875789,twisted_surface
-2.473317,-0.409153,0.685606,0.021324,0.994449,twisted_surface
-2.448964,-0.386723,0.606223,0.049762,0.956125,twisted_surface
-2.37941,-0.347144,0.578198,0.030044,0.772985,twisted_surface
-2.303119,-0.31135,0.609266,-0.024218,0.503173,twisted_surface
-2.250026,-0.290001,0.659793,-0.075569,0.232355,twisted_surface
-2.211248,-0.273022,0.685446,-0.088561,0.046511,twisted_surface
-2.157045,-0.244736,0.684348,-0.054228,0.004648,twisted_surface
-2.080851,-0.206482,0.69506,0.003733,0.120055,twisted_surface
-2.016118,-0.179475,0.74872,0.045311,0.356092,twisted_surface
-1.94055,-0.316784,0.808398,0.03202,0.703368,twisted_surface
-1.988489,-0.358433,0.871945,-0.021333,0.918034,twisted_surface
-2.046585,-0.399815,0.902381,-0.073766,0.999977,twisted_surface
-2.080938,-0.425842,0.928355,-0.089085,0.923181,twisted_surface
-2.097711,-0.446512,0.981822,-0.056717,0.712028,twisted_surface
-2.129545,-0.479916,1.053459,0.000996,0.433557,twisted_surface
-2.192122,-0.526328,1.095657,0.044216,0.176182,twisted_surface
-2.262431,-0.56448,1.071392,0.043109,0.021616,twisted_surface
-2.304125,-0.574728,0.993601,-0.001561,0.018934,twisted_surface
-2.309667,-0.561842,0.910277,-0.058959,0.168987,twisted_surface
-2.308934,-0.550215,0.853011,-0.089465,0.424134,twisted_surface
-2.33325,-0.556338,0.808398,-0.07202,0.703368,twisted_surface
-2.376377,-0.570096,0.744111,-0.018667,0.918034,twisted_surface
-2.398236,-0.566439,0.65707,0.033766,0.999977,twisted_surface
-2.367864,-0.533927,0.58544,0.049085,0.923181,twisted_surface
-2.296668,-0.487303,0.569085,0.016717,0.712028,twisted_surface
-2.224413,-0.450108,0.604337,-0.040996,0.433557,twisted_surface
-2.175216,-0.428335,0.646534,-0.084216,0.176182,twisted_surface
-2.13512,-0.406242,0.658654,-0.083109,0.021616,twisted_surface
-2.076724,-0.369063,0.650686,-0.038439,0.018934,twisted_surface
-2.000598,-0.325413,0.664966,0.018959,0.168987,twisted_surface
-1.943236,-0.302176,0.725177,0.049465,0.424134,twisted_surface
-1.871793,-0.445103,0.776514,0.019144,0.76496,twisted_surface
-1.91821,-0.493747,0.83472,-0.038225,0.952143,twisted_surface
-1.965655,-0.535314,0.864589,-0.083013,0.995774,twisted_surface
-1.987397,-0.559979,0.898679,-0.084304,0.882,twisted_surface
-1.997037,-0.584126,0.961798,-0.041208,0.646944,twisted_surface
-2.027632,-0.62547,1.033884,0.016528,0.365234,twisted_surface
-2.089418,-0.677539,1.065289,0.049049,0.126312,twisted_surface
-2.155858,-0.714099,1.028457,0.033908,0.006032,twisted_surface
-2.193943,-0.718513,0.947237,-0.018445,0.042584,twisted_surface
-2.202423,-0.703344,0.870465,-0.071871,0.224362,twisted_surface
-2.212275,-0.696553,0.820629,-0.089492,0.493654,twisted_surface
-2.248135,-0.709616,0.776514,-0.059144,0.76496,twisted_surface
-2.295677,-0.724254,0.708289,-0.001775,0.952143,twisted_surface
-2.313667,-0.713141,0.621969,0.043013,0.995774,twisted_surface
-2.277762,-0.670719,0.559526,0.044304,0.882,twisted_surface
-2.20623,-0.618808,0.553588,0.001208,0.646944,twisted_surface
-2.138705,-0.581284,0.589688,-0.056528,0.365234,twisted_surface
-2.093373,-0.558065,0.621092,-0.089049,0.126312,twisted_surface
-2.052374,-0.529017,0.620247,-0.073908,0.006032,twisted_surface
-1.991404,-0.482816,0.608083,-0.021555,0.042584,twisted_surface
-1.917238,-0.436127,0.627845,0.031871,0.224362,twisted_surface
-1.867548,-0.419464,0.694198,0.049492,0.493654,twisted_surface
-1.798342,-0.56842,0.736122,0.003941,0.821394,twisted_surface
-1.840448,-0.621332,0.789226,-0.054034,0.977451,twisted_surface
-1.875762,-0.660736,0.820097,-0.088516,0.981921,twisted_surface
-1.885154,-0.683772,0.862823,-0.075703,0.833385,twisted_surface
-1.888602,-0.712223,0.933475,-0.02444,0.579001,twisted_surface
-1.918453,-0.761184,1.002597,0.029889,0.299535,twisted_surface
-1.979581,-0.816842,1.021535,0.04978,0.083715,twisted_surface
-2.042884,-0.849936,0.973672,0.021504,0.000063,twisted_surface
-2.079028,-0.849101,0.892105,-0.035422,0.075137,twisted_surface
-2.092,-0.834545,0.823641,-0.081702,0.285103,twisted_surface
-2.112399,-0.83521,0.780729,-0.08539,0.563296,twisted_surface
-2.157922,-0.855303,0.736122,-0.043941,0.821394,twisted_surface
-2.20757,-0.868885,0.664571,0.014034,0.977451,twisted_surface
-2.220682,-0.848905,0.580886,0.048516,0.981921,twisted_surface
-2.179931,-0.797312,0.528435,0.035703,0.833385,twisted_surface
-2.109353,-0.741936,0.531,-0.01556,0.579001,twisted_surface
-2.047294,-0.704662,0.564642,-0.069889,0.299535,twisted_surface
-2.006075,-0.678665,0.58358,-0.08978,0.083715,twisted_surface
-1.964885,-0.641298,0.571198,-0.061504,0.000063,twisted_surface
-1.902853,-0.586904,0.557717,-0.004578,0.075137,twisted_surface
-1.831924,-0.540032,0.584429,0.041702,0.285103,twisted_surface
-1.78949,-0.53224,0.656074,0.04539,0.563296,twisted_surface
-1.720309,-0.686446,0.687664,-0.012683,0.871572,twisted_surface
-1.755783,-0.740558,0.736205,-0.067821,0.993466,twisted_surface
-1.778084,-0.775857,0.769499,-0.089949,0.958688,twisted_surface
-1.77581,-0.797451,0.820755,-0.063793,0.77828,twisted_surface
-1.774263,-0.830921,0.896361,-0.007407,0.509519,twisted_surface
-1.804139,-0.886712,0.959405,0.040286,0.237737,twisted_surface
-1.865058,-0.943835,0.965096,0.046365,0.049221,twisted_surface
-1.926057,-0.972289,0.90844,0.006634,0.003824,twisted_surface
-1.961561,-0.967687,0.829554,-0.051482,0.11596,twisted_surface
-1.979839,-0.956846,0.770564,-0.087867,0.350025,twisted_surface
-2.010063,-0.96687,0.733652,-0.077404,0.631707,twisted_surface
-2.063137,-0.993152,0.687664,-0.027317,0.871572,twisted_surface
-2.1128,-1.003458,0.61364,0.027821,0.993466,twisted_surface
-2.120367,-0.973652,0.534299,0.049949,0.958688,twisted_surface
-2.075629,-0.914117,0.491973,0.023793,0.77828,twisted_surface
-2.007329,-0.857006,0.500634,-0.032593,0.509519,twisted_surface
-1.95157,-0.820102,0.528793,-0.080286,0.237737,twisted_surface
-1.91491,-0.789928,0.534483,-0.086365,0.049221,twisted_surface
-1.874291,-0.743553,0.512713,-0.046634,0.003824,twisted_surface
-1.812371,-0.682653,0.500772,0.011482,0.11596,twisted_surface
-1.745311,-0.638605,0.535363,0.047867,0.350025,twisted_surface
-1.709198,-0.641204,0.611087,0.037404,0.631707,twisted_surface
-1.637814,-0.798783,0.631673,-0.029742,0.914519,twisted_surface
-1.664854,-0.850977,0.676434,-0.078767,0.999877,twisted_surface
-1.673826,-0.880778,0.713325,-0.087227,0.926527,twisted_surface
-1.660988,-0.901505,0.772421,-0.049281,0.717758,twisted_surface
-1.655935,-0.940521,0.850165,0.008877,0.439853,twisted_surface
-1.686854,-1.002006,0.904532,0.047102,0.181044,twisted_surface
-1.748156,-1.05865,0.897099,0.039008,0.023501,twisted_surface
-1.807535,-1.082076,0.834387,-0.009818,0.017243,twisted_surface
-1.843194,-1.075869,0.760928,-0.065672,0.164257,twisted_surface
-1.866927,-1.071679,0.711934,-0.09,0.417867,twisted_surface
-1.905799,-1.092049,0.67977,-0.066008,0.697554,twisted_surface
-1.964274,-1.122856,0.631673,-0.010258,0.914519,twisted_surface
-2.012142,-1.12762,0.556188,0.038767,0.999877,twisted_surface
-2.013807,-1.08758,0.482575,0.047227,0.926527,twisted_surface
-1.966118,-1.021711,0.44986,0.009281,0.717758,twisted_surface
-1.901495,-0.964393,0.461925,-0.048877,0.439853,twisted_surface
-1.852949,-0.92761,0.482067,-0.087102,0.181044,twisted_surface
-1.821331,-0.892013,0.474633,-0.079008,0.023501,twisted_surface
-1.781862,-0.836698,0.446147,-0.030182,0.017243,twisted_surface
-1.720752,-0.771629,0.438366,0.025672,0.164257,twisted_surface
-1.657636,-0.733225,0.481184,0.05,0.417867,twisted_surface
-1.626615,-0.746801,0.559523,0.026008,0.697554,twisted_surface
-1.551009,-0.904985,0.568761,-0.046222,0.949397,twisted_surface
-1.56834,-0.952358,0.610703,-0.086222,0.996558,twisted_surface
-1.564199,-0.975903,0.652055,-0.08051,0.886064,twisted_surface
-1.542306,-0.996644,0.717814,-0.033029,0.652999,twisted_surface
-1.535512,-1.041518,0.794859,0.023446,0.371357,twisted_surface
-1.568629,-1.107351,0.838621,0.049931,0.130558,twisted_surface
-1.630841,-1.161928,0.819019,0.028145,0.007055,twisted_surface
-1.688954,-1.180703,0.753252,-0.026875,0.040058,twisted_surface
-1.725033,-1.175449,0.687505,-0.077149,0.21909,twisted_surface
-1.753872,-1.180368,0.648387,-0.087974,0.487308,twisted_surface
-1.799982,-1.211074,0.619499,-0.051878,0.759556,twisted_surface
-1.861812,-1.244104,0.568761,0.006222,0.949397,twisted_surface
-1.906374,-1.241244,0.4929,0.046222,0.996558,twisted_surface
-1.90208,-1.191151,0.425993,0.04051,0.886064,twisted_surface
-1.852662,-1.120816,0.401807,-0.006971,0.652999,twisted_surface
-1.793198,-1.064555,0.414508,-0.063446,0.371357,twisted_surface
-1.75277,-1.027387,0.42474,-0.089931,0.130558,twisted_surface
-1.726518,-0.98544,0.405138,-0.068145,0.007055,twisted_surface
-1.688416,-0.921989,0.372901,-0.013125,0.040058,twisted_surface
-1.628324,-0.85547,0.371498,0.037149,0.21909,twisted_surface
-1.568826,-0.825045,0.422325,0.047974,0.487308,twisted_surface
-1.541591,-0.849194,0.501696,0.011878,0.759556,twisted_surface
-1.460092,-1.00462,0.499617,-0.061145,0.975528,twisted_surface
-1.466931,-1.044721,0.539804,-0.089743,0.983573,twisted_surface
-1.450387,-1.061914,0.58614,-0.070199,0.838087,twisted_surface
-1.421337,-1.083766,0.657022,-0.016004,0.585261,twisted_surface
-1.414769,-1.134585,0.730717,0.035433,0.305365,twisted_surface
-1.45121,-1.203345,0.762695,0.048606,0.087264,twisted_surface
-1.514591,-1.254735,0.732578,0.014421,0.000204,twisted_surface
-1.571363,-1.269891,0.66679,-0.043523,0.071825,twisted_surface
-1.607684,-1.268253,0.610454,-0.08523,0.279389,twisted_surface
-1.640988,-1.284021,0.580505,-0.08191,0.556996,twisted_surface
-1.692882,-1.324085,0.553318,-0.035855,0.816506,twisted_surface
-1.756202,-1.356641,0.499617,0.021145,0.975528,twisted_surface
-1.796251,-1.344457,0.424452,0.049743,0.983573,twisted_surface
-1.786237,-1.285083,0.364782,0.030199,0.838087,twisted_surface
-1.736509,-1.212289,0.34759,-0.023996,0.585261,twisted_surface
-1.68373,-1.158048,0.35828,-0.075433,0.305365,twisted_surface
-1.652169,-1.119849,0.357426,-0.088606,0.087264,twisted_surface
-1.631269,-1.071044,0.327309,-0.054421,0.000204,twisted_surface
-1.594306,-1.000885,0.294353,0.003523,0.071825,twisted_surface
-1.535034,-0.935727,0.301022,0.04523,0.279389,twisted_surface
-1.478631,-0.914913,0.359146,0.04191,0.556996,twisted_surface
-1.453971,-0.948299,0.437966,-0.004145,0.816506,twisted_surface
-1.36529,-1.09734,0.425,-0.073623,0.992404,twisted_surface
-1.361307,-1.128338,0.464525,-0.089121,0.961177,twisted_surface
-1.333532,-1.139721,0.516037,-0.056906,0.78353,twisted_surface
-1.299553,-1.163904,0.590279,0.000784,0.515864,twisted_surface
-1.295248,-1.220536,0.658314,0.044128,0.243161,twisted_surface
-1.335912,-1.290842,0.678086,0.043205,0.052003,twisted_surface
-1.40031,-1.338437,0.63963,-0.001347,0.003081,twisted_surface
-1.455244,-1.3515,0.576688,-0.058774,0.111927,twisted_surface
-1.49135,-1.355974,0.530819,-0.089437,0.343983,twisted_surface
-1.52839,-1.383477,0.508841,-0.072169,0.625574,twisted_surface
-1.584691,-1.431081,0.48178,-0.018889,0.867296,twisted_surface
-1.647844,-1.460332,0.425,0.033623,0.992404,twisted_surface
-1.682467,-1.437666,0.351511,0.049121,0.961177,twisted_surface
-1.667279,-1.370325,0.299164,0.016906,0.78353,twisted_surface
-1.618851,-1.297102,0.287117,-0.040784,0.515864,twisted_surface
-1.574227,-1.245537,0.293423,-0.084128,0.243161,twisted_surface
-1.551972,-1.20562,0.281027,-0.083205,0.052003,twisted_surface
-1.535947,-1.149897,0.242572,-0.038653,0.003081,twisted_surface
-1.499469,-1.074916,0.211797,0.018774,0.111927,twisted_surface
-1.440581,-1.013753,0.227657,0.049437,0.343983,twisted_surface
-1.386739,-1.003344,0.291968,0.032169,0.625574,twisted_surface
-1.363635,-1.043832,0.368766,-0.021111,0.867296,twisted_surface
-1.26684,-1.182926,0.345726,-0.082916,0.999695,twisted_surface
-1.252115,-1.203727,0.385656,-0.084392,0.929805,twisted_surface
-1.214706,-1.210405,0.442233,-0.04142,0.723454,twisted_surface
-1.178267,-1.238155,0.517987,0.016338,0.446158,twisted_surface
-1.178153,-1.300266,0.578498,0.049012,0.185957,twisted_surface
-1.223532,-1.370863,0.586343,0.034049,0.025462,twisted_surface
-1.288313,-1.414553,0.542064,-0.018223,0.01563,twisted_surface
-1.340593,-1.42736,0.48451,-0.071722,0.159581,twisted_surface
-1.375938,-1.440054,0.449522,-0.089518,0.411614,twisted_surface
-1.416045,-1.479288,0.433947,-0.059327,0.691708,twisted_surface
-1.475507,-1.531966,0.405524,-0.00199,0.910936,twisted_surface
-1.537037,-1.555208,0.345726,0.042916,0.999695,twisted_surface
-1.565623,-1.52155,0.274746,0.044392,0.929805,twisted_surface
-1.546126,-1.448022,0.229398,0.00142,0.723454,twisted_surface
-1.50075,-1.376315,0.22047,-0.056338,0.446158,twisted_surface
-1.465572,-1.327777,0.220402,-0.089012,0.185957,twisted_surface
-1.452604,-1.285496,0.196679,-0.074049,0.025462,twisted_surface
-1.440478,-1.223223,0.152399,-0.021777,0.01563,twisted_surface
-1.403525,-1.145569,0.126414,0.031722,0.159581,twisted_surface
-1.344538,-1.09063,0.152005,0.049518,0.411614,twisted_surface
-1.292857,-1.090539,0.221113,0.019327,0.691708,twisted_surface
-1.270511,-1.135386,0.294613,-0.03801,0.910936,twisted_surface
-1.164959,-1.261328,0.262664,-0.08847,0.997261,twisted_surface
-1.139955,-1.271613,0.303989,-0.075838,0.890066,twisted_surface
-1.094889,-1.275138,0.365268,-0.024661,0.659028,twisted_surface
-1.058566,-1.307605,0.440713,0.029733,0.3775,twisted_surface
-1.064272,-1.374679,0.492337,0.049797,0.134865,twisted_surface
-1.11431,-1.444501,0.489147,0.021682,0.008157,twisted_surface
-1.178379,-1.484625,0.441724,-0.035205,0.037606,twisted_surface
-1.227034,-1.499139,0.391677,-0.081597,0.213862,twisted_surface
-1.26116,-1.521613,0.367387,-0.085469,0.480965,twisted_surface
-1.303814,-1.571723,0.356394,-0.04415,0.754111,twisted_surface
-1.365312,-1.626602,0.325267,0.013839,0.946579,twisted_surface
-1.423949,-1.641491,0.262664,0.04847,0.997261,twisted_surface
-1.4462,-1.597036,0.194842,0.035838,0.890066,twisted_surface
-1.42358,-1.519459,0.155816,-0.015339,0.659028,twisted_surface
-1.383074,-1.451028,0.147925,-0.069733,0.3775,twisted_surface
-1.358306,-1.405587,0.139934,-0.089797,0.134865,twisted_surface
-1.354051,-1.360388,0.105677,-0.061682,0.008157,twisted_surface
-1.344404,-1.292306,0.058254,-0.004795,0.037606,twisted_surface
-1.305893,-1.214195,0.039274,0.041597,0.213862,twisted_surface
-1.246464,-1.167128,0.0746,0.045469,0.480965,twisted_surface
-1.196753,-1.176415,0.146943,0.00415,0.754111,twisted_surface
-1.17456,-1.222498,0.21612,-0.053839,0.946579,twisted_surface
-1.059825,-1.332669,0.176725,-0.089957,0.985148,twisted_surface
-1.025383,-1.332871,0.220328,-0.063966,0.842736,twisted_surface
-0.97495,-1.335099,0.28574,-0.007626,0.591508,twisted_surface
-0.941259,-1.373253,0.359167,0.040173,0.311227,twisted_surface
-0.953927,-1.444617,0.401055,0.046435,0.09088,twisted_surface
-1.007952,-1.512828,0.388225,0.006839,0.000425,twisted_surface
-1.069863,-1.550099,0.340362,-0.051284,0.068583,twisted_surface
-1.113951,-1.568233,0.299462,-0.087812,0.273712,twisted_surface
-1.146615,-1.601405,0.285163,-0.077531,0.550686,twisted_surface
-1.191444,-1.660801,0.276784,-0.027538,0.811568,twisted_surface
-1.253933,-1.714859,0.241804,0.027659,0.973529,twisted_surface
-1.308584,-1.719604,0.176725,0.049957,0.985148,twisted_surface
-1.324552,-1.665246,0.112512,0.023966,0.842736,twisted_surface
-1.300293,-1.585985,0.078841,-0.032374,0.591508,twisted_surface
-1.266419,-1.522327,0.069948,-0.080173,0.311227,twisted_surface
-1.25256,-1.479801,0.052946,-0.086435,0.09088,twisted_surface
-1.255865,-1.431271,0.009428,-0.046839,0.000425,twisted_surface
-1.246973,-1.35841,-0.038435,0.011284,0.068583,twisted_surface
-1.205908,-1.28194,-0.048647,0.047812,0.273712,twisted_surface
-1.14597,-1.243702,-0.004057,0.037531,0.550686,twisted_surface
-1.098248,-1.260667,0.069885,-0.012462,0.811568,twisted_surface
-1.075738,-1.30471,0.133987,-0.067659,0.973529,twisted_surface
-0.951574,-1.397239,0.088849,-0.087288,0.963592,twisted_surface
-0.908908,-1.388465,0.135487,-0.049483,0.788735,twisted_surface
-0.855615,-1.39139,0.204303,0.008674,0.522206,twisted_surface
-0.826829,-1.435953,0.274175,0.047038,0.248627,twisted_surface
-0.846963,-1.510812,0.30597,0.039127,0.054857,twisted_surface
-0.903704,-1.576828,0.285294,-0.009598,0.002417,twisted_surface
-0.961823,-1.612238,0.239611,-0.065504,0.107956,twisted_surface
-1.000606,-1.635702,0.209003,-0.089999,0.337966,twisted_surface
-1.031832,-1.679809,0.20354,-0.066175,0.619421,twisted_surface
-1.078563,-1.746328,0.195755,-0.010478,0.86296,twisted_surface
-1.141024,-1.796639,0.155984,0.038646,0.991262,twisted_surface
-1.190796,-1.790142,0.088849,0.047288,0.963592,twisted_surface
-1.200906,-1.727419,0.028497,0.009483,0.788735,twisted_surface
-1.176734,-1.648936,-0.001008,-0.048674,0.522206,twisted_surface
-1.151053,-1.591225,-0.012825,-0.087038,0.248627,twisted_surface
-1.148025,-1.551232,-0.039469,-0.079127,0.054857,twisted_surface
-1.157214,-1.499121,-0.090597,-0.030402,0.002417,twisted_surface
-1.147244,-1.422699,-0.13628,0.025504,0.107956,twisted_surface
-1.102915,-1.349686,-0.136436,0.049999,0.337966,twisted_surface
-1.042741,-1.320488,-0.08346,0.026175,0.619421,twisted_surface
-0.997189,-1.342812,-0.009557,-0.029522,0.86296,twisted_surface
-0.973958,-1.381619,0.048995,-0.078646,0.991262,twisted_surface
-0.840311,-1.455461,0,-0.080622,0.933013,twisted_surface
-0.791003,-1.439364,0.050281,-0.033248,0.729113,twisted_surface
-0.737448,-1.444976,0.121649,0.023271,0.452472,twisted_surface
-0.715403,-1.496367,0.186634,0.049921,0.190921,twisted_surface
-0.742782,-1.573853,0.208446,0.028306,0.0275,twisted_surface
-0.800462,-1.637346,0.182029,-0.026654,0.014094,twisted_surface
-0.853164,-1.672047,0.14098,-0.07702,0.15496,twisted_surface
-0.886235,-1.702223,0.121315,-0.088027,0.405374,twisted_surface
-0.916295,-1.756836,0.123164,-0.052076,0.685831,twisted_surface
-0.964665,-1.82794,0.113968,0.006016,0.907288,twisted_surface
-1.026073,-1.871905,0.0687,0.04615,0.999434,twisted_surface
-1.070311,-1.853833,0,0.040622,0.933013,twisted_surface
-1.075376,-1.784828,-0.056428,-0.006752,0.729113,twisted_surface
-1.053156,-1.709544,-0.083124,-0.063271,0.452472,twisted_surface
-1.03687,-1.658606,-0.099614,-0.089921,0.190921,twisted_surface
-1.043963,-1.620619,-0.136086,-0.068306,0.0275,twisted_surface
-1.056958,-1.56485,-0.192875,-0.013346,0.014094,twisted_surface
-1.044196,-1.486163,-0.233925,0.03702,0.15496,twisted_surface
-0.996326,-1.41801,-0.223217,0.048027,0.405374,twisted_surface
-0.936526,-1.397319,-0.163084,0.012076,0.685831,twisted_surface
-0.893397,-1.422244,-0.090805,-0.046016,0.907288,twisted_surface
-0.86908,-1.452899,-0.038009,-0.08615,0.999434,twisted_surface
-0.726135,-1.507848,-0.088849,-0.070354,0.894005,twisted_surface
-0.672101,-1.486491,-0.034476,-0.016226,0.665033,twisted_surface
-0.620806,-1.496637,0.038487,0.035297,0.383663,twisted_surface
-0.606736,-1.554968,0.097483,0.04865,0.13923,twisted_surface
-0.640394,-1.63418,0.109864,0.014615,0.009338,twisted_surface
-0.696898,-1.695046,0.080045,-0.043314,0.035229,twisted_surface
-0.742765,-1.730232,0.045859,-0.08515,0.208681,twisted_surface
-0.770119,-1.768072,0.037301,-0.082014,0.474624,twisted_surface
-0.799452,-1.832166,0.044624,-0.036071,0.748625,twisted_surface
-0.849113,-1.905145,0.032091,0.020965,0.943688,twisted_surface
-0.908443,-1.940672,-0.019138,0.049724,0.997884,twisted_surface
-0.946787,-1.911471,-0.088849,0.030354,0.894005,twisted_surface
-0.947986,-1.838684,-0.141466,-0.023774,0.665033,twisted_surface
-0.929574,-1.768867,-0.166824,-0.075297,0.383663,twisted_surface
-0.923371,-1.725181,-0.189518,-0.08865,0.13923,twisted_surface
-0.939245,-1.688586,-0.235575,-0.054615,0.009338,twisted_surface
-0.953753,-1.629237,-0.295846,0.003314,0.035229,twisted_surface
-0.936817,-1.549539,-0.330032,0.04515,0.208681,twisted_surface
-0.885645,-1.487135,-0.308138,0.042014,0.474624,twisted_surface
-0.827094,-1.473744,-0.242376,-0.003929,0.748625,twisted_surface
-0.786631,-1.498276,-0.173221,-0.060965,0.943688,twisted_surface
-0.760899,-1.518317,-0.126127,-0.089724,0.997884,twisted_surface
-0.609159,-1.554958,-0.176725,-0.057094,0.847329,twisted_surface
-0.552573,-1.530663,-0.117995,0.000572,0.59774,twisted_surface
-0.505806,-1.546958,-0.044472,0.044038,0.317119,twisted_surface
-0.500212,-1.61204,0.007684,0.0433,0.094561,twisted_surface
-0.538512,-1.692074,0.011607,-0.001133,0.000727,twisted_surface
-0.591598,-1.750375,-0.019104,-0.058589,0.065409,twisted_surface
-0.629592,-1.787152,-0.044482,-0.089408,0.268071,twisted_surface
-0.651618,-1.833127,-0.042261,-0.072316,0.544368,twisted_surface
-0.680721,-1.905188,-0.031557,-0.019111,0.806579,twisted_surface
-0.731174,-1.977375,-0.049221,0.03348,0.971453,twisted_surface
-0.78744,-2.003007,-0.106608,0.049155,0.986644,twisted_surface
-0.819875,-1.963857,-0.176725,0.017094,0.847329,twisted_surface
-0.818674,-1.890059,-0.225812,-0.040572,0.59774,twisted_surface
-0.805735,-1.827734,-0.251371,-0.084038,0.317119,twisted_surface
-0.809669,-1.791451,-0.281536,-0.0833,0.094561,twisted_surface
-0.832427,-1.755584,-0.336502,-0.038867,0.000727,twisted_surface
-0.846161,-1.692839,-0.397901,0.018589,0.065409,twisted_surface
-0.824179,-1.613231,-0.423279,0.049408,0.268071,twisted_surface
-0.770464,-1.556911,-0.39037,0.032316,0.544368,twisted_surface
-0.714199,-1.549055,-0.320776,-0.020889,0.806579,twisted_surface
-0.676571,-1.570176,-0.25612,-0.07348,0.971453,twisted_surface
-0.64918,-1.577731,-0.214424,-0.089155,0.986644,twisted_surface
-0.489524,-1.597355,-0.262664,-0.041631,0.793893,twisted_surface
-0.432699,-1.572573,-0.199514,0.016148,0.528544,twisted_surface
-0.392286,-1.596331,-0.126533,0.048975,0.254134,twisted_surface
-0.394878,-1.667692,-0.081779,0.03419,0.057784,twisted_surface
-0.435657,-1.747644,-0.084931,-0.018001,0.001834,twisted_surface
-0.483197,-1.803528,-0.113921,-0.071572,0.104049,twisted_surface
-0.512778,-1.842808,-0.128903,-0.089544,0.331975,twisted_surface
-0.530203,-1.896904,-0.116732,-0.059511,0.613248,twisted_surface
-0.559506,-1.975074,-0.104944,-0.002205,0.858566,twisted_surface
-0.610073,-2.044018,-0.129336,0.042818,0.990041,twisted_surface
-0.662392,-2.059003,-0.192792,0.044479,0.965932,twisted_surface
-0.689261,-2.011728,-0.262664,0.001631,0.793893,twisted_surface
-0.687288,-1.939821,-0.308661,-0.056148,0.528544,twisted_surface
-0.681101,-1.886702,-0.335984,-0.088975,0.254134,twisted_surface
-0.694523,-1.857662,-0.374567,-0.07419,0.057784,twisted_surface
-0.721855,-1.821823,-0.437335,-0.021999,0.001834,twisted_surface
-0.732762,-1.755906,-0.497391,0.031572,0.104049,twisted_surface
-0.705492,-1.677243,-0.512373,0.049544,0.331975,twisted_surface
-0.650454,-1.626809,-0.469135,0.019511,0.613248,twisted_surface
-0.597551,-1.62233,-0.397732,-0.037795,0.858566,twisted_surface
-0.56283,-1.637204,-0.338787,-0.082818,0.990041,twisted_surface
-0.533689,-1.631075,-0.301939,-0.084479,0.965932,twisted_surface
-0.367394,-1.635575,-0.345726,-0.024883,0.734736,twisted_surface
-0.312616,-1.61277,-0.278318,0.029576,0.458794,twisted_surface
-0.279775,-1.644964,-0.207007,0.049814,0.195934,twisted_surface
-0.289495,-1.721858,-0.169893,0.02186,0.029613,twisted_surface
-0.330283,-1.800802,-0.178346,-0.034988,0.012637,twisted_surface
-0.370489,-1.854414,-0.202982,-0.081491,0.150395,twisted_surface
-0.391681,-1.896848,-0.206419,-0.085548,0.39915,twisted_surface
-0.405465,-1.95861,-0.18564,-0.044358,0.679924,twisted_surface
-0.435222,-2.040843,-0.175207,0.013645,0.903574,twisted_surface
-0.485056,-2.104464,-0.20765,0.048424,0.999091,twisted_surface
-0.532721,-2.108765,-0.276776,0.035971,0.936151,twisted_surface
-0.554701,-2.055713,-0.345726,-0.015117,0.734736,twisted_surface
-0.553566,-1.988592,-0.389228,-0.069576,0.458794,twisted_surface
-0.554848,-1.946023,-0.419842,-0.089814,0.195934,twisted_surface
-0.576405,-1.923764,-0.46741,-0.06186,0.029613,twisted_surface
-0.605788,-1.887197,-0.536442,-0.005012,0.012637,twisted_surface
-0.612268,-1.8183,-0.592647,0.041491,0.150395,twisted_surface
-0.580147,-1.741149,-0.596084,0.045548,0.39915,twisted_surface
-0.525349,-1.695941,-0.543736,0.004358,0.679924,twisted_surface
-0.476812,-1.692485,-0.472724,-0.053645,0.903574,twisted_surface
-0.444983,-1.698637,-0.420485,-0.088424,0.999091,twisted_surface
-0.414232,-1.678348,-0.387686,-0.075971,0.936151,twisted_surface
-0.242929,-1.670102,-0.425,-0.007845,0.67101,twisted_surface
-0.192269,-1.651653,-0.353737,0.040059,0.389845,twisted_surface
-0.1675,-1.692877,-0.285209,0.046505,0.143653,twisted_surface
-0.182619,-1.774277,-0.255595,0.007044,0.010599,twisted_surface
-0.220904,-1.851222,-0.267212,-0.051085,0.032926,twisted_surface
-0.252535,-1.902642,-0.284956,-0.087756,0.203546,twisted_surface
-0.265919,-1.9486,-0.276239,-0.077657,0.468288,twisted_surface
-0.277113,-2.017227,-0.248709,-0.027759,0.743098,twisted_surface
-0.307323,-2.101448,-0.242117,0.027496,0.940727,twisted_surface
-0.355456,-2.158127,-0.283578,0.049965,0.998427,twisted_surface
-0.397994,-2.152388,-0.357649,0.024139,0.897881,twisted_surface
-0.416013,-2.096296,-0.425,-0.032155,0.67101,twisted_surface
-0.417108,-2.036718,-0.466752,-0.080059,0.389845,twisted_surface
-0.425879,-2.005616,-0.502082,-0.086505,0.143653,twisted_surface
-0.453606,-1.989355,-0.558758,-0.047044,0.010599,twisted_surface
-0.482546,-1.951214,-0.632103,0.011085,0.032926,twisted_surface
-0.483634,-1.879447,-0.682014,0.047756,0.203546,twisted_surface
-0.447753,-1.804097,-0.673297,0.037657,0.468288,twisted_surface
-0.394951,-1.763123,-0.6136,-0.012241,0.743098,twisted_surface
-0.351619,-1.758329,-0.545279,-0.067496,0.940727,twisted_surface
-0.322621,-1.753791,-0.500451,-0.089965,0.998427,twisted_surface
-0.290688,-1.719591,-0.470663,-0.064139,0.897881,twisted_surface
-0.11625,-1.70134,-0.499617,0.008472,0.603956,twisted_surface
-0.071375,-1.689452,-0.425147,0.046974,0.32304,twisted_surface
-0.054404,-1.739873,-0.360429,0.039245,0.098308,twisted_surface
-0.072721,-1.824449,-0.337757,-0.009379,0.00111,twisted_surface
-0.106229,-1.898312,-0.350104,-0.065335,0.062306,twisted_surface
-0.128731,-1.947531,-0.358651,-0.089997,0.262467,twisted_surface
-0.13537,-1.997148,-0.337811,-0.066342,0.538043,twisted_surface
-0.144969,-2.071607,-0.305868,-0.010698,0.801541,twisted_surface
-0.175328,-2.155837,-0.305533,0.038525,0.969301,twisted_surface
-0.220741,-2.204472,-0.356529,0.047349,0.988062,twisted_surface
-0.257942,-2.18994,-0.434498,0.009684,0.851866,twisted_surface
-0.273054,-2.133789,-0.499617,-0.048472,0.603956,twisted_surface
-0.277359,-2.084248,-0.540499,-0.086974,0.32304,twisted_surface
-0.292882,-2.065032,-0.581787,-0.079245,0.098308,twisted_surface
-0.324373,-2.053629,-0.647189,-0.030621,0.00111,twisted_surface
-0.350666,-2.012945,-0.722541,0.025335,0.062306,twisted_surface
-0.346152,-1.938331,-0.763921,0.049997,0.262467,twisted_surface
-0.30816,-1.86486,-0.74308,0.026342,0.538043,twisted_surface
-0.259129,-1.826949,-0.678305,-0.029302,0.801541,twisted_surface
-0.22161,-1.818629,-0.614965,-0.078525,0.969301,twisted_surface
-0.195396,-1.802033,-0.577887,-0.087349,0.988062,twisted_surface
-0.163023,-1.754872,-0.54985,-0.049684,0.851866,twisted_surface
0.012604,-1.729593,-0.568761,0.023096,0.534878,twisted_surface
0.050601,-1.726194,-0.491956,0.04991,0.25968,twisted_surface
0.060777,-1.785497,-0.431912,0.028466,0.060781,twisted_surface
0.041685,-1.871595,-0.415177,-0.026433,0.001331,twisted_surface
0.014721,-1.941202,-0.425626,-0.076891,0.100205,twisted_surface
0.001146,-1.988162,-0.423074,-0.088079,0.326011,twisted_surface
-0.000152,-2.041418,-0.390858,-0.052273,0.607058,twisted_surface
-0.008938,-2.120566,-0.357245,0.00581,0.854114,twisted_surface
-0.03883,-2.203015,-0.365364,0.046077,0.988741,twisted_surface
-0.080535,-2.243019,-0.425884,0.040733,0.968197,twisted_surface
-0.112453,-2.22145,-0.506411,-0.006534,0.799003,twisted_surface
-0.125681,-2.168316,-0.568761,-0.063096,0.534878,twisted_surface
-0.133601,-2.130906,-0.609759,-0.08991,0.25968,twisted_surface
-0.154419,-2.123412,-0.657974,-0.068466,0.060781,twisted_surface
-0.187071,-2.115337,-0.731184,-0.013567,0.001331,twisted_surface
-0.209063,-2.071024,-0.805977,0.036891,0.100205,twisted_surface
-0.199536,-1.993547,-0.836955,0.048079,0.326011,twisted_surface
-0.161473,-1.92193,-0.804739,0.012273,0.607058,twisted_surface
-0.117831,-1.885884,-0.737595,-0.04581,0.854114,twisted_surface
-0.086472,-1.872153,-0.681371,-0.086077,0.988741,twisted_surface
-0.063066,-1.842781,-0.651946,-0.080733,0.968197,twisted_surface
-0.031288,-1.784261,-0.624214,-0.033466,0.799003,twisted_surface
0.143709,-1.755027,-0.631673,0.035161,0.465122,twisted_surface
0.17442,-1.761654,-0.553593,0.048693,0.200997,twisted_surface
0.179408,-1.828981,-0.498837,0.014807,0.031803,twisted_surface
0.161885,-1.914628,-0.486594,-0.043105,0.011259,twisted_surface
0.142505,-1.978779,-0.49247,-0.085068,0.145886,twisted_surface
0.136937,-2.02346,-0.477488,-0.082116,0.392942,twisted_surface
0.139432,-2.080287,-0.435398,-0.036287,0.673989,twisted_surface
0.131021,-2.162952,-0.403131,0.020785,0.899795,twisted_surface
0.102491,-2.242066,-0.421515,0.049704,0.998669,twisted_surface
0.065363,-2.273339,-0.490961,0.030508,0.939219,twisted_surface
0.038456,-2.24689,-0.572479,-0.023553,0.74032,twisted_surface
0.026283,-2.199787,-0.631673,-0.075161,0.465122,twisted_surface
0.015018,-2.176059,-0.67384,-0.088693,0.200997,twisted_surface
-0.009056,-2.179459,-0.729588,-0.054807,0.031803,twisted_surface
-0.040373,-2.172786,-0.809155,0.003105,0.011259,twisted_surface
-0.057162,-2.123701,-0.880711,0.045068,0.145886,twisted_surface
-0.043963,-2.043407,-0.899954,0.042116,0.392942,twisted_surface
-0.008045,-1.973642,-0.857864,-0.003713,0.673989,twisted_surface
0.028915,-1.938355,-0.791371,-0.060785,0.899795,twisted_surface
0.054027,-1.917713,-0.744076,-0.089704,0.998669,twisted_surface
0.074468,-1.875506,-0.721712,-0.070508,0.939219,twisted_surface
0.104392,-1.807808,-0.692725,-0.016447,0.74032,twisted_surface
0.277272,-1.777623,-0.687664,0.043948,0.396044,twisted_surface
0.301014,-1.795298,-0.609491,0.043395,0.148134,twisted_surface
0.302815,-1.869203,-0.560308,-0.000919,0.011938,twisted_surface
0.288821,-1.952167,-0.550722,-0.058404,0.030699,twisted_surface
0.277207,-2.009753,-0.549486,-0.089379,0.198459,twisted_surface
0.278138,-2.052304,-0.52147,-0.072464,0.461957,twisted_surface
0.282967,-2.112665,-0.471734,-0.019334,0.737533,twisted_surface
0.27494,-2.197699,-0.443917,0.033336,0.937694,twisted_surface
0.248865,-2.272162,-0.473821,0.04919,0.99889,twisted_surface
0.216987,-2.295044,-0.551001,0.017283,0.901692,twisted_surface
0.194668,-2.266157,-0.631807,-0.04036,0.67696,twisted_surface
0.183071,-2.227874,-0.687664,-0.083948,0.396044,twisted_surface
0.169412,-2.218687,-0.732056,-0.083395,0.148134,twisted_surface
0.144474,-2.23143,-0.795509,-0.039081,0.011938,twisted_surface
0.116569,-2.223886,-0.879504,0.018404,0.030699,twisted_surface
0.104999,-2.168952,-0.945213,0.049379,0.198459,twisted_surface
0.119925,-2.086085,-0.952083,0.032464,0.461957,twisted_surface
0.151566,-2.018291,-0.902347,-0.020666,0.737533,twisted_surface
0.180997,-1.982816,-0.839644,-0.073336,0.937694,twisted_surface
0.19999,-1.954178,-0.802603,-0.08919,0.99889,twisted_surface
0.21714,-1.899721,-0.786202,-0.057283,0.901692,twisted_surface
0.243837,-1.825521,-0.754372,0.00036,0.67696,twisted_surface
0.41362,-1.797129,-0.736122,0.048937,0.32899,twisted_surface
0.431386,-1.82623,-0.659071,0.03433,0.102119,twisted_surface
0.432115,-1.904673,-0.615361,-0.017779,0.001573,twisted_surface
0.422957,-1.982592,-0.606307,-0.071421,0.059273,twisted_surface
0.418417,-2.032775,-0.595753,-0.089569,0.256902,twisted_surface
0.423989,-2.073626,-0.554936,-0.059694,0.531712,twisted_surface
0.43002,-2.13756,-0.500406,-0.00242,0.796454,twisted_surface
0.422865,-2.223824,-0.480008,0.04272,0.967074,twisted_surface
0.400418,-2.292543,-0.521993,0.044565,0.989401,twisted_surface
0.374204,-2.307765,-0.605157,0.001842,0.856347,twisted_surface
0.355999,-2.279045,-0.683538,-0.055957,0.610155,twisted_surface
0.344963,-2.251976,-0.736122,-0.088937,0.32899,twisted_surface
0.33046,-2.257362,-0.783726,-0.07433,0.102119,twisted_surface
0.307097,-2.277163,-0.854572,-0.022221,0.001573,twisted_surface
0.283975,-2.266261,-0.940696,0.031421,0.059273,twisted_surface
0.276731,-2.204644,-0.998228,0.049569,0.256902,twisted_surface
0.291077,-2.11977,-0.992891,0.019694,0.531712,twisted_surface
0.31665,-2.054241,-0.938361,-0.03758,0.796454,twisted_surface
0.338221,-2.017792,-0.882483,-0.08272,0.967074,twisted_surface
0.351358,-1.980489,-0.856382,-0.084565,0.989401,twisted_surface
0.364703,-1.91497,-0.844369,-0.041842,0.856347,twisted_surface
0.386825,-1.837332,-0.808193,0.015957,0.610155,twisted_surface
0.553154,-1.813008,-0.776514,0.049829,0.265264,twisted_surface
0.566473,-1.853162,-0.701744,0.022038,0.063849,twisted_surface
0.568053,-1.933578,-0.662994,-0.034771,0.000909,twisted_surface
0.564194,-2.004156,-0.652195,-0.081384,0.096426,twisted_surface
0.56528,-2.046557,-0.630645,-0.085625,0.320076,twisted_surface
0.573584,-2.086501,-0.578138,-0.044567,0.60085,twisted_surface
0.580215,-2.154088,-0.522115,0.01345,0.849605,twisted_surface
0.574857,-2.24041,-0.51173,0.048377,0.987363,twisted_surface
0.557143,-2.302489,-0.565572,0.036104,0.970387,twisted_surface
0.536717,-2.311131,-0.652511,-0.014895,0.804066,twisted_surface
0.522218,-2.285223,-0.726881,-0.069419,0.541206,twisted_surface
0.512251,-2.271186,-0.776514,-0.089829,0.265264,twisted_surface
0.49887,-2.290249,-0.828175,-0.062038,0.063849,twisted_surface
0.479229,-2.314163,-0.905614,-0.005229,0.000909,twisted_surface
0.461343,-2.297408,-0.991348,0.041384,0.096426,twisted_surface
0.456736,-2.228718,-1.038855,0.045625,0.320076,twisted_surface
0.46814,-2.142813,-1.022334,0.004567,0.60085,twisted_surface
0.486413,-2.079988,-0.966311,-0.05345,0.849605,twisted_surface
0.500296,-2.041903,-0.91994,-0.088377,0.987363,twisted_surface
0.507864,-1.995656,-0.904725,-0.076104,0.970387,twisted_surface
0.516713,-1.92083,-0.895131,-0.025105,0.804066,twisted_surface
0.533109,-1.843074,-0.853312,0.029419,0.541206,twisted_surface
0.696284,-1.824407,-0.808398,0.046574,0.206107,twisted_surface
0.706993,-1.874426,-0.736909,0.007249,0.034068,twisted_surface
0.710858,-1.953865,-0.702213,-0.050885,0.009959,twisted_surface
0.711846,-2.015129,-0.687409,-0.0877,0.141434,twisted_surface
0.716594,-2.049996,-0.653875,-0.077783,0.386752,twisted_surface
0.726001,-2.09018,-0.591627,-0.027979,0.668025,twisted_surface
0.733282,-2.161442,-0.537624,0.027332,0.895951,twisted_surface
0.730955,-2.246554,-0.539247,0.049971,0.998166,twisted_surface
0.718852,-2.301301,-0.603908,0.024311,0.942216,twisted_surface
0.704065,-2.304756,-0.692108,-0.031937,0.745866,twisted_surface
0.693053,-2.284204,-0.76114,-0.079944,0.471456,twisted_surface
0.685173,-2.284273,-0.808398,-0.086574,0.206107,twisted_surface
0.675034,-2.315149,-0.864742,-0.047249,0.034068,twisted_surface
0.660639,-2.339741,-0.947524,0.010885,0.009959,twisted_surface
0.647436,-2.314897,-1.030324,0.0477,0.141434,twisted_surface
0.643211,-2.23937,-1.066613,0.037783,0.386752,twisted_surface
0.649589,-2.153817,-1.04075,-0.012021,0.668025,twisted_surface
0.660033,-2.094188,-0.986746,-0.067332,0.895951,twisted_surface
0.666803,-2.053858,-0.951985,-0.089971,0.998166,twisted_surface
0.668994,-1.998772,-0.946823,-0.064311,0.942216,twisted_surface
0.67254,-1.916905,-0.937419,-0.008063,0.745866,twisted_surface
0.682415,-1.842452,-0.888973,0.039944,0.471456,twisted_surface
0.843325,-1.830141,-0.831425,0.039363,0.152671,twisted_surface
0.853291,-1.888032,-0.763975,-0.009159,0.013356,twisted_surface
0.860143,-1.963394,-0.732088,-0.065165,0.028547,twisted_surface
0.864683,-2.013953,-0.711218,-0.089994,0.193421,twisted_surface
0.87095,-2.042258,-0.665505,-0.066508,0.455632,twisted_surface
0.880405,-2.084079,-0.59618,-0.010918,0.731929,twisted_surface
0.889052,-2.158837,-0.54765,0.038403,0.934591,twisted_surface
0.891106,-2.241331,-0.562496,0.047409,0.999273,twisted_surface
0.885134,-2.288284,-0.636182,0.009885,0.905439,twisted_surface
0.875626,-2.288227,-0.723008,-0.048268,0.682881,twisted_surface
0.868182,-2.275323,-0.78575,-0.086909,0.40226,twisted_surface
0.863822,-2.289684,-0.831425,-0.079363,0.152671,twisted_surface
0.858883,-2.329588,-0.892804,-0.030841,0.013356,twisted_surface
0.850377,-2.351191,-0.979309,0.025165,0.028547,twisted_surface
0.840349,-2.316574,-1.056802,0.049994,0.193421,twisted_surface
0.83402,-2.235186,-1.081455,0.026508,0.455632,twisted_surface
0.833871,-2.151684,-1.048799,-0.029082,0.731929,twisted_surface
0.836684,-2.095643,-1.000269,-0.078403,0.934591,twisted_surface
0.837147,-2.052457,-0.978446,-0.087409,0.999273,twisted_surface
0.833954,-1.989032,-0.981766,-0.049885,0.905439,twisted_surface
0.831373,-1.902839,-0.970228,0.008268,0.682881,twisted_surface
0.83444,-1.835023,-0.914578,0.046909,0.40226,twisted_surface
0.994396,-1.828709,-0.845344,0.028626,0.105995,twisted_surface
1.005206,-1.891781,-0.782386,-0.026212,0.002116,twisted_surface
1.014881,-1.960105,-0.751819,-0.076761,0.056312,twisted_surface
1.021041,-1.99939,-0.723187,-0.08813,0.251375,twisted_surface
1.026888,-2.022813,-0.665923,-0.05247,0.525376,twisted_surface
1.036119,-2.067724,-0.592706,0.005603,0.791319,twisted_surface
1.047403,-2.14544,-0.552775,0.046003,0.964771,twisted_surface
1.055066,-2.223775,-0.581164,0.040843,0.990662,twisted_surface
1.055305,-2.262772,-0.661445,-0.006316,0.86077,twisted_surface
1.050628,-2.261108,-0.744347,-0.062921,0.616337,twisted_surface
1.047205,-2.25772,-0.800303,-0.089898,0.334967,twisted_surface
1.04804,-2.28557,-0.845344,-0.068626,0.105995,twisted_surface
1.049775,-2.330946,-0.911796,-0.013788,0.002116,twisted_surface
1.046765,-2.345996,-1.000155,0.036761,0.056312,twisted_surface
1.037658,-2.300744,-1.070331,0.04813,0.251375,twisted_surface
1.02689,-2.215216,-1.083751,0.01247,0.525376,twisted_surface
1.019507,-2.135589,-1.047369,-0.045603,0.791319,twisted_surface
1.015523,-2.083269,-1.007437,-0.086003,0.964771,twisted_surface
1.0105,-2.036605,-0.998993,-0.080843,0.990662,twisted_surface
1.001663,-1.965765,-1.008589,-0.033684,0.86077,twisted_surface
0.992257,-1.878327,-0.992684,0.022921,0.616337,twisted_surface
0.988833,-1.820175,-0.929713,0.049898,0.334967,twisted_surface
1.149301,-1.818356,-0.85,0.015,0.066987,twisted_surface
1.161982,-1.883416,-0.791652,-0.042895,0.000566,twisted_surface
1.173442,-1.942206,-0.760787,-0.084986,0.092712,twisted_surface
1.178979,-1.970617,-0.723199,-0.082218,0.314169,twisted_surface
1.183032,-1.991409,-0.655797,-0.036503,0.594626,twisted_surface
1.192632,-2.040661,-0.582151,0.020604,0.84504,twisted_surface
1.208159,-2.120322,-0.553367,0.049683,0.985906,twisted_surface
1.222306,-2.192898,-0.594702,0.030661,0.9725,twisted_surface
1.228398,-2.224156,-0.678695,-0.023331,0.809079,twisted_surface
1.228162,-2.222941,-0.755401,-0.075024,0.547528,twisted_surface
1.229603,-2.230335,-0.804566,-0.088735,0.270887,twisted_surface
1.237307,-2.269859,-0.85,-0.055,0.066987,twisted_surface
1.246423,-2.316629,-0.921249,0.002895,0.000566,twisted_surface
1.247477,-2.322035,-1.009481,0.044986,0.092712,twisted_surface
1.236611,-2.266289,-1.070844,0.042218,0.314169,twisted_surface
1.219591,-2.178971,-1.074227,-0.003497,0.594626,twisted_surface
1.205157,-2.104917,-1.037468,-0.060604,0.84504,twisted_surface
1.195635,-2.056067,-1.008685,-0.089683,0.985906,twisted_surface
1.185747,-2.005337,-1.013132,-0.070661,0.9725,twisted_surface
1.170767,-1.928484,-1.02634,-0.016669,0.809079,twisted_surface
1.154127,-1.843113,-1.004095,0.035024,0.547528,twisted_surface
1.145162,-1.797122,-0.934163,0.048735,0.270887,twisted_surface
1.307433,-1.797168,-0.845344,-0.000705,0.036408,twisted_surface
1.322246,-1.860807,-0.791384,-0.058218,0.008738,twisted_surface
1.333711,-1.908338,-0.758604,-0.089349,0.13704,twisted_surface
1.336459,-1.927277,-0.711459,-0.07261,0.380579,twisted_surface
1.338193,-1.948005,-0.636001,-0.019556,0.662034,twisted_surface
1.349542,-2.00238,-0.565404,0.033192,0.892044,twisted_surface
1.370959,-2.082455,-0.549558,0.049223,0.997583,twisted_surface
1.391932,-2.147751,-0.602365,0.01747,0.945143,twisted_surface
1.403173,-2.171937,-0.686957,-0.040147,0.751373,twisted_surface
1.407205,-2.173248,-0.755639,-0.083858,0.477794,twisted_surface
1.414686,-2.191926,-0.798494,-0.083488,0.211265,twisted_surface
1.430652,-2.240357,-0.845344,-0.039295,0.036408,twisted_surface
1.446888,-2.28426,-0.920809,0.018218,0.008738,twisted_surface
1.449678,-2.277751,-1.00697,0.049349,0.13704,twisted_surface
1.434357,-2.21272,-1.058644,0.03261,0.380579,twisted_surface
1.410091,-2.126355,-1.053879,-0.020444,0.662034,twisted_surface
1.389614,-2.059187,-1.02012,-0.073192,0.892044,twisted_surface
1.375959,-2.013117,-1.004274,-0.089223,0.997583,twisted_surface
1.361455,-1.957885,-1.020243,-0.05747,0.945143,twisted_surface
1.339689,-1.876925,-1.034142,0.000147,0.751373,twisted_surface
1.315856,-1.796991,-1.004005,0.043858,0.477794,twisted_surface
1.302872,-1.764905,-0.92792,0.043488,0.211265,twisted_surface
1.467704,-1.763199,-0.831425,-0.017557,0.014852,twisted_surface
1.484037,-1.822138,-0.781323,-0.07127,0.026471,twisted_surface
1.493251,-1.85769,-0.745137,-0.089593,0.188432,twisted_surface
1.491517,-1.869452,-0.688459,-0.059877,0.449314,twisted_surface
1.491405,-1.892664,-0.607539,-0.002635,0.726288,twisted_surface
1.506455,-1.952247,-0.543232,0.042621,0.931417,twisted_surface
1.535134,-2.03075,-0.541233,0.04465,0.999575,twisted_surface
1.562663,-2.087509,-0.603296,0.002053,0.90912,twisted_surface
1.578163,-2.105768,-0.685368,-0.055767,0.688773,twisted_surface
1.586636,-2.111528,-0.744763,-0.088898,0.408492,twisted_surface
1.601526,-2.141097,-0.78222,-0.07447,0.157264,twisted_surface
1.626587,-2.194888,-0.831425,-0.022443,0.014852,twisted_surface
1.648633,-2.23187,-0.910272,0.03127,0.026471,twisted_surface
1.650224,-2.21227,-0.992588,0.049593,0.188432,twisted_surface
1.628151,-2.140154,-1.034365,0.019877,0.449314,twisted_surface
1.596629,-2.057558,-1.023877,-0.037365,0.726288,twisted_surface
1.571747,-1.997975,-0.996273,-0.082621,0.931417,twisted_surface
1.555203,-1.953606,-0.994274,-0.08465,0.999575,twisted_surface
1.535883,-1.893742,-1.019634,-0.042053,0.90912,twisted_surface
1.506703,-1.811078,-1.031274,0.015767,0.688773,twisted_surface
1.476287,-1.739788,-0.992214,0.048898,0.408492,twisted_surface
1.461226,-1.722422,-0.911169,0.03447,0.157264,twisted_surface
1.628511,-1.714627,-0.808398,-0.034554,0.002739,twisted_surface
1.644916,-1.766075,-0.761366,-0.081277,0.053421,twisted_surface
1.6495,-1.790059,-0.720512,-0.085702,0.245889,twisted_surface
1.642404,-1.797589,-0.65494,-0.044774,0.519035,twisted_surface
1.641902,-1.825451,-0.571467,0.013255,0.786138,twisted_surface
1.662862,-1.8895,-0.51623,0.048329,0.962394,twisted_surface
1.699623,-1.96415,-0.528072,0.036237,0.991843,twisted_surface
1.732847,-2.01157,-0.596603,-0.014674,0.865135,twisted_surface
1.751744,-2.025484,-0.67325,-0.069261,0.6225,twisted_surface
1.765243,-2.037251,-0.722728,-0.089845,0.340972,twisted_surface
1.788894,-2.076365,-0.756053,-0.062216,0.109934,twisted_surface
1.823078,-2.131453,-0.808398,-0.005446,0.002739,twisted_surface
1.848638,-2.158064,-0.889592,0.041277,0.053421,twisted_surface
1.845873,-2.125455,-0.966575,0.045702,0.245889,twisted_surface
1.81552,-2.049219,-0.998907,0.004774,0.519035,twisted_surface
1.777735,-1.97293,-0.98547,-0.053255,0.786138,twisted_surface
1.750407,-1.920881,-0.966731,-0.088329,0.962394,twisted_surface
1.731789,-1.87689,-0.978573,-0.076237,0.991843,twisted_surface
1.707028,-1.812738,-1.010606,-0.025326,0.865135,twisted_surface
1.670031,-1.731188,-1.017217,0.029261,0.6225,twisted_surface
1.634257,-1.671334,-0.968791,0.049845,0.340972,twisted_surface
1.619245,-1.668471,-0.884279,0.022216,0.109934,twisted_surface
1.78776,-1.649921,-0.776514,-0.050686,0.000305,twisted_surface
1.802114,-1.691898,-0.731576,-0.087643,0.089064,twisted_surface
1.799966,-1.705843,-0.685109,-0.077908,0.308292,twisted_surface
1.78767,-1.712386,-0.611834,-0.0282,0.588386,twisted_surface
1.789051,-1.746346,-0.528822,0.027168,0.840419,twisted_surface
1.818002,-1.813283,-0.484807,0.049977,0.98437,twisted_surface
1.862926,-1.88175,-0.509599,0.024483,0.974538,twisted_surface
1.900536,-1.919643,-0.581446,-0.031718,0.814043,twisted_surface
1.922217,-1.931105,-0.650167,-0.079829,0.553842,twisted_surface
1.941713,-1.94986,-0.689748,-0.086642,0.276546,twisted_surface
1.975201,-1.99625,-0.720452,-0.047453,0.070195,twisted_surface
2.017572,-2.048401,-0.776514,0.010686,0.000305,twisted_surface
2.04357,-2.062153,-0.858896,0.047643,0.089064,twisted_surface
2.033504,-2.017877,-0.929433,0.037908,0.308292,twisted_surface
1.99437,-1.94092,-0.95337,-0.0118,0.588386,twisted_surface
1.952168,-1.872865,-0.939901,-0.067168,0.840419,twisted_surface
1.924321,-1.827538,-0.932124,-0.089977,0.98437,twisted_surface
1.903834,-1.782586,-0.956916,-0.064483,0.974538,twisted_surface
1.872718,-1.715093,-0.992524,-0.008282,0.814043,twisted_surface
1.827927,-1.637741,-0.991703,0.039829,0.553842,twisted_surface
1.788591,-1.591448,-0.934073,0.046642,0.276546,twisted_surface
1.775651,-1.601828,-0.847772,0.007453,0.070195,twisted_surface
1.942933,-1.567995,-0.736122,-0.064995,0.007596,twisted_surface
1.952728,-1.599573,-0.692191,-0.089991,0.132704,twisted_surface
1.942402,-1.605965,-0.639535,-0.066674,0.374426,twisted_surface
1.926187,-1.614655,-0.560205,-0.011139,0.656017,twisted_surface
1.932231,-1.6552,-0.480579,0.03828,0.888073,twisted_surface
1.970772,-1.722735,-0.449188,0.047469,0.996919,twisted_surface
2.023133,-1.782929,-0.485247,0.010086,0.947997,twisted_surface
2.063597,-1.811801,-0.557119,-0.048065,0.756839,twisted_surface
2.087872,-1.822817,-0.61596,-0.086843,0.484136,twisted_surface
2.114608,-1.848776,-0.646283,-0.079481,0.21647,twisted_surface
2.158468,-1.899388,-0.676012,-0.03106,0.038823,twisted_surface
2.20708,-1.944593,-0.736122,0.024995,0.007596,twisted_surface
2.229981,-1.944219,-0.818484,0.049991,0.132704,twisted_surface
2.2103,-1.890737,-0.881889,0.026674,0.374426,twisted_surface
2.163026,-1.816483,-0.898986,-0.028861,0.656017,twisted_surface
2.118825,-1.757733,-0.888341,-0.07828,0.888073,twisted_surface
2.092003,-1.717666,-0.892896,-0.087469,0.996919,twisted_surface
2.069181,-1.670669,-0.928956,-0.050086,0.947997,twisted_surface
2.03073,-1.601444,-0.96488,0.008065,0.756839,twisted_surface
1.978753,-1.531406,-0.954741,0.046843,0.484136,twisted_surface
1.938077,-1.499919,-0.888636,0.039481,0.21647,twisted_surface
1.928827,-1.521347,-0.802304,-0.00894,0.038823,twisted_surface
2.091212,-1.468343,-0.687664,-0.076631,0.024472,twisted_surface
2.093917,-1.489768,-0.643621,-0.088181,0.183494,twisted_surface
2.074934,-1.491755,-0.584596,-0.052667,0.443004,twisted_surface
2.057113,-1.505204,-0.501195,0.005397,0.720611,twisted_surface
2.070718,-1.551741,-0.427607,0.045929,0.928175,twisted_surface
2.119664,-1.61712,-0.409441,0.040952,0.999796,twisted_surface
2.178006,-1.667467,-0.454433,-0.006099,0.912736,twisted_surface
2.219841,-1.6885,-0.523108,-0.062745,0.694635,twisted_surface
2.247044,-1.700936,-0.570762,-0.089886,0.414739,twisted_surface
2.282324,-1.733432,-0.593015,-0.068786,0.161913,twisted_surface
2.336313,-1.784666,-0.623433,-0.01401,0.016427,twisted_surface
2.3883,-1.819539,-0.687664,0.036631,0.024472,twisted_surface
2.40452,-1.805125,-0.768823,0.048181,0.183494,twisted_surface
2.373889,-1.745726,-0.824857,0.012667,0.443004,twisted_surface
2.3202,-1.677212,-0.837049,-0.045397,0.720611,twisted_surface
2.276623,-1.627852,-0.831847,-0.085929,0.928175,twisted_surface
2.251706,-1.591168,-0.849317,-0.080952,0.999796,twisted_surface
2.225487,-1.541554,-0.894309,-0.033901,0.912736,twisted_surface
2.178916,-1.472827,-0.927348,0.022745,0.694635,twisted_surface
2.121028,-1.412976,-0.906617,0.049886,0.414739,twisted_surface
2.081425,-1.396513,-0.833276,0.028786,0.161913,twisted_surface
2.076808,-1.426083,-0.748635,-0.02599,0.016427,twisted_surface
2.229638,-1.351133,-0.631673,-0.084903,0.050603,twisted_surface
2.223101,-1.363794,-0.586436,-0.08232,0.240444,twisted_surface
2.196133,-1.364797,-0.521256,-0.036719,0.512692,twisted_surface
2.179814,-1.384741,-0.43597,0.020423,0.78091,twisted_surface
2.203568,-1.435627,-0.370653,0.049662,0.959942,twisted_surface
2.262778,-1.495961,-0.365507,0.030814,0.992945,twisted_surface
2.325101,-1.535622,-0.416617,-0.023109,0.869442,twisted_surface
2.367145,-1.55055,-0.479141,-0.074886,0.628643,twisted_surface
2.39813,-1.565862,-0.514997,-0.088777,0.347001,twisted_surface
2.44306,-1.603323,-0.530819,-0.055192,0.113936,twisted_surface
2.506,-1.651364,-0.563503,0.002685,0.003442,twisted_surface
2.557795,-1.673487,-0.631673,0.044903,0.050603,twisted_surface
2.564136,-1.64645,-0.710536,0.04232,0.240444,twisted_surface
2.522416,-1.584856,-0.759402,-0.003281,0.512692,twisted_surface
2.464911,-1.524374,-0.768869,-0.060423,0.78091,twisted_surface
2.424384,-1.483523,-0.771336,-0.089662,0.959942,twisted_surface
2.401422,-1.448239,-0.801512,-0.070814,0.992945,twisted_surface
2.370342,-1.396148,-0.852622,-0.016891,0.869442,twisted_surface
2.315318,-1.330624,-0.879823,0.034886,0.628643,twisted_surface
2.253433,-1.2833,-0.847896,0.048777,0.347001,twisted_surface
2.217215,-1.281018,-0.768965,0.015192,0.113936,twisted_surface
2.217305,-1.315426,-0.687603,-0.042685,0.003442,twisted_surface
2.355299,-1.217239,-0.568761,-0.089319,0.085481,twisted_surface
2.338119,-1.223494,-0.521355,-0.072757,0.302446,twisted_surface
2.305023,-1.226767,-0.450599,-0.019778,0.582133,twisted_surface
2.293743,-1.253822,-0.365684,0.033048,0.835743,twisted_surface
2.329542,-1.306549,-0.310338,0.049256,0.982757,twisted_surface
2.397881,-1.359176,-0.317249,0.017658,0.976499,twisted_surface
2.46193,-1.388174,-0.371367,-0.039934,0.818956,twisted_surface
2.503557,-1.399054,-0.42521,-0.083766,0.560147,twisted_surface
2.539576,-1.418042,-0.449362,-0.083582,0.282242,twisted_surface
2.59478,-1.458088,-0.460725,-0.039508,0.073473,twisted_surface
2.664514,-1.49929,-0.497073,0.018032,0.000123,twisted_surface
2.712183,-1.50747,-0.568761,0.049319,0.085481,twisted_surface
2.706242,-1.470372,-0.644387,0.032757,0.302446,twisted_surface
2.654561,-1.410293,-0.686695,-0.020222,0.582133,twisted_surface
2.596379,-1.359127,-0.695718,-0.073048,0.835743,twisted_surface
2.560758,-1.325102,-0.707572,-0.089256,0.982757,twisted_surface
2.538945,-1.289474,-0.749501,-0.057658,0.976499,twisted_surface
2.501415,-1.235863,-0.803619,-0.000066,0.818956,twisted_surface
2.438263,-1.176474,-0.822443,0.043766,0.560147,twisted_surface
2.374794,-1.143225,-0.779395,0.043582,0.282242,twisted_surface
2.343859,-1.153298,-0.696822,-0.000492,0.073473,twisted_surface
2.347782,-1.189219,-0.620105,-0.058032,0.000123,twisted_surface
2.465526,-1.068224,-0.499617,-0.089617,0.128428,twisted_surface
2.437345,-1.07109,-0.449227,-0.060059,0.368293,twisted_surface
2.401035,-1.079295,-0.373793,-0.00285,0.649975,twisted_surface
2.398326,-1.112859,-0.291442,0.042521,0.88404,twisted_surface
2.447076,-1.164356,-0.247158,0.044735,0.996176,twisted_surface
2.522527,-1.207182,-0.264488,0.002264,0.950779,twisted_surface
2.586115,-1.226393,-0.318399,-0.055576,0.762263,twisted_surface
2.627356,-1.235321,-0.361589,-0.088858,0.490481,twisted_surface
2.66985,-1.257959,-0.374799,-0.074609,0.22172,twisted_surface
2.735222,-1.297612,-0.383881,-0.022665,0.041312,twisted_surface
2.808695,-1.328886,-0.425038,0.031119,0.006534,twisted_surface
2.848345,-1.323273,-0.499617,0.049617,0.128428,twisted_surface
2.828841,-1.279508,-0.571263,0.020059,0.368293,twisted_surface
2.769491,-1.224198,-0.607979,-0.03715,0.649975,twisted_surface
2.713893,-1.182507,-0.618805,-0.082521,0.88404,twisted_surface
2.684187,-1.153108,-0.641177,-0.084735,0.996176,twisted_surface
2.661974,-1.115948,-0.693243,-0.042264,0.950779,twisted_surface
2.6166,-1.062565,-0.747154,0.015576,0.762263,twisted_surface
2.54641,-1.01217,-0.755609,0.048858,0.490481,twisted_surface
2.48403,-0.993564,-0.702162,0.034609,0.22172,twisted_surface
2.459583,-1.013394,-0.618067,-0.017335,0.041312,twisted_surface
2.465567,-1.04787,-0.547074,-0.071119,0.006534,twisted_surface
2.55807,-0.906252,-0.425,-0.085778,0.178606,twisted_surface
2.519741,-0.909006,-0.371007,-0.044982,0.436704,twisted_surface
2.483906,-0.923853,-0.292055,0.013059,0.714897,twisted_surface
2.49285,-0.962165,-0.214276,0.04828,0.924863,twisted_surface
2.554301,-1.00919,-0.181498,0.036369,0.999937,twisted_surface
2.634211,-1.040952,-0.207055,-0.014453,0.916285,twisted_surface
2.69553,-1.051982,-0.257622,-0.069103,0.700465,twisted_surface
2.73708,-1.060773,-0.288831,-0.089859,0.420999,twisted_surface
2.787394,-1.086142,-0.292463,-0.062393,0.166615,twisted_surface
2.861922,-1.122136,-0.301517,-0.005664,0.018079,twisted_surface
2.935402,-1.1413,-0.348318,0.041169,0.022549,twisted_surface
2.963616,-1.123351,-0.425,0.045778,0.178606,twisted_surface
2.930586,-1.076726,-0.492152,0.004982,0.436704,twisted_surface
2.866766,-1.028605,-0.52453,-0.053059,0.714897,twisted_surface
2.816708,-0.995464,-0.539249,-0.08828,0.924863,twisted_surface
2.79292,-0.968337,-0.57264,-0.076369,0.999937,twisted_surface
2.768258,-0.929257,-0.632679,-0.025547,0.916285,twisted_surface
2.714147,-0.878495,-0.683245,0.029103,0.700465,twisted_surface
2.638759,-0.839548,-0.679973,0.049859,0.420999,twisted_surface
2.5801,-0.835101,-0.617435,0.022393,0.166615,twisted_surface
2.562447,-0.861617,-0.533992,-0.034336,0.018079,twisted_surface
2.56801,-0.892409,-0.469463,-0.081169,0.022549,twisted_surface
2.631246,-0.733952,-0.345726,-0.078033,0.23504,twisted_surface
2.584847,-0.739682,-0.287738,-0.028421,0.506346,twisted_surface
2.553562,-0.761691,-0.206613,0.027004,0.775638,twisted_surface
2.57639,-0.802056,-0.135132,0.049983,0.957416,twisted_surface
2.64913,-0.841602,-0.113653,0.024654,0.993968,twisted_surface
2.730533,-0.862019,-0.144824,-0.031499,0.873688,twisted_surface
2.788407,-0.866961,-0.189156,-0.079714,0.634766,twisted_surface
2.831508,-0.876868,-0.207752,-0.08671,0.353056,twisted_surface
2.890592,-0.903215,-0.203677,-0.047658,0.118,twisted_surface
2.972292,-0.932365,-0.214909,0.010486,0.004226,twisted_surface
3.041701,-0.938392,-0.267847,0.047586,0.047857,twisted_surface
3.055939,-0.910689,-0.345726,0.038033,0.23504,twisted_surface
3.010775,-0.864952,-0.408122,-0.011579,0.506346,twisted_surface
2.94622,-0.825347,-0.437628,-0.067004,0.775638,twisted_surface
2.903966,-0.798939,-0.458062,-0.089983,0.957416,twisted_surface
2.885087,-0.771965,-0.502337,-0.064654,0.993968,twisted_surface
2.855755,-0.731504,-0.567773,-0.008501,0.873688,twisted_surface
2.792748,-0.686141,-0.612104,0.039714,0.634766,twisted_surface
2.714617,-0.660393,-0.596435,0.04671,0.353056,twisted_surface
2.66194,-0.668622,-0.526607,0.007658,0.118,twisted_surface
2.650402,-0.698659,-0.445923,-0.050486,0.004226,twisted_surface
2.65265,-0.724506,-0.38823,-0.087586,0.047857,twisted_surface
2.684033,-0.554239,-0.262664,-0.066839,0.296632,twisted_surface
2.632716,-0.565415,-0.200529,-0.011359,0.575866,twisted_surface
2.609984,-0.593837,-0.118686,0.038157,0.831013,twisted_surface
2.647777,-0.632963,-0.054855,0.047528,0.981066,twisted_surface
2.729379,-0.662642,-0.043849,0.010286,0.978384,twisted_surface
2.809369,-0.672425,-0.077752,-0.047861,0.823818,twisted_surface
2.863395,-0.673543,-0.113351,-0.086777,0.566443,twisted_surface
2.909611,-0.68504,-0.119412,-0.079598,0.287972,twisted_surface
2.977747,-0.709962,-0.109898,-0.031279,0.076819,twisted_surface
3.063741,-0.729552,-0.125347,0.024825,0.000023,twisted_surface
3.125057,-0.722695,-0.184556,0.049987,0.081966,twisted_surface
3.123969,-0.688611,-0.262664,0.026839,0.296632,twisted_surface
3.069291,-0.647005,-0.320301,-0.028641,0.575866,twisted_surface
3.007829,-0.616035,-0.348527,-0.078157,0.831013,twisted_surface
2.97466,-0.593971,-0.376144,-0.087528,0.981066,twisted_surface
2.958818,-0.565619,-0.430558,-0.050286,0.978384,twisted_surface
2.922778,-0.52523,-0.498551,0.007861,0.823818,twisted_surface
2.851585,-0.488103,-0.53415,0.046777,0.566443,twisted_surface
2.773539,-0.476377,-0.506121,0.039598,0.287972,twisted_surface
2.728436,-0.49498,-0.431187,-0.008721,0.076819,twisted_surface
2.721389,-0.525668,-0.355188,-0.064825,0.000023,twisted_surface
2.7174,-0.546427,-0.304328,-0.089987,0.081966,twisted_surface
2.716102,-0.37012,-0.176725,-0.052863,0.362181,twisted_surface
2.663801,-0.388241,-0.110528,0.005189,0.643908,twisted_surface
2.653088,-0.421134,-0.029452,0.045854,0.879945,twisted_surface
2.705628,-0.455556,0.025809,0.041061,0.995352,twisted_surface
2.79292,-0.473896,0.027733,-0.005881,0.953489,twisted_surface
2.869001,-0.474616,-0.005907,-0.062569,0.767645,twisted_surface
2.919571,-0.474004,-0.03079,-0.089873,0.496827,twisted_surface
2.970496,-0.486684,-0.025085,-0.068945,0.227015,twisted_surface
3.047098,-0.507416,-0.012666,-0.014231,0.043875,twisted_surface
3.133817,-0.515541,-0.034108,0.0365,0.005551,twisted_surface
3.183505,-0.497303,-0.099363,0.048231,0.124211,twisted_surface
3.167119,-0.460581,-0.176725,0.012863,0.362181,twisted_surface
3.106493,-0.425459,-0.229853,-0.045189,0.643908,twisted_surface
3.05159,-0.402094,-0.258435,-0.085854,0.879945,twisted_surface
3.027657,-0.3818,-0.294281,-0.081061,0.995352,twisted_surface
3.012386,-0.3514,-0.357533,-0.034119,0.953489,twisted_surface
2.968123,-0.313304,-0.425136,0.022569,0.767645,twisted_surface
2.890321,-0.286944,-0.450019,0.049873,0.496827,twisted_surface
2.815243,-0.289031,-0.41035,0.028945,0.227015,twisted_surface
2.778419,-0.315182,-0.332756,-0.025769,0.043875,twisted_surface
2.773479,-0.344301,-0.263091,-0.0765,0.005551,twisted_surface
2.760701,-0.360929,-0.218688,-0.088231,0.124211,twisted_surface
2.727788,-0.184498,-0.088849,-0.036935,0.430413,twisted_surface
2.67881,-0.209859,-0.018908,0.020241,0.70915,twisted_surface
2.682641,-0.244331,0.059968,0.049639,0.921482,twisted_surface
2.748419,-0.270857,0.106215,0.030967,0.999997,twisted_surface
2.837852,-0.277463,0.100932,-0.022887,0.919767,twisted_surface
2.908211,-0.271306,0.070505,-0.074748,0.706263,twisted_surface
2.9564,-0.270566,0.057712,-0.088818,0.427272,twisted_surface
3.01334,-0.283168,0.073776,-0.055384,0.171372,twisted_surface
3.096877,-0.296942,0.086434,0.002474,0.019809,twisted_surface
3.180381,-0.292768,0.057574,0.044819,0.020703,twisted_surface
3.215789,-0.265712,-0.013168,0.042421,0.17377,twisted_surface
3.185532,-0.229995,-0.088849,-0.003065,0.430413,twisted_surface
3.123077,-0.20256,-0.137961,-0.060241,0.70915,twisted_surface
3.077439,-0.184828,-0.168493,-0.089639,0.921482,twisted_surface
3.061762,-0.163971,-0.213145,-0.070967,0.999997,twisted_surface
3.044357,-0.131852,-0.283455,-0.017113,0.919767,twisted_surface
2.991147,-0.098767,-0.347767,0.034748,0.706263,twisted_surface
2.909049,-0.085078,-0.360561,0.048818,0.427272,twisted_surface
2.839538,-0.099758,-0.31061,0.015384,0.171372,twisted_surface
2.810703,-0.130468,-0.232926,-0.042474,0.019809,twisted_surface
2.805021,-0.156717,-0.170887,-0.084819,0.020703,twisted_surface
2.781651,-0.171106,-0.13222,-0.082421,0.17377,twisted_surface
0.059301,0,2.069033,0.129486,0.994296,wave_shell
-0.076742,-0.070302,2.094256,0.159214,0.976977,wave_shell
0.011842,0.134931,2.108962,0.177917,0.850161,wave_shell
0.096806,-0.126266,2.09143,0.162568,0.633992,wave_shell
-0.172696,0.030548,2.030908,0.10163,0.380362,wave_shell
0.155696,0.099041,1.930783,-0.001502,0.155459,wave_shell
-0.048837,-0.181672,1.8087,-0.12826,0.020564,wave_shell
-0.087222,0.16794,1.691973,-0.249686,0.014121,wave_shell
0.180198,-0.065808,1.609416,-0.335054,0.139952,wave_shell
-0.184498,-0.076158,1.582213,-0.361598,0.365117,wave_shell
0.090988,0.194436,1.616875,-0.322108,0.628282,wave_shell
0.070884,-0.225991,1.702712,-0.227735,0.85646,wave_shell
-0.227961,0.132108,1.814807,-0.104944,0.985479,wave_shell
0.283475,0.062321,1.92163,0.012546,0.978376,wave_shell
-0.17979,-0.255732,1.99485,0.094259,0.836328,wave_shell
-0.042067,0.324627,2.018145,0.122468,0.598841,wave_shell
0.255192,-0.215076,1.992064,0.09753,0.332937,wave_shell
-0.333646,-0.013797,1.933298,0.037231,0.114267,wave_shell
0.235477,0.234331,1.868537,-0.029726,0.0055,wave_shell
-0.015404,-0.333122,1.824949,-0.073954,0.038194,wave_shell
-0.218773,0.262163,1.820435,-0.075941,0.203442,wave_shell
0.353914,-0.047619,1.857,-0.033323,0.454126,wave_shell
-0.310317,-0.215911,1.919557,0.03769,0.718249,wave_shell
0.087596,0.389375,1.980733,0.107409,0.919591,wave_shell
0.20585,-0.359236,2.010202,0.142748,0.999768,wave_shell
-0.397926,0.126949,1.985546,0.119065,0.935269,wave_shell
0.37049,0.171176,1.901001,0.029789,0.744482,wave_shell
-0.149702,-0.357705,1.771053,-0.109499,0.482565,wave_shell
-0.12291,0.341721,1.627447,-0.26419,0.225561,wave_shell
0.303848,-0.159694,1.510288,-0.390277,0.048325,wave_shell
-0.32571,-0.085856,1.455889,-0.447669,0.002678,wave_shell
0.189068,0.294044,1.485132,-0.41304,0.102164,wave_shell
0.064711,-0.376535,1.596112,-0.288078,0.317943,wave_shell
-0.339226,0.262716,1.763532,-0.100345,0.587074,wave_shell
0.479191,0.0397,1.945262,0.103796,0.830831,wave_shell
-0.356989,-0.385895,2.094208,0.272198,0.977741,wave_shell
0.0027,0.553454,2.171926,0.362007,0.984581,wave_shell
0.375248,-0.413656,2.159814,0.352177,0.849165,wave_shell
-0.539208,0.049974,2.064407,0.249535,0.611109,wave_shell
0.405784,0.307976,1.915106,0.086459,0.340297,wave_shell
-0.084705,-0.465614,1.755034,-0.089147,0.116386,wave_shell
-0.236933,0.376511,1.627845,-0.228489,0.005369,wave_shell
0.417788,-0.114498,1.564605,-0.296591,0.04008,wave_shell
-0.392911,-0.201635,1.574811,-0.282464,0.210429,wave_shell
0.162317,0.437821,1.644357,-0.201592,0.466276,wave_shell
0.188704,-0.463548,1.740994,-0.089973,0.732156,wave_shell
-0.47996,0.227462,1.825504,0.008314,0.929518,wave_shell
0.524682,0.161765,1.864965,0.05603,0.999956,wave_shell
-0.277661,-0.47378,1.843808,0.035334,0.922527,wave_shell
-0.111888,0.521041,1.76909,-0.046096,0.720026,wave_shell
0.414294,-0.294295,1.668235,-0.157428,0.452322,wave_shell
-0.48286,-0.060178,1.579937,-0.254836,0.19868,wave_shell
0.310981,0.365353,1.541104,-0.296254,0.034298,wave_shell
0.018049,-0.494942,1.574064,-0.255976,0.007992,wave_shell
-0.374524,0.380045,1.678196,-0.134329,0.127665,wave_shell
0.586698,-0.029998,1.82881,0.040836,0.35789,wave_shell
-0.496247,-0.410024,1.983794,0.221551,0.630367,wave_shell
0.094926,0.680384,2.096106,0.353889,0.864164,wave_shell
0.399472,-0.580157,2.128263,0.394573,0.989763,wave_shell
-0.672289,0.154692,2.06432,0.324828,0.969749,wave_shell
0.562284,0.318568,1.915527,0.157101,0.809989,wave_shell
-0.180523,-0.556465,1.717796,-0.067628,0.557948,wave_shell
-0.217052,0.475866,1.521636,-0.291247,0.288611,wave_shell
0.439901,-0.186628,1.377564,-0.455268,0.082184,wave_shell
-0.435992,-0.154419,1.321432,-0.517841,0.000205,wave_shell
0.226198,0.425332,1.364128,-0.465845,0.067172,wave_shell
0.132691,-0.513536,1.488796,-0.318338,0.263194,wave_shell
-0.499101,0.32437,1.656389,-0.12036,0.529873,wave_shell
0.649875,0.108426,1.817776,0.071004,0.787681,wave_shell
-0.434374,-0.555259,1.928642,0.203932,0.95967,wave_shell
-0.056209,0.721203,1.962549,0.247202,0.994456,wave_shell
0.520943,-0.486659,1.918173,0.198832,0.881588,wave_shell
-0.681372,0.006648,1.818542,0.085423,0.654716,wave_shell
0.478457,0.429796,1.702665,-0.047454,0.381582,wave_shell
-0.059635,-0.610996,1.612306,-0.150695,0.143807,wave_shell
-0.363799,0.484224,1.578164,-0.187938,0.012496,wave_shell
0.612065,-0.114435,1.60988,-0.14747,0.026964,wave_shell
-0.560237,-0.348746,1.693052,-0.045965,0.182941,wave_shell
0.189574,0.678721,1.794186,0.077163,0.43381,wave_shell
0.335024,-0.66075,1.871973,0.172963,0.70452,wave_shell
-0.705775,0.26558,1.891267,0.1995,0.914032,wave_shell
0.684138,0.274621,1.835254,0.136406,0.999583,wave_shell
-0.299705,-0.624506,1.711867,-0.007286,0.935502,wave_shell
-0.183462,0.60553,1.552305,-0.194682,0.740934,wave_shell
0.495156,-0.293444,1.402003,-0.3716,0.474142,wave_shell
-0.528842,-0.110867,1.306819,-0.483003,0.215073,wave_shell
0.315325,0.439343,1.298703,-0.490197,0.041402,wave_shell
0.06903,-0.576804,1.38535,-0.383413,0.00524,wave_shell
-0.495387,0.425848,1.54711,-0.185771,0.117479,wave_shell
0.740342,0.023383,1.742191,0.052735,0.344491,wave_shell
-0.587788,-0.573623,1.918628,0.269485,0.618192,wave_shell
0.048921,0.873237,2.029395,0.407426,0.856444,wave_shell
0.562087,-0.687085,2.04605,0.431672,0.987711,wave_shell
-0.850173,0.122846,1.966781,0.339459,0.972547,wave_shell
0.65994,0.449678,1.816434,0.160446,0.815462,wave_shell
-0.166045,-0.705853,1.638602,-0.052662,0.563602,wave_shell
-0.322637,0.575999,1.482271,-0.240225,0.29261,wave_shell
0.590549,-0.194769,1.387186,-0.353507,0.083917,wave_shell
-0.564576,-0.254194,1.372431,-0.368761,0.000263,wave_shell
0.256773,0.597119,1.431668,-0.293275,0.066831,wave_shell
0.23111,-0.662779,1.536367,-0.16166,0.263645,wave_shell
-0.666302,0.358529,1.645849,-0.023717,0.531553,wave_shell
0.771682,0.195381,1.720855,0.072173,0.789992,wave_shell
-0.443673,-0.675435,1.736286,0.094792,0.961214,wave_shell
-0.126358,0.780803,1.689083,0.039988,0.993679,wave_shell
0.590994,-0.466994,1.598799,-0.068398,0.877583,wave_shell
-0.709408,-0.05181,1.500739,-0.186802,0.647833,wave_shell
0.469168,0.497334,1.433944,-0.266725,0.373564,wave_shell
-0.010023,-0.684801,1.42789,-0.271252,0.137342,wave_shell
-0.478498,0.537929,1.492201,-0.187991,0.010308,wave_shell
0.778576,-0.079827,1.612705,-0.034208,0.030748,wave_shell
-0.687479,-0.511278,1.755156,0.147575,0.192537,wave_shell
0.173641,0.904291,1.875511,0.302265,0.446965,wave_shell
0.500616,-0.813019,1.93358,0.37923,0.717391,wave_shell
-0.9103,0.25905,1.905783,0.348397,0.922323,wave_shell
0.800664,0.401067,1.793008,0.210332,0.999981,wave_shell
-0.290464,-0.760625,1.62107,-0.002917,0.926928,wave_shell
-0.266449,0.673262,1.433573,-0.236581,0.725158,wave_shell
0.584422,-0.283984,1.27932,-0.428922,0.455484,wave_shell
-0.586463,-0.174566,1.198104,-0.529219,0.199217,wave_shell
0.319186,0.532653,1.209201,-0.512484,0.033654,wave_shell
0.135147,-0.660693,1.30604,-0.386482,0.008754,wave_shell
-0.613045,0.444541,1.45861,-0.188935,0.132057,wave_shell
0.841536,0.096551,1.622777,0.02412,0.366388,wave_shell
-0.603301,-0.69493,1.753588,0.195209,0.641052,wave_shell
-0.025608,0.959082,1.818443,0.282299,0.873162,wave_shell
0.66575,-0.688881,1.80613,0.270545,0.992647,wave_shell
-0.920286,0.056062,1.729059,0.175403,0.963418,wave_shell
0.674052,0.545958,1.618179,0.036339,0.794271,wave_shell
-0.120477,-0.805983,1.512338,-0.096706,0.536257,wave_shell
-0.437748,0.649216,1.445541,-0.1797,0.267279,wave_shell
0.760319,-0.182776,1.43618,-0.188544,0.068576,wave_shell
-0.70937,-0.392808,1.481577,-0.12632,0.00018,wave_shell
0.272681,0.813419,1.559511,-0.021557,0.082777,wave_shell
0.36737,-0.826694,1.636101,0.081827,0.291435,wave_shell
-0.854612,0.37245,1.677475,0.139609,0.563126,wave_shell
0.877727,0.301268,1.661402,0.122478,0.815754,wave_shell
-0.425479,-0.781562,1.585164,0.026472,0.972963,wave_shell
-0.199243,0.803386,1.467094,-0.12477,0.987217,wave_shell
0.633607,-0.420636,1.341281,-0.286731,0.854186,wave_shell
-0.702032,-0.110099,1.247058,-0.407667,0.614065,wave_shell
0.434594,0.54451,1.216586,-0.44493,0.339444,wave_shell
0.049459,-0.725956,1.264418,-0.378832,0.113361,wave_shell
-0.578813,0.551394,1.382356,-0.219671,0.004199,wave_shell
0.89547,-0.017476,1.541227,-0.005641,0.04499,wave_shell
-0.744544,-0.655809,1.699098,0.207831,0.22342,wave_shell
0.113692,1.057978,1.813417,0.364096,0.485529,wave_shell
0.647839,-0.880036,1.853402,0.421791,0.752028,wave_shell
-1.051435,0.207219,1.808901,0.366817,0.94228,wave_shell
0.860765,0.524242,1.693084,0.216186,0.998703,wave_shell
-0.256127,-0.883632,1.538198,0.012618,0.904202,wave_shell
-0.369339,0.746395,1.385785,-0.188369,0.687359,wave_shell
0.717481,-0.278006,1.274398,-0.334876,0.413794,wave_shell
-0.694319,-0.270873,1.228581,-0.393513,0.166314,wave_shell
0.336953,0.684909,1.252417,-0.35828,0.019847,wave_shell
0.228434,-0.781358,1.329492,-0.250872,0.018754,wave_shell
-0.751878,0.455555,1.429086,-0.112537,0.163384,wave_shell
0.919116,0.183341,1.516512,0.009778,0.409958,wave_shell
-0.573955,-0.783443,1.564246,0.078537,0.683812,wave_shell
-0.106215,0.967424,1.560368,0.077187,0.902003,wave_shell
0.712226,-0.624435,1.51169,0.014647,0.998432,wave_shell
-0.906647,-0.019783,1.440734,-0.07861,0.943871,wave_shell
0.629323,0.602282,1.377626,-0.161455,0.754832,wave_shell
-0.056299,-0.855394,1.349615,-0.196406,0.488575,wave_shell
-0.547503,0.682744,1.371614,-0.162674,0.22577,wave_shell
0.912635,-0.140975,1.440827,-0.063729,0.046057,wave_shell
-0.823224,-0.549254,1.537178,0.073069,0.00391,wave_shell
0.251288,1.023323,1.629435,0.204716,0.112119,wave_shell
0.525564,-0.960135,1.685076,0.286096,0.337903,wave_shell
-1.038055,0.353628,1.68079,0.284547,0.612832,wave_shell
0.966443,0.423839,1.610295,0.190855,0.853566,wave_shell
-0.395416,-0.895358,1.486976,0.023162,0.987113,wave_shell
-0.283625,0.839643,1.340496,-0.177518,0.97297,wave_shell
0.702865,-0.387093,1.208376,-0.358866,0.815409,wave_shell
-0.729191,-0.177071,1.125102,-0.472412,0.562195,wave_shell
0.415043,0.618612,1.112096,-0.487675,0.290111,wave_shell
0.118318,-0.779258,1.171558,-0.400996,0.081675,wave_shell
-0.676503,0.545367,1.286029,-0.236411,0.000118,wave_shell
0.964229,0.060968,1.423726,-0.038378,0.070191,wave_shell
-0.7314,-0.760309,1.547966,0.141366,0.270655,wave_shell
0.027173,1.113824,1.627769,0.258775,0.540704,wave_shell
0.743913,-0.852923,1.646431,0.289749,0.798412,wave_shell
-1.101437,0.1238,1.60554,0.236047,0.965582,wave_shell
0.853567,0.621957,1.523366,0.123243,0.991479,wave_shell
-0.197044,-0.974718,1.428304,-0.00842,0.86823,wave_shell
-0.486882,0.808272,1.349547,-0.117243,0.633223,wave_shell
0.880826,-0.259978,1.307977,-0.173131,0.357775,wave_shell
-0.829927,-0.405646,1.310091,-0.166429,0.125488,wave_shell
0.348883,0.887524,1.346795,-0.109873,0.006876,wave_shell
0.356578,-0.92734,1.397275,-0.03321,0.037957,wave_shell
-0.918194,0.457298,1.436596,0.027614,0.20931,wave_shell
0.995497,0.285775,1.444475,0.043117,0.468924,wave_shell
-0.5312,-0.867155,1.412394,0.000663,0.73798,wave_shell
-0.185813,0.95579,1.346743,-0.090796,0.934783,wave_shell
0.739352,-0.547216,1.266998,-0.20316,0.999563,wave_shell
-0.869691,-0.091194,1.199541,-0.298024,0.912636,wave_shell
0.567294,0.640719,1.169078,-0.339124,0.700387,wave_shell
0.01482,-0.874856,1.19042,-0.304425,0.427271,wave_shell
-0.641315,0.676686,1.263214,-0.193989,0.176238,wave_shell
1.01373,-0.071688,1.37135,-0.031082,0.023543,wave_shell
-0.866707,-0.688107,1.487234,0.143907,0.01558,wave_shell
0.185861,1.165503,1.57967,0.284939,0.154781,wave_shell
0.670767,-1.016049,1.62293,0.353705,0.398867,wave_shell
-1.172095,0.29389,1.60426,0.330839,0.673687,wave_shell
1.016081,0.549763,1.527561,0.221587,0.89574,wave_shell
-0.350736,-1.013345,1.412165,0.054232,0.997547,wave_shell
-0.389746,0.900624,1.28714,-0.128179,0.948161,wave_shell
0.826515,-0.369842,1.182884,-0.280257,0.762578,wave_shell
-0.818753,-0.272126,1.122588,-0.36705,0.497189,wave_shell
0.419154,0.75237,1.116098,-0.373368,0.232647,wave_shell
0.207442,-0.872806,1.157939,-0.30696,0.049361,wave_shell
-0.791863,0.536902,1.229944,-0.194781,0.003049,wave_shell
1.010286,0.148358,1.307515,-0.07373,0.1078,wave_shell
-0.676989,-0.83144,1.367463,0.02113,0.331782,wave_shell
-0.063948,1.096246,1.394959,0.067126,0.606911,wave_shell
0.786541,-0.764057,1.38747,0.060106,0.849542,wave_shell
-1.074347,0.031455,1.354581,0.014348,0.985901,wave_shell
0.792145,0.684128,1.313921,-0.043466,0.97452,wave_shell
-0.119732,-1.020375,1.284619,-0.084141,0.818846,wave_shell
-0.601398,0.833869,1.280487,-0.086386,0.566209,wave_shell
1.030158,-0.213487,1.305154,-0.044385,0.293432,wave_shell
-0.939033,-0.559424,1.350697,0.029938,0.083471,wave_shell
0.327334,1.08943,1.400191,0.110669,0.000188,wave_shell
0.508219,-1.052774,1.43332,0.166433,0.068924,wave_shell
-1.090072,0.434655,1.433236,0.170965,0.268783,wave_shell
1.070326,0.405576,1.392445,0.112302,0.538978,wave_shell
-0.488811,-0.969587,1.315827,-0.002361,0.797323,wave_shell
-0.274084,0.972638,1.219804,-0.147772,0.965223,wave_shell
0.797454,-0.493869,1.127873,-0.287403,0.991592,wave_shell
-0.8727,-0.165246,1.063868,-0.383894,0.868398,wave_shell
0.524472,0.70144,1.044994,-0.409966,0.633113,wave_shell
0.090082,-0.901467,1.076758,-0.356509,0.35732,wave_shell
-0.724914,0.648176,1.151314,-0.235376,0.124937,wave_shell
1.059538,0.012778,1.249698,-0.076087,0.006681,wave_shell
-0.836152,-0.784738,1.347226,0.08253,0.038547,wave_shell
0.091518,1.210221,1.420412,0.203218,0.210847,wave_shell
0.770348,-0.980074,1.453332,0.260413,0.471152,wave_shell
-1.224792,0.201447,1.441562,0.246656,0.740243,wave_shell
1.007784,0.658274,1.392632,0.17351,0.936216,wave_shell
-0.284617,-1.112088,1.323005,0.066928,0.999416,wave_shell
-0.514506,0.962103,1.252629,-0.041317,0.910598,wave_shell
0.988847,-0.347668,1.198841,-0.123376,0.696787,wave_shell
-0.945599,-0.403744,1.171487,-0.163221,0.423066,wave_shell
0.425869,0.939404,1.170708,-0.160345,0.172761,wave_shell
0.326494,-0.99858,1.187935,-0.128331,0.022078,wave_shell
-0.935533,0.527193,1.209611,-0.08896,0.016902,wave_shell
1.060974,0.246702,1.222334,-0.063964,0.158817,wave_shell
-0.615674,-0.898573,1.21768,-0.067154,0.40462,wave_shell
-0.150738,1.062531,1.195149,-0.099532,0.679471,wave_shell
0.809165,-0.665443,1.16231,-0.148915,0.899676,wave_shell
-1.02286,-0.054662,1.132134,-0.194151,0.998174,wave_shell
0.71131,0.72513,1.118438,-0.212515,0.944961,wave_shell
-0.0352,-1.030405,1.130937,-0.187827,0.756234,wave_shell
-0.696752,0.814763,1.171531,-0.116667,0.489465,wave_shell
1.124232,-0.137482,1.233038,-0.010596,0.225899,wave_shell
-0.976195,-0.696832,1.300826,0.106364,0.045816,wave_shell
0.260821,1.228375,1.356843,0.204294,0.004073,wave_shell
0.65304,-1.108436,1.384837,0.256003,0.113394,wave_shell
-1.226277,0.374984,1.37516,0.245075,0.340485,wave_shell
1.12178,0.5348,1.327703,0.170902,0.616174,wave_shell
-0.44103,-1.090566,1.252081,0.049171,0.856476,wave_shell
-0.384298,1.029299,1.16503,-0.092318,0.988179,wave_shell
0.91555,-0.467184,1.085831,-0.221232,0.971152,wave_shell
-0.944288,-0.26113,1.031113,-0.309411,0.810574,wave_shell
0.511463,0.816933,1.010589,-0.340139,0.555365,wave_shell
0.177834,-0.964905,1.024907,-0.311922,0.283281,wave_shell
-0.817474,0.617471,1.066152,-0.237807,0.07723,wave_shell
1.076094,0.102232,1.120721,-0.140649,0.000004,wave_shell
-0.761438,-0.843269,1.173591,-0.045941,0.075143,wave_shell
-0.008462,1.178338,1.212637,0.025545,0.279756,wave_shell
0.817851,-0.879999,1.231693,0.06307,0.551494,wave_shell
-1.201814,0.096781,1.231536,0.06773,0.807543,wave_shell
0.94509,0.73542,1.218614,0.050411,0.969863,wave_shell
-0.198137,-1.169025,1.202097,0.026802,0.988976,wave_shell
-0.639627,0.989749,1.190296,0.011246,0.85905,wave_shell
1.141922,-0.298196,1.187652,0.011513,0.61968,wave_shell
-1.052306,-0.556159,1.193283,0.026177,0.343824,wave_shell
0.404515,1.132842,1.201495,0.045413,0.115572,wave_shell
0.469683,-1.115065,1.204045,0.054842,0.004506,wave_shell
-1.093839,0.502327,1.193347,0.041102,0.04449,wave_shell
1.123344,0.36123,1.165534,-0.002767,0.223343,wave_shell
-0.564754,-0.990854,1.12234,-0.073926,0.486544,wave_shell
-0.242249,1.065355,1.071164,-0.159513,0.753851,wave_shell
0.861286,-0.596321,1.023258,-0.239725,0.943765,wave_shell
-1.008496,-0.138057,0.990586,-0.293308,0.998376,wave_shell
0.647346,0.779379,0.982312,-0.303778,0.901028,wave_shell
0.050301,-1.036092,1.002003,-0.264467,0.681396,wave_shell
-0.772466,0.765174,1.046383,-0.180862,0.406447,wave_shell
1.152668,-0.045007,1.106034,-0.069508,0.160022,wave_shell
-0.932963,-0.789985,1.167799,0.046184,0.017271,wave_shell
0.161569,1.269757,1.218195,0.141983,0.021731,wave_shell
0.758738,-1.073961,1.246819,0.19898,0.172048,wave_shell
-1.291741,0.280868,1.248792,0.208068,0.422387,wave_shell
1.125166,0.655523,1.225597,0.171578,0.6964,wave_shell
-0.375172,-1.205825,1.184155,0.101752,0.910515,wave_shell
-0.517261,1.098757,1.134536,0.016684,0.999423,wave_shell
1.080574,-0.443135,1.087038,-0.06493,0.936,wave_shell
-1.062243,-0.390705,1.049543,-0.128639,0.739584,wave_shell
0.509526,0.98661,1.02588,-0.167282,0.470084,wave_shell
0.288889,-1.064863,1.015582,-0.181527,0.209706,wave_shell
-0.935226,0.591893,1.01497,-0.177978,0.03788,wave_shell
1.097894,0.196811,1.01907,-0.165699,0.007026,wave_shell
-0.682186,-0.894048,1.023663,-0.152445,0.126565,wave_shell
-0.101581,1.127638,1.026775,-0.141876,0.360033,wave_shell
0.841658,-0.76747,1.02914,-0.132646,0.636206,wave_shell
-1.148162,-0.002644,1.033544,-0.119559,0.870826,wave_shell
0.856019,0.787818,1.043346,-0.096299,0.992309,wave_shell
-0.101064,-1.182846,1.06073,-0.058686,0.963582,wave_shell
-0.744043,0.965857,1.085333,-0.007295,0.793405,wave_shell
1.237087,-0.215886,1.11374,0.051537,0.533699,wave_shell
-1.087056,-0.695018,1.14006,0.106724,0.263706,wave_shell
0.338395,1.270477,1.157415,0.145191,0.065815,wave_shell
0.612252,-1.172244,1.159896,0.155575,0.000416,wave_shell
-1.231232,0.446433,1.144376,0.131693,0.087472,wave_shell
1.179188,0.489933,1.111612,0.074728,0.300422,wave_shell
-0.51853,-1.11475,1.066309,-0.006563,0.574282,wave_shell
-0.354522,1.121222,1.016105,-0.097695,0.825475,wave_shell
0.975972,-0.562597,0.969781,-0.181828,0.977337,wave_shell
-1.064439,-0.236585,0.93521,-0.243704,0.983514,wave_shell
0.615596,0.879922,0.917601,-0.273056,0.842116,wave_shell
0.141123,-1.0697,0.918516,-0.266598,0.596295,wave_shell
-0.845368,0.709153,0.935834,-0.228172,0.321078,wave_shell
1.140538,0.049796,0.964623,-0.167152,0.100472,wave_shell
-0.838899,-0.838671,0.998568,-0.095719,0.001818,wave_shell
0.053983,1.228764,1.031515,-0.025862,0.055234,wave_shell
0.814083,-0.970988,1.058708,0.033045,0.244421,wave_shell
-1.283162,0.16964,1.077415,0.075529,0.511631,wave_shell
1.074107,0.751013,1.086901,0.099999,0.775293,wave_shell
-0.286034,-1.285266,1.087867,0.107703,0.954915,wave_shell
-0.655985,1.138693,1.081674,0.101209,0.995657,wave_shell
1.243606,-0.393591,1.069649,0.083052,0.885076,wave_shell
-1.168527,-0.543158,1.052727,0.055003,0.656927,wave_shell
0.486584,1.17023,1.031499,0.018168,0.380863,wave_shell
0.422847,-1.167175,1.006588,-0.026271,0.141172,wave_shell
-1.074235,0.561434,0.979135,-0.07608,0.011038,wave_shell
1.142146,0.303881,0.951137,-0.127263,0.030201,wave_shell
-0.622062,-0.972365,0.925466,-0.174011,0.192815,wave_shell
-0.194586,1.116825,0.905476,-0.209469,0.449229,wave_shell
0.890164,-0.686119,0.89431,-0.227137,0.72115,wave_shell
-1.123814,-0.095712,0.894098,-0.222513,0.925542,wave_shell
0.77652,0.843283,0.905309,-0.194452,0.999987,wave_shell
-0.003032,-1.177565,0.926458,-0.145806,0.921747,wave_shell
-0.820122,0.899892,0.95429,-0.083117,0.714711,wave_shell
1.25557,-0.11345,0.984372,-0.015423,0.442101,wave_shell
-1.034461,-0.78888,1.011961,0.047483,0.18717,wave_shell
0.235543,1.311903,1.032883,0.096888,0.027778,wave_shell
0.72306,-1.143165,1.044226,0.126605,0.012607,wave_shell
-1.310899,0.356019,1.044682,0.133733,0.146296,wave_shell
1.199919,0.619274,1.034523,0.118648,0.388018,wave_shell
-0.459541,-1.248347,1.015287,0.084397,0.663945,wave_shell
-0.493375,1.204015,0.989329,0.035777,0.8898,wave_shell
1.145842,-0.539808,0.959392,-0.021533,0.996593,wave_shell
-1.174831,-0.365178,0.928309,-0.081606,0.9517,wave_shell
0.602243,1.033068,0.898849,-0.138571,0.76883,wave_shell
0.247589,-1.140178,0.873669,-0.186741,0.50384,wave_shell
-0.936213,0.661803,0.85523,-0.22077,0.237673,wave_shell
1.128929,0.143338,0.845632,-0.236035,0.05164,wave_shell
-0.739013,-0.872285,0.846286,-0.229331,0.002574,wave_shell
-0.045056,1.16202,0.857526,-0.199748,0.105467,wave_shell
0.841161,-0.849639,0.878255,-0.149456,0.328891,wave_shell
-1.236383,0.060362,0.905808,-0.084058,0.604593,wave_shell
0.988152,0.820297,0.936152,-0.012198,0.848342,wave_shell
-0.180502,-1.315889,0.964459,0.055642,0.985669,wave_shell
-0.775619,1.120903,0.985968,0.108999,0.974613,wave_shell
1.349071,-0.307148,0.996939,0.139527,0.818547,wave_shell
-1.205093,-0.686429,0.995444,0.142781,0.565153,wave_shell
0.420718,1.307119,0.981783,0.119172,0.291848,wave_shell
0.561238,-1.222995,0.958369,0.07381,0.082142,wave_shell
-1.206804,0.508711,0.929125,0.015214,0.000113,wave_shell
1.197538,0.42725,0.898541,-0.046723,0.07083,wave_shell
-0.578236,-1.093358,0.870673,-0.102964,0.272688,wave_shell
-0.305365,1.170678,0.848352,-0.147103,0.544008,wave_shell
1.001275,-0.647462,0.83284,-0.176194,0.801882,wave_shell
-1.167697,-0.197585,0.823967,-0.19048,0.967509,wave_shell
0.7275,0.934389,0.820682,-0.192203,0.990269,wave_shell
0.095233,-1.186618,0.821769,-0.184009,0.863206,wave_shell
-0.880187,0.818472,0.82645,-0.167579,0.625144,wave_shell
1.218584,-0.009083,0.834638,-0.143033,0.348835,wave_shell
-0.921428,-0.831557,0.846746,-0.109353,0.118722,wave_shell
0.120472,1.264434,0.863108,-0.06568,0.005133,wave_shell
0.78625,-1.04151,0.883263,-0.012989,0.042788,wave_shell
-1.32064,0.243767,0.905383,0.044581,0.220181,wave_shell
1.169198,0.731565,0.92615,0.099373,0.483099,wave_shell
-0.375433,-1.356192,0.941204,0.141212,0.751184,wave_shell
-0.645164,1.26519,0.946127,0.159654,0.942498,wave_shell
1.323752,-0.494645,0.937695,0.146927,0.998563,wave_shell
-1.283674,-0.518718,0.91504,0.100686,0.902237,wave_shell
0.575814,1.206965,0.880301,0.025657,0.682961,wave_shell
0.373653,-1.223116,0.83852,-0.066512,0.407758,wave_shell
-1.050994,0.619582,0.796711,-0.159338,0.160748,wave_shell
1.146549,0.243121,0.76231,-0.235131,0.01744,wave_shell
-0.665182,-0.931321,0.741394,-0.279205,0.021642,wave_shell
-0.138384,1.134168,0.737191,-0.283516,0.172074,wave_shell
0.885973,-0.758065,0.74929,-0.248669,0.422753,wave_shell
-1.20835,-0.04095,0.773802,-0.18365,0.697049,wave_shell
0.901171,0.883516,0.804449,-0.10336,0.911108,wave_shell
-0.070481,-1.312188,0.83424,-0.024619,0.999487,wave_shell
-0.860928,1.047452,0.857275,0.038186,0.935165,wave_shell
1.368043,-0.19446,0.870127,0.07652,0.737803,wave_shell
-1.147784,-0.785967,0.872421,0.089224,0.467737,wave_shell
0.314557,1.351127,0.866469,0.081723,0.207532,wave_shell
0.675345,-1.199199,0.856107,0.063286,0.036744,wave_shell
-1.296599,0.424324,0.845157,0.043268,0.007591,wave_shell
1.234341,0.559171,0.836033,0.027655,0.128992,wave_shell
-0.530123,-1.240654,0.828962,0.017052,0.36383,wave_shell
-0.445273,1.267557,0.822079,0.00685,0.640305,wave_shell
1.175411,-0.628988,0.812373,-0.01051,0.873882,wave_shell
-1.272623,-0.325335,0.797139,-0.041912,0.993139,wave_shell
0.701972,1.074045,0.775437,-0.08988,0.96161,wave_shell
0.201644,-1.228073,0.749004,-0.150181,0.78893,wave_shell
-0.947241,0.744957,0.722258,-0.211692,0.5279,wave_shell
1.171706,0.088286,0.701313,-0.258816,0.258336,wave_shell
-0.797259,-0.84903,0.692236,-0.275849,0.062669,wave_shell
0.014565,1.181061,0.699093,-0.252021,0.000735,wave_shell
0.816695,-0.913883,0.722381,-0.185618,0.091476,wave_shell
-1.285737,0.128834,0.758406,-0.085764,0.307146,wave_shell
1.096263,0.819219,0.799849,0.028881,0.581795,wave_shell
-0.268095,-1.413766,0.83746,0.13434,0.831431,wave_shell
-0.783158,1.26534,0.862396,0.207371,0.979711,wave_shell
1.44858,-0.408628,0.868566,0.231626,0.981285,wave_shell
-1.327685,-0.668892,0.85428,0.202126,0.835669,wave_shell
0.509845,1.344392,0.822701,0.126664,0.587393,wave_shell
0.507345,-1.273377,0.780967,0.023691,0.312387,wave_shell
-1.171677,0.566012,0.738205,-0.082764,0.09476,wave_shell
1.19205,0.357814,0.703053,-0.169641,0.001072,wave_shell
-0.620309,-1.04059,0.681394,-0.22093,0.059981,wave_shell
-0.244254,1.180235,0.674988,-0.2315,0.253472,wave_shell
0.99086,-0.715031,0.681373,-0.207561,0.522368,wave_shell
-1.243325,-0.145551,0.695032,-0.163707,0.784423,wave_shell
0.839046,0.970989,0.709417,-0.117548,0.959485,wave_shell
0.037884,-1.306066,0.719179,-0.083687,0.994004,wave_shell
-0.917551,0.945065,0.721856,-0.069016,0.877419,wave_shell
1.314587,-0.077043,0.718506,-0.07084,0.645388,wave_shell
-1.018102,-0.828516,0.713069,-0.078444,0.368884,wave_shell
0.191269,1.300041,0.710709,-0.077569,0.132485,wave_shell
0.745555,-1.100243,0.715673,-0.056285,0.008505,wave_shell
-1.323632,0.31497,0.729426,-0.010259,0.034871,wave_shell
1.227234,0.683269,0.749704,0.054433,0.203521,wave_shell
-0.457916,-1.376493,0.770849,0.122062,0.462867,wave_shell
-0.606009,1.355284,0.785381,0.171505,0.733573,wave_shell
1.370102,-0.593356,0.786344,0.182798,0.932828,wave_shell
-1.387379,-0.479774,0.769687,0.143958,0.999675,wave_shell
0.671267,1.239841,0.735918,0.055845,0.91366,wave_shell
0.322808,-1.288912,0.690435,-0.066601,0.701096,wave_shell
-1.036193,0.68447,0.642393,-0.19739,0.427009,wave_shell
1.155172,0.183891,0.602348,-0.306048,0.175251,wave_shell
-0.703021,-0.884999,0.579391,-0.365898,0.022844,wave_shell
-0.079672,1.131003,0.578578,-0.361601,0.016418,wave_shell
0.856327,-0.812008,0.599466,-0.29369,0.157942,wave_shell
-1.25796,0.021652,0.636193,-0.178646,0.404119,wave_shell
1.010368,0.894092,0.679097,-0.044441,0.679632,wave_shell
-0.149707,-1.423984,0.717401,0.077208,0.900187,wave_shell
-0.884974,1.196382,0.742175,0.159558,0.998302,wave_shell
1.480327,-0.288205,0.748679,0.187963,0.943955,wave_shell
-1.272766,-0.779192,0.737415,0.163274,0.753772,wave_shell
0.40071,1.394442,0.7136,0.100554,0.48594,wave_shell
0.623678,-1.253117,0.685246,0.023586,0.222409,wave_shell
-1.265086,0.486842,0.660504,-0.043043,0.043814,wave_shell
1.238045,0.486283,0.64509,-0.081763,0.004802,wave_shell
-0.583113,-1.192193,0.640628,-0.087247,0.117314,wave_shell
-0.379348,1.286547,0.64441,-0.067419,0.346925,wave_shell
1.165332,-0.702397,0.650612,-0.039944,0.623377,wave_shell
-1.344128,-0.271341,0.652571,-0.025404,0.862077,wave_shell
0.802682,1.100963,0.645329,-0.039404,0.989983,wave_shell
0.148358,-1.32317,0.627619,-0.086281,0.967953,wave_shell
-0.9678,0.844572,0.602585,-0.156567,0.802725,wave_shell
1.235534,0.029806,0.577,-0.229194,0.54486,wave_shell
-0.867555,-0.834114,0.559169,-0.277876,0.273265,wave_shell
0.076233,1.200457,0.556181,-0.279729,0.071054,wave_shell
0.77911,-0.966988,0.571399,-0.223404,0.000109,wave_shell
-1.301879,0.198032,0.602986,-0.11403,0.082142,wave_shell
1.173883,0.787127,0.644016,0.026752,0.292052,wave_shell
-0.356451,-1.466155,0.684171,0.165938,0.565602,wave_shell
-0.761474,1.383538,0.712568,0.268103,0.819076,wave_shell
1.520988,-0.514239,0.720875,0.305525,0.974903,wave_shell
-1.445257,-0.637798,0.705769,0.266436,0.98539,wave_shell
0.605681,1.380063,0.669989,0.158842,0.847326,wave_shell
0.45282,-1.330413,0.621641,0.008658,0.602963,wave_shell
-1.139728,0.624273,0.571942,-0.147377,0.327087,wave_shell
1.180057,0.289435,0.532086,-0.271935,0.10413,wave_shell
-0.65009,-0.973784,0.510155,-0.337456,0.002332,wave_shell
-0.178925,1.160406,0.508999,-0.333515,0.052849,wave_shell
0.950656,-0.762772,0.525709,-0.269015,0.240224,wave_shell
-1.285423,-0.08425,0.552791,-0.168614,0.507108,wave_shell
0.940661,0.98236,0.580675,-0.064543,0.771818,wave_shell
-0.031237,-1.413956,0.600722,0.013578,0.953333,wave_shell
-0.947962,1.081832,0.607817,0.047728,0.996094,wave_shell
1.422781,-0.156601,0.601727,0.036483,0.887011,wave_shell
-1.13219,-0.828976,0.58684,-0.005515,0.65947,wave_shell
0.268571,1.344479,0.570397,-0.05336,0.383117,wave_shell
0.700631,-1.157078,0.559817,-0.081043,0.142538,wave_shell
-1.305488,0.382052,0.560002,-0.070944,0.011375,wave_shell
1.252392,0.615713,0.57152,-0.020506,0.029777,wave_shell
-0.526982,-1.349711,0.590248,0.056147,0.192113,wave_shell
-0.542306,1.400717,0.608632,0.132316,0.448694,wave_shell
1.374442,-0.680582,0.618163,0.177328,0.720981,wave_shell
-1.466997,-0.424787,0.612273,0.166945,0.925626,wave_shell
0.768338,1.26078,0.588729,0.092223,0.999983,wave_shell
0.268137,-1.362487,0.550724,-0.03612,0.92129,wave_shell
-1.033417,0.761184,0.506278,-0.189417,0.713634,wave_shell
1.181272,0.126616,0.466082,-0.328554,0.440579,wave_shell
-0.746341,-0.846862,0.440429,-0.415104,0.185713,wave_shell
-0.021626,1.123797,0.436156,-0.422771,0.027057,wave_shell
0.812168,-0.853018,0.454524,-0.34561,0.01318,wave_shell
-1.275716,0.087262,0.490729,-0.200434,0.148333,wave_shell
1.096232,0.874457,0.535175,-0.022548,0.391143,wave_shell
-0.235621,-1.499745,0.576165,0.14402,0.667279,wave_shell
-0.883643,1.331823,0.603197,0.258888,0.892205,wave_shell
1.577219,-0.391612,0.609869,0.296615,0.997063,wave_shell
-1.401892,-0.76269,0.59554,0.253513,0.949749,wave_shell
0.494967,1.440784,0.565266,0.147952,0.764747,wave_shell
0.571467,-1.312244,0.52805,0.014135,0.498692,wave_shell
-1.230472,0.547203,0.493991,-0.108701,0.233036,wave_shell
1.225111,0.410322,0.471219,-0.188264,0.049112,wave_shell
-0.619584,-1.118187,0.463558,-0.208657,0.003228,wave_shell
-0.304139,1.266683,0.469638,-0.174395,0.109435,wave_shell
1.118687,-0.754741,0.483676,-0.107803,0.335219,wave_shell
-1.381353,-0.206099,0.497654,-0.040728,0.611453,wave_shell
0.896097,1.105727,0.504152,-0.003276,0.853565,wave_shell
0.085768,-1.414266,0.49893,-0.013256,0.987427,wave_shell
-0.990685,0.957941,0.482394,-0.069786,0.972055,wave_shell
1.320078,-0.035607,0.459504,-0.153185,0.812151,wave_shell
-0.956748,-0.830141,0.43812,-0.231268,0.556674,wave_shell
0.141689,1.232004,0.426351,-0.270095,0.283844,wave_shell
0.737973,-1.018285,0.429737,-0.245735,0.077195,wave_shell
-1.295659,0.265398,0.449196,-0.153229,0.000001,wave_shell
1.220943,0.731185,0.480406,-0.009751,0.0759,wave_shell
-0.438211,-1.470731,0.51486,0.149248,0.281653,wave_shell
-0.71044,1.463056,0.542292,0.279932,0.554262,wave_shell
1.553686,-0.615373,0.553738,0.343065,0.810258,wave_shell
-1.544313,-0.589254,0.544294,0.316127,0.971255,wave_shell
0.704843,1.406146,0.514705,0.200781,0.987956,wave_shell
0.396331,-1.394146,0.471298,0.023267,0.855245,wave_shell
-1.117842,0.68873,0.424241,-0.172532,0.613757,wave_shell
1.176694,0.225616,0.384667,-0.337378,0.337436,wave_shell
-0.676541,-0.90918,0.361519,-0.430655,0.110891,wave_shell
-0.115239,1.126982,0.359061,-0.431826,0.003494,wave_shell
0.891474,-0.793418,0.375809,-0.345928,0.048133,wave_shell
-1.29491,-0.0186,0.405161,-0.201458,0.231138,wave_shell
1.024236,0.965703,0.43753,-0.041337,0.496474,wave_shell
-0.109694,-1.496404,0.46328,0.090215,0.762891,wave_shell
-0.96094,1.216776,0.475569,0.160848,0.948806,wave_shell
1.529886,-0.24801,0.472222,0.159228,0.997287,wave_shell
-1.259786,-0.827025,0.456093,0.097403,0.893488,wave_shell
0.354594,1.398916,0.433837,0.00575,0.669193,wave_shell
0.655929,-1.219794,0.413529,-0.077794,0.393085,wave_shell
-1.279594,0.446583,0.401914,-0.120702,0.149717,wave_shell
1.254546,0.539075,0.402162,-0.106851,0.013616,wave_shell
-0.579838,-1.286911,0.412863,-0.041981,0.026462,wave_shell
-0.461723,1.401245,0.428552,0.048173,0.184322,wave_shell
1.335461,-0.748514,0.441597,0.126501,0.438856,wave_shell
-1.511819,-0.355207,0.444822,0.157164,0.712115,wave_shell
0.85965,1.260873,0.434023,0.118181,0.920416,wave_shell
0.20701,-1.435402,0.409544,0.009856,0.999968,wave_shell
-1.038852,0.85033,0.376406,-0.1438,0.926408,wave_shell
1.230024,0.068574,0.342929,-0.301317,0.72226,wave_shell
-0.804516,-0.823935,0.318243,-0.415891,0.450045,wave_shell
0.035917,1.127496,0.309481,-0.44973,0.193128,wave_shell
0.764566,-0.889906,0.319519,-0.38615,0.030191,wave_shell
-1.270666,0.15242,0.345965,-0.235612,0.011135,wave_shell
1.155999,0.829206,0.381736,-0.03366,0.141797,wave_shell
-0.321711,-1.532507,0.417043,0.168737,0.382162,wave_shell
-0.852499,1.439398,0.442193,0.319648,0.658617,wave_shell
1.642884,-0.498243,0.450357,0.381078,0.886495,wave_shell
-1.522139,-0.729975,0.439471,0.33982,0.996003,wave_shell
0.595525,1.48241,0.412706,0.210958,0.953603,wave_shell
0.518119,-1.378029,0.37739,0.032972,0.772278,wave_shell
-1.201666,0.609698,0.342735,-0.144029,0.507563,wave_shell
1.210225,0.337674,0.317078,-0.273299,0.24053,wave_shell
-0.645099,-1.03568,0.305493,-0.325096,0.052966,wave_shell
-0.227914,1.220852,0.30848,-0.294781,0.002316,wave_shell
1.044941,-0.785513,0.322109,-0.202972,0.104095,wave_shell
-1.382589,-0.134564,0.339524,-0.087841,0.327132,wave_shell
0.974161,1.083862,0.353301,0.007922,0.603115,wave_shell
0.014117,-1.488336,0.357892,0.051273,0.847516,wave_shell
-1.005541,1.076966,0.351374,0.029574,0.98548,wave_shell
1.416287,-0.11077,0.335971,-0.045484,0.974749,wave_shell
-1.065515,-0.833075,0.317198,-0.142044,0.818609,wave_shell
0.214007,1.280555,0.30192,-0.218993,0.564882,wave_shell
0.699221,-1.076517,0.295981,-0.240112,0.291282,wave_shell
-1.27963,0.33101,0.302157,-0.186888,0.08161,wave_shell
1.243325,0.660784,0.319103,-0.065792,0.000087,wave_shell
-0.50808,-1.433289,0.341645,0.092452,0.071685,wave_shell
-0.634992,1.497868,0.362311,0.241551,0.274473,wave_shell
1.539914,-0.70289,0.373646,0.333709,0.546341,wave_shell
-1.611354,-0.522256,0.370569,0.334723,0.804015,wave_shell
0.80077,1.412495,0.352028,0.235369,0.96857,wave_shell
0.335108,-1.458189,0.321453,0.055423,0.989601,wave_shell
-1.105642,0.761742,0.285831,-0.161099,0.860666,wave_shell
1.191333,0.165883,0.25371,-0.358196,0.621257,wave_shell
-0.709582,-0.858323,0.232722,-0.483979,0.344706,wave_shell
-0.055791,1.096996,0.227389,-0.505763,0.115722,wave_shell
0.825999,-0.814441,0.23787,-0.419554,0.004445,wave_shell
-1.279312,0.047002,0.260015,-0.251036,0.044962,wave_shell
1.085499,0.923445,0.286679,-0.04775,0.224862,wave_shell
-0.19281,-1.543661,0.309897,0.135119,0.489041,wave_shell
-0.948523,1.336053,0.323209,0.251008,0.756577,wave_shell
1.619165,-0.348158,0.323466,0.275304,0.945521,wave_shell
-1.39032,-0.814297,0.311553,0.211726,0.997994,wave_shell
0.449625,1.456944,0.291863,0.089871,0.897922,wave_shell
0.611561,-1.291342,0.270726,-0.045149,0.675959,wave_shell
-1.255852,0.51164,0.254306,-0.147634,0.400096,wave_shell
1.246226,0.461637,0.246644,-0.186025,0.154835,wave_shell
-0.618054,-1.203547,0.24847,-0.152766,0.015305,wave_shell
-0.373625,1.36476,0.257114,-0.066202,0.02425,wave_shell
1.259348,-0.79297,0.267536,0.03605,0.178929,wave_shell
-1.516513,-0.27546,0.2741,0.110089,0.431961,wave_shell
0.936998,1.233878,0.272523,0.120883,0.705836,wave_shell
0.138238,-1.495993,0.261356,0.054678,0.916657,wave_shell
-1.043901,0.947492,0.242523,-0.075406,0.999845,wave_shell
1.297839,0.005978,0.22076,-0.23251,0.929914,wave_shell
-0.882562,-0.816008,0.202133,-0.367062,0.728286,wave_shell
0.095725,1.151628,0.1921,-0.432313,0.456726,wave_shell
0.721793,-0.932523,0.193753,-0.39953,0.198422,wave_shell
-1.254961,0.216028,0.206773,-0.26802,0.032502,wave_shell
1.192527,0.766327,0.227441,-0.066712,0.009794,wave_shell
-0.401894,-1.522973,0.24969,0.153383,0.137254,wave_shell
-0.792471,1.508822,0.266885,0.333662,0.375838,wave_shell
1.665291,-0.599482,0.273757,0.425038,0.652459,wave_shell
-1.618242,-0.676728,0.267929,0.402442,0.882375,wave_shell
0.69717,1.507867,0.25056,0.2723,0.995154,wave_shell
0.460748,-1.445584,0.225925,0.070648,0.956246,wave_shell
-1.18099,0.67716,0.200099,-0.147535,0.777569,wave_shell
1.204856,0.270709,0.17914,-0.324535,0.51386,wave_shell
-0.667976,-0.95949,0.167354,-0.416711,0.245905,wave_shell
-0.156552,1.165937,0.166141,-0.406778,0.05579,wave_shell
0.957508,-0.799474,0.173776,-0.307884,0.001759,wave_shell
-1.353235,-0.062206,0.186125,-0.15835,0.100363,wave_shell
1.031516,1.035997,0.198066,-0.00883,0.321396,wave_shell
-0.063874,-1.534491,0.205133,0.093984,0.597145,wave_shell
-1.002501,1.190144,0.204865,0.121984,0.843134,wave_shell
1.509258,-0.195995,0.197455,0.073988,0.984003,wave_shell
-1.187554,-0.834414,0.185528,-0.024744,0.976596,wave_shell
0.295605,1.342854,0.173136,-0.131594,0.823181,wave_shell
0.664166,-1.14678,0.164336,-0.2013,0.570758,wave_shell
-1.264386,0.396966,0.161807,-0.201528,0.296658,wave_shell
1.250801,0.584908,0.165956,-0.124276,0.084852,wave_shell
-0.564211,-1.365784,0.174786,0.01064,0.00023,wave_shell
-0.543627,1.489838,0.184558,0.161219,0.068717,wave_shell
1.480687,-0.769524,0.191011,0.276362,0.269331,wave_shell
-1.63673,-0.43951,0.190757,0.312318,0.540614,wave_shell
0.885057,1.390505,0.18239,0.247315,0.799454,wave_shell
0.267018,-1.511945,0.166969,0.089651,0.966553,wave_shell
-1.097013,0.841533,0.147727,-0.123419,0.990718,wave_shell
1.22561,0.107226,0.129111,-0.335865,0.864545,wave_shell
-0.75706,-0.82596,0.11545,-0.489117,0.626689,wave_shell
0.000295,1.084418,0.109677,-0.539446,0.350019,wave_shell
0.765483,-0.836061,0.112492,-0.471162,0.119298,wave_shell
-1.250636,0.110101,0.122204,-0.30155,0.005211,wave_shell
1.125235,0.862211,0.135291,-0.07598,0.04271,wave_shell
-0.275052,-1.552505,0.147479,0.145331,0.220309,wave_shell
-0.90747,1.427432,0.155004,0.30492,0.483596,wave_shell
1.674948,-0.450749,0.155659,0.364648,0.751909,wave_shell
-1.508822,-0.783104,0.149328,0.316254,0.943045,wave_shell
0.550699,1.506673,0.137871,0.182723,0.998446,wave_shell
0.564461,-1.368498,0.124421,0.010192,0.901138,wave_shell
-1.238454,0.579956,0.112346,-0.146985,0.680933,wave_shell
1.239025,0.388263,0.104209,-0.243287,0.405295,wave_shell
-0.646881,-1.115536,0.10105,-0.255837,0.158672,wave_shell
-0.286604,1.305341,0.102194,-0.190727,0.016622,wave_shell
1.158306,-0.814805,0.105609,-0.079937,0.022666,wave_shell
-1.483004,-0.191765,0.108681,0.030024,0.174953,wave_shell
0.993748,1.178451,0.109118,0.094078,0.426825,wave_shell
0.06298,-1.533064,0.105707,0.083954,0.701117,wave_shell
-1.038519,1.044166,0.098671,-0.001967,0.913791,wave_shell
1.373805,-0.0639,0.089544,-0.13755,0.999691,wave_shell
-0.979239,-0.816715,0.08061,-0.276967,0.932497,wave_shell
0.161503,1.19787,0.074125,-0.369426,0.732797,wave_shell
0.687445,-0.988603,0.071567,-0.375909,0.461773,wave_shell
-1.240248,0.279369,0.073158,-0.282596,0.202461,wave_shell
1.213157,0.694728,0.077805,-0.10661,0.034308,wave_shell
-0.472225,-1.478814,0.083464,0.107875,0.008832,wave_shell
-0.709342,1.536384,0.087785,0.302135,0.13384,wave_shell
1.639333,-0.686595,0.088841,0.420255,0.371031,wave_shell
-1.676591,-0.60252,0.085689,0.426045,0.647736,wave_shell
0.791876,1.505699,0.078612,0.314273,0.879177,wave_shell
0.396274,-1.504995,0.068976,0.112735,0.994447,wave_shell
-1.164649,0.749308,0.058764,-0.125572,0.958228,wave_shell
1.214446,0.208374,0.049959,-0.337814,0.781618,wave_shell
-0.696692,-0.899084,0.04397,-0.469568,0.518725,wave_shell
-0.092372,1.118652,0.041273,-0.490424,0.250095,wave_shell
0.870374,-0.805618,0.041371,-0.402217,0.058031,wave_shell
-1.304598,0.006719,0.043048,-0.237468,0.001378,wave_shell
1.067237,0.967614,0.044816,-0.048638,0.097493,wave_shell
-0.143799,-1.546988,0.045403,0.108386,0.316929,wave_shell
-0.975081,1.285477,0.044107,0.191389,0.592455,wave_shell
1.582286,-0.288296,0.040934,0.184215,0.839654,wave_shell
-1.310586,-0.824237,0.036484,0.100656,0.982789,wave_shell
0.386416,1.408473,0.031663,-0.021228,0.978007,wave_shell
0.629962,-1.22838,0.027325,-0.132429,0.826772,wave_shell
-1.255701,0.465924,0.023986,-0.189614,0.575419,wave_shell
1.253944,0.510067,0.021691,-0.169702,0.30096,wave_shell
-0.608465,-1.283001,0.020075,-0.077703,0.087483,wave_shell
-0.446056,1.448173,0.018566,0.054691,0.000394,wave_shell
1.384583,-0.811948,0.016641,0.179368,0.066376,wave_shell
-1.617483,-0.346876,0.014032,0.247629,0.265212,wave_shell
0.9496,1.33603,0.010814,0.226585,0.535984,wave_shell
0.191985,-1.543884,0.007331,0.110813,0.795731,wave_shell
-1.082863,0.922218,0.004022,-0.07451,0.964871,wave_shell
1.273452,0.046093,0.001201,-0.280158,0.991582,wave_shell
-0.822176,-0.809791,-0.001088,-0.44721,0.867681,wave_shell
0.056373,1.096674,-0.003105,-0.524827,0.631129,wave_shell
0.717032,-0.868296,-0.005306,-0.48598,0.354401,wave_shell
-1.222014,0.170832,-0.00814,-0.336232,0.122282,wave_shell
1.148994,0.790689,-0.011831,-0.112782,0.00589,wave_shell
-0.351725,-1.526692,-0.016242,0.126017,0.040884,wave_shell
-0.839842,1.483293,-0.020885,0.317533,0.216543,wave_shell
1.686567,-0.547647,-0.02507,0.412993,0.479049,wave_shell
-1.599386,-0.728985,-0.028163,0.391409,0.747974,wave_shell
0.651358,1.534153,-0.029848,0.265076,0.940924,wave_shell
0.510367,-1.442231,-0.030282,0.07506,0.998782,wave_shell
-1.225384,0.652103,-0.030093,-0.121832,0.903823,wave_shell
1.240385,0.320139,-0.030188,-0.270504,0.685139,wave_shell
-0.673426,-1.035569,-0.031439,-0.334021,0.409732,wave_shell
-0.206497,1.239764,-0.034359,-0.30401,0.161982,wave_shell
1.047563,-0.819957,-0.038876,-0.201898,0.017794,wave_shell
-1.420374,-0.110313,-0.044321,-0.070767,0.021345,wave_shell
1.026964,1.098712,-0.049625,0.039453,0.171547,wave_shell
-0.015437,-1.539221,-0.053696,0.088661,0.422381,wave_shell
-1.014422,1.129892,-0.055834,0.059785,0.696995,wave_shell
1.44279,-0.141216,-0.056041,-0.035685,0.911254,wave_shell
-1.086746,-0.816015,-0.055101,-0.161602,0.999513,wave_shell
0.235858,1.259609,-0.054377,-0.269218,0.934731,wave_shell
0.660054,-1.060974,-0.05538,-0.313556,0.736756,wave_shell
-1.234329,0.345123,-0.059225,-0.268811,0.466244,wave_shell
1.227287,0.621859,-0.066174,-0.137839,0.206074,wave_shell
-0.531857,-1.412235,-0.075433,0.047428,0.035958,wave_shell
-0.611956,1.525708,-0.085276,0.234902,0.008013,wave_shell
1.568024,-0.75303,-0.093522,0.367935,0.130803,wave_shell
-1.68878,-0.51116,-0.098199,0.402796,0.366707,wave_shell
0.870487,1.467949,-0.098208,0.322588,0.643448,wave_shell
0.323257,-1.544048,-0.09376,0.143227,0.87624,wave_shell
-1.144748,0.822078,-0.08643,-0.09046,0.993761,wave_shell
1.237241,0.147728,-0.078771,-0.317419,0.960005,wave_shell
-0.73714,-0.85704,-0.073602,-0.478036,0.785314,wave_shell
-0.034175,1.091446,-0.073164,-0.531405,0.523211,wave_shell
0.794741,-0.814809,-0.078415,-0.466997,0.253996,wave_shell
-1.251044,0.070428,-0.088697,-0.307185,0.060151,wave_shell
1.085309,0.887371,-0.101889,-0.099966,0.001064,wave_shell
-0.221013,-1.526619,-0.115032,0.095828,0.094838,wave_shell
-0.921737,1.353518,-0.12522,0.228209,0.312743,wave_shell
1.621074,-0.381807,-0.130507,0.267173,0.588018,wave_shell
-1.41895,-0.794295,-0.130509,0.212698,0.836326,wave_shell
0.482803,1.462542,-0.126529,0.093269,0.981594,wave_shell
0.59128,-1.314213,-0.121123,-0.044417,0.979315,wave_shell
-1.253151,0.539283,-0.117252,-0.151175,0.830188,wave_shell
1.260879,0.439283,-0.117289,-0.191436,0.579901,wave_shell
-0.645483,-1.198804,-0.122185,-0.154609,0.305136,wave_shell
-0.350782,1.38704,-0.131109,-0.058118,0.090071,wave_shell
1.265624,-0.831842,-0.141665,0.058776,0.000595,wave_shell
-1.558486,-0.251777,-0.150666,0.148357,0.064121,wave_shell
0.988957,1.250853,-0.155211,0.170705,0.261186,wave_shell
0.112412,-1.545003,-0.153728,0.107587,0.531415,wave_shell
-1.054293,0.995126,-0.146628,-0.030534,0.792019,wave_shell
1.323001,-0.019723,-0.136338,-0.206699,0.963159,wave_shell
-0.902074,-0.801973,-0.126669,-0.368289,0.992403,wave_shell
0.116456,1.132798,-0.121674,-0.4632,0.870792,wave_shell
0.682191,-0.917814,-0.124364,-0.456314,0.635585,wave_shell
-1.204044,0.231539,-0.135675,-0.341099,0.35884,wave_shell
1.165345,0.717124,-0.154018,-0.142655,0.125341,wave_shell
-0.420332,-1.475521,-0.175616,0.08887,0.006623,wave_shell
-0.752068,1.502398,-0.19552,0.29256,0.039056,wave_shell
1.650834,-0.630927,-0.209035,0.414415,0.212704,wave_shell
-1.649007,-0.65209,-0.213124,0.423056,0.474367,wave_shell
0.742626,1.527224,-0.207346,0.318698,0.743882,wave_shell
0.445967,-1.499741,-0.194026,0.132692,0.938682,wave_shell
-1.20965,0.725317,-0.177598,-0.082157,0.999089,wave_shell
1.251585,0.255661,-0.163291,-0.267484,0.906598,wave_shell
-0.704184,-0.970551,-0.155571,-0.376549,0.689543,wave_shell
-0.135444,1.183371,-0.156811,-0.387485,0.414422,wave_shell
0.941744,-0.818021,-0.166612,-0.308627,0.165518,wave_shell
-1.342855,-0.03549,-0.181994,-0.174463,0.019083,wave_shell
1.038597,1.003177,-0.198395,-0.033642,0.019978,wave_shell
-0.092583,-1.513015,-0.211175,0.067042,0.167928,wave_shell
-0.967374,1.195007,-0.217137,0.097591,0.417607,wave_shell
1.489409,-0.223049,-0.215581,0.053965,0.692527,wave_shell
-1.192136,-0.803352,-0.208539,-0.041365,0.908466,wave_shell
0.318556,1.323556,-0.200098,-0.147538,0.999273,wave_shell
0.634148,-1.14594,-0.195022,-0.219421,0.93713,wave_shell
-1.238946,0.415705,-0.197105,-0.223142,0.741075,wave_shell
1.243282,0.55209,-0.207793,-0.148006,0.471168,wave_shell
-0.582922,-1.336563,-0.225536,-0.010926,0.210094,wave_shell
-0.509816,1.486636,-0.246112,0.148129,0.037831,wave_shell
1.461625,-0.796217,-0.263849,0.278325,0.007149,wave_shell
-1.653939,-0.409706,-0.273394,0.334001,0.127446,wave_shell
0.925053,1.392593,-0.271467,0.289513,0.361871,wave_shell
0.242914,-1.551669,-0.258052,0.148193,0.638609,wave_shell
-1.112223,0.888203,-0.236611,-0.057488,0.872886,wave_shell
1.265033,0.08584,-0.213223,-0.274724,0.992935,wave_shell
-0.790491,-0.829348,-0.194884,-0.445542,0.961981,wave_shell
0.021558,1.089476,-0.187458,-0.523734,0.789507,wave_shell
0.73656,-0.83668,-0.193916,-0.488409,0.528349,wave_shell
-1.206252,0.129957,-0.213405,-0.350048,0.258507,wave_shell
1.093618,0.80461,-0.241448,-0.147231,0.062642,wave_shell
-0.292147,-1.480242,-0.271237,0.064911,0.000752,wave_shell
-0.845893,1.389741,-0.295628,0.230958,0.091795,wave_shell
1.617143,-0.469217,-0.309234,0.311211,0.307881,wave_shell
-1.497178,-0.740343,-0.309975,0.292591,0.582818,wave_shell
0.577632,1.489555,-0.299605,0.191235,0.832385,wave_shell
0.54258,-1.391895,-0.283056,0.046158,0.980135,wave_shell
-1.250508,0.615631,-0.266804,-0.093854,0.98081,wave_shell
1.27471,0.372292,-0.256779,-0.185906,0.834203,wave_shell
-0.680788,-1.12293,-0.256477,-0.206264,0.585224,wave_shell
-0.263319,1.321928,-0.265883,-0.157113,0.31014,wave_shell
1.139891,-0.835567,-0.281546,-0.064784,0.093214,wave_shell
-1.471581,-0.161163,-0.297789,0.029841,0.000892,wave_shell
1.002167,1.142437,-0.308665,0.085562,0.061454,wave_shell
0.032571,-1.511581,-0.310039,0.075115,0.256346,wave_shell
-1.005361,1.051071,-0.3011,-0.005182,0.525872,wave_shell
1.359913,-0.089875,-0.284803,-0.133519,0.787473,wave_shell
-0.988012,-0.791862,-0.267073,-0.269087,0.961018,wave_shell
0.183168,1.183651,-0.254983,-0.364959,0.99335,wave_shell
0.657092,-0.985433,-0.254468,-0.383308,0.874567,wave_shell
-1.201761,0.295452,-0.268309,-0.308136,0.641054,wave_shell
1.183108,0.647198,-0.295024,-0.151432,0.364336,wave_shell
-0.481103,-1.410995,-0.329061,0.049274,0.129173,wave_shell
-0.652948,1.489963,-0.362277,0.241338,0.007593,wave_shell
1.572564,-0.695001,-0.386268,0.372283,0.036837,wave_shell
-1.65081,-0.557131,-0.394862,0.405283,0.207945,wave_shell
0.814977,1.478843,-0.386007,0.330133,0.468507,wave_shell
0.370524,-1.527658,-0.362452,0.16635,0.738715,wave_shell
-1.18183,0.793387,-0.331018,-0.042528,0.935806,wave_shell
1.267418,0.192085,-0.300631,-0.241691,0.999414,wave_shell
-0.742634,-0.920692,-0.279746,-0.380945,0.910057,wave_shell
-0.072167,1.146293,-0.273903,-0.428929,0.695107,wave_shell
0.851563,-0.819631,-0.284199,-0.381397,0.420398,wave_shell
-1.266361,0.031239,-0.307102,-0.261178,0.170071,wave_shell
1.035287,0.902475,-0.335686,-0.110021,0.020796,wave_shell
-0.164433,-1.459371,-0.361864,0.024991,0.018291,wave_shell
-0.898103,1.233251,-0.378939,0.106126,0.163323,wave_shell
1.501861,-0.304033,-0.383651,0.116207,0.41147,wave_shell
-1.280152,-0.770656,-0.377082,0.062926,0.686732,wave_shell
0.405655,1.373015,-0.36415,-0.024938,0.904801,wave_shell
0.602391,-1.233307,-0.351845,-0.108023,0.998892,wave_shell
-1.249228,0.49146,-0.346796,-0.150122,0.940187,wave_shell
1.265575,0.48624,-0.352948,-0.130687,0.746668,wave_shell
-0.629336,-1.262763,-0.370117,-0.052065,0.477603,wave_shell
-0.410799,1.432486,-0.393906,0.060882,0.215398,wave_shell
1.335021,-0.818303,-0.417029,0.168659,0.040357,wave_shell
-1.57921,-0.306566,-0.431658,0.230027,0.006086,wave_shell
0.951115,1.284336,-0.432037,0.215787,0.123081,wave_shell
0.159088,-1.521175,-0.416534,0.119043,0.355509,wave_shell
-1.05986,0.938916,-0.388455,-0.041366,0.632187,wave_shell
1.285567,0.021428,-0.355323,-0.225493,0.868382,wave_shell
-0.852303,-0.807313,-0.32679,-0.383613,0.991759,wave_shell
0.078753,1.109358,-0.311824,-0.470857,0.964535,wave_shell
0.695538,-0.876557,-0.315995,-0.460659,0.795049,wave_shell
-1.179521,0.188425,-0.339723,-0.352901,0.535206,wave_shell
1.101628,0.726834,-0.378031,-0.17425,0.264582,wave_shell
-0.356116,-1.418629,-0.421901,0.029427,0.066054,wave_shell
-0.754598,1.395567,-0.46084,0.206256,0.000417,wave_shell
1.569635,-0.543756,-0.485884,0.313165,0.087772,wave_shell
-1.533664,-0.6632,-0.492126,0.327831,0.301365,wave_shell
0.661541,1.47732,-0.480023,0.254244,0.575786,wave_shell
0.480314,-1.446446,-0.455074,0.120341,0.826998,wave_shell
-1.237746,0.690004,-0.425998,-0.031394,0.978073,wave_shell
1.292329,0.306779,-0.401994,-0.157311,0.982749,wave_shell
-0.718488,-1.059059,-0.389932,-0.225754,0.839596,wave_shell
-0.185509,1.265672,-0.392363,-0.225967,0.592451,wave_shell
1.021775,-0.832429,-0.406936,-0.170077,0.316996,wave_shell
-1.372862,-0.07971,-0.427418,-0.08776,0.097582,wave_shell
0.993439,1.022117,-0.44593,-0.015448,0.001395,wave_shell
-0.042744,-1.446487,-0.455701,0.016336,0.057888,wave_shell
-0.934751,1.082933,-0.453418,-0.006589,0.249761,wave_shell
1.371173,-0.161273,-0.440423,-0.077219,0.518259,wave_shell
-1.067149,-0.769202,-0.422342,-0.169639,0.781165,wave_shell
0.256111,1.234144,-0.407263,-0.247665,0.957976,wave_shell
0.63406,-1.064973,-0.403028,-0.277057,0.994553,wave_shell
-1.213038,0.364833,-0.414508,-0.237377,0.879697,wave_shell
1.20827,0.582879,-0.441753,-0.129635,0.648579,wave_shell
-0.536473,-1.344359,-0.479624,0.02277,0.371968,wave_shell
-0.551254,1.455969,-0.519088,0.180237,0.13456,wave_shell
1.463101,-0.738112,-0.54979,0.298454,0.009048,wave_shell
-1.605852,-0.45205,-0.563151,0.341664,0.03386,wave_shell
0.860782,1.389069,-0.555026,0.293647,0.201398,wave_shell
0.286559,-1.515632,-0.527094,0.16302,0.460363,wave_shell
-1.13318,0.847767,-0.486543,-0.01881,0.731463,wave_shell
1.277661,0.127323,-0.444103,-0.206427,0.931693,wave_shell
-0.7876,-0.880362,-0.411029,-0.353284,0.999747,wave_shell
-0.013332,1.130951,-0.395915,-0.424783,0.914792,wave_shell
0.781621,-0.833285,-0.402314,-0.407662,0.702839,wave_shell
-1.204441,0.091411,-0.427873,-0.312949,0.428784,wave_shell
1.026683,0.806531,-0.46521,-0.17172,0.176534,wave_shell
-0.228711,-1.388198,-0.504261,-0.025144,0.023318,wave_shell
-0.811734,1.243462,-0.535352,0.088048,0.016046,wave_shell
1.474715,-0.377852,-0.552031,0.142773,0.15694,wave_shell
-1.336791,-0.714411,-0.552813,0.134105,0.402864,wave_shell
0.48983,1.391979,-0.541308,0.077244,0.678526,wave_shell
0.558144,-1.308201,-0.524734,0.001175,0.899531,wave_shell
-1.254958,0.569334,-0.511327,-0.061781,0.998218,wave_shell
1.292744,0.422284,-0.507488,-0.087069,0.944378,wave_shell
-0.674838,-1.196777,-0.515606,-0.066081,0.754494,wave_shell
-0.319643,1.37636,-0.533259,-0.008816,0.4867,wave_shell
1.204063,-0.825467,-0.554043,0.059779,0.222978,wave_shell
-1.478194,-0.209297,-0.569773,0.108521,0.044064,wave_shell
0.949244,1.153623,-0.573341,0.11093,0.004728,wave_shell
0.077224,-1.452464,-0.561303,0.054791,0.11701,wave_shell
-0.984597,0.966357,-0.535333,-0.052755,0.346535,wave_shell
1.285999,-0.044281,-0.502059,-0.18633,0.623039,wave_shell
-0.913182,-0.780486,-0.471274,-0.309376,0.861876,wave_shell
0.139728,1.140028,-0.453053,-0.385018,0.989936,wave_shell
0.665798,-0.933256,-0.454664,-0.387392,0.968017,wave_shell
-1.173072,0.249412,-0.478213,-0.309914,0.802832,wave_shell
1.117291,0.657847,-0.519791,-0.167916,0.544948,wave_shell
-0.414205,-1.353222,-0.570393,0.005207,0.273305,wave_shell
-0.656349,1.377701,-0.618367,0.167222,0.071057,wave_shell
1.485137,-0.601067,-0.652663,0.278861,0.000109,wave_shell
-1.523504,-0.568342,-0.665917,0.314701,0.082179,wave_shell
0.725118,1.420074,-0.65644,0.26987,0.292141,wave_shell
0.404396,-1.463911,-0.628547,0.160692,0.565727,wave_shell
-1.204097,0.754312,-0.591122,0.019187,0.819193,wave_shell
1.304974,0.240142,-0.554912,-0.116749,0.974957,wave_shell
-0.759248,-1.004605,-0.529365,-0.21443,0.985344,wave_shell
-0.116052,1.225096,-0.52,-0.25535,0.847176,wave_shell
0.92078,-0.831882,-0.527076,-0.239409,0.602745,wave_shell
-1.278716,-0.008836,-0.545942,-0.183302,0.326868,wave_shell
0.971327,0.902238,-0.568897,-0.113801,0.103984,wave_shell
-0.109783,-1.358651,-0.587922,-0.058249,0.002308,wave_shell
-0.845993,1.087799,-0.597405,-0.035387,0.052959,wave_shell
1.348468,-0.228928,-0.595955,-0.049431,0.240433,wave_shell
-1.125533,-0.726944,-0.586757,-0.08924,0.507349,wave_shell
0.331207,1.266926,-0.576346,-0.132728,0.772014,wave_shell
0.604168,-1.143895,-0.572224,-0.154994,0.953427,wave_shell
-1.228839,0.439171,-0.580117,-0.137452,0.996068,wave_shell
1.241432,0.522513,-0.601753,-0.074958,0.886889,wave_shell
-0.589591,-1.282939,-0.633935,0.021442,0.659306,wave_shell
-0.453659,1.412094,-0.669221,0.127088,0.38297,wave_shell
1.337259,-0.762675,-0.698044,0.210872,0.14245,wave_shell
-1.522951,-0.345865,-0.711626,0.244774,0.011354,wave_shell
0.876499,1.265222,-0.704783,0.212804,0.029799,wave_shell
0.199374,-1.45936,-0.677741,0.116544,0.192138,wave_shell
-1.058497,0.879666,-0.636373,-0.024486,0.448689,wave_shell
1.26998,0.06131,-0.590747,-0.177798,0.720941,wave_shell
-0.832915,-0.840396,-0.55241,-0.306794,0.925579,wave_shell
0.044487,1.131465,-0.531204,-0.38086,0.999984,wave_shell
0.729847,-0.862416,-0.532558,-0.38371,0.921389,wave_shell
-1.1646,0.14851,-0.556061,-0.317528,0.713847,wave_shell
1.022573,0.722017,-0.595721,-0.20178,0.440868,wave_shell
-0.285539,-1.311506,-0.641805,-0.067152,0.185984,wave_shell
-0.716038,1.229805,-0.683691,0.053433,0.02719,wave_shell
1.409958,-0.439104,-0.712839,0.13399,0.013072,wave_shell
-1.352707,-0.636364,-0.725012,0.162089,0.147949,wave_shell
0.561882,1.369075,-0.721102,0.141085,0.390547,wave_shell
0.497712,-1.354309,-0.706359,0.087475,0.666634,wave_shell
-1.243331,0.642535,-0.688353,0.024469,0.891734,wave_shell
1.317173,0.356954,-0.674337,-0.02605,0.996972,wave_shell
-0.720866,-1.138326,-0.668882,-0.050567,0.950151,wave_shell
-0.237581,1.327406,-0.67254,-0.047754,0.765599,wave_shell
1.081792,-0.825906,-0.681925,-0.027984,0.499785,wave_shell
-1.367616,-0.122824,-0.691155,-0.00883,0.234038,wave_shell
0.925237,1.014122,-0.694156,-0.008152,0.049665,wave_shell
0.002747,-1.352498,-0.687038,-0.037122,0.003074,wave_shell
-0.888534,0.965982,-0.669757,-0.095524,0.108516,wave_shell
1.256502,-0.107701,-0.646474,-0.170911,0.333729,wave_shell
-0.960905,-0.739812,-0.624487,-0.241952,0.60981,wave_shell
0.20372,1.1655,-0.612037,-0.284932,0.852294,wave_shell
0.637968,-0.998423,-0.615673,-0.28137,0.986999,wave_shell
-1.181043,0.314918,-0.638003,-0.224339,0.972717,wave_shell
1.143955,0.59708,-0.676574,-0.121458,0.813819,wave_shell
-0.469097,-1.292641,-0.724229,0.006424,0.558919,wave_shell
-0.558745,1.34584,-0.770894,0.130528,0.285996,wave_shell
1.375597,-0.640319,-0.806273,0.221877,0.078541,wave_shell
-1.469687,-0.464265,-0.822641,0.259169,0.000015,wave_shell
0.761383,1.319989,-0.816943,0.234471,0.074437,wave_shell
0.318548,-1.435045,-0.791556,0.155111,0.279037,wave_shell
-1.141359,0.79896,-0.753532,0.041276,0.551229,wave_shell
1.300461,0.171207,-0.71256,-0.079852,0.807748,wave_shell
-0.799199,-0.952184,-0.678286,-0.181626,0.970129,wave_shell
-0.052029,1.199152,-0.657776,-0.244872,0.988705,wave_shell
0.839674,-0.84036,-0.653872,-0.262244,0.857796,wave_shell
-1.201532,0.053114,-0.664873,-0.238887,0.617448,wave_shell
0.946413,0.793041,-0.685557,-0.189419,0.341177,wave_shell
-0.167023,-1.260733,-0.709163,-0.132418,0.113487,wave_shell
-0.746265,1.067934,-0.729646,-0.084245,0.004017,wave_shell
1.290235,-0.287508,-0.743507,-0.0542,0.046249,wave_shell
-1.151568,-0.662985,-0.750609,-0.04245,0.227261,wave_shell
0.401266,1.26666,-0.753789,-0.041234,0.491689,wave_shell
0.560045,-1.205714,-0.757442,-0.038774,0.758657,wave_shell
-1.23532,0.514043,-0.765587,-0.024445,0.946516,wave_shell
1.276532,0.462073,-0.78011,0.006592,0.997813,wave_shell
-0.642265,-1.228082,-0.799766,0.050895,0.896864,wave_shell
-0.363573,1.367997,-0.820318,0.097229,0.674544,wave_shell
1.209473,-0.774213,-0.835764,0.129915,0.398846,wave_shell
-1.416451,-0.246394,-0.840281,0.133965,0.154085,wave_shell
0.86389,1.120173,-0.830259,0.100334,0.01511,wave_shell
0.115642,-1.362204,-0.805764,0.029583,0.02442,wave_shell
-0.957937,0.882578,-0.770935,-0.067252,0.179164,wave_shell
1.233528,-0.003512,-0.733161,-0.170961,0.432017,wave_shell
-0.868611,-0.791182,-0.701253,-0.258969,0.705658,wave_shell
0.102881,1.135154,-0.683135,-0.31127,0.916409,wave_shell
0.688654,-0.903543,-0.68373,-0.315746,0.999827,wave_shell
-1.145942,0.206067,-0.703656,-0.271325,0.930407,wave_shell
1.029477,0.65076,-0.739101,-0.188116,0.72938,wave_shell
-0.337053,-1.239732,-0.782885,-0.08454,0.458218,wave_shell
-0.619052,1.200289,-0.826383,0.017619,0.199832,wave_shell
1.316027,-0.484862,-0.861733,0.098769,0.033228,wave_shell
-1.325518,-0.542743,-0.883687,0.14608,0.009343,wave_shell
0.613043,1.30038,-0.890613,0.155852,0.135477,wave_shell
0.421659,-1.357842,-0.88442,0.133177,0.373061,wave_shell
-1.202516,0.701464,-0.869527,0.089245,0.649454,wave_shell
1.326496,0.28767,-0.851244,0.037296,0.880151,wave_shell
-0.764926,-1.081471,-0.83414,-0.011428,0.994623,wave_shell
-0.163178,1.287994,-0.820876,-0.050477,0.957875,wave_shell
0.97548,-0.826896,-0.81184,-0.079001,0.781146,wave_shell
-1.262947,-0.048626,-0.805633,-0.100496,0.518468,wave_shell
0.888682,0.879336,-0.800139,-0.120127,0.250146,wave_shell
-0.060572,-1.233792,-0.793793,-0.141681,0.058208,wave_shell
-0.778395,0.938194,-0.786536,-0.165275,0.001327,wave_shell
1.193076,-0.163986,-0.780143,-0.186653,0.096888,wave_shell
-0.983537,-0.680172,-0.777773,-0.198317,0.315675,wave_shell
0.266461,1.168895,-0.782901,-0.192111,0.590806,wave_shell
0.602112,-1.057736,-0.797992,-0.162378,0.838177,wave_shell
-1.190523,0.383547,-0.823359,-0.108607,0.982174,wave_shell
1.178139,0.540265,-0.856611,-0.036645,0.978786,wave_shell
-0.523036,-1.239844,-0.892907,0.041992,0.82905,wave_shell
-0.466701,1.30924,-0.92597,0.112579,0.57874,wave_shell
1.254843,-0.664076,-0.949584,0.160723,0.304364,wave_shell
-1.382213,-0.360142,-0.959157,0.175977,0.089786,wave_shell
0.767809,1.18668,-0.952889,0.154485,0.000588,wave_shell
0.229418,-1.358065,-0.932227,0.099934,0.064028,wave_shell
-1.04657,0.8153,-0.9015,0.022584,0.260713,wave_shell
1.266597,0.101305,-0.866848,-0.06328,0.530528,wave_shell
-0.830222,-0.892336,-0.834779,-0.142712,0.791011,wave_shell
0.009109,1.179055,-0.810749,-0.203343,0.962555,wave_shell
0.774402,-0.858564,-0.798147,-0.237648,0.992738,wave_shell
-1.146111,0.109513,-0.797901,-0.243774,0.87234,wave_shell
0.927905,0.700092,-0.808722,-0.224884,0.638158,wave_shell
-0.215453,-1.16547,-0.82784,-0.187444,0.361758,wave_shell
-0.644154,1.03012,-0.851923,-0.139094,0.127605,wave_shell
1.201812,-0.333048,-0.877895,-0.086813,0.00725,wave_shell
-1.13901,-0.58043,-0.90342,-0.035846,0.037465,wave_shell
0.457686,1.223828,-0.926974,0.010432,0.209015,wave_shell
0.49814,-1.233715,-0.947588,0.049919,0.469477,wave_shell
-1.217307,0.581154,-0.964451,0.080878,0.739262,wave_shell
1.301343,0.397165,-0.976583,0.101232,0.935939,wave_shell
-0.692981,-1.174769,-0.98277,0.108409,0.999417,wave_shell
-0.281193,1.327872,-0.981796,0.099862,0.910306,wave_shell
1.090089,-0.779027,-0.972905,0.074081,0.695835,wave_shell
-1.302309,-0.15854,-0.956315,0.031694,0.421534,wave_shell
0.829696,0.969157,-0.933572,-0.023799,0.171208,wave_shell
0.04151,-1.234804,-0.907572,-0.086014,0.021334,wave_shell
-0.837306,0.854503,-0.882198,-0.146513,0.017695,wave_shell
1.162294,-0.062747,-0.861635,-0.196309,0.1614,wave_shell
-0.883398,-0.725685,-0.849535,-0.227661,0.408542,wave_shell
0.160341,1.125817,-0.848271,-0.235654,0.683621,wave_shell
0.647485,-0.946104,-0.858469,-0.219157,0.902605,wave_shell
-1.138779,0.265446,-0.878939,-0.180911,0.998602,wave_shell
1.047526,0.589553,-0.906997,-0.126796,0.942294,wave_shell
-0.385925,-1.17818,-0.939054,-0.064536,0.750883,wave_shell
-0.526824,1.163777,-0.971298,-0.002236,0.482842,wave_shell
1.205031,-0.515289,-1.00028,0.052848,0.220044,wave_shell
-1.260254,-0.442322,-1.02328,0.09508,0.042758,wave_shell
0.637401,1.190355,-1.038441,0.120686,0.00513,wave_shell
0.334819,-1.311208,-1.04472,0.127634,0.118648,wave_shell
-1.125129,0.735796,-1.041781,0.115382,0.348637,wave_shell
1.306618,0.214176,-1.029943,0.084754,0.624851,wave_shell
-0.800079,-1.016762,-1.010233,0.038028,0.862932,wave_shell
-0.094037,1.252583,-0.984518,-0.020813,0.990172,wave_shell
0.885208,-0.831684,-0.955605,-0.0859,0.967717,wave_shell
-1.173942,0.014797,-0.927176,-0.149633,0.80243,wave_shell
0.850002,0.759192,-0.903451,-0.203395,0.544789,wave_shell
-0.111639,-1.111093,-0.888571,-0.238835,0.273473,wave_shell
-0.663606,0.888529,-0.885778,-0.249507,0.071334,wave_shell
1.098711,-0.20866,-0.896627,-0.23247,0.000092,wave_shell
-0.972684,-0.601658,-0.920431,-0.189335,0.081496,wave_shell
0.321,1.136758,-0.954182,-0.126384,0.290686,wave_shell
0.550712,-1.093851,-0.993008,-0.053575,0.563784,wave_shell
-1.184442,0.449555,-1.031114,0.017396,0.817405,wave_shell
1.208875,0.481265,-1.062986,0.075516,0.974112,wave_shell
-0.575611,-1.190721,-1.084532,0.11273,0.986067,wave_shell
-0.381715,1.27293,-1.093858,0.12544,0.849623,wave_shell
1.134553,-0.67674,-1.091459,0.114826,0.606442,wave_shell
-1.275103,-0.263526,-1.079794,0.08594,0.330768,wave_shell
0.747124,1.03474,-1.06239,0.045886,0.106761,wave_shell
0.144775,-1.239615,-1.04278,0.001708,0.002802,wave_shell
-0.923299,0.798274,-1.023626,-0.041344,0.050622,wave_shell
1.194899,0.034334,-1.006289,-0.080609,0.235617,wave_shell
-0.841695,-0.816745,-0.990988,-0.115691,0.501313,wave_shell
0.067739,1.15048,-0.977433,-0.14719,0.766605,wave_shell
0.715753,-0.880025,-0.965659,-0.175064,0.950517,wave_shell
-1.107684,0.163276,-0.956712,-0.197317,0.996917,wave_shell
0.91988,0.622971,-0.952847,-0.209639,0.891648,wave_shell
-0.257664,-1.081503,-0.957091,-0.206276,0.666845,wave_shell
-0.547066,0.983226,-0.972242,-0.181971,0.391123,wave_shell
1.093517,-0.364109,-0.999608,-0.134386,0.148633,wave_shell
-1.088546,-0.486383,-1.03792,-0.066127,0.013379,wave_shell
0.492807,1.137079,-1.082868,0.014431,0.026632,wave_shell
0.419833,-1.215116,-1.127533,0.094035,0.184343,wave_shell
-1.162317,0.629703,-1.163719,0.157149,0.438379,wave_shell
1.299812,0.325163,-1.183901,0.189662,0.711215,wave_shell
-0.735649,-1.113014,-1.18325,0.182697,0.919596,wave_shell
-0.204711,1.28821,-1.161142,0.135386,0.999941,wave_shell
0.982736,-0.781097,-1.121655,0.055689,0.927739,wave_shell
-1.193294,-0.083734,-1.072816,-0.041115,0.725026,wave_shell
0.783538,0.825854,-1.024759,-0.135968,0.453658,wave_shell
-0.019101,-1.092516,-0.987261,-0.210669,0.196432,wave_shell
-0.706671,0.79901,-0.96735,-0.252309,0.031827,wave_shell
1.057216,-0.111438,-0.967668,-0.256244,0.010056,wave_shell
-0.867856,-0.641596,-0.986064,-0.226729,0.137755,wave_shell
0.212134,1.088018,-1.016543,-0.175077,0.375962,wave_shell
0.596057,-0.97422,-1.051245,-0.115914,0.652005,wave_shell
-1.126396,0.324015,-1.082846,-0.062736,0.881674,wave_shell
1.068516,0.53144,-1.106631,-0.024131,0.994915,wave_shell
-0.433088,-1.124491,-1.12157,-0.001872,0.957189,wave_shell
-0.441939,1.126047,-1.130091,0.008588,0.780012,wave_shell
1.088758,-0.532889,-1.136645,0.01542,0.517429,wave_shell
-1.167559,-0.343918,-1.145563,0.026504,0.249534,wave_shell
0.633615,1.050571,-1.158981,0.045671,0.058034,wave_shell
0.245002,-1.215354,-1.175571,0.070465,0.001329,wave_shell
-1.010653,0.73726,-1.190588,0.092308,0.096707,wave_shell
1.245609,0.139319,-1.197298,0.099134,0.315075,wave_shell
-0.815877,-0.934406,-1.189379,0.079731,0.589833,wave_shell
-0.028829,1.20866,-1.163519,0.028376,0.837193,wave_shell
0.804326,-0.837027,-1.121327,-0.051835,0.981727,wave_shell
-1.101169,0.070228,-1.069814,-0.14823,0.979367,wave_shell
0.816474,0.657474,-1.020154,-0.240873,0.830839,wave_shell
-0.151912,-0.996859,-0.984961,-0.307478,0.581439,wave_shell
-0.553504,0.825955,-0.974805,-0.329575,0.307211,wave_shell
0.982432,-0.239132,-0.995017,-0.298099,0.091767,wave_shell
-0.925903,-0.509273,-1.043769,-0.216644,0.000787,wave_shell
0.359558,1.062527,-1.112098,-0.101271,0.062002,wave_shell
0.480873,-1.090466,-1.185973,0.02325,0.256744,wave_shell
-1.145693,0.503193,-1.249866,0.129773,0.525638,wave_shell
1.218985,0.414525,-1.290835,0.195906,0.786713,wave_shell
-0.621824,-1.134525,-1.301912,0.209843,0.960386,wave_shell
-0.302437,1.234516,-1.283808,0.173182,0.993723,wave_shell
1.020659,-0.681785,-1.244404,0.099892,0.87657,wave_shell
-1.161798,-0.178816,-1.196191,0.011763,0.644642,wave_shell
0.706338,0.879832,-1.152453,-0.068259,0.368633,wave_shell
0.071364,-1.093375,-1.123362,-0.122781,0.132666,wave_shell
-0.781104,0.748356,-1.113197,-0.144656,0.008652,wave_shell
1.083584,-0.024233,-1.11955,-0.138224,0.03438,wave_shell
-0.823344,-0.721065,-1.134733,-0.116777,0.202001,wave_shell
0.121082,1.09733,-1.14891,-0.097138,0.460428,wave_shell
0.652342,-0.891457,-1.153905,-0.093164,0.73091,wave_shell
-1.07211,0.214466,-1.146389,-0.110372,0.931026,wave_shell
0.918082,0.555573,-1.129377,-0.143534,0.999807,wave_shell
-0.295776,-1.009662,-1.111433,-0.178113,0.916303,wave_shell
-0.459015,0.934302,-1.103814,-0.195184,0.705963,wave_shell
0.976961,-0.381751,-1.116406,-0.178294,0.432878,wave_shell
-1.007222,-0.389644,-1.153796,-0.119998,0.180246,wave_shell
0.502132,1.013369,-1.212824,-0.025855,0.025028,wave_shell
0.331075,-1.144527,-1.282517,0.085622,0.014503,wave_shell
-1.064067,0.648855,-1.346617,0.187303,0.151868,wave_shell
1.255774,0.246781,-1.388031,0.250922,0.395273,wave_shell
-0.75963,-1.03072,-1.393936,0.255523,0.670573,wave_shell
-0.132293,1.237409,-1.359933,0.194247,0.893915,wave_shell
0.883404,-0.778972,-1.291953,0.077297,0.997278,wave_shell
-1.094343,-0.020762,-1.205176,-0.070012,0.94919,wave_shell
0.734221,0.698679,-1.120203,-0.21371,0.764305,wave_shell
-0.065307,-0.95095,-1.057515,-0.320318,0.498934,wave_shell
-0.57759,0.724479,-1.031855,-0.366026,0.233893,wave_shell
0.926244,-0.145778,-1.048191,-0.343147,0.049888,wave_shell
-0.817343,-0.541974,-1.1005,-0.261919,0.002943,wave_shell
0.251376,1.011242,-1.173754,-0.147093,0.107343,wave_shell
0.527412,-0.970059,-1.248501,-0.030356,0.331294,wave_shell
-1.088643,0.374324,-1.306653,0.059084,0.606603,wave_shell
1.07575,0.468129,-1.336704,0.102874,0.849453,wave_shell
-0.475212,-1.067806,-1.336765,0.098276,0.985914,wave_shell
-0.363318,1.085749,-1.314499,0.057897,0.974452,wave_shell
0.974359,-0.540236,-1.284019,0.004548,0.818565,wave_shell
-1.059688,-0.254133,-1.260753,-0.037052,0.565713,wave_shell
0.605079,0.89633,-1.255972,-0.049021,0.292865,wave_shell
0.160809,-1.079812,-1.27278,-0.026617,0.083067,wave_shell
-0.866043,0.702243,-1.304902,0.019983,0.000166,wave_shell
1.137418,0.068668,-1.338731,0.069084,0.069385,wave_shell
-0.800638,-0.827555,-1.358024,0.095014,0.269649,wave_shell
0.031049,1.139613,-1.349743,0.077375,0.540005,wave_shell
0.721642,-0.832158,-1.309142,0.008977,0.798183,wave_shell
-1.034389,0.119247,-1.242344,-0.100242,0.965624,wave_shell
0.788027,0.570773,-1.165456,-0.224799,0.991388,wave_shell
-0.183872,-0.896416,-1.100316,-0.330469,0.867645,wave_shell
-0.454402,0.759235,-1.068081,-0.384376,0.632054,wave_shell
0.856105,-0.255334,-1.082598,-0.365304,0.356294,wave_shell
-0.847231,-0.411119,-1.145631,-0.27097,0.124256,wave_shell
0.375808,0.948081,-1.245539,-0.119894,0.006523,wave_shell
0.395129,-1.036398,-1.359927,0.052941,0.038898,wave_shell
-1.06141,0.532402,-1.461623,0.205466,0.211522,wave_shell
1.188119,0.337412,-1.526243,0.300262,0.471883,wave_shell
-0.651063,-1.056064,-1.539103,0.315121,0.740789,wave_shell
-0.226372,1.182378,-1.499366,0.249263,0.93646,wave_shell
0.911003,-0.678282,-1.420164,0.123285,0.999399,wave_shell
-1.049742,-0.107053,-1.324609,-0.027145,0.910475,wave_shell
0.653741,0.734133,-1.238903,-0.161943,0.696739,wave_shell
0.013193,-0.936164,-1.184647,-0.248354,0.423189,wave_shell
-0.633106,0.671845,-1.172698,-0.270199,0.172999,wave_shell
0.938717,-0.06907,-1.200461,-0.231808,0.022231,wave_shell
-0.768363,-0.60647,-1.253414,-0.155501,0.016713,wave_shell
0.163379,1.006095,-1.310363,-0.073478,0.15811,wave_shell
0.574055,-0.874962,-1.35071,-0.016782,0.403429,wave_shell
-1.018262,0.258402,-1.361398,-0.004872,0.678096,wave_shell
0.908061,0.48798,-1.341281,-0.039191,0.898625,wave_shell
-0.328539,-0.940541,-1.301476,-0.102827,0.997997,wave_shell
-0.37948,0.883797,-1.261542,-0.166398,0.94602,wave_shell
0.860231,-0.387872,-1.242686,-0.198305,0.758503,wave_shell
-0.905263,-0.29802,-1.260178,-0.176029,0.492439,wave_shell
0.485431,0.86553,-1.317475,-0.094771,0.228679,wave_shell
0.240633,-1.025425,-1.404035,0.029502,0.047364,wave_shell
-0.924377,0.630599,-1.497698,0.163775,0.003575,wave_shell
1.157074,0.166549,-1.571026,0.267514,0.110602,wave_shell
-0.75115,-0.917175,-1.599736,0.30515,0.33592,wave_shell
-0.064209,1.157383,-1.570595,0.257638,0.611075,wave_shell
0.781421,-0.763419,-1.486274,0.129402,0.852482,wave_shell
-0.999049,0.032097,-1.365516,-0.051649,0.986823,wave_shell
0.684923,0.588131,-1.238394,-0.241276,0.973306,wave_shell
-0.098619,-0.820262,-1.137988,-0.391212,0.816049,wave_shell
-0.459545,0.641021,-1.09092,-0.46296,0.56282,wave_shell
0.781834,-0.164348,-1.109615,-0.438944,0.290523,wave_shell
-0.733439,-0.434118,-1.188665,-0.327564,0.081838,wave_shell
0.270971,0.892612,-1.306441,-0.160617,0.000121,wave_shell
0.439894,-0.917904,-1.431499,0.016187,0.070169,wave_shell
-1.006385,0.40461,-1.53186,0.156724,0.270702,wave_shell
1.045759,0.392866,-1.584321,0.227843,0.540834,wave_shell
-0.502538,-0.989795,-1.580956,0.218579,0.798564,wave_shell
-0.287377,1.031043,-1.530837,0.142391,0.965666,wave_shell
0.86058,-0.536359,-1.456463,0.03183,0.991434,wave_shell
-0.94468,-0.176091,-1.386082,-0.072607,0.868062,wave_shell
0.557858,0.74168,-1.344347,-0.135852,0.633002,wave_shell
0.089265,-0.919756,-1.344304,-0.139606,0.357593,wave_shell
-0.704005,0.633097,-1.383269,-0.088015,0.125401,wave_shell
0.984059,0.009066,-1.443944,-0.00589,0.006867,wave_shell
-0.74442,-0.694672,-1.500419,0.069984,0.03794,wave_shell
0.080739,1.028718,-1.527158,0.103634,0.209179,wave_shell
0.624701,-0.799449,-1.508062,0.072642,0.468626,wave_shell
-0.953093,0.159548,-1.442631,-0.023325,0.737581,wave_shell
0.753609,0.489195,-1.347132,-0.161087,0.934471,wave_shell
-0.208131,-0.8037,-1.250246,-0.300269,0.999597,wave_shell
-0.367306,0.691574,-1.184419,-0.395536,0.913222,wave_shell
0.729272,-0.25874,-1.175579,-0.410992,0.701555,wave_shell
-0.744895,-0.315545,-1.234425,-0.332197,0.428785,wave_shell
0.36654,0.80245,-1.352129,-0.17195,0.177615,wave_shell
0.300545,-0.928153,-1.501927,0.032188,0.024183,wave_shell
-0.92601,0.525306,-1.646301,0.228054,0.014989,wave_shell
1.096629,0.251704,-1.747661,0.363777,0.152801,wave_shell
-0.647264,-0.938935,-1.779335,0.402926,0.395835,wave_shell
-0.15224,1.095536,-1.73351,0.335291,0.670428,wave_shell
0.794675,-0.657328,-1.623648,0.179957,0.893366,wave_shell
-0.934997,-0.047297,-1.480591,-0.020303,0.997106,wave_shell
0.593909,0.60201,-1.343506,-0.21165,0.95023,wave_shell
-0.028932,-0.781681,-1.248386,-0.344971,0.766959,wave_shell
-0.491951,0.578602,-1.217641,-0.390039,0.502827,wave_shell
0.7725,-0.096702,-1.253939,-0.343711,0.237849,wave_shell
-0.67548,-0.479277,-1.340165,-0.229742,0.05228,wave_shell
0.18716,0.869268,-1.445455,-0.090346,0.002308,wave_shell
0.47491,-0.811361,-1.535376,0.02774,0.10305,wave_shell
-0.921815,0.284754,-1.583013,0.088278,0.32398,wave_shell
0.864944,0.409337,-1.577444,0.076857,0.598195,wave_shell
-0.348071,-0.853699,-1.526927,0.004984,0.84267,wave_shell
-0.303661,0.820442,-1.455771,-0.094351,0.983406,wave_shell
0.742596,-0.381598,-1.395916,-0.178172,0.977817,wave_shell
-0.790026,-0.216052,-1.375907,-0.208354,0.827616,wave_shell
0.445556,0.70718,-1.410847,-0.165011,0.578277,wave_shell
0.157465,-0.868247,-1.496612,-0.054042,0.305263,wave_shell
-0.752347,0.571649,-1.6103,0.093698,0.091181,wave_shell
0.998365,0.091981,-1.716922,0.231515,0.000792,wave_shell
-0.695535,-0.765888,-1.780313,0.311494,0.06142,wave_shell
-0.004449,1.026407,-1.774896,0.300077,0.254706,wave_shell
0.661818,-0.716187,-1.694526,0.189638,0.52217,wave_shell
-0.887713,0.074031,-1.555561,0.002288,0.782917,wave_shell
0.627837,0.485686,-1.392991,-0.215479,0.958103,wave_shell
-0.120493,-0.698838,-1.250679,-0.405838,0.994772,wave_shell
-0.356277,0.554756,-1.168587,-0.516493,0.88186,wave_shell
0.635499,-0.167885,-1.170875,-0.516223,0.653522,wave_shell
-0.622435,-0.326702,-1.258533,-0.404321,0.378793,wave_shell
0.265398,0.736616,-1.408867,-0.211006,0.14071,wave_shell
0.337271,-0.807124,-1.582046,0.011394,0.011211,wave_shell
-0.865112,0.400274,-1.732779,0.203812,0.029408,wave_shell
0.950977,0.302818,-1.823546,0.317692,0.189779,wave_shell
-0.497322,-0.866801,-1.835377,0.328861,0.443855,wave_shell
-0.210262,0.937016,-1.772875,0.243818,0.714875,wave_shell
0.734871,-0.511898,-1.662004,0.096598,0.920985,wave_shell
-0.818927,-0.109732,-1.54137,-0.062692,0.999956,wave_shell
0.495642,0.593289,-1.449798,-0.184023,0.927966,wave_shell
0.034239,-0.749286,-1.4141,-0.233141,0.726774,wave_shell
-0.538586,0.536549,-1.440914,-0.201912,0.457139,wave_shell
0.794439,-0.033285,-1.515141,-0.110087,0.200456,wave_shell
-0.641086,-0.539712,-1.605467,0.001996,0.034187,wave_shell
0.112233,0.862414,-1.675163,0.087369,0.008488,wave_shell
0.502877,-0.716118,-1.694682,0.108536,0.131086,wave_shell
-0.828464,0.182608,-1.651985,0.050521,0.364968,wave_shell
0.688312,0.398391,-1.557207,-0.073401,0.639565,wave_shell
-0.219279,-0.697768,-1.440073,-0.225226,0.872054,wave_shell
-0.286693,0.613516,-1.340769,-0.353974,0.992335,wave_shell
0.602053,-0.248902,-1.297087,-0.412042,0.964165,wave_shell
-0.624955,-0.227848,-1.331883,-0.370979,0.796067,wave_shell
0.33107,0.636608,-1.444877,-0.231646,0.538739,wave_shell
0.206161,-0.768576,-1.611501,-0.025411,0.269752,wave_shell
-0.740984,0.47192,-1.789336,0.194184,0.070166,wave_shell
0.927932,0.163618,-1.930289,0.366853,0.000098,wave_shell
-0.589455,-0.767975,-1.994846,0.443446,0.080628,wave_shell
-0.082331,0.944015,-1.964036,0.400778,0.287466,wave_shell
0.652338,-0.598247,-1.845389,0.248833,0.558295,wave_shell
-0.796738,0.000433,-1.670996,0.028077,0.811551,wave_shell
0.520371,0.476183,-1.488217,-0.202349,0.970994,wave_shell
-0.055775,-0.631587,-1.345817,-0.381952,0.988652,wave_shell
-0.364374,0.475797,-1.279778,-0.466466,0.859245,wave_shell
0.597169,-0.105966,-1.303089,-0.440325,0.621749,wave_shell
-0.547636,-0.347943,-1.402615,-0.320283,0.347642,wave_shell
0.184637,0.685353,-1.543939,-0.149183,0.119387,wave_shell
0.353937,-0.682392,-1.682586,0.018056,0.005621,wave_shell
-0.758129,0.277335,-1.778085,0.131795,0.040523,wave_shell
0.753474,0.310544,-1.806437,0.162899,0.213562,wave_shell
-0.336137,-0.71729,-1.767101,0.111119,0.472686,wave_shell
-0.223871,0.715097,-1.682352,0.004064,0.739997,wave_shell
0.608309,-0.35297,-1.589289,-0.112771,0.935171,wave_shell
-0.655794,-0.143801,-1.527094,-0.191656,0.999594,wave_shell
0.383029,0.54419,-1.523672,-0.198878,0.913953,wave_shell
0.088057,-0.682439,-1.585971,-0.126362,0.704009,wave_shell
-0.559026,0.471668,-1.697161,0.005119,0.432833,wave_shell
0.779131,0.031795,-1.821629,0.152219,0.181844,wave_shell
-0.577816,-0.57438,-1.916285,0.262857,0.026364,wave_shell
0.038374,0.820219,-1.944626,0.293226,0.013014,wave_shell
0.507208,-0.608477,-1.889087,0.222586,0.145756,wave_shell
-0.725324,0.097993,-1.75769,0.061068,0.384729,wave_shell
0.537403,0.373478,-1.582769,-0.152114,0.658242,wave_shell
-0.127538,-0.565483,-1.412013,-0.359617,0.884287,wave_shell
-0.262075,0.457933,-1.294476,-0.502839,0.995132,wave_shell
0.4879,-0.155946,-1.26584,-0.539515,0.9576,wave_shell
-0.487824,-0.225065,-1.337459,-0.456635,0.782987,wave_shell
0.230058,0.548873,-1.492611,-0.274668,0.52364,wave_shell
0.226174,-0.629898,-1.691155,-0.041758,0.257245,wave_shell
-0.653861,0.344105,-1.88121,0.180337,0.063549,wave_shell
0.759308,0.19971,-2.014301,0.334293,0.000493,wave_shell
-0.431153,-0.669741,-2.059358,0.383716,0.086893,wave_shell
-0.130326,0.760807,-2.011308,0.323124,0.296846,wave_shell
0.569233,-0.441341,-1.891707,0.17844,0.567521,wave_shell
-0.655538,-0.053951,-1.741319,-0.001992,0.817976,wave_shell
0.409153,0.4418,-1.607046,-0.162926,0.973368,wave_shell
-0.003078,-0.567632,-1.527341,-0.259373,0.987311,wave_shell
-0.376378,0.415355,-1.520679,-0.270016,0.855703,wave_shell
0.575272,-0.053632,-1.580624,-0.202783,0.617905,wave_shell
-0.484939,-0.367636,-1.678953,-0.090976,0.344948,wave_shell
0.114556,0.627761,-1.775717,0.018653,0.118298,wave_shell
0.347493,-0.552868,-1.832932,0.081937,0.005544,wave_shell
-0.62233,0.170919,-1.827487,0.072253,0.040255,wave_shell
0.547945,0.28082,-1.759071,-0.010412,0.212008,wave_shell
-0.199324,-0.536745,-1.650591,-0.139198,0.469553,wave_shell
-0.199433,0.490667,-1.540893,-0.268988,0.736124,wave_shell
0.452924,-0.214951,-1.472107,-0.351158,0.932338,wave_shell
-0.475831,-0.146421,-1.475642,-0.349741,0.999828,wave_shell
0.26406,0.45001,-1.56132,-0.253831,0.918583,wave_shell
0.118742,-0.554431,-1.71317,-0.082213,0.712855,wave_shell
-0.505676,0.359622,-1.893319,0.121326,0.443884,wave_shell
0.661073,0.082023,-2.05288,0.300658,0.191641,wave_shell
-0.44721,-0.524822,-2.146508,0.404053,0.031047,wave_shell
-0.024497,0.681917,-2.146144,0.399837,0.009729,wave_shell
0.452434,-0.459604,-2.049704,0.286131,0.13392,wave_shell
-0.585129,0.030237,-1.88199,0.091667,0.366681,wave_shell
0.400847,0.330833,-1.687554,-0.132558,0.638919,wave_shell
-0.064133,-0.457856,-1.517701,-0.328205,0.869925,wave_shell
-0.241649,0.351358,-1.415601,-0.446504,0.991303,wave_shell
0.40748,-0.093994,-1.404075,-0.462001,0.967201,wave_shell
-0.379142,-0.214534,-1.4797,-0.379034,0.804868,wave_shell
0.145233,0.446855,-1.614926,-0.229119,0.552421,wave_shell
0.210591,-0.462368,-1.76737,-0.060279,0.284549,wave_shell
-0.494811,0.210242,-1.89327,0.07821,0.08039,wave_shell
0.518433,0.183301,-1.960839,0.150805,0.000153,wave_shell
-0.254982,-0.478829,-1.959351,0.145791,0.067394,wave_shell
-0.129709,0.503125,-1.901264,0.077458,0.262147,wave_shell
0.410651,-0.267203,-1.816866,-0.020063,0.526908,wave_shell
-0.457457,-0.076067,-1.743367,-0.10513,0.783659,wave_shell
0.2769,0.353564,-1.712043,-0.142962,0.956879,wave_shell
0.03467,-0.447989,-1.73763,-0.117383,0.995741,wave_shell
-0.3375,0.315632,-1.813374,-0.036178,0.888989,wave_shell
0.480257,-0.004947,-1.913293,0.071587,0.668128,wave_shell
-0.368105,-0.330305,-2.000849,0.165341,0.398062,wave_shell
0.048511,0.494245,-2.041213,0.206641,0.157972,wave_shell
0.289236,-0.385415,-2.013123,0.172253,0.018083,wave_shell
-0.443395,0.083149,-1.916507,0.062435,0.019152,wave_shell
0.348438,0.216639,-1.773399,-0.098223,0.160651,wave_shell
-0.099353,-0.354965,-1.621822,-0.267708,0.401074,wave_shell
-0.151663,0.299521,-1.50455,-0.399045,0.670193,wave_shell
0.298353,-0.112454,-1.456252,-0.454419,0.889626,wave_shell
-0.297533,-0.119245,-1.493042,-0.416539,0.99568,wave_shell
0.146487,0.304815,-1.607638,-0.293772,0.957791,wave_shell
0.105613,-0.349269,-1.771585,-0.117537,0.787241,wave_shell
-0.336821,0.199857,-1.943736,0.067113,0.53369,wave_shell
0.401413,0.083925,-2.082307,0.214695,0.270599,wave_shell
-0.242011,-0.336808,-2.156721,0.29217,0.073887,wave_shell
-0.047828,0.401494,-2.155665,0.287578,0.000014,wave_shell
0.289342,-0.249,-2.089022,0.211983,0.069854,wave_shell
-0.35245,-0.01094,-1.983363,0.094424,0.262931,wave_shell
0.231617,0.22579,-1.872688,-0.028204,0.523594,wave_shell
-0.016914,-0.298997,-1.787553,-0.122941,0.777212,wave_shell
-0.179208,0.219304,-1.746088,-0.170393,0.951637,wave_shell
0.271346,-0.039359,-1.749672,-0.169283,0.997729,wave_shell
-0.222808,-0.151642,-1.78439,-0.134758,0.903075,wave_shell
0.060894,0.25823,-1.827474,-0.091368,0.695104,wave_shell
0.126063,-0.225346,-1.8563,-0.063363,0.432855,wave_shell
-0.234077,0.077342,-1.856774,-0.065737,0.189945,wave_shell
0.210355,0.094572,-1.828249,-0.09905,0.033709,wave_shell
-0.084082,-0.195239,-1.783383,-0.149679,0.006506,wave_shell
-0.064092,0.184125,-1.743133,-0.195251,0.114417,wave_shell
0.158293,-0.085287,-1.728755,-0.213202,0.326369,wave_shell
-0.162497,-0.041048,-1.753682,-0.1894,0.583669,wave_shell
0.08627,0.131179,-1.818153,-0.123772,0.817005,wave_shell
0.023116,-0.143337,-1.908495,-0.030963,0.965956,wave_shell
-0.100806,0.079744,-2.001271,0.064152,0.995558,wave_shell
0.102635,0.00744,-2.070685,0.134349,0.905861,wave_shell
-0.041228,-0.043655,-2.095042,0.156884,0.735865,wave_shell
-3.4,0,0.44,0,0.5,flow_wake
-3.39454,0.227165,0.331662,0.025878,0.828866,flow_wake
-3.389081,0.346015,0.060041,0.039466,0.99377,flow_wake
-3.383621,0.300981,-0.241019,0.034309,0.913021,flow_wake
-3.378162,0.116291,-0.42323,0.012857,0.626899,flow_wake
-3.372702,-0.115835,-0.39696,-0.014702,0.277441,flow_wake
-3.367243,-0.280107,-0.175357,-0.035277,0.037812,flow_wake
-3.361783,-0.294324,0.132239,-0.039098,0.026377,flow_wake
-3.356324,-0.149413,0.374292,-0.024349,0.248116,flow_wake
-3.350864,0.086139,0.431782,0.001965,0.592377,flow_wake
-3.345405,0.299639,0.276775,0.027345,0.887973,flow_wake
-3.339945,0.389061,-0.014003,0.039738,0.988182,flow_wake
-3.334486,0.31273,-0.297182,0.033257,0.843457,flow_wake
-3.329026,0.10961,-0.433494,0.010981,0.525802,flow_wake
-3.323567,-0.119674,-0.356322,-0.016511,0.192829,flow_wake
-3.318107,-0.261856,-0.104264,-0.036161,0.009436,flow_wake
-3.312648,-0.246194,0.198184,-0.038636,0.066027,flow_wake
-3.307188,-0.078927,0.402182,-0.022761,0.333829,flow_wake
-3.301729,0.159752,0.407846,0.003925,0.679395,flow_wake
-3.296269,0.354754,0.21318,0.028746,0.93098,flow_wake
-3.29081,0.412138,-0.085339,0.039915,0.963778,flow_wake
-3.28535,0.304861,-0.340629,0.032126,0.761715,flow_wake
-3.279891,0.085942,-0.427525,0.009078,0.42521,flow_wake
-3.274431,-0.137357,-0.304188,-0.018281,0.121148,flow_wake
-3.268972,-0.255779,-0.032236,-0.036957,0,flow_wake
-3.263512,-0.211279,0.254071,-0.038081,0.121241,flow_wake
-3.258053,-0.0253,0.414174,-0.021118,0.424039,flow_wake
-3.252593,0.211672,0.370268,0.005875,0.757653,flow_wake
-3.247134,0.384179,0.145116,0.030078,0.95636,flow_wake
-3.241674,0.408017,-0.149748,0.039995,0.921655,flow_wake
-3.236215,0.271251,-0.369327,0.030916,0.670969,flow_wake
-3.230755,0.040026,-0.406515,0.007154,0.328795,flow_wake
-3.225296,-0.173644,-0.244358,-0.020006,0.064748,flow_wake
-3.219836,-0.266428,0.036281,-0.037664,0.009368,flow_wake
-3.214377,-0.194001,0.297091,-0.037434,0.189471,flow_wake
-3.208917,0.007371,0.410535,-0.019424,0.515052,flow_wake
-3.203458,0.238499,0.322247,0.007811,0.824148,flow_wake
-3.197998,0.385583,0.077062,0.031336,0.963285,flow_wake
-3.192539,0.375635,-0.203776,0.039978,0.863571,flow_wake
-3.187079,0.21204,-0.382622,0.029632,0.574683,flow_wake
-3.18162,-0.027096,-0.372934,0.005213,0.240007,flow_wake
-3.17616,-0.226975,-0.181147,-0.021683,0.025352,flow_wake
-3.170701,-0.292013,0.09735,-0.03828,0.036687,flow_wake
-3.165241,-0.192384,0.325708,-0.036696,0.267714,flow_wake
-3.159782,0.02146,0.392909,-0.017683,0.60321,flow_wake
-3.154322,0.243366,0.267751,0.009729,0.876377,flow_wake
-3.148863,0.363188,0.013257,0.03252,0.951652,flow_wake
-3.143403,0.32044,-0.24509,0.039865,0.791862,flow_wake
-3.137944,0.133759,-0.381274,0.028277,0.476472,flow_wake
-3.132484,-0.108163,-0.330236,0.003258,0.161944,flow_wake
-3.127025,-0.289764,-0.118913,-0.023308,0.004006,flow_wake
-3.121565,-0.324889,0.147954,-0.038804,0.080435,flow_wake
-3.116106,-0.19874,0.339789,-0.03587,0.35264,flow_wake
-3.110646,0.024926,0.364103,-0.0159,0.685029,flow_wake
-3.105187,0.234856,0.211067,0.011622,0.912433,flow_wake
-3.099727,0.326491,-0.042739,0.033624,0.922067,flow_wake
-3.094268,0.252901,-0.272687,0.039656,0.70935,flow_wake
-3.088808,0.047646,-0.367343,0.026853,0.379965,flow_wake
-3.083348,-0.191558,-0.282463,0.001296,0.097242,flow_wake
-3.077889,-0.350423,-0.061593,-0.024876,0.00105,flow_wake
-3.072429,-0.35374,0.186286,-0.039234,0.13849,flow_wake
-3.06697,-0.202004,0.340577,-0.034957,0.440723,flow_wake
-3.06151,0.028839,0.327751,-0.014078,0.75733,flow_wake
-3.056051,0.224385,0.156337,0.013488,0.931059,flow_wake
-3.050591,0.287496,-0.088413,0.034648,0.875817,flow_wake
-3.045132,0.185619,-0.286967,0.039351,0.619217,flow_wake
-3.039672,-0.033358,-0.343915,0.025365,0.288663,flow_wake
-3.034213,-0.264418,-0.233785,-0.000669,0.047981,flow_wake
-3.028753,-0.396557,-0.012284,-0.026385,0.016113,flow_wake
-3.023294,-0.366842,0.211909,-0.039569,0.208221,flow_wake
-3.017834,-0.191053,0.330502,-0.03396,0.52838,flow_wake
-3.012375,0.044005,0.287882,-0.012222,0.817355,flow_wake
-3.006915,0.222782,0.107101,0.015322,0.931689,flow_wake
-3.001456,0.257266,-0.122535,0.035588,0.814804,flow_wake
-2.995996,0.129848,-0.289627,0.038951,0.524885,flow_wake
-2.990537,-0.0981,-0.314723,0.023815,0.205806,flow_wake
-2.985077,-0.316107,-0.188031,-0.002632,0.015616,flow_wake
-2.979618,-0.418412,0.027063,-0.02783,0.048145,flow_wake
-2.974158,-0.355462,0.225746,-0.039809,0.286598,flow_wake
-2.968699,-0.158051,0.312866,-0.032881,0.612107,flow_wake
-2.963239,0.077681,0.248453,-0.010336,0.862867,flow_wake
-2.95778,0.23707,0.065928,0.017118,0.914457,flow_wake
-2.95232,0.242772,-0.145242,0.036442,0.741462,flow_wake
-2.946861,0.09243,-0.283422,0.038458,0.429879,flow_wake
-2.941401,-0.140178,-0.283696,0.022208,0.134258,flow_wake
-2.935942,-0.341076,-0.148267,-0.00459,0.000931,flow_wake
-2.930482,-0.411596,0.055826,-0.029207,0.095466,flow_wake
-2.925023,-0.316443,0.229921,-0.039953,0.370316,flow_wake
-2.919563,-0.100881,0.29142,-0.031723,0.688615,flow_wake
-2.914104,0.131304,0.212897,-0.008426,0.892221,flow_wake
-2.908644,0.268347,0.034153,0.018873,0.880177,flow_wake
-2.903185,0.244933,-0.157971,0.037208,0.658655,flow_wake
-2.897725,0.074001,-0.271797,0.037871,0.337686,flow_wake
-2.892266,-0.159563,-0.254492,0.020547,0.076401,flow_wake
-2.886806,-0.340274,-0.116466,-0.006536,0.004021,flow_wake
-2.881347,-0.378298,0.074724,-0.030514,0.155843,flow_wake
-2.875887,-0.25321,0.227456,-0.04,0.455922,flow_wake
-2.870428,-0.023949,0.26991,-0.030488,0.754948,flow_wake
-2.864968,0.19988,0.183731,-0.006495,0.904425,flow_wake
-2.859509,0.311378,0.011774,0.020582,0.830306,flow_wake
-2.854049,0.258411,-0.163227,0.037884,0.569561,flow_wake
-2.84859,0.068987,-0.258445,0.037193,0.251629,flow_wake
-2.84313,-0.162387,-0.230068,0.018837,0.034053,flow_wake
-2.837671,-0.320745,-0.093319,-0.008466,0.024302,flow_wake
-2.832211,-0.326658,0.085677,-0.031748,0.226583,flow_wake
-2.826752,-0.174931,0.221869,-0.039951,0.539957,flow_wake
-2.821292,0.062865,0.251612,-0.029179,0.808594,flow_wake
-2.815833,0.273234,0.162292,-0.004549,0.899157,flow_wake
-2.810373,0.35603,-0.002498,0.022242,0.766869,flow_wake
-2.804914,0.273215,-0.16424,0.038469,0.477544,flow_wake
-2.799454,0.067383,-0.246846,0.036425,0.174738,flow_wake
-2.793995,-0.158998,-0.212339,0.017081,0.008408,flow_wake
-2.788535,-0.293494,-0.078193,-0.010376,0.060544,flow_wake
-2.783076,-0.268475,0.091526,-0.032904,0.304647,flow_wake
-2.777616,-0.09406,0.216716,-0.039805,0.61908,flow_wake
-2.772157,0.146808,0.238944,-0.0278,0.847572,flow_wake
-2.766697,0.338744,0.148604,-0.002591,0.876773,flow_wake
-2.761237,0.390115,-0.011035,0.023848,0.692378,flow_wake
-2.755778,0.277658,-0.164529,0.038961,0.386022,flow_wake
-2.750318,0.057804,-0.239826,0.035569,0.10964,flow_wake
-2.744859,-0.16081,-0.201971,0.015284,0.000001,flow_wake
-2.739399,-0.270258,-0.06925,-0.012261,0.110929,flow_wake
-2.73394,-0.215891,0.09564,-0.033982,0.386768,flow_wake
-2.72848,-0.022959,0.215137,-0.039563,0.690201,flow_wake
-2.723021,0.215683,0.233177,-0.026354,0.870496,flow_wake
-2.717561,0.384792,0.141412,-0.000628,0.838278,flow_wake
-2.712102,0.402864,-0.016953,0.025397,0.609724,flow_wake
-2.706642,0.261821,-0.167439,0.039359,0.298336,flow_wake
-2.701183,0.030945,-0.239211,0.034627,0.058467,flow_wake
-2.695723,-0.176866,-0.198319,0.01345,0.008703,flow_wake
-2.690264,-0.260086,-0.063718,-0.014116,0.173132,flow_wake
-2.684804,-0.178006,0.101469,-0.034977,0.469586,flow_wake
-2.679345,0.029439,0.21945,-0.039226,0.75059,flow_wake
-2.673885,0.261115,0.234287,-0.024844,0.876621,flow_wake
-2.668426,0.403953,0.138367,0.001337,0.785276,flow_wake
-2.662966,0.388007,-0.023697,0.026884,0.522062,flow_wake
-2.657507,0.220531,-0.175707,0.039662,0.217622,flow_wake
-2.652047,-0.017561,-0.245599,0.033602,0.022782,flow_wake
-2.646588,-0.211092,-0.199529,0.011583,0.033729,flow_wake
-2.641128,-0.266721,-0.058263,-0.015937,0.244417,flow_wake
-2.635669,-0.158391,0.112079,-0.035888,0.54977,flow_wake
-2.630209,0.059975,0.230851,-0.038794,0.797976,flow_wake
-2.62475,0.280748,0.240973,-0.023274,0.865859,flow_wake
-2.61929,0.395012,0.136347,0.003299,0.719901,flow_wake
-2.613831,0.345614,-0.034573,0.028306,0.432684,flow_wake
-2.608371,0.155006,-0.191093,0.039869,0.146695,flow_wake
-2.602912,-0.085684,-0.258279,0.032496,0.003531,flow_wake
-2.597452,-0.26103,-0.202787,0.009689,0.07369,flow_wake
-2.591993,-0.287514,-0.049437,-0.01772,0.321752,flow_wake
-2.586533,-0.154197,0.129748,-0.036712,0.624153,flow_wake
-2.581074,0.071961,0.24925,-0.038268,0.830628,flow_wake
-2.575614,0.278722,0.250819,-0.021648,0.838769,flow_wake
-2.570155,0.363236,0.131872,0.005253,0.644721,flow_wake
-2.564695,0.282143,-0.052309,0.02966,0.344891,flow_wake
-2.559236,0.072697,-0.21414,0.03998,0.087951,flow_wake
-2.553776,-0.165369,-0.275316,0.031311,0.001015,flow_wake
-2.548317,-0.318407,-0.204687,0.007771,0.126647,flow_wake
-2.542857,-0.314198,-0.034141,-0.01946,0.401925,flow_wake
-2.537398,-0.157112,0.155643,-0.037448,0.689847,flow_wake
-2.531938,0.074024,0.273266,-0.03765,0.847408,flow_wake
-2.526479,0.264328,0.260605,-0.01997,0.796529,flow_wake
-2.521019,0.318824,0.12156,0.007195,0.562639,flow_wake
-2.51556,0.2087,-0.078677,0.030942,0.261866,flow_wake
-2.5101,-0.014645,-0.244076,0.039994,0.043276,flow_wake
-2.504641,-0.244631,-0.293785,0.03005,0.014891,flow_wake
-2.499181,-0.371391,-0.201671,0.005834,0.190204,flow_wake
-2.493722,-0.335278,-0.010042,-0.021153,0.481677,flow_wake
-2.488262,-0.1559,0.189646,-0.038093,0.744345,flow_wake
-2.482803,0.07743,0.300374,-0.036941,0.84781,flow_wake
-2.477343,0.249204,0.266709,-0.018244,0.740874,flow_wake
-2.471884,0.273979,0.102579,0.009119,0.476769,flow_wake
-2.466424,0.137997,-0.114233,0.03215,0.186556,flow_wake
-2.460965,-0.094109,-0.278876,0.039912,0.013988,flow_wake
-2.455505,-0.310786,-0.310126,0.028717,0.044196,flow_wake
-2.450045,-0.407886,-0.190491,0.003884,0.261598,flow_wake
-2.444586,-0.339384,0.024096,-0.022795,0.55782,flow_wake
-2.439126,-0.139788,0.23032,-0.038647,0.785616,flow_wake
-2.433667,0.09267,0.327201,-0.036143,0.83196,flow_wake
-2.428207,0.243883,0.265568,-0.016474,0.674024,flow_wake
-2.422748,0.239439,0.073037,0.01102,0.390318,flow_wake
-2.417288,0.08087,-0.158202,0.03328,0.121564,flow_wake
-2.411829,-0.155093,-0.315483,0.039733,0.000793,flow_wake
-2.406369,-0.35389,-0.320578,0.027315,0.087397,flow_wake
-2.40091,-0.418924,-0.16864,0.001924,0.33782,flow_wake
-2.39545,-0.318603,0.068208,-0.024382,0.627362,flow_wake
-2.389991,-0.101731,0.275047,-0.039107,0.812171,flow_wake
-2.384531,0.126267,0.349921,-0.035258,0.800608,flow_wake
-2.379072,0.254683,0.254135,-0.014663,0.598589,flow_wake
-2.373612,0.221448,0.032257,0.012896,0.306461,flow_wake
-2.368153,0.043355,-0.208519,0.03433,0.069051,flow_wake
-2.362693,-0.192119,-0.350149,0.039459,0.003773,flow_wake
-2.357234,-0.36942,-0.321648,0.025847,0.142455,flow_wake
-2.351774,-0.401198,-0.134703,-0.000041,0.415728,flow_wake
-2.346315,-0.270853,0.120884,-0.02591,0.68762,flow_wake
-2.340855,-0.040624,0.320304,-0.039472,0.823111,flow_wake
-2.335396,0.17872,0.364714,-0.034288,0.755082,flow_wake
-2.329936,0.281823,0.230279,-0.012818,0.517465,flow_wake
-2.324477,0.220044,-0.019082,0.01474,0.228217,flow_wake
-2.319017,0.025146,-0.262031,0.035297,0.030666,flow_wake
-2.313558,-0.206182,-0.378867,0.039089,0.022389,flow_wake
-2.308098,-0.359424,-0.31055,0.024316,0.206917,flow_wake
-2.302639,-0.35801,-0.088569,-0.002006,0.492173,flow_wake
-2.297179,-0.20062,0.179481,-0.027375,0.73631,flow_wake
-2.29172,0.038168,0.362048,-0.039743,0.818151,flow_wake
-2.28626,0.244191,0.368231,-0.033234,0.697233,flow_wake
-2.280801,0.319297,0.193084,-0.010941,0.433713,flow_wake
-2.275341,0.229134,-0.078974,0.016548,0.158342,flow_wake
-2.269882,0.019879,-0.314828,0.036179,0.00749,flow_wake
-2.264422,-0.204266,-0.397837,0.038625,0.055515,flow_wake
-2.258963,-0.331826,-0.28557,0.022727,0.278014,flow_wake
-2.253503,-0.298356,-0.031511,-0.003965,0.564118,flow_wake
-2.248044,-0.117835,0.240382,-0.028775,0.771634,flow_wake
-2.242584,0.124133,0.396179,-0.039917,0.797621,flow_wake
-2.237125,0.312006,0.358004,-0.032101,0.62935,flow_wake
-2.231665,0.356561,0.143005,-0.009038,0.350444,flow_wake
-2.226206,0.238346,-0.144256,0.018317,0.099223,flow_wake
-2.220746,0.017143,-0.362665,0.036973,0.000004,flow_wake
-2.215287,-0.197156,-0.403924,0.038068,0.101492,flow_wake
-2.209827,-0.298076,-0.246308,0.021083,0.352772,flow_wake
-2.204368,-0.234424,0.033915,-0.005916,0.628752,flow_wake
-2.198908,-0.035226,0.299379,-0.030105,0.792339,flow_wake
-2.193449,0.204398,0.419003,-0.039995,0.762442,flow_wake
-2.187989,0.369557,0.332769,-0.03089,0.554068,flow_wake
-2.18253,0.381536,0.081873,-0.007114,0.270697,flow_wake
-2.17707,0.236125,-0.210935,0.020042,0.052793,flow_wake
-2.171611,0.005666,-0.401436,0.037678,0.008083,flow_wake
-2.166151,-0.196187,-0.395031,0.037419,0.158201,flow_wake
-2.160692,-0.269824,-0.193769,0.019388,0.428131,flow_wake
-2.155232,-0.1782,0.104105,-0.007852,0.683595,flow_wake
-2.149773,0.035125,0.35212,-0.031362,0.797752,flow_wake
-2.144313,0.267191,0.427662,-0.039977,0.714078,flow_wake
-2.138854,0.405781,0.292646,-0.029605,0.474259,flow_wake
-2.133394,0.384073,0.012735,-0.005172,0.197323,flow_wake
-2.127934,0.213179,-0.274597,0.021718,0.020471,flow_wake
-2.122475,-0.023268,-0.427633,0.038292,0.031008,flow_wake
-2.117015,-0.209847,-0.370368,0.03668,0.223147,flow_wake
-2.111556,-0.255562,-0.130298,0.017646,0.501062,flow_wake
-2.106096,-0.138163,0.174776,-0.009768,0.726586,flow_wake
-2.100637,0.085022,0.394586,-0.032544,0.787799,flow_wake
-2.095177,0.305004,0.420476,-0.039862,0.654477,flow_wake
-2.089718,0.414217,0.239163,-0.028248,0.392919,flow_wake
-2.084258,0.358906,-0.060448,-0.003217,0.132881,flow_wake
-2.078799,0.165309,-0.330882,0.023341,0.003111,flow_wake
-2.073339,-0.073117,-0.438742,0.038814,0.067508,flow_wake
-2.06788,-0.241213,-0.330567,0.035852,0.293568,flow_wake
-2.06242,-0.258196,-0.059357,0.015862,0.568686,flow_wake
-2.056961,-0.117002,0.241414,-0.011662,0.756154,flow_wake
-2.051501,0.112282,0.423531,-0.033647,0.762995,flow_wake
-2.046042,0.316553,0.397142,-0.039651,0.585979,flow_wake
-2.040582,0.394782,0.175123,-0.026823,0.313053,flow_wake
-2.035123,0.307226,-0.133205,-0.001255,0.079546,flow_wake
-2.029663,0.094789,-0.375948,0.024909,0.00098,flow_wake
-2.024204,-0.140896,-0.43353,0.039242,0.115816,flow_wake
-2.018744,-0.286954,-0.277643,0.034937,0.366542,flow_wake
-2.013285,-0.274238,0.014826,0.014039,0.628375,flow_wake
-2.007825,-0.110997,0.299748,-0.013527,0.771271,flow_wake
-2.002366,0.121151,0.43684,-0.034668,0.724417,flow_wake
-1.996906,0.306972,0.358789,-0.039344,0.511229,flow_wake
-1.991447,0.353752,0.104323,-0.025333,0.237555,flow_wake
-1.985987,0.236454,-0.201022,0.00071,0.039031,flow_wake
-1.980528,0.009921,-0.406887,0.026416,0.01376,flow_wake
-1.975068,-0.217822,-0.412189,0.039575,0.173744,flow_wake
-1.969609,-0.338177,-0.21479,0.033938,0.439101,flow_wake
-1.964149,-0.294848,0.087692,0.012182,0.677854,flow_wake
-1.95869,-0.111258,0.346202,-0.01536,0.771481,flow_wake
-1.95323,0.120874,0.433758,-0.035607,0.67365,flow_wake
-1.947771,0.286208,0.30787,-0.038942,0.433061,flow_wake
-1.942311,0.301964,0.031161,-0.023782,0.169106,flow_wake
-1.936852,0.158247,-0.259817,0.002673,0.012528,flow_wake
-1.931392,-0.077125,-0.422029,0.027859,0.04057,flow_wake
-1.925933,-0.291642,-0.376319,0.039813,0.238777,flow_wake
-1.920473,-0.382892,-0.146054,0.032858,0.508346,flow_wake
-1.915014,-0.30843,0.154834,0.010296,0.715279,flow_wake
-1.909554,-0.106441,0.378269,-0.017155,0.756904,flow_wake
-1.904095,0.122862,0.414963,-0.036459,0.612718,flow_wake
-1.898635,0.266051,0.247898,-0.038446,0.354396,flow_wake
-1.893176,0.251734,-0.039824,-0.022174,0.110068,flow_wake
-1.887716,0.085329,-0.30636,0.00463,0.000674,flow_wake
-1.882257,-0.15357,-0.421111,0.029235,0.080008,flow_wake
-1.876797,-0.349949,-0.328754,0.039955,0.308174,flow_wake
-1.871338,-0.409387,-0.075901,0.031698,0.571557,flow_wake
-1.865878,-0.304037,0.212451,0.008386,0.7393,flow_wake
-1.860419,-0.086181,0.394766,-0.018909,0.728229,flow_wake
-1.854959,0.13723,0.382492,-0.037223,0.544,flow_wake
-1.8495,0.256675,0.183073,-0.037858,0.278121,flow_wake
-1.84404,0.213398,-0.104432,-0.020512,0.062406,flow_wake
-1.838581,0.028031,-0.338607,0.006576,0.003538,flow_wake
-1.833121,-0.209457,-0.405289,0.030541,0.130216,flow_wake
-1.827662,-0.383571,-0.273245,0.04,0.379076,flow_wake
-1.822202,-0.409544,-0.008744,0.030461,0.626295,flow_wake
-1.816742,-0.274617,0.257737,0.006455,0.749105,flow_wake
-1.811283,-0.044255,0.39593,-0.020618,0.686672,flow_wake
-1.805823,0.169735,0.339493,-0.037897,0.470133,flow_wake
-1.800364,0.263658,0.117827,-0.037178,0.206982,flow_wake
-1.794904,0.192428,-0.159231,-0.0188,0.027614,flow_wake
-1.789445,-0.008473,-0.355886,0.008506,0.020624,flow_wake
-1.783985,-0.240281,-0.376986,0.031773,0.188957,flow_wake
-1.778526,-0.389054,-0.214052,0.039949,0.448616,flow_wake
-1.773066,-0.381165,0.051518,0.029151,0.670486,flow_wake
-1.767607,-0.21917,0.289157,0.004508,0.744441,flow_wake
-1.762147,0.019436,0.38337,-0.022276,0.633919,flow_wake
-1.756688,0.219955,0.289876,-0.03848,0.393904,flow_wake
-1.751228,0.286341,0.056349,-0.036408,0.143484,flow_wake
-1.745769,0.187973,-0.201905,-0.017044,0.006671,flow_wake
-1.740309,-0.025441,-0.358938,0.010416,0.050902,flow_wake
-1.73485,-0.248075,-0.339602,0.032928,0.253708,flow_wake
-1.72939,-0.369538,-0.155472,0.039801,0.514033,flow_wake
-1.723931,-0.328639,0.101905,0.02777,0.702499,flow_wake
-1.718471,-0.143199,0.306574,0.00255,0.725613,flow_wake
-1.713012,0.098623,0.359845,-0.023881,0.572058,flow_wake
-1.707552,0.281254,0.237862,-0.03897,0.318144,flow_wake
-1.702093,0.317991,0.002144,-0.03555,0.089794,flow_wake
-1.696633,0.193217,-0.231469,-0.015246,0.000008,flow_wake
-1.691174,-0.030002,-0.349788,0.0123,0.092857,flow_wake
-1.685714,-0.240637,-0.297112,0.034004,0.321762,flow_wake
-1.680255,-0.333782,-0.101374,0.039557,0.572772,flow_wake
-1.674795,-0.261752,0.140646,0.026323,0.721198,flow_wake
-1.669336,-0.057317,0.311215,0.000587,0.693464,flow_wake
-1.663876,0.182252,0.32893,-0.025428,0.50349,flow_wake
-1.658417,0.342545,0.187517,-0.039366,0.245617,flow_wake
-1.652957,0.347728,-0.04233,-0.034607,0.047669,flow_wake
-1.647498,0.197468,-0.248325,-0.013411,0.007506,flow_wake
-1.642038,-0.032914,-0.331474,0.014155,0.144555,flow_wake
-1.636579,-0.229132,-0.253609,0.034997,0.390334,flow_wake
-1.631119,-0.293606,-0.054786,0.039218,0.622579,flow_wake
-1.62566,-0.19299,0.167332,0.024812,0.725977,flow_wake
-1.6202,0.025578,0.305481,-0.001379,0.649334,flow_wake
-1.614741,0.257429,0.29458,-0.026914,0.43083,flow_wake
-1.609281,0.39133,0.142299,-0.039667,0.178915,flow_wake
-1.603822,0.363656,-0.075892,-0.03358,0.018393,flow_wake
-1.598362,0.189367,-0.254166,-0.011544,0.028505,flow_wake
-1.592903,-0.045282,-0.307667,0.015975,0.203725,flow_wake
-1.587443,-0.224751,-0.212833,0.035906,0.456669,flow_wake
-1.581984,-0.260497,-0.017587,0.038784,0.661582,flow_wake
-1.576524,-0.134096,0.182903,0.023241,0.716774,flow_wake
-1.571065,0.09378,0.292628,-0.00334,0.594997,flow_wake
-1.565605,0.312905,0.260666,-0.028335,0.356807,flow_wake
-1.560146,0.417183,0.104692,-0.039872,0.120366,flow_wake
-1.554686,0.356318,-0.098722,-0.032472,0.002739,flow_wake
-1.549227,0.160302,-0.251722,-0.009649,0.061844,flow_wake
-1.543767,-0.075185,-0.28222,0.017757,0.267851,flow_wake
-1.538308,-0.235381,-0.177756,0.036729,0.518147,flow_wake
-1.532848,-0.242332,0.009663,0.038256,0.688357,flow_wake
-1.527389,-0.092858,0.189484,0.021614,0.694065,flow_wake
-1.521929,0.139901,0.276346,-0.005294,0.532588,flow_wake
-1.51647,0.342104,0.230524,-0.029688,0.284152,flow_wake
-1.51101,0.414657,0.075949,-0.039981,0.071943,flow_wake
-1.505551,0.321475,-0.112283,-0.031285,0.000944,flow_wake
-1.500091,0.107061,-0.244397,-0.00773,0.105909,flow_wake
-1.494631,-0.125167,-0.258698,0.019496,0.334271,flow_wake
-1.489172,-0.263239,-0.150257,0.037463,0.57238,flow_wake
-1.483712,-0.24116,0.027736,0.037636,0.701974,flow_wake
-1.478253,-0.07105,0.190079,0.019935,0.658832,flow_wake
-1.472793,0.162768,0.2603,-0.007235,0.464515,flow_wake
-1.467334,0.344836,0.20657,-0.030968,0.2155,flow_wake
-1.461874,0.384803,0.055992,-0.039993,0.0352,flow_wake
-1.456415,0.261429,-0.119091,-0.030023,0.012713,flow_wake
-1.450955,0.032942,-0.235823,-0.005794,0.158707,flow_wake
-1.445496,-0.19132,-0.239956,0.021188,0.400286,flow_wake
-1.440036,-0.304149,-0.130932,0.038106,0.617302,flow_wake
-1.434577,-0.252672,0.038591,0.036926,0.702022,flow_wake
-1.429117,-0.064098,0.188171,0.018207,0.612524,flow_wake
-1.423658,0.167544,0.247672,-0.009159,0.393359,flow_wake
-1.418198,0.327207,0.190034,-0.032175,0.153286,flow_wake
-1.412739,0.334867,0.043467,-0.039909,0.011218,flow_wake
-1.407279,0.184499,-0.122367,-0.028689,0.037239,flow_wake
-1.40182,-0.052972,-0.2294,-0.003843,0.217946,flow_wake
-1.39636,-0.264213,-0.2278,0.022829,0.463258,flow_wake
-1.390901,-0.348665,-0.119062,0.038657,0.651239,flow_wake
-1.385441,-0.267512,0.045088,0.036126,0.688618,flow_wake
-1.379982,-0.062579,0.187258,0.016436,0.556987,flow_wake
-1.374522,0.164051,0.240775,-0.01106,0.321779,flow_wake
-1.369063,0.299758,0.180839,-0.033303,0.099658,flow_wake
-1.363603,0.276244,0.035957,-0.039729,0.000572,flow_wake
-1.358144,0.102804,-0.125598,-0.027285,0.073242,flow_wake
-1.352684,-0.138195,-0.227861,-0.001882,0.281129,flow_wake
-1.347225,-0.331417,-0.222784,0.024414,0.520714,flow_wake
-1.341765,-0.384726,-0.112737,0.039115,0.672967,flow_wake
-1.336306,-0.274051,0.050595,0.035239,0.662393,flow_wake
-1.330846,-0.0551,0.190405,0.014625,0.494388,flow_wake
-1.325387,0.163777,0.240767,-0.012935,0.2524,flow_wake
-1.319927,0.274362,0.177637,-0.034351,0.056399,flow_wake
-1.314468,0.221282,0.030316,-0.039452,0.003317,flow_wake
-1.309008,0.02898,-0.132078,-0.025816,0.119027,flow_wake
-1.303549,-0.210182,-0.232925,0.000082,0.345654,flow_wake
-1.298089,-0.3809,-0.224156,0.025941,0.570437,flow_wake
-1.29263,-0.401084,-0.109128,0.039479,0.681752,flow_wake
-1.28717,-0.261832,0.058536,0.034266,0.624458,flow_wake
-1.281711,-0.031761,0.199837,0.012779,0.427129,flow_wake
-1.276251,0.176412,0.247511,-0.014778,0.187721,flow_wake
-1.270792,0.26077,0.177998,-0.035316,0.024865,flow_wake
-1.265332,0.179835,0.023095,-0.039081,0.018997,flow_wake
-1.259873,-0.027233,-0.144473,-0.024284,0.172554,flow_wake
-1.254413,-0.259704,-0.245079,0.002047,0.408913,flow_wake
-1.248954,-0.404335,-0.229964,0.027405,0.610545,flow_wake
-1.243494,-0.390526,-0.104867,0.039747,0.67737,flow_wake
-1.238035,-0.224703,0.071934,0.033212,0.576353,flow_wake
-1.232575,0.012813,0.216648,0.010902,0.357747,flow_wake
-1.227116,0.206918,0.259595,-0.016586,0.130018,flow_wake
-1.221656,0.263785,0.178739,-0.036196,0.00594,flow_wake
-1.216197,0.156559,0.011002,-0.038615,0.046671,flow_wake
-1.210737,-0.061571,-0.164457,-0.022693,0.231526,flow_wake
-1.205278,-0.283277,-0.263497,0.004006,0.468394,flow_wake
-1.199818,-0.399369,-0.23731,0.028803,0.639557,flow_wake
-1.194359,-0.351976,-0.096493,0.03992,0.660104,flow_wake
-1.188899,-0.162737,0.093002,0.032077,0.51998,flow_wake
-1.183439,0.077731,0.240639,0.008998,0.288819,flow_wake
-1.17798,0.253964,0.274503,-0.018354,0.081259,flow_wake
-1.17252,0.281877,0.176337,-0.036989,0.000013,flow_wake
-1.167061,0.14971,-0.008653,-0.038056,0.084955,flow_wake
-1.161601,-0.076254,-0.192475,-0.021048,0.293477,flow_wake
-1.156142,-0.283971,-0.286136,0.005956,0.521775,flow_wake
-1.150682,-0.370219,-0.24272,0.030132,0.656443,flow_wake
-1.145223,-0.290873,-0.080912,0.039996,0.630726,flow_wake
-1.139763,-0.082402,0.12283,0.030864,0.457528,flow_wake
-1.134304,0.15588,0.270319,0.007073,0.222859,flow_wake
-1.128844,0.310179,0.288928,-0.020077,0.043041,flow_wake
-1.123385,0.307632,0.167388,-0.037692,0.006969,flow_wake
-1.117925,0.151785,-0.037588,-0.037405,0.132086,flow_wake
-1.112466,-0.079142,-0.227653,-0.019352,0.355873,flow_wake
-1.107006,-0.27036,-0.309972,0.007892,0.567007,flow_wake
-1.101547,-0.326422,-0.242588,0.031387,0.660659,flow_wake
-1.096087,-0.217719,-0.055821,0.039976,0.590459,flow_wake
-1.090628,0.005093,0.161211,0.029577,0.391378,flow_wake
-1.085168,0.235752,0.303057,0.005131,0.162224,flow_wake
-1.079709,0.364141,0.299179,-0.021752,0.016525,flow_wake
-1.074249,0.329903,0.149063,-0.038304,0.026203,flow_wake
-1.06879,0.151833,-0.07629,-0.036663,0.185993,flow_wake
-1.06333,-0.081285,-0.267864,-0.017609,0.416207,flow_wake
-1.057871,-0.253925,-0.331358,0.009808,0.602392,flow_wake
-1.052411,-0.280091,-0.233639,0.032567,0.652152,flow_wake
-1.046952,-0.145206,-0.020027,0.039859,0.540922,flow_wake
-1.041492,0.086782,0.206615,0.028219,0.324012,flow_wake
-1.036033,0.304538,0.335385,0.003176,0.109029,flow_wake
-1.030573,0.403558,0.301641,-0.023375,0.00241,flow_wake
-1.025114,0.337058,0.119484,-0.038824,0.056653,flow_wake
-1.019654,0.138755,-0.123907,-0.035834,0.244386,flow_wake
-1.014195,-0.093559,-0.309953,-0.015824,0.472097,flow_wake
-1.008735,-0.245647,-0.346461,0.011701,0.626637,flow_wake
-1.003276,-0.242472,-0.213359,0.033669,0.63136,flow_wake
-0.997816,-0.084741,0.026347,0.039645,0.48406,flow_wake
-0.992357,0.151433,0.25633,0.026792,0.257918,flow_wake
-0.986897,0.351602,0.363394,0.001214,0.065066,flow_wake
-0.981438,0.418715,0.293235,-0.024941,0.000908,flow_wake
-0.975978,0.320385,0.078009,-0.03925,0.096848,flow_wake
-0.970519,0.104663,-0.178293,-0.034917,0.304841,flow_wake
-0.965059,-0.123368,-0.35008,-0.014001,0.521373,flow_wake
-0.9596,-0.252767,-0.351736,0.013566,0.638901,flow_wake
-0.95414,-0.220771,-0.180339,0.034689,0.599184,flow_wake
-0.948681,-0.043358,0.081828,0.039337,0.422068,flow_wake
-0.943221,0.192536,0.306744,0.025301,0.195491,flow_wake
-0.937762,0.371357,0.383194,-0.000751,0.031745,flow_wake
-0.932302,0.405217,0.271812,-0.026447,0.011745,flow_wake
-0.926843,0.276697,0.025359,-0.039581,0.14497,flow_wake
-0.921383,0.047335,-0.236214,-0.033917,0.364901,flow_wake
-0.915924,-0.17234,-0.384161,-0.012143,0.562157,flow_wake
-0.910464,-0.276634,-0.34436,0.015398,0.638815,flow_wake
-0.905005,-0.216161,-0.13449,0.035625,0.556944,flow_wake
-0.899545,-0.021889,0.143705,0.038933,0.357296,flow_wake
-0.894086,0.209947,0.353737,0.023749,0.138945,flow_wake
-0.888626,0.36472,0.391382,-0.002714,0.010045,flow_wake
-0.883167,0.365246,0.236455,-0.027889,0.034181,flow_wake
-0.877707,0.209377,-0.036408,-0.039817,0.19893,flow_wake
-0.872247,-0.028943,-0.293682,-0.032834,0.422168,flow_wake
-0.866788,-0.235685,-0.408333,-0.010257,0.592931,flow_wake
-0.861328,-0.312262,-0.322596,0.017192,0.626491,flow_wake
-0.855869,-0.223536,-0.077112,0.036476,0.506324,flow_wake
-0.850409,-0.014924,0.208296,0.038435,0.292162,flow_wake
-0.84495,0.209729,0.393135,0.022139,0.090232,flow_wake
-0.83949,0.338735,0.385451,-0.004671,0.000484,flow_wake
-0.834031,0.306964,0.187628,-0.029263,0.067048,flow_wake
-0.828571,0.127575,-0.10408,-0.039957,0.256456,flow_wake
-0.823112,-0.114387,-0.346385,-0.031672,0.474393,flow_wake
-0.817652,-0.303399,-0.419406,-0.008345,0.612584,flow_wake
-0.812193,-0.349719,-0.286031,0.018945,0.602508,flow_wake
-0.806733,-0.233078,-0.010798,0.037238,0.449299,flow_wake
-0.801274,-0.01255,0.27133,0.037844,0.229057,flow_wake
-0.795814,0.202231,0.421186,0.020476,0.050969,flow_wake
-0.790355,0.304474,0.364108,-0.006617,0.003108,flow_wake
-0.784895,0.242246,0.127176,-0.030567,0.108798,flow_wake
-0.779436,0.043775,-0.173612,-0.04,0.315177,flow_wake
-0.773976,-0.196292,-0.390158,-0.030434,0.519561,flow_wake
-0.768517,-0.362975,-0.415243,-0.006414,0.620454,flow_wake
-0.763057,-0.376956,-0.235667,0.020653,0.56788,flow_wake
-0.757598,-0.233197,0.060816,0.03791,0.388057,flow_wake
-0.752138,-0.003394,0.3284,0.037162,0.170251,flow_wake
-0.746679,0.198952,0.434986,0.018764,0.022388,flow_wake
-0.741219,0.273819,0.327453,-0.008546,0.017497,flow_wake
-0.73576,0.183377,0.058162,-0.031798,0.157574,flow_wake
-0.7303,-0.029575,-0.240547,-0.039947,0.372722,flow_wake
-0.724841,-0.262454,-0.42144,-0.029123,0.555961,flow_wake
-0.719381,-0.40285,-0.395021,-0.004467,0.616341,flow_wake
-0.713922,-0.383263,-0.17385,0.02231,0.524013,flow_wake
-0.708462,-0.213984,0.133415,0.038491,0.324908,flow_wake
-0.703003,0.02193,0.37544,0.036391,0.117814,flow_wake
-0.697543,0.209102,0.43281,0.017006,0.005288,flow_wake
-0.692084,0.256031,0.276997,-0.010455,0.04279,flow_wake
-0.686624,0.139658,-0.015436,-0.032951,0.211281,flow_wake
-0.681165,-0.083407,-0.300485,-0.039797,0.426806,flow_wake
-0.675705,-0.304449,-0.437676,-0.027741,0.582252,flow_wake
-0.670246,-0.415602,-0.359344,-0.002509,0.600508,flow_wake
-0.664786,-0.362379,-0.104041,0.023914,0.472642,flow_wake
-0.659327,-0.170213,0.202458,0.038979,0.262196,flow_wake
-0.653867,0.067931,0.409165,0.035531,0.073535,flow_wake
-0.648408,0.236829,0.41432,0.015208,0.000018,flow_wake
-0.642948,0.255109,0.21553,-0.012339,0.077724,flow_wake
-0.637489,0.114885,-0.089134,-0.034025,0.267677,flow_wake
-0.632029,-0.114413,-0.349552,-0.039551,0.475317,flow_wake
-0.62657,-0.319851,-0.437592,-0.026292,0.597501,flow_wake
-0.62111,-0.400003,-0.3102,-0.000545,0.573662,flow_wake
-0.615651,-0.314351,-0.030466,0.02546,0.41576,flow_wake
-0.610191,-0.10302,0.263651,0.039373,0.202208,flow_wake
-0.604732,0.13275,0.42742,0.034586,0.03886,flow_wake
-0.599272,0.279913,0.380614,0.013372,0.006468,flow_wake
-0.593813,0.268662,0.146832,-0.014193,0.12069,flow_wake
-0.588353,0.106421,-0.158409,-0.035017,0.324453,flow_wake
-0.582894,-0.125776,-0.384807,-0.03921,0.516395,flow_wake
-0.577434,-0.312759,-0.421343,-0.02478,0.601216,flow_wake
-0.571975,-0.361323,-0.250756,0.00142,0.536921,flow_wake
-0.566515,-0.245624,0.042323,0.026945,0.355536,flow_wake
-0.561056,-0.019777,0.3134,0.039672,0.147089,flow_wake
-0.555596,0.208492,0.429416,0.033557,0.014845,flow_wake
-0.550136,0.330302,0.334105,0.011504,0.024085,flow_wake
-0.544677,0.288641,0.07528,-0.016013,0.169803,flow_wake
-0.539217,0.106118,-0.219175,-0.035924,0.379329,flow_wake
-0.533758,-0.12605,-0.404554,-0.038774,0.548496,flow_wake
-0.528298,-0.292478,-0.39049,-0.023207,0.593354,flow_wake
-0.522839,-0.309812,-0.185024,0.003381,0.491759,flow_wake
-0.517379,-0.167335,0.109929,0.028364,0.29423,flow_wake
-0.51192,0.067805,0.349181,0.039875,0.098758,flow_wake
-0.50646,0.28329,0.415795,0.032448,0.00212,flow_wake
-0.501001,0.376328,0.278267,0.009609,0.051897,flow_wake
-0.495541,0.303704,0.005388,-0.017794,0.222975,flow_wake
-0.490082,0.102823,-0.268201,-0.036745,0.430139,flow_wake
-0.484622,-0.126517,-0.4085,-0.038244,0.57045,flow_wake
-0.479163,-0.270736,-0.347822,-0.021579,0.574319,flow_wake
-0.473703,-0.257795,-0.117432,0.005335,0.439953,flow_wake
-0.468244,-0.092285,0.168565,0.029715,0.234105,flow_wake
-0.462784,0.146797,0.369792,0.039982,0.058844,flow_wake
-0.457325,0.34452,0.388549,0.03126,0.000872,flow_wake
-0.451865,0.40599,0.217252,0.00769,0.088561,flow_wake
-0.446406,0.302554,-0.058673,-0.019532,0.278,flow_wake
-0.440946,0.085758,-0.303437,-0.037477,0.47491,flow_wake
-0.435487,-0.137768,-0.397766,-0.037622,0.581494,flow_wake
-0.430027,-0.25824,-0.29704,-0.019899,0.544934,flow_wake
-0.424568,-0.216196,-0.052351,0.007275,0.383498,flow_wake
-0.419108,-0.031455,0.215439,0.030994,0.177339,flow_wake
-0.413649,0.206532,0.375449,0.039993,0.028627,flow_wake
-0.408189,0.382244,0.350779,0.029996,0.010849,flow_wake
-0.40273,0.410353,0.155439,0.005753,0.13242,flow_wake
-0.39727,0.277277,-0.113503,-0.021223,0.332643,flow_wake
-0.391811,0.047797,-0.324207,-0.038118,0.511938,flow_wake
-0.386351,-0.166494,-0.37473,-0.03691,0.581298,flow_wake
-0.380892,-0.261539,-0.242342,-0.018171,0.506405,flow_wake
-0.375432,-0.191496,0.006368,0.009199,0.324537,flow_wake
-0.369973,0.008941,0.249026,0.032199,0.125944,flow_wake
-0.364513,0.241437,0.367725,0.039906,0.008993,flow_wake
-0.359054,0.391912,0.306329,0.02866,0.031373,flow_wake
-0.353594,0.386106,0.096955,0.003802,0.181572,flow_wake
-0.348135,0.225745,-0.156817,-0.022862,0.384722,flow_wake
-0.342675,-0.012291,-0.331232,-0.038668,0.539842,flow_wake
-0.337216,-0.213411,-0.342736,-0.036108,0.569968,flow_wake
-0.331756,-0.281111,-0.187958,-0.016399,0.460267,flow_wake
-0.326297,-0.183977,0.055795,0.011099,0.26527,flow_wake
-0.320837,0.02903,0.269193,0.033326,0.081695,flow_wake
-0.315378,0.252417,0.349338,0.039724,0.000408,flow_wake
-0.309918,0.375551,0.259353,0.027255,0.061375,flow_wake
-0.304459,0.336541,0.045242,0.001841,0.233946,flow_wake
-0.298999,0.15239,-0.187652,-0.024447,0.432191,flow_wake
-0.29354,-0.08928,-0.326511,-0.039124,0.557617,flow_wake
-0.28808,-0.272891,-0.305691,-0.035219,0.548035,flow_wake
-0.282621,-0.311197,-0.137679,-0.014587,0.408321,flow_wake
-0.277161,-0.187762,0.094203,0.012974,0.207871,flow_wake
-0.271702,0.035039,0.27716,0.034372,0.046061,flow_wake
-0.266242,0.246411,0.323801,0.039446,0.002911,flow_wake
-0.260783,0.341103,0.213834,0.025784,0.099447,flow_wake
-0.255323,0.270678,0.002693,-0.000123,0.287386,flow_wake
-0.249864,0.067114,-0.206429,-0.025972,0.47322,flow_wake
-0.244404,-0.172765,-0.31304,-0.039486,0.564666,flow_wake
-0.238944,-0.334437,-0.267608,-0.034245,0.516426,flow_wake
-0.233485,-0.341446,-0.094455,-0.01274,0.352558,flow_wake
-0.228025,-0.192631,0.121222,0.014816,0.154406,flow_wake
-0.222566,0.037315,0.275305,0.035335,0.020156,flow_wake
-0.217106,0.234232,0.295001,0.039072,0.016115,flow_wake
-0.211647,0.3001,0.173142,0.024251,0.143893,flow_wake
-0.206187,0.200785,-0.029571,-0.002088,0.339733,flow_wake
-0.200728,-0.017332,-0.214839,-0.027435,0.506256,flow_wake
-0.195268,-0.249931,-0.294431,-0.039752,0.56081,flow_wake
-0.189809,-0.385559,-0.232136,-0.033189,0.476425,flow_wake
-0.184349,-0.3599,-0.060087,-0.010862,0.295082,flow_wake
-0.17889,-0.187095,0.137819,0.016623,0.106755,flow_wake
-0.17343,0.047155,0.266846,0.036214,0.004706,flow_wake
-0.167971,0.227328,0.266719,0.038604,0.039231,flow_wake
-0.162511,0.264352,0.139668,0.022659,0.192806,flow_wake
-0.157052,0.13899,-0.051782,-0.004047,0.388909,flow_wake
-0.151592,-0.088788,-0.215599,-0.028832,0.530081,flow_wake
-0.146133,-0.309007,-0.274461,-0.039923,0.546292,flow_wake
-0.140673,-0.415246,-0.20215,-0.032052,0.429613,flow_wake
-0.135214,-0.356461,-0.035062,-0.008958,0.238026,flow_wake
-0.129754,-0.161848,0.146129,0.01839,0.066544,flow_wake
-0.124295,0.073383,0.255414,0.037004,0.000023,flow_wake
-0.118835,0.234377,0.242194,0.038043,0.071107,flow_wake
-0.113376,0.242574,0.114575,0.021013,0.244144,flow_wake
-0.107916,0.093969,-0.065439,-0.005997,0.432995,flow_wake
-0.102457,-0.138937,-0.212078,-0.030159,0.54385,flow_wake
-0.096997,-0.342447,-0.256606,-0.039997,0.52176,flow_wake
-0.091538,-0.417042,-0.179424,-0.030838,0.377805,flow_wake
-0.086078,-0.325852,-0.018544,-0.007033,0.18347,flow_wake
-0.080619,-0.112615,0.149151,0.020113,0.035085,flow_wake
-0.075159,0.119624,0.2446,0.037706,0.006003,flow_wake
-0.0697,0.258695,0.223736,0.03739,0.110277,flow_wake
-0.06424,0.237927,0.097701,0.019316,0.295805,flow_wake
-0.058781,0.068621,-0.073081,-0.007932,0.470299,flow_wake
-0.053321,-0.165467,-0.207854,-0.031413,0.54712,flow_wake
-0.047862,-0.348914,-0.243616,-0.039974,0.488236,flow_wake
-0.042402,-0.390853,-0.164456,-0.029549,0.322976,flow_wake
-0.036943,-0.269234,-0.008527,-0.00509,0.133364,flow_wake
-0.031483,-0.041567,0.150336,0.021787,0.013335,flow_wake
-0.026024,0.183081,0.237495,0.038316,0.022138,flow_wake
-0.020564,0.297196,0.212465,0.036647,0.155021,flow_wake
-0.015105,0.247174,0.087621,0.017572,0.345717,flow_wake
-0.009645,0.05942,-0.077927,-0.009848,0.499421,flow_wake
-0.004186,-0.172518,-0.206253,-0.032591,0.539857,flow_wake
0.001274,-0.33352,-0.23719,-0.039855,0.447064,flow_wake
0.006733,-0.342966,-0.156433,-0.02819,0.267185,flow_wake
0.012193,-0.194008,-0.002121,-0.003135,0.089453,flow_wake
0.017652,0.043085,0.153135,0.023408,0.001863,flow_wake
0.023112,0.255144,0.236307,0.038834,0.047539,flow_wake
0.028571,0.341206,0.208198,0.035815,0.203438,flow_wake
0.034031,0.261678,0.081858,0.015786,0.391909,flow_wake
0.03949,0.057613,-0.083442,-0.01174,0.519299,flow_wake
0.04495,-0.169296,-0.209919,-0.033691,0.522431,flow_wake
0.050409,-0.306246,-0.237766,-0.03964,0.399863,flow_wake
0.055869,-0.284276,-0.153365,-0.026762,0.212489,flow_wake
0.061328,-0.111858,0.00405,-0.001173,0.053216,flow_wake
0.066788,0.129221,0.160542,0.024973,0.000837,flow_wake
0.072247,0.323683,0.242083,0.039258,0.080982,flow_wake
0.077707,0.378895,0.209486,0.034897,0.253522,flow_wake
0.083167,0.269975,0.07723,0.013962,0.432587,flow_wake
0.088626,0.051906,-0.092879,-0.013604,0.529244,flow_wake
0.094086,-0.167252,-0.22047,-0.034709,0.495595,flow_wake
0.099545,-0.278996,-0.244483,-0.039329,0.348452,flow_wake
0.105005,-0.22723,-0.152359,-0.025269,0.160871,flow_wake
0.110464,-0.03559,0.013395,0.000792,0.025814,flow_wake
0.115924,0.204057,0.174699,0.026477,0.01002,flow_wake
0.121383,0.376356,0.254571,0.039587,0.120956,flow_wake
0.126843,0.398636,0.213815,0.033895,0.303235,flow_wake
0.132302,0.261167,0.070272,0.012104,0.466203,flow_wake
0.137762,0.031901,-0.108841,-0.015435,0.528959,flow_wake
0.143221,-0.176634,-0.23828,-0.035644,0.460452,flow_wake
0.148681,-0.262134,-0.255285,-0.038923,0.294781,flow_wake
0.15414,-0.182352,-0.150001,-0.023716,0.114159,flow_wake
0.1596,0.024328,0.028903,0.002755,0.00805,flow_wake
0.165059,0.257581,0.196602,0.027918,0.028794,flow_wake
0.170519,0.404001,0.272249,0.039821,0.165728,flow_wake
0.175978,0.392335,0.217932,0.032811,0.350595,flow_wake
0.181438,0.228181,0.057698,0.010217,0.491505,flow_wake
0.186897,-0.008736,-0.132922,-0.017229,0.518544,flow_wake
0.192357,-0.203391,-0.262415,-0.036492,0.418399,flow_wake
0.197816,-0.26148,-0.267184,-0.038423,0.240852,flow_wake
0.203276,-0.155345,-0.142807,-0.022105,0.073965,flow_wake
0.208735,0.062558,0.052732,0.004712,0.000343,flow_wake
0.214195,0.285208,0.225947,0.029291,0.056182,flow_wake
0.219654,0.403145,0.292497,0.039959,0.213412,flow_wake
0.225114,0.357785,0.218261,0.031647,0.393742,flow_wake
0.230573,0.169954,0.036845,0.008305,0.507582,flow_wake
0.236033,-0.07025,-0.165479,-0.018982,0.498486,flow_wake
0.241492,-0.24733,-0.290722,-0.037253,0.371079,flow_wake
0.246952,-0.276638,-0.276635,-0.037831,0.188644,flow_wake
0.252411,-0.145591,-0.127682,-0.020441,0.041624,flow_wake
0.257871,0.080201,0.085903,0.006657,0.002726,flow_wake
0.26333,0.288902,0.261136,0.030594,0.090898,flow_wake
0.26879,0.376918,0.311918,0.04,0.262045,flow_wake
0.274249,0.299361,0.211372,0.030408,0.431012,flow_wake
0.279709,0.091917,0.006039,0.006373,0.513893,flow_wake
0.285168,-0.146528,-0.20554,-0.020688,0.469634,flow_wake
0.290628,-0.302039,-0.320075,-0.037923,0.320306,flow_wake
0.296087,-0.301113,-0.279976,-0.037147,0.140035,flow_wake
0.301547,-0.146471,-0.102339,-0.018728,0.018146,flow_wake
0.307006,0.084278,0.128128,0.008587,0.01484,flow_wake
0.312466,0.276441,0.299436,0.031823,0.131398,flow_wake
0.317925,0.334108,0.326747,0.039944,0.309663,flow_wake
0.323385,0.226872,0.194422,0.029095,0.460994,flow_wake
0.328844,0.004647,-0.035148,0.004426,0.51028,flow_wake
0.334304,-0.226635,-0.25088,-0.022344,0.433158,flow_wake
0.339763,-0.356606,-0.34674,-0.038503,0.267993,flow_wake
0.345223,-0.324207,-0.273898,-0.036374,0.096733,flow_wake
0.350682,-0.147416,-0.065622,-0.016969,0.004187,flow_wake
0.356142,0.085513,0.17779,0.010495,0.035967,flow_wake
0.361601,0.259045,0.337285,0.032974,0.175945,flow_wake
0.367061,0.286634,0.333311,0.039793,0.354376,flow_wake
0.37252,0.152884,0.165544,0.027711,0.482584,flow_wake
0.37798,-0.078944,-0.085795,0.002468,0.496969,flow_wake
0.383439,-0.297741,-0.29825,-0.023947,0.390499,flow_wake
0.388899,-0.398649,-0.366812,-0.038989,0.216083,flow_wake
0.394359,-0.334129,-0.255867,-0.035512,0.060216,flow_wake
0.399818,-0.137107,-0.017696,-0.01517,0.000028,flow_wake
0.405278,0.095068,0.232094,0.012378,0.065053,flow_wake
0.410737,0.248043,0.370688,0.034047,0.222678,flow_wake
0.416197,0.246152,0.328492,0.039545,0.394439,flow_wake
0.421656,0.08928,0.124118,0.026261,0.495016,flow_wake
0.427116,-0.147084,-0.143684,0.000504,0.474553,flow_wake
0.432575,-0.348607,-0.343725,-0.025492,0.343313,flow_wake
0.438035,-0.417789,-0.376686,-0.039381,0.166467,flow_wake
0.443494,-0.321452,-0.224474,-0.034565,0.031675,flow_wake
0.448954,-0.10689,0.039907,-0.013333,0.00557,flow_wake
0.454413,0.121159,0.287342,0.014231,0.100761,flow_wake
0.459873,0.25153,0.395688,0.035037,0.269687,flow_wake
0.465332,0.220768,0.310118,0.039202,0.428317,flow_wake
0.470792,0.044035,0.070897,0.024747,0.497891,flow_wake
0.476251,-0.19228,-0.205507,-0.001461,0.443964,flow_wake
0.481711,-0.372628,-0.383144,-0.026975,0.293397,flow_wake
0.48717,-0.408584,-0.373498,-0.039677,0.120919,flow_wake
0.49263,-0.281913,-0.179642,-0.033535,0.011977,flow_wake
0.498089,-0.053451,0.104421,-0.011465,0.020346,flow_wake
0.503549,0.166519,0.33934,0.01605,0.141525,flow_wake
0.509008,0.271974,0.408823,0.035942,0.315083,flow_wake
0.514468,0.212782,0.277259,0.038764,0.454736,flow_wake
0.519927,0.019118,0.00798,0.023174,0.491182,flow_wake
0.525387,-0.213245,-0.267208,-0.003422,0.40643,flow_wake
0.530846,-0.369576,-0.412578,-0.028393,0.242624,flow_wake
0.536306,-0.372076,-0.35548,-0.039879,0.081024,flow_wake
0.541765,-0.217771,-0.122689,-0.032424,0.001637,flow_wake
0.547225,0.020033,0.172106,-0.009569,0.043546,flow_wake
0.552684,0.227445,0.383847,0.01783,0.185613,flow_wake
0.558144,0.30545,0.407544,0.036761,0.357075,flow_wake
0.563603,0.218125,0.230381,0.038232,0.472734,flow_wake
0.569063,0.010126,-0.06138,0.021545,0.475229,flow_wake
0.574522,-0.215065,-0.324414,-0.005376,0.363426,flow_wake
0.579982,-0.345551,-0.428787,-0.029743,0.192868,flow_wake
0.585441,-0.315523,-0.322203,-0.039983,0.048126,flow_wake
0.590901,-0.137316,-0.056231,-0.031234,0.000801,flow_wake
0.59636,0.104584,0.238637,-0.00765,0.074051,flow_wake
0.60182,0.294686,0.417056,0.019568,0.231197,flow_wake
0.607279,0.342726,0.390524,0.037491,0.394035,flow_wake
0.612739,0.227624,0.171333,0.037608,0.481688,flow_wake
0.618198,0.007742,-0.133101,0.019863,0.450723,flow_wake
0.623658,-0.20755,-0.372904,-0.007316,0.316608,flow_wake
0.629117,-0.31115,-0.42959,-0.03102,0.145931,flow_wake
0.634577,-0.250386,-0.274655,-0.039992,0.023277,flow_wake
0.640036,-0.052687,0.016071,-0.029969,0.009254,flow_wake
0.645496,0.187775,0.299563,-0.005712,0.110484,flow_wake
0.650955,0.35594,0.436013,0.021258,0.276427,flow_wake
0.656415,0.371889,0.357837,0.038131,0.424553,flow_wake
0.661874,0.22976,0.103184,0.036894,0.481331,flow_wake
0.667334,0.000596,-0.202687,0.018134,0.418667,flow_wake
0.672793,-0.202261,-0.409071,-0.009239,0.267752,flow_wake
0.678253,-0.278376,-0.414126,-0.032223,0.103475,flow_wake
0.683712,-0.189145,-0.215173,-0.039904,0.007204,flow_wake
0.689172,0.023403,0.089883,-0.028631,0.026426,flow_wake
0.694631,0.257066,0.350776,-0.003761,0.151265,flow_wake
0.700091,0.399243,0.438953,0.022896,0.319495,flow_wake
0.705551,0.381766,0.310971,0.038678,0.447495,flow_wake
0.71101,0.214098,0.029919,0.03609,0.471758,flow_wake
0.71647,-0.021279,-0.26571,0.016361,0.380339,flow_wake
0.721929,-0.20904,-0.430318,-0.011139,0.218681,flow_wake
0.727389,-0.257184,-0.382968,-0.033348,0.066966,flow_wake
0.732848,-0.141844,-0.147209,-0.039719,0.000288,flow_wake
0.738308,0.08109,0.160645,-0.027225,0.051427,flow_wake
0.743767,0.303185,0.388955,-0.0018,0.194679,flow_wake
0.749227,0.416279,0.425502,0.024479,0.358713,flow_wake
0.754686,0.365156,0.252694,0.039133,0.462035,flow_wake
0.760146,0.174441,-0.043978,0.0352,0.453416,flow_wake
0.765605,-0.063395,-0.318269,0.014549,0.337233,flow_wake
0.771065,-0.233069,-0.435336,-0.013012,0.171194,flow_wake
0.776524,-0.252628,-0.338072,-0.034393,0.037614,flow_wake
0.781984,-0.113361,-0.074977,-0.039439,0.002551,flow_wake
0.787443,0.115961,0.224052,-0.025753,0.083084,flow_wake
0.792903,0.322582,0.411914,0.000164,0.238937,flow_wake
0.798362,0.404681,0.396719,0.026004,0.392567,flow_wake
0.803822,0.320963,0.186761,0.039492,0.467684,flow_wake
0.809281,0.110781,-0.113985,0.034224,0.42708,flow_wake
0.814741,-0.125031,-0.357404,0.012701,0.291002,flow_wake
0.8202,-0.273258,-0.424242,-0.014854,0.127,flow_wake
0.82566,-0.263436,-0.282569,-0.035355,0.016336,flow_wake
0.831119,-0.102168,-0.003009,-0.039063,0.013666,flow_wake
0.836579,0.130104,0.276501,-0.024218,0.119988,flow_wake
0.842038,0.318279,0.418831,0.002129,0.282254,flow_wake
0.847498,0.368664,0.354977,0.027465,0.419778,flow_wake
0.852957,0.25461,0.117519,0.039757,0.464302,flow_wake
0.858417,0.029501,-0.176022,0.033166,0.393819,flow_wake
0.863876,-0.19924,-0.381393,0.010823,0.24339,flow_wake
0.869336,-0.322458,-0.398557,-0.016661,0.087651,flow_wake
0.874795,-0.282423,-0.220433,-0.036231,0.003725,flow_wake
0.880255,-0.100936,0.064316,-0.038593,0.032973,flow_wake
0.885714,0.131299,0.315459,-0.022626,0.160558,flow_wake
0.891174,0.298854,0.410314,0.004088,0.322909,flow_wake
0.896633,0.317806,0.303706,0.02886,0.439341,flow_wake
0.902093,0.176617,0.049444,0.039925,0.452099,flow_wake
0.907552,-0.05824,-0.226864,0.032027,0.354946,flow_wake
0.913012,-0.274644,-0.38992,0.008918,0.196162,flow_wake
0.918471,-0.369427,-0.361023,-0.018427,0.054489,flow_wake
0.923931,-0.298608,-0.156043,-0.03702,0.000033,flow_wake
0.92939,-0.098809,0.123236,-0.03803,0.059513,flow_wake
0.93485,0.130591,0.339712,-0.020978,0.203099,flow_wake
0.940309,0.275865,0.388313,0.006038,0.359316,flow_wake
0.945769,0.26433,0.247002,0.030186,0.450566,flow_wake
0.951228,0.099754,-0.013331,0.039997,0.431616,flow_wake
0.956688,-0.139472,-0.26447,0.030812,0.311969,flow_wake
0.962147,-0.338505,-0.384073,0.006992,0.151039,flow_wake
0.967607,-0.401979,-0.315285,-0.020148,0.028596,flow_wake
0.973066,-0.300442,-0.093719,-0.037719,0.005167,flow_wake
0.978526,-0.084697,0.170984,-0.037375,0.092065,flow_wake
0.983985,0.138947,0.34946,-0.01928,0.245873,flow_wake
0.989445,0.260455,0.355877,0.007972,0.390081,flow_wake
0.994904,0.219658,0.189184,0.031438,0.45309,flow_wake
1.000364,0.035562,-0.067447,0.039973,0.403706,flow_wake
1.005823,-0.202905,-0.288163,0.029522,0.266526,flow_wake
1.011283,-0.380201,-0.36619,0.005049,0.109634,flow_wake
1.016742,-0.410442,-0.265477,-0.021821,0.010757,flow_wake
1.022202,-0.279224,-0.037253,-0.038328,0.018699,flow_wake
1.027662,-0.050641,0.206055,-0.03663,0.129203,flow_wake
1.033121,0.163934,0.346249,-0.017535,0.287162,flow_wake
1.038581,0.260088,0.316789,0.009888,0.414048,flow_wake
1.04404,0.191224,0.13431,0.032615,0.446894,flow_wake
1.0495,-0.008751,-0.11066,0.039852,0.369489,flow_wake
1.054959,-0.241938,-0.298657,0.02816,0.220321,flow_wake
1.060419,-0.394126,-0.33956,0.003094,0.073389,flow_wake
1.065878,-0.390422,-0.215754,-0.023441,0.001437,flow_wake
1.071338,-0.231725,0.010481,-0.038844,0.039887,flow_wake
1.076797,0.005705,0.22833,-0.035797,0.169348,flow_wake
1.082257,0.207388,0.332757,-0.015748,0.325337,flow_wake
1.087716,0.276372,0.275126,0.01178,0.430344,flow_wake
1.093176,0.180446,0.085748,0.033713,0.432291,flow_wake
1.098635,-0.032174,-0.142044,0.039634,0.330308,flow_wake
1.104095,-0.256337,-0.297928,0.026731,0.175058,flow_wake
1.109554,-0.38117,-0.308023,0.001132,0.043521,flow_wake
1.115014,-0.344086,-0.169825,-0.025005,0.000767,flow_wake
1.120473,-0.161271,0.047815,-0.039266,0.067712,flow_wake
1.125933,0.080195,0.239028,-0.034877,0.210838,flow_wake
1.131392,0.264738,0.312443,-0.013923,0.358917,flow_wake
1.136852,0.30457,0.234787,0.013643,0.438404,flow_wake
1.142311,0.182441,0.045819,0.03473,0.409912,flow_wake
1.147771,-0.039973,-0.162042,0.039322,0.287673,flow_wake
1.15323,-0.252112,-0.288937,0.025237,0.132378,flow_wake
1.15869,-0.348388,-0.275508,-0.000833,0.020988,flow_wake
1.164149,-0.279615,-0.130553,-0.026508,0.008545,flow_wake
1.169609,-0.076974,0.074425,-0.039593,0.100917,flow_wake
1.175068,0.163163,0.240517,-0.033873,0.251987,flow_wake
1.180528,0.326164,0.289121,-0.012065,0.386623,flow_wake
1.185987,0.334957,0.199049,0.015473,0.43799,flow_wake
1.191447,0.187555,0.015573,0.035663,0.380673,flow_wake
1.196906,-0.041982,-0.172359,0.038914,0.243201,flow_wake
1.202366,-0.239627,-0.275243,0.023683,0.093791,flow_wake
1.207825,-0.306923,-0.245574,-0.002796,0.006447,flow_wake
1.213285,-0.208949,-0.099653,-0.027947,0.024252,flow_wake
1.218744,0.00867,0.091316,-0.039825,0.138064,flow_wake
1.224204,0.241973,0.235979,-0.032787,0.291153,flow_wake
1.229663,0.37929,0.266488,-0.010177,0.407425,flow_wake
1.235123,0.355618,0.170205,0.017266,0.429192,flow_wake
1.240582,0.184277,-0.005282,0.036509,0.34574,flow_wake
1.246042,-0.049588,-0.175705,0.038412,0.19855,flow_wake
1.251501,-0.230479,-0.260549,0.022071,0.060628,flow_wake
1.256961,-0.268802,-0.220991,-0.004753,0.000241,flow_wake
1.26242,-0.144505,-0.077528,-0.029319,0.047074,flow_wake
1.26788,0.083147,0.100645,-0.03996,0.177589,flow_wake
1.273339,0.304434,0.228998,-0.031622,0.326799,flow_wake
1.278799,0.412615,0.247683,-0.008265,0.420575,flow_wake
1.284258,0.355904,0.149321,0.019018,0.41242,flow_wake
1.289718,0.162696,-0.018295,0.037268,0.306473,flow_wake
1.295177,-0.072273,-0.175422,0.037818,0.155358,flow_wake
1.300637,-0.23406,-0.248243,0.020406,0.033989,flow_wake
1.306096,-0.243502,-0.203429,-0.006698,0.002386,flow_wake
1.311556,-0.095771,-0.063272,-0.03062,0.07594,flow_wake
1.317015,0.137275,0.105412,-0.04,0.217866,flow_wake
1.322475,0.342088,0.22309,-0.030381,0.357551,flow_wake
1.327934,0.418731,0.234908,-0.006333,0.42563,flow_wake
1.333394,0.32955,0.13614,0.020723,0.388382,flow_wake
1.338854,0.117516,-0.026034,0.037937,0.264379,flow_wake
1.344313,-0.114706,-0.175042,0.037132,0.115177,flow_wake
1.349773,-0.254749,-0.240977,0.018691,0.014705,flow_wake
1.355232,-0.235273,-0.193278,-0.008627,0.012583,flow_wake
1.360692,-0.066754,-0.05482,-0.031847,0.109568,flow_wake
1.366151,0.167617,0.109048,-0.039942,0.257269,flow_wake
1.371611,0.35246,0.221262,-0.029066,0.382245,flow_wake
1.37707,0.396399,0.229172,-0.004385,0.422466,flow_wake
1.38253,0.276573,0.129158,0.022379,0.358052,flow_wake
1.387989,0.04977,-0.031727,0.038514,0.221044,flow_wake
1.393449,-0.175218,-0.177824,0.036357,0.079421,flow_wake
1.398908,-0.290578,-0.240336,0.016932,0.003313,flow_wake
1.404368,-0.241976,-0.189627,-0.010535,0.030228,flow_wake
1.409827,-0.055015,-0.049243,-0.032998,0.146515,flow_wake
1.415287,0.177247,0.114964,-0.039788,0.294234,flow_wake
1.420746,0.33962,0.225621,-0.027681,0.399973,flow_wake
1.426206,0.350893,0.230181,-0.002427,0.411278,flow_wake
1.431665,0.203393,0.125833,0.02398,0.322629,flow_wake
1.437125,-0.033268,-0.03883,0.038998,0.178076,flow_wake
1.442584,-0.246093,-0.186329,0.035493,0.049306,flow_wake
1.448044,-0.333719,-0.246647,0.015131,0.000038,flow_wake
1.453503,-0.255778,-0.190398,-0.012417,0.054444,flow_wake
1.458963,-0.05255,-0.043149,-0.034068,0.185241,flow_wake
1.464422,0.174667,0.126094,-0.039539,0.32732,flow_wake
1.469882,0.312895,0.237103,-0.02623,0.410106,flow_wake
1.475341,0.292511,0.236383,-0.000463,0.392563,flow_wake
1.480801,0.121163,0.122935,0.025523,0.283486,flow_wake
1.48626,-0.119946,-0.05056,0.039388,0.13704,flow_wake
1.49172,-0.315601,-0.202077,0.034545,0.025815,flow_wake
1.497179,-0.372675,-0.258934,0.013295,0.004793,flow_wake
1.502639,-0.265481,-0.192625,-0.01427,0.084119,flow_wake
1.508098,-0.048273,-0.03313,-0.035057,0.224161,flow_wake
1.513558,0.171187,0.1445,-0.039193,0.355258,flow_wake
1.519017,0.284115,0.255346,-0.024715,0.41232,flow_wake
1.524477,0.233694,0.245172,0.001502,0.367097,flow_wake
1.529936,0.042754,0.116974,0.027005,0.242115,flow_wake
1.535396,-0.197344,-0.069466,0.039683,0.099402,flow_wake
1.540855,-0.371192,-0.225337,0.033513,0.00966,flow_wake
1.546315,-0.395545,-0.275037,0.011426,0.017184,flow_wake
1.551774,-0.259849,-0.192843,-0.016088,0.117952,flow_wake
1.557234,-0.031383,-0.016224,-0.035961,0.261714,flow_wake
1.562693,0.177515,0.171088,-0.038753,0.377,flow_wake
1.568153,0.264163,0.278714,-0.02314,0.406599,flow_wake
1.573612,0.185547,0.253216,0.003463,0.335904,flow_wake
1.579072,-0.020728,0.10466,0.028422,0.200066,flow_wake
1.584531,-0.254747,-0.097074,0.039882,0.066472,flow_wake
1.589991,-0.402948,-0.255065,0.032399,0.001261,flow_wake
1.59545,-0.393427,-0.291875,0.009529,0.036535,flow_wake
1.60091,-0.230955,-0.187534,-0.017867,0.154508,flow_wake
1.606369,0.005345,0.009682,-0.036777,0.296419,flow_wake
1.611829,0.200532,0.205455,-0.03822,0.391754,flow_wake
1.617288,0.259828,0.304484,-0.02151,0.393232,flow_wake
1.622748,0.154776,0.256884,0.005416,0.300207,flow_wake
1.628207,-0.062905,0.083347,0.02977,0.158892,flow_wake
1.633667,-0.286506,-0.133658,0.039985,0.039357,flow_wake
1.639126,-0.406304,-0.289002,0.031208,0.000733,flow_wake
1.644586,-0.363002,-0.305823,0.007609,0.061915,flow_wake
1.650045,-0.176612,-0.173592,-0.019603,0.192271,flow_wake
1.655505,0.063288,0.045549,-0.037506,0.326928,flow_wake
1.660965,0.241178,0.245901,-0.037594,0.399009,flow_wake
1.666424,0.271847,0.329166,-0.019828,0.372796,flow_wake
1.671884,0.141897,0.252707,0.007356,0.261382,flow_wake
1.677343,-0.083747,0.051395,0.031046,0.120082,flow_wake
1.682803,-0.293456,-0.178157,0.039991,0.018924,flow_wake
1.688262,-0.383272,-0.323923,0.029942,0.00789,flow_wake
1.693722,-0.307547,-0.313159,0.005671,0.092178,flow_wake
1.699181,-0.101178,-0.148739,-0.021292,0.229708,flow_wake
1.704641,0.137379,0.091018,-0.038143,0.352081,flow_wake
1.7101,0.294053,0.289596,-0.036878,0.398552,flow_wake
1.71556,0.294707,0.348917,-0.018097,0.346127,flow_wake
1.721019,0.141235,0.237823,0.009279,0.2209,flow_wake
1.726479,-0.089365,0.008425,0.032248,0.085012,flow_wake
1.731938,-0.282505,-0.228254,0.039901,0.005769,flow_wake
1.737398,-0.341816,-0.356005,0.028603,0.022256,flow_wake
1.742857,-0.236095,-0.31053,0.00372,0.126014,flow_wake
1.748317,-0.01451,-0.11184,-0.02293,0.265324,flow_wake
1.753776,0.217342,0.144395,-0.038689,0.370943,flow_wake
1.759236,0.348848,0.332881,-0.036073,0.390466,flow_wake
1.764695,0.31825,0.360004,-0.016324,0.314287,flow_wake
1.770155,0.142709,0.210365,0.011178,0.180271,flow_wake
1.775614,-0.090058,-0.044582,0.033371,0.054889,flow_wake
1.781074,-0.264509,-0.28061,0.039714,0.0002,flow_wake
1.786533,-0.293555,-0.381267,0.027195,0.043088,flow_wake
1.791993,-0.160981,-0.295381,0.001759,0.161999,flow_wake
1.797452,0.070644,-0.063099,-0.024512,0.297724,flow_wake
1.802912,0.290438,0.202805,-0.039141,0.382834,flow_wake
1.808371,0.3932,0.371685,-0.03518,0.37513,flow_wake
1.813831,0.330637,0.359261,-0.01451,0.278518,flow_wake
1.81929,0.134882,0.169724,0.013051,0.140985,flow_wake
1.82475,-0.097168,-0.105346,0.034414,0.030712,flow_wake
1.830209,-0.251041,-0.33122,0.039432,0.002232,flow_wake
1.835669,-0.250454,-0.396045,0.025721,0.06941,flow_wake
1.841128,-0.094465,-0.26629,-0.000206,0.198653,flow_wake
1.846588,0.142063,-0.00409,-0.026035,0.325657,flow_wake
1.852047,0.344917,0.262475,-0.039499,0.387356,flow_wake
1.857507,0.416157,0.401976,-0.034203,0.353189,flow_wake
1.862966,0.32181,0.344488,-0.012662,0.240191,flow_wake
1.868426,0.108416,0.116678,0.014893,0.104454,flow_wake
1.873885,-0.119642,-0.170497,0.035374,0.013236,flow_wake
1.879345,-0.250978,-0.375849,0.039054,0.011585,flow_wake
1.884804,-0.221449,-0.397428,0.024186,0.100051,flow_wake
1.890264,-0.045398,-0.223181,-0.00217,0.234495,flow_wake
1.895723,0.191333,0.062371,-0.027495,0.348068,flow_wake
1.901183,0.373209,0.319141,-0.039761,0.384399,flow_wake
1.906642,0.411273,0.420239,-0.033143,0.325532,flow_wake
1.912102,0.286473,0.314737,-0.010783,0.20075,flow_wake
1.917561,0.05894,0.053353,0.016698,0.071962,flow_wake
1.923021,-0.161294,-0.235916,0.036248,0.002945,flow_wake
1.92848,-0.267882,-0.410508,0.038582,0.02771,flow_wake
1.93394,-0.20995,-0.383614,0.022592,0.1337,flow_wake
1.939399,-0.016876,-0.167384,-0.004129,0.268106,flow_wake
1.944859,0.216029,0.132499,-0.028889,0.364131,flow_wake
1.950318,0.37394,0.368503,-0.039928,0.374143,flow_wake
1.955778,0.378445,0.423876,-0.032003,0.293253,flow_wake
1.961237,0.225746,0.270463,-0.008878,0.161657,flow_wake
1.966697,-0.011495,-0.016967,0.018463,0.044615,flow_wake
1.972157,-0.21953,-0.297175,0.037035,0.000042,flow_wake
1.977616,-0.298922,-0.431901,0.038017,0.049806,flow_wake
1.983076,-0.212964,-0.354147,0.020943,0.168952,flow_wake
1.988535,-0.00555,-0.101527,-0.006078,0.298172,flow_wake
1.993995,0.220208,0.201926,-0.030213,0.373278,flow_wake
1.999454,0.352209,0.406698,-0.039998,0.357043,flow_wake
2.004914,0.323966,0.411525,-0.030785,0.257603,flow_wake
2.010373,0.146993,0.213512,-0.006952,0.124338,flow_wake
2.015833,-0.094792,-0.09017,0.020184,0.023304,flow_wake
2.021292,-0.285931,-0.350006,0.037733,0.004444,flow_wake
2.026752,-0.335647,-0.437805,0.037361,0.076858,flow_wake
2.032211,-0.222049,-0.309998,0.019244,0.204366,flow_wake
2.037671,-0.002783,-0.029282,-0.008013,0.323543,flow_wake
2.04313,0.213051,0.26616,-0.031464,0.375217,flow_wake
2.04859,0.318041,0.430729,-0.039971,0.333808,flow_wake
2.054049,0.258785,0.383226,-0.029494,0.219938,flow_wake
2.059509,0.061907,0.146951,-0.005009,0.090124,flow_wake
2.064968,-0.178902,-0.161736,0.021856,0.008674,flow_wake
2.070428,-0.348505,-0.390762,0.038339,0.015791,flow_wake
2.075887,-0.366388,-0.427322,0.036614,0.107681,flow_wake
2.081347,-0.225862,-0.253486,0.017498,0.238521,flow_wake
2.086806,0.002683,0.045005,-0.009928,0.343266,flow_wake
2.092266,0.206069,0.321062,-0.032639,0.369937,flow_wake
2.097725,0.283458,0.438791,-0.039848,0.305371,flow_wake
2.103185,0.195467,0.340443,-0.028131,0.181673,flow_wake
2.108644,-0.016642,0.074757,-0.003053,0.060206,flow_wake
2.114104,-0.251056,-0.227215,0.023475,0.001105,flow_wake
2.119563,-0.394988,-0.416808,0.038853,0.033464,flow_wake
2.125023,-0.379604,-0.40099,0.035779,0.140967,flow_wake
2.130482,-0.213541,-0.188043,0.015711,0.27007,flow_wake
2.135942,0.0213,0.116768,-0.011819,0.356623,flow_wake
2.141401,0.209651,0.363282,-0.033735,0.357702,flow_wake
2.146861,0.259015,0.430473,-0.039629,0.272848,flow_wake
2.15232,0.144719,0.285911,-0.026701,0.144218,flow_wake
2.15778,-0.07807,0.001408,-0.001091,0.03559,flow_wake
2.163239,-0.301206,-0.282691,0.025037,0.000699,flow_wake
2.168699,-0.416238,-0.426801,0.039273,0.056613,flow_wake
2.174158,-0.367223,-0.360726,0.034857,0.175338,flow_wake
2.179618,-0.177977,-0.117862,0.013885,0.29779,flow_wake
2.185077,0.059529,0.181699,-0.013682,0.363153,flow_wake
2.190537,0.229959,0.390609,-0.03475,0.339039,flow_wake
2.195996,0.25078,0.406793,-0.039314,0.237492,flow_wake
2.201456,0.112461,0.223352,-0.025205,0.108928,flow_wake
2.206915,-0.116893,-0.068588,0.000874,0.017061,flow_wake
2.212375,-0.324708,-0.325188,0.026539,0.007284,flow_wake
2.217834,-0.408772,-0.420824,0.039599,0.084195,flow_wake
2.223294,-0.32702,-0.309623,0.033851,0.209397,flow_wake
2.228753,-0.118025,-0.047448,0.012026,0.320625,flow_wake
2.234213,0.117787,0.236196,-0.015511,0.362663,flow_wake
2.239672,0.267039,0.402193,-0.035681,0.314715,flow_wake
2.245132,0.258615,0.370085,-0.038904,0.200643,flow_wake
2.250591,0.098293,0.157075,-0.02365,0.077054,flow_wake
2.256051,-0.134078,-0.131166,0.002838,0.005161,flow_wake
2.26151,-0.323472,-0.352971,0.027977,0.020423,flow_wake
2.26697,-0.375713,-0.400356,0.039829,0.115014,flow_wake
2.272429,-0.263349,-0.251606,0.032764,0.241786,flow_wake
2.277889,-0.039029,0.018853,0.010137,0.337726,flow_wake
2.283348,0.190131,0.277728,-0.017304,0.355234,flow_wake
2.288808,0.31471,0.398611,-0.036526,0.285695,flow_wake
2.294268,0.276262,0.323726,-0.038401,0.163674,flow_wake
2.299727,0.095777,0.091511,-0.022037,0.049693,flow_wake
2.305187,-0.136553,-0.183121,0.004794,0.000166,flow_wake
2.310646,-0.305269,-0.365705,0.029347,0.039439,flow_wake
2.316106,-0.325881,-0.368093,0.039962,0.147776,flow_wake
2.321565,-0.186028,-0.191001,0.031597,0.271235,flow_wake
2.327025,0.048493,0.077312,0.008225,0.348479,flow_wake
2.332484,0.265764,0.305078,-0.019054,0.34121,flow_wake
2.337944,0.362248,0.381773,-0.037283,0.253113,flow_wake
2.343403,0.293199,0.271755,-0.037804,0.127942,flow_wake
2.348863,0.094456,0.030744,-0.02037,0.027751,flow_wake
2.354322,-0.13503,-0.222427,0.006738,0.002086,flow_wake
2.359782,-0.281386,-0.364451,0.030647,0.06344,flow_wake
2.365241,-0.271291,-0.327623,0.039999,0.181133,flow_wake
2.370701,-0.107688,-0.132067,0.030354,0.296607,flow_wake
2.37616,0.131638,0.125198,0.006292,0.352523,flow_wake
2.38162,0.331942,0.318435,-0.020758,0.321184,flow_wake
2.387079,0.397391,0.354676,-0.03795,0.218215,flow_wake
2.392539,0.297734,0.218421,-0.037117,0.094729,flow_wake
2.397998,0.083029,-0.021921,-0.018655,0.011913,flow_wake
2.403458,-0.140743,-0.248416,0.008667,0.010666,flow_wake
2.408917,-0.263298,-0.351509,0.031872,0.091361,flow_wake
2.414377,-0.223765,-0.283011,0.03994,0.213737,flow_wake
2.419836,-0.040337,-0.078529,0.029038,0.316946,flow_wake
2.425296,0.198587,0.161037,0.004344,0.349762,flow_wake
2.430755,0.37745,0.319326,-0.022413,0.295966,flow_wake
2.436215,0.409816,0.321043,-0.038525,0.182317,flow_wake
2.441674,0.280459,0.16771,-0.036339,0.065204,flow_wake
2.447134,0.052784,-0.06429,-0.016895,0.002618,flow_wake
2.452593,-0.162062,-0.261804,0.010574,0.025402,flow_wake
2.458053,-0.259317,-0.330116,0.033021,0.122005,flow_wake
2.463512,-0.191628,-0.238331,0.039784,0.244296,flow_wake
2.468972,0.007884,-0.033193,0.027652,0.3315,flow_wake
2.474431,0.24176,0.184732,0.002386,0.34036,flow_wake
2.479891,0.395667,0.310394,-0.024013,0.266552,flow_wake
2.48535,0.394082,0.284873,-0.039007,0.146751,flow_wake
2.49081,0.237077,0.122906,-0.035474,0.04037,flow_wake
2.496269,0.000285,-0.095482,-0.015093,0.000046,flow_wake
2.501729,-0.201928,-0.264554,0.012456,0.045562,flow_wake
2.507188,-0.272166,-0.304047,0.03409,0.154095,flow_wake
2.512648,-0.177426,-0.197206,0.039532,0.271619,flow_wake
2.518107,0.034825,0.002338,0.026199,0.339757,flow_wake
2.523567,0.259782,0.197515,0.000422,0.324736,flow_wake
2.529026,0.386341,0.295048,-0.025555,0.234082,flow_wake
2.534486,0.35122,0.249977,-0.039395,0.112812,flow_wake
2.539945,0.169785,0.086249,-0.034524,0.021036,flow_wake
2.545405,-0.071429,-0.115977,-0.013256,0.004121,flow_wake
2.550864,-0.256856,-0.259596,0.014308,0.070223,flow_wake
2.556324,-0.298174,-0.27715,0.035077,0.186318,flow_wake
2.561783,-0.177317,-0.162406,0.039185,0.294658,flow_wake
2.567243,0.044739,0.0278,0.024683,0.341453,flow_wake
2.572702,0.257675,0.201746,-0.001543,0.303536,flow_wake
2.578162,0.355571,0.277033,-0.027036,0.199793,flow_wake
2.583621,0.288495,0.219536,-0.039688,0.081711,flow_wake
2.589081,0.086831,0.058711,-0.03349,0.007789,flow_wake
2.59454,-0.153509,-0.1275,-0.011386,0.014511,flow_wake
2.6,-0.317791,-0.250441,0.016126,0.098303,flow_wake
