x,z,rho
0.000000000000000000e+00,0.000000000000000000e+00,7.499110412597656250e+01
4.201680719852447510e-01,0.000000000000000000e+00,7.509666442871093750e+01
8.403361439704895020e-01,0.000000000000000000e+00,7.519233703613281250e+01
1.260504245758056641e+00,0.000000000000000000e+00,7.521399688720703125e+01
1.680672287940979004e+00,0.000000000000000000e+00,7.512843322753906250e+01
2.100840330123901367e+00,0.000000000000000000e+00,7.487461853027343750e+01
2.521008491516113281e+00,0.000000000000000000e+00,7.431482696533203125e+01
2.941176414489746094e+00,0.000000000000000000e+00,7.315598297119140625e+01
3.361344575881958008e+00,0.000000000000000000e+00,7.084123992919921875e+01
3.781512498855590820e+00,0.000000000000000000e+00,6.653649139404296875e+01
4.201680660247802734e+00,0.000000000000000000e+00,5.954576873779296875e+01
4.621848583221435547e+00,0.000000000000000000e+00,5.021561431884765625e+01
5.042016983032226562e+00,0.000000000000000000e+00,4.095712661743164062e+01
5.462184906005859375e+00,0.000000000000000000e+00,3.542776489257812500e+01
5.882352828979492188e+00,0.000000000000000000e+00,3.294679641723632812e+01
6.302521228790283203e+00,0.000000000000000000e+00,3.050656890869140625e+01
6.722689151763916016e+00,0.000000000000000000e+00,2.679589080810546875e+01
7.142857074737548828e+00,0.000000000000000000e+00,1.933249282836914062e+01
7.563024997711181641e+00,0.000000000000000000e+00,1.235050106048583984e+01
7.983193397521972656e+00,0.000000000000000000e+00,6.577625274658203125e+00
8.403361320495605469e+00,0.000000000000000000e+00,7.186478376388549805e-01
8.823529243469238281e+00,0.000000000000000000e+00,8.042393624782562256e-02
9.243697166442871094e+00,0.000000000000000000e+00,4.836872592568397522e-02
9.663865089416503906e+00,0.000000000000000000e+00,3.942363336682319641e-02
1.008403396606445312e+01,0.000000000000000000e+00,3.661326318979263306e-02
1.050420188903808594e+01,0.000000000000000000e+00,4.058720916509628296e-02
1.092436981201171875e+01,0.000000000000000000e+00,7.890981435775756836e-02
1.134453773498535156e+01,0.000000000000000000e+00,4.090773761272430420e-01
1.176470565795898438e+01,0.000000000000000000e+00,7.820341587066650391e-01
1.218487358093261719e+01,0.000000000000000000e+00,9.192718267440795898e-01
1.260504245758056641e+01,0.000000000000000000e+00,9.710953235626220703e-01
1.302521038055419922e+01,0.000000000000000000e+00,9.924624562263488770e-01
1.344537830352783203e+01,0.000000000000000000e+00,1.001860737800598145e+00
1.386554622650146484e+01,0.000000000000000000e+00,1.006033301353454590e+00
1.428571414947509766e+01,0.000000000000000000e+00,1.007662057876586914e+00
1.470588207244873047e+01,0.000000000000000000e+00,1.007880330085754395e+00
1.512604999542236328e+01,0.000000000000000000e+00,1.007155418395996094e+00
1.554621887207031250e+01,0.000000000000000000e+00,1.005606412887573242e+00
1.596638679504394531e+01,0.000000000000000000e+00,1.003074526786804199e+00
1.638655471801757812e+01,0.000000000000000000e+00,9.990111589431762695e-01
1.680672264099121094e+01,0.000000000000000000e+00,9.920597076416015625e-01
1.722689056396484375e+01,0.000000000000000000e+00,9.789740443229675293e-01
1.764705848693847656e+01,0.000000000000000000e+00,9.522630572319030762e-01
1.806722640991210938e+01,0.000000000000000000e+00,8.973572254180908203e-01
1.848739433288574219e+01,0.000000000000000000e+00,7.986977696418762207e-01
1.890756225585937500e+01,0.000000000000000000e+00,6.671004295349121094e-01
1.932773017883300781e+01,0.000000000000000000e+00,5.406515598297119141e-01
1.974790000915527344e+01,0.000000000000000000e+00,4.337790608406066895e-01
2.016806793212890625e+01,0.000000000000000000e+00,3.361049294471740723e-01
2.058823585510253906e+01,0.000000000000000000e+00,2.428877204656600952e-01
2.100840377807617188e+01,0.000000000000000000e+00,1.631270647048950195e-01
2.142857170104980469e+01,0.000000000000000000e+00,1.070679053664207458e-01
2.184873962402343750e+01,0.000000000000000000e+00,7.361083477735519409e-02
2.226890754699707031e+01,0.000000000000000000e+00,5.482000485062599182e-02
2.268907546997070312e+01,0.000000000000000000e+00,4.402336850762367249e-02
2.310924339294433594e+01,0.000000000000000000e+00,3.745662793517112732e-02
2.352941131591796875e+01,0.000000000000000000e+00,3.321519866585731506e-02
2.394957923889160156e+01,0.000000000000000000e+00,3.032793477177619934e-02
2.436974716186523438e+01,0.000000000000000000e+00,2.827445976436138153e-02
2.478991508483886719e+01,0.000000000000000000e+00,2.675906382501125336e-02
2.521008491516113281e+01,0.000000000000000000e+00,2.560423314571380615e-02
2.563025283813476562e+01,0.000000000000000000e+00,2.469817362725734711e-02
2.605042076110839844e+01,0.000000000000000000e+00,2.396762743592262268e-02
2.647058868408203125e+01,0.000000000000000000e+00,2.336297556757926941e-02
2.689075660705566406e+01,0.000000000000000000e+00,2.284957654774188995e-02
2.731092453002929688e+01,0.000000000000000000e+00,2.240267954766750336e-02
2.773109245300292969e+01,0.000000000000000000e+00,2.200413309037685394e-02
2.815126037597656250e+01,0.000000000000000000e+00,2.164043113589286804e-02
2.857142829895019531e+01,0.000000000000000000e+00,2.130129560828208923e-02
2.899159622192382812e+01,0.000000000000000000e+00,2.097880654036998749e-02
2.941176414489746094e+01,0.000000000000000000e+00,2.066677063703536987e-02
2.983193206787109375e+01,0.000000000000000000e+00,2.036032825708389282e-02
3.025209999084472656e+01,0.000000000000000000e+00,2.005568519234657288e-02
3.067226982116699219e+01,0.000000000000000000e+00,1.974989101290702820e-02
3.109243774414062500e+01,0.000000000000000000e+00,1.944074966013431549e-02
3.151260566711425781e+01,0.000000000000000000e+00,1.912671327590942383e-02
3.193277359008789062e+01,0.000000000000000000e+00,1.880684122443199158e-02
3.235293960571289062e+01,0.000000000000000000e+00,1.848077960312366486e-02
3.277310943603515625e+01,0.000000000000000000e+00,1.814873702824115753e-02
3.319327545166015625e+01,0.000000000000000000e+00,1.781139336526393890e-02
3.361344528198242188e+01,0.000000000000000000e+00,1.746993884444236755e-02
3.403361511230468750e+01,0.000000000000000000e+00,1.712597906589508057e-02
3.445378112792968750e+01,0.000000000000000000e+00,1.678144372999668121e-02
3.487395095825195312e+01,0.000000000000000000e+00,1.643851026892662048e-02
3.529411697387695312e+01,0.000000000000000000e+00,1.609952747821807861e-02
3.571428680419921875e+01,0.000000000000000000e+00,1.576684229075908661e-02
3.613445281982421875e+01,0.000000000000000000e+00,1.544274203479290009e-02
3.655462265014648438e+01,0.000000000000000000e+00,1.512931380420923233e-02
3.697478866577148438e+01,0.000000000000000000e+00,1.482839696109294891e-02
3.739495849609375000e+01,0.000000000000000000e+00,1.454149279743432999e-02
3.781512451171875000e+01,0.000000000000000000e+00,1.426973752677440643e-02
3.823529434204101562e+01,0.000000000000000000e+00,1.401389576494693756e-02
3.865546035766601562e+01,0.000000000000000000e+00,1.377437263727188110e-02
3.907563018798828125e+01,0.000000000000000000e+00,1.355122122913599014e-02
3.949580001831054688e+01,0.000000000000000000e+00,1.334422733634710312e-02
3.991596603393554688e+01,0.000000000000000000e+00,1.315291412174701691e-02
4.033613586425781250e+01,0.000000000000000000e+00,1.297663990408182144e-02
4.075630187988281250e+01,0.000000000000000000e+00,1.281460002064704895e-02
4.117647171020507812e+01,0.000000000000000000e+00,1.266592182219028473e-02
4.159663772583007812e+01,0.000000000000000000e+00,1.252965815365314484e-02
4.201680755615234375e+01,0.000000000000000000e+00,1.240485254675149918e-02
4.243697357177734375e+01,0.000000000000000000e+00,1.229055877774953842e-02
4.285714340209960938e+01,0.000000000000000000e+00,1.218584459275007248e-02
4.327730941772460938e+01,0.000000000000000000e+00,1.208984944969415665e-02
4.369747924804687500e+01,0.000000000000000000e+00,1.200173888355493546e-02
4.411764526367187500e+01,0.000000000000000000e+00,1.192073151469230652e-02
4.453781509399414062e+01,0.000000000000000000e+00,1.184612140059471130e-02
4.495798492431640625e+01,0.000000000000000000e+00,1.177725568413734436e-02
4.537815093994140625e+01,0.000000000000000000e+00,1.171354856342077255e-02
4.579832077026367188e+01,0.000000000000000000e+00,1.165445335209369659e-02
4.621848678588867188e+01,0.000000000000000000e+00,1.159949414432048798e-02
4.663865661621093750e+01,0.000000000000000000e+00,1.154823508113622665e-02
4.705882263183593750e+01,0.000000000000000000e+00,1.150029525160789490e-02
4.747899246215820312e+01,0.000000000000000000e+00,1.145532354712486267e-02
4.789915847778320312e+01,0.000000000000000000e+00,1.141301915049552917e-02
4.831932830810546875e+01,0.000000000000000000e+00,1.137312781065702438e-02
4.873949432373046875e+01,0.000000000000000000e+00,1.133539620786905289e-02
4.915966415405273438e+01,0.000000000000000000e+00,1.129962783306837082e-02
4.957983016967773438e+01,0.000000000000000000e+00,1.126564759761095047e-02
5.000000000000000000e+01,0.000000000000000000e+00,1.123330742120742798e-02
0.000000000000000000e+00,3.797468245029449463e-01,7.650182342529296875e+01
4.201680719852447510e-01,3.797468245029449463e-01,7.665248870849609375e+01
8.403361439704895020e-01,3.797468245029449463e-01,7.684179687500000000e+01
1.260504245758056641e+00,3.797468245029449463e-01,7.701332092285156250e+01
1.680672287940979004e+00,3.797468245029449463e-01,7.715575408935546875e+01
2.100840330123901367e+00,3.797468245029449463e-01,7.725228118896484375e+01
2.521008491516113281e+00,3.797468245029449463e-01,7.725780487060546875e+01
2.941176414489746094e+00,3.797468245029449463e-01,7.706408691406250000e+01
3.361344575881958008e+00,3.797468245029449463e-01,7.642919158935546875e+01
3.781512498855590820e+00,3.797468245029449463e-01,7.485605621337890625e+01
4.201680660247802734e+00,3.797468245029449463e-01,7.147819519042968750e+01
4.621848583221435547e+00,3.797468245029449463e-01,6.531577301025390625e+01
5.042016983032226562e+00,3.797468245029449463e-01,5.628509902954101562e+01
5.462184906005859375e+00,3.797468245029449463e-01,4.589226531982421875e+01
5.882352828979492188e+00,3.797468245029449463e-01,3.779273223876953125e+01
6.302521228790283203e+00,3.797468245029449463e-01,3.389185714721679688e+01
6.722689151763916016e+00,3.797468245029449463e-01,3.138963127136230469e+01
7.142857074737548828e+00,3.797468245029449463e-01,2.791434288024902344e+01
7.563024997711181641e+00,3.797468245029449463e-01,2.215346908569335938e+01
7.983193397521972656e+00,3.797468245029449463e-01,1.271075534820556641e+01
8.403361320495605469e+00,3.797468245029449463e-01,1.847569465637207031e+00
8.823529243469238281e+00,3.797468245029449463e-01,2.020940929651260376e-01
9.243697166442871094e+00,3.797468245029449463e-01,8.155184984207153320e-02
9.663865089416503906e+00,3.797468245029449463e-01,5.440222471952438354e-02
1.008403396606445312e+01,3.797468245029449463e-01,5.141368508338928223e-02
1.050420188903808594e+01,3.797468245029449463e-01,6.661855429410934448e-02
1.092436981201171875e+01,3.797468245029449463e-01,1.786512434482574463e-01
1.134453773498535156e+01,3.797468245029449463e-01,5.006284117698669434e-01
1.176470565795898438e+01,3.797468245029449463e-01,7.956792712211608887e-01
1.218487358093261719e+01,3.797468245029449463e-01,9.293324947357177734e-01
1.260504245758056641e+01,3.797468245029449463e-01,9.824610352516174316e-01
1.302521038055419922e+01,3.797468245029449463e-01,1.004306316375732422e+00
1.344537830352783203e+01,3.797468245029449463e-01,1.013356089591979980e+00
1.386554622650146484e+01,3.797468245029449463e-01,1.016989588737487793e+00
1.428571414947509766e+01,3.797468245029449463e-01,1.018264293670654297e+00
1.470588207244873047e+01,3.797468245029449463e-01,1.018488645553588867e+00
1.512604999542236328e+01,3.797468245029449463e-01,1.018239974975585938e+00
1.554621887207031250e+01,3.797468245029449463e-01,1.017780065536499023e+00
1.596638679504394531e+01,3.797468245029449463e-01,1.017227888107299805e+00
1.638655471801757812e+01,3.797468245029449463e-01,1.016637802124023438e+00
1.680672264099121094e+01,3.797468245029449463e-01,1.016032457351684570e+00
1.722689056396484375e+01,3.797468245029449463e-01,1.015420436859130859e+00
1.764705848693847656e+01,3.797468245029449463e-01,1.014802336692810059e+00
1.806722640991210938e+01,3.797468245029449463e-01,1.014175176620483398e+00
1.848739433288574219e+01,3.797468245029449463e-01,1.013533949851989746e+00
1.890756225585937500e+01,3.797468245029449463e-01,1.012872695922851562e+00
1.932773017883300781e+01,3.797468245029449463e-01,1.012183904647827148e+00
1.974790000915527344e+01,3.797468245029449463e-01,1.011459112167358398e+00
2.016806793212890625e+01,3.797468245029449463e-01,1.010688424110412598e+00
2.058823585510253906e+01,3.797468245029449463e-01,1.009859204292297363e+00
2.100840377807617188e+01,3.797468245029449463e-01,1.008956313133239746e+00
2.142857170104980469e+01,3.797468245029449463e-01,1.007959485054016113e+00
2.184873962402343750e+01,3.797468245029449463e-01,1.006842494010925293e+00
2.226890754699707031e+01,3.797468245029449463e-01,1.005568981170654297e+00
2.268907546997070312e+01,3.797468245029449463e-01,1.004088640213012695e+00
2.310924339294433594e+01,3.797468245029449463e-01,1.002330064773559570e+00
2.352941131591796875e+01,3.797468245029449463e-01,1.000189542770385742e+00
2.394957923889160156e+01,3.797468245029449463e-01,9.975129961967468262e-01
2.436974716186523438e+01,3.797468245029449463e-01,9.940704703330993652e-01
2.478991508483886719e+01,3.797468245029449463e-01,9.895114302635192871e-01
2.521008491516113281e+01,3.797468245029449463e-01,9.833009839057922363e-01
2.563025283813476562e+01,3.797468245029449463e-01,9.746240973472595215e-01
2.605042076110839844e+01,3.797468245029449463e-01,9.622611999511718750e-01
2.647058868408203125e+01,3.797468245029449463e-01,9.444629549980163574e-01
2.689075660705566406e+01,3.797468245029449463e-01,9.189286231994628906e-01
2.731092453002929688e+01,3.797468245029449463e-01,8.831256628036499023e-01
2.773109245300292969e+01,3.797468245029449463e-01,8.352753520011901855e-01
2.815126037597656250e+01,3.797468245029449463e-01,7.759796977043151855e-01
2.857142829895019531e+01,3.797468245029449463e-01,7.093349695205688477e-01
2.899159622192382812e+01,3.797468245029449463e-01,6.417164206504821777e-01
2.941176414489746094e+01,3.797468245029449463e-01,5.784444808959960938e-01
2.983193206787109375e+01,3.797468245029449463e-01,5.213590860366821289e-01
3.025209999084472656e+01,3.797468245029449463e-01,4.691306054592132568e-01
3.067226982116699219e+01,3.797468245029449463e-01,4.190653860569000244e-01
3.109243774414062500e+01,3.797468245029449463e-01,3.686909377574920654e-01
3.151260566711425781e+01,3.797468245029449463e-01,3.166975080966949463e-01
3.193277359008789062e+01,3.797468245029449463e-01,2.635082304477691650e-01
3.235293960571289062e+01,3.797468245029449463e-01,2.115036696195602417e-01
3.277310943603515625e+01,3.797468245029449463e-01,1.643995493650436401e-01
3.319327545166015625e+01,3.797468245029449463e-01,1.255365759134292603e-01
3.361344528198242188e+01,3.797468245029449463e-01,9.617822617292404175e-02
3.403361511230468750e+01,3.797468245029449463e-01,7.534750550985336304e-02
3.445378112792968750e+01,3.797468245029449463e-01,6.099008023738861084e-02
3.487395095825195312e+01,3.797468245029449463e-01,5.109764263033866882e-02
3.529411697387695312e+01,3.797468245029449463e-01,4.416263848543167114e-02
3.571428680419921875e+01,3.797468245029449463e-01,3.917779028415679932e-02
3.613445281982421875e+01,3.797468245029449463e-01,3.549942746758460999e-02
3.655462265014648438e+01,3.797468245029449463e-01,3.271772712469100952e-02
3.697478866577148438e+01,3.797468245029449463e-01,3.056760691106319427e-02
3.739495849609375000e+01,3.797468245029449463e-01,2.887307293713092804e-02
3.781512451171875000e+01,3.797468245029449463e-01,2.751384489238262177e-02
3.823529434204101562e+01,3.797468245029449463e-01,2.640538662672042847e-02
3.865546035766601562e+01,3.797468245029449463e-01,2.548677101731300354e-02
3.907563018798828125e+01,3.797468245029449463e-01,2.471306361258029938e-02
3.949580001831054688e+01,3.797468245029449463e-01,2.405046857893466949e-02
3.991596603393554688e+01,3.797468245029449463e-01,2.347315661609172821e-02
4.033613586425781250e+01,3.797468245029449463e-01,2.296105399727821350e-02
4.075630187988281250e+01,3.797468245029449463e-01,2.249835804104804993e-02
4.117647171020507812e+01,3.797468245029449463e-01,2.207244932651519775e-02
4.159663772583007812e+01,3.797468245029449463e-01,2.167321927845478058e-02
4.201680755615234375e+01,3.797468245029449463e-01,2.129247598350048065e-02
4.243697357177734375e+01,3.797468245029449463e-01,2.092355117201805115e-02
4.285714340209960938e+01,3.797468245029449463e-01,2.056108415126800537e-02
4.327730941772460938e+01,3.797468245029449463e-01,2.020080387592315674e-02
4.369747924804687500e+01,3.797468245029449463e-01,1.983942836523056030e-02
4.411764526367187500e+01,3.797468245029449463e-01,1.947454921901226044e-02
4.453781509399414062e+01,3.797468245029449463e-01,1.910462789237499237e-02
4.495798492431640625e+01,3.797468245029449463e-01,1.872896589338779449e-02
4.537815093994140625e+01,3.797468245029449463e-01,1.834761351346969604e-02
4.579832077026367188e+01,3.797468245029449463e-01,1.796136610209941864e-02
4.621848678588867188e+01,3.797468245029449463e-01,1.757169701159000397e-02
4.663865661621093750e+01,3.797468245029449463e-01,1.718061789870262146e-02
4.705882263183593750e+01,3.797468245029449463e-01,1.679063402116298676e-02
4.747899246215820312e+01,3.797468245029449463e-01,1.640448719263076782e-02
4.789915847778320312e+01,3.797468245029449463e-01,1.602509617805480957e-02
4.831932830810546875e+01,3.797468245029449463e-01,1.565528661012649536e-02
4.873949432373046875e+01,3.797468245029449463e-01,1.529774442315101624e-02
4.915966415405273438e+01,3.797468245029449463e-01,1.495475601404905319e-02
4.957983016967773438e+01,3.797468245029449463e-01,1.462824456393718719e-02
5.000000000000000000e+01,3.797468245029449463e-01,1.431959867477416992e-02
0.000000000000000000e+00,7.594936490058898926e-01,7.903378295898437500e+01
4.201680719852447510e-01,7.594936490058898926e-01,7.929912567138671875e+01
8.403361439704895020e-01,7.594936490058898926e-01,7.964207458496093750e+01
1.260504245758056641e+00,7.594936490058898926e-01,7.997162628173828125e+01
1.680672287940979004e+00,7.594936490058898926e-01,8.027616882324218750e+01
2.100840330123901367e+00,7.594936490058898926e-01,8.053073883056640625e+01
2.521008491516113281e+00,7.594936490058898926e-01,8.067491149902343750e+01
2.941176414489746094e+00,7.594936490058898926e-01,8.060849761962890625e+01
3.361344575881958008e+00,7.594936490058898926e-01,8.017720031738281250e+01
3.781512498855590820e+00,7.594936490058898926e-01,7.913948822021484375e+01
4.201680660247802734e+00,7.594936490058898926e-01,7.711669158935546875e+01
4.621848583221435547e+00,7.594936490058898926e-01,7.357122802734375000e+01
5.042016983032226562e+00,7.594936490058898926e-01,6.799185943603515625e+01
5.462184906005859375e+00,7.594936490058898926e-01,6.039212417602539062e+01
5.882352828979492188e+00,7.594936490058898926e-01,5.128776931762695312e+01
6.302521228790283203e+00,7.594936490058898926e-01,4.193033599853515625e+01
6.722689151763916016e+00,7.594936490058898926e-01,3.541354370117187500e+01
7.142857074737548828e+00,7.594936490058898926e-01,3.177482032775878906e+01
7.563024997711181641e+00,7.594936490058898926e-01,2.792145156860351562e+01
7.983193397521972656e+00,7.594936490058898926e-01,2.068028450012207031e+01
8.403361320495605469e+00,7.594936490058898926e-01,7.096679687500000000e+00
8.823529243469238281e+00,7.594936490058898926e-01,7.297659516334533691e-01
9.243697166442871094e+00,7.594936490058898926e-01,2.418131083250045776e-01
9.663865089416503906e+00,7.594936490058898926e-01,1.497564911842346191e-01
1.008403396606445312e+01,7.594936490058898926e-01,1.115516200661659241e-01
1.050420188903808594e+01,7.594936490058898926e-01,1.077383905649185181e-01
1.092436981201171875e+01,7.594936490058898926e-01,1.975730806589126587e-01
1.134453773498535156e+01,7.594936490058898926e-01,4.132890701293945312e-01
1.176470565795898438e+01,7.594936490058898926e-01,6.404445767402648926e-01
1.218487358093261719e+01,7.594936490058898926e-01,8.324474692344665527e-01
1.260504245758056641e+01,7.594936490058898926e-01,9.548525810241699219e-01
1.302521038055419922e+01,7.594936490058898926e-01,1.020382761955261230e+00
1.344537830352783203e+01,7.594936490058898926e-01,1.055167913436889648e+00
1.386554622650146484e+01,7.594936490058898926e-01,1.073734045028686523e+00
1.428571414947509766e+01,7.594936490058898926e-01,1.083199858665466309e+00
1.470588207244873047e+01,7.594936490058898926e-01,1.087295532226562500e+00
1.512604999542236328e+01,7.594936490058898926e-01,1.088128209114074707e+00
1.554621887207031250e+01,7.594936490058898926e-01,1.086963415145874023e+00
1.596638679504394531e+01,7.594936490058898926e-01,1.084600687026977539e+00
1.638655471801757812e+01,7.594936490058898926e-01,1.081562399864196777e+00
1.680672264099121094e+01,7.594936490058898926e-01,1.078195333480834961e+00
1.722689056396484375e+01,7.594936490058898926e-01,1.074727535247802734e+00
1.764705848693847656e+01,7.594936490058898926e-01,1.071304202079772949e+00
1.806722640991210938e+01,7.594936490058898926e-01,1.068014383316040039e+00
1.848739433288574219e+01,7.594936490058898926e-01,1.064906358718872070e+00
1.890756225585937500e+01,7.594936490058898926e-01,1.062002182006835938e+00
1.932773017883300781e+01,7.594936490058898926e-01,1.059307217597961426e+00
1.974790000915527344e+01,7.594936490058898926e-01,1.056815147399902344e+00
2.016806793212890625e+01,7.594936490058898926e-01,1.054514288902282715e+00
2.058823585510253906e+01,7.594936490058898926e-01,1.052389383316040039e+00
2.100840377807617188e+01,7.594936490058898926e-01,1.050424337387084961e+00
2.142857170104980469e+01,7.594936490058898926e-01,1.048602581024169922e+00
2.184873962402343750e+01,7.594936490058898926e-01,1.046908259391784668e+00
2.226890754699707031e+01,7.594936490058898926e-01,1.045327067375183105e+00
2.268907546997070312e+01,7.594936490058898926e-01,1.043845772743225098e+00
2.310924339294433594e+01,7.594936490058898926e-01,1.042452216148376465e+00
2.352941131591796875e+01,7.594936490058898926e-01,1.041135311126708984e+00
2.394957923889160156e+01,7.594936490058898926e-01,1.039885759353637695e+00
2.436974716186523438e+01,7.594936490058898926e-01,1.038695573806762695e+00
2.478991508483886719e+01,7.594936490058898926e-01,1.037556290626525879e+00
2.521008491516113281e+01,7.594936490058898926e-01,1.036461830139160156e+00
2.563025283813476562e+01,7.594936490058898926e-01,1.035405874252319336e+00
2.605042076110839844e+01,7.594936490058898926e-01,1.034383773803710938e+00
2.647058868408203125e+01,7.594936490058898926e-01,1.033390045166015625e+00
2.689075660705566406e+01,7.594936490058898926e-01,1.032420992851257324e+00
2.731092453002929688e+01,7.594936490058898926e-01,1.031472802162170410e+00
2.773109245300292969e+01,7.594936490058898926e-01,1.030542016029357910e+00
2.815126037597656250e+01,7.594936490058898926e-01,1.029624938964843750e+00
2.857142829895019531e+01,7.594936490058898926e-01,1.028719186782836914e+00
2.899159622192382812e+01,7.594936490058898926e-01,1.027821660041809082e+00
2.941176414489746094e+01,7.594936490058898926e-01,1.026929378509521484e+00
2.983193206787109375e+01,7.594936490058898926e-01,1.026039600372314453e+00
3.025209999084472656e+01,7.594936490058898926e-01,1.025149822235107422e+00
3.067226982116699219e+01,7.594936490058898926e-01,1.024256944656372070e+00
3.109243774414062500e+01,7.594936490058898926e-01,1.023357987403869629e+00
3.151260566711425781e+01,7.594936490058898926e-01,1.022449374198913574e+00
3.193277359008789062e+01,7.594936490058898926e-01,1.021527647972106934e+00
3.235293960571289062e+01,7.594936490058898926e-01,1.020588159561157227e+00
3.277310943603515625e+01,7.594936490058898926e-01,1.019626617431640625e+00
3.319327545166015625e+01,7.594936490058898926e-01,1.018636703491210938e+00
3.361344528198242188e+01,7.594936490058898926e-01,1.017611742019653320e+00
3.403361511230468750e+01,7.594936490058898926e-01,1.016542911529541016e+00
3.445378112792968750e+01,7.594936490058898926e-01,1.015419602394104004e+00
3.487395095825195312e+01,7.594936490058898926e-01,1.014227986335754395e+00
3.529411697387695312e+01,7.594936490058898926e-01,1.012950181961059570e+00
3.571428680419921875e+01,7.594936490058898926e-01,1.011562347412109375e+00
3.613445281982421875e+01,7.594936490058898926e-01,1.010032534599304199e+00
3.655462265014648438e+01,7.594936490058898926e-01,1.008316159248352051e+00
3.697478866577148438e+01,7.594936490058898926e-01,1.006350755691528320e+00
3.739495849609375000e+01,7.594936490058898926e-01,1.004046797752380371e+00
3.781512451171875000e+01,7.594936490058898926e-01,1.001273036003112793e+00
3.823529434204101562e+01,7.594936490058898926e-01,9.978350400924682617e-01
3.865546035766601562e+01,7.594936490058898926e-01,9.934393167495727539e-01
3.907563018798828125e+01,7.594936490058898926e-01,9.876406192779541016e-01
3.949580001831054688e+01,7.594936490058898926e-01,9.797610640525817871e-01
3.991596603393554688e+01,7.594936490058898926e-01,9.687812924385070801e-01
4.033613586425781250e+01,7.594936490058898926e-01,9.532116055488586426e-01
4.075630187988281250e+01,7.594936490058898926e-01,9.310169219970703125e-01
4.117647171020507812e+01,7.594936490058898926e-01,8.997618556022644043e-01
4.159663772583007812e+01,7.594936490058898926e-01,8.572906851768493652e-01
4.201680755615234375e+01,7.594936490058898926e-01,8.031370639801025391e-01
4.243697357177734375e+01,7.594936490058898926e-01,7.400547862052917480e-01
4.285714340209960938e+01,7.594936490058898926e-01,6.739069819450378418e-01
4.327730941772460938e+01,7.594936490058898926e-01,6.109749078750610352e-01
4.369747924804687500e+01,7.594936490058898926e-01,5.547896623611450195e-01
4.411764526367187500e+01,7.594936490058898926e-01,5.053274631500244141e-01
4.453781509399414062e+01,7.594936490058898926e-01,4.603820145130157471e-01
4.495798492431640625e+01,7.594936490058898926e-01,4.172334074974060059e-01
4.537815093994140625e+01,7.594936490058898926e-01,3.736059665679931641e-01
4.579832077026367188e+01,7.594936490058898926e-01,3.280880749225616455e-01
4.621848678588867188e+01,7.594936490058898926e-01,2.804463505744934082e-01
4.663865661621093750e+01,7.594936490058898926e-01,2.319814264774322510e-01
4.705882263183593750e+01,7.594936490058898926e-01,1.855682879686355591e-01
4.747899246215820312e+01,7.594936490058898926e-01,1.447367072105407715e-01
4.789915847778320312e+01,7.594936490058898926e-01,1.119679063558578491e-01
4.831932830810546875e+01,7.594936490058898926e-01,8.760600537061691284e-02
4.873949432373046875e+01,7.594936490058898926e-01,7.030670344829559326e-02
4.915966415405273438e+01,7.594936490058898926e-01,5.819003656506538391e-02
4.957983016967773438e+01,7.594936490058898926e-01,4.962222650647163391e-02
5.000000000000000000e+01,7.594936490058898926e-01,4.343158751726150513e-02
0.000000000000000000e+00,1.139240503311157227e+00,8.286959838867187500e+01
4.201680719852447510e-01,1.139240503311157227e+00,8.304020690917968750e+01
8.403361439704895020e-01,1.139240503311157227e+00,8.332050323486328125e+01
1.260504245758056641e+00,1.139240503311157227e+00,8.356727600097656250e+01
1.680672287940979004e+00,1.139240503311157227e+00,8.375665283203125000e+01
2.100840330123901367e+00,1.139240503311157227e+00,8.384887695312500000e+01
2.521008491516113281e+00,1.139240503311157227e+00,8.376687622070312500e+01
2.941176414489746094e+00,1.139240503311157227e+00,8.341682434082031250e+01
3.361344575881958008e+00,1.139240503311157227e+00,8.270159149169921875e+01
3.781512498855590820e+00,1.139240503311157227e+00,8.151448059082031250e+01
4.201680660247802734e+00,1.139240503311157227e+00,7.971965789794921875e+01
4.621848583221435547e+00,1.139240503311157227e+00,7.713835144042968750e+01
5.042016983032226562e+00,1.139240503311157227e+00,7.357024383544921875e+01
5.462184906005859375e+00,1.139240503311157227e+00,6.889039611816406250e+01
5.882352828979492188e+00,1.139240503311157227e+00,6.318474197387695312e+01
6.302521228790283203e+00,1.139240503311157227e+00,5.668201828002929688e+01
6.722689151763916016e+00,1.139240503311157227e+00,4.942068862915039062e+01
7.142857074737548828e+00,1.139240503311157227e+00,4.155566406250000000e+01
7.563024997711181641e+00,1.139240503311157227e+00,3.417751693725585938e+01
7.983193397521972656e+00,1.139240503311157227e+00,2.730633354187011719e+01
8.403361320495605469e+00,1.139240503311157227e+00,1.703579902648925781e+01
8.823529243469238281e+00,1.139240503311157227e+00,5.348380565643310547e+00
9.243697166442871094e+00,1.139240503311157227e+00,1.297337770462036133e+00
9.663865089416503906e+00,1.139240503311157227e+00,5.052805542945861816e-01
1.008403396606445312e+01,1.139240503311157227e+00,2.904466390609741211e-01
1.050420188903808594e+01,1.139240503311157227e+00,2.601724863052368164e-01
1.092436981201171875e+01,1.139240503311157227e+00,3.558494746685028076e-01
1.134453773498535156e+01,1.139240503311157227e+00,5.400961637496948242e-01
1.176470565795898438e+01,1.139240503311157227e+00,6.910012960433959961e-01
1.218487358093261719e+01,1.139240503311157227e+00,7.950307130813598633e-01
1.260504245758056641e+01,1.139240503311157227e+00,8.667172789573669434e-01
1.302521038055419922e+01,1.139240503311157227e+00,9.162328839302062988e-01
1.344537830352783203e+01,1.139240503311157227e+00,9.553043842315673828e-01
1.386554622650146484e+01,1.139240503311157227e+00,9.886862039566040039e-01
1.428571414947509766e+01,1.139240503311157227e+00,1.016346931457519531e+00
1.470588207244873047e+01,1.139240503311157227e+00,1.038687944412231445e+00
1.512604999542236328e+01,1.139240503311157227e+00,1.056502938270568848e+00
1.554621887207031250e+01,1.139240503311157227e+00,1.070587158203125000e+00
1.596638679504394531e+01,1.139240503311157227e+00,1.081675529479980469e+00
1.638655471801757812e+01,1.139240503311157227e+00,1.090407133102416992e+00
1.680672264099121094e+01,1.139240503311157227e+00,1.097307920455932617e+00
1.722689056396484375e+01,1.139240503311157227e+00,1.102794051170349121e+00
1.764705848693847656e+01,1.139240503311157227e+00,1.107188105583190918e+00
1.806722640991210938e+01,1.139240503311157227e+00,1.110737919807434082e+00
1.848739433288574219e+01,1.139240503311157227e+00,1.113632559776306152e+00
1.890756225585937500e+01,1.139240503311157227e+00,1.116016864776611328e+00
1.932773017883300781e+01,1.139240503311157227e+00,1.118002176284790039e+00
1.974790000915527344e+01,1.139240503311157227e+00,1.119673609733581543e+00
2.016806793212890625e+01,1.139240503311157227e+00,1.121097445487976074e+00
2.058823585510253906e+01,1.139240503311157227e+00,1.122325301170349121e+00
2.100840377807617188e+01,1.139240503311157227e+00,1.123396992683410645e+00
2.142857170104980469e+01,1.139240503311157227e+00,1.124344706535339355e+00
2.184873962402343750e+01,1.139240503311157227e+00,1.125193119049072266e+00
2.226890754699707031e+01,1.139240503311157227e+00,1.125962495803833008e+00
2.268907546997070312e+01,1.139240503311157227e+00,1.126668572425842285e+00
2.310924339294433594e+01,1.139240503311157227e+00,1.127323508262634277e+00
2.352941131591796875e+01,1.139240503311157227e+00,1.127938389778137207e+00
2.394957923889160156e+01,1.139240503311157227e+00,1.128520965576171875e+00
2.436974716186523438e+01,1.139240503311157227e+00,1.129077672958374023e+00
2.478991508483886719e+01,1.139240503311157227e+00,1.129613876342773438e+00
2.521008491516113281e+01,1.139240503311157227e+00,1.130133867263793945e+00
2.563025283813476562e+01,1.139240503311157227e+00,1.130640625953674316e+00
2.605042076110839844e+01,1.139240503311157227e+00,1.131137251853942871e+00
2.647058868408203125e+01,1.139240503311157227e+00,1.131624937057495117e+00
2.689075660705566406e+01,1.139240503311157227e+00,1.132105708122253418e+00
2.731092453002929688e+01,1.139240503311157227e+00,1.132579684257507324e+00
2.773109245300292969e+01,1.139240503311157227e+00,1.133047938346862793e+00
2.815126037597656250e+01,1.139240503311157227e+00,1.133510112762451172e+00
2.857142829895019531e+01,1.139240503311157227e+00,1.133965969085693359e+00
2.899159622192382812e+01,1.139240503311157227e+00,1.134414911270141602e+00
2.941176414489746094e+01,1.139240503311157227e+00,1.134856104850769043e+00
2.983193206787109375e+01,1.139240503311157227e+00,1.135288357734680176e+00
3.025209999084472656e+01,1.139240503311157227e+00,1.135710239410400391e+00
3.067226982116699219e+01,1.139240503311157227e+00,1.136120080947875977e+00
3.109243774414062500e+01,1.139240503311157227e+00,1.136516213417053223e+00
3.151260566711425781e+01,1.139240503311157227e+00,1.136896610260009766e+00
3.193277359008789062e+01,1.139240503311157227e+00,1.137259006500244141e+00
3.235293960571289062e+01,1.139240503311157227e+00,1.137601256370544434e+00
3.277310943603515625e+01,1.139240503311157227e+00,1.137920618057250977e+00
3.319327545166015625e+01,1.139240503311157227e+00,1.138215065002441406e+00
3.361344528198242188e+01,1.139240503311157227e+00,1.138481378555297852e+00
3.403361511230468750e+01,1.139240503311157227e+00,1.138716816902160645e+00
3.445378112792968750e+01,1.139240503311157227e+00,1.138918995857238770e+00
3.487395095825195312e+01,1.139240503311157227e+00,1.139084458351135254e+00
3.529411697387695312e+01,1.139240503311157227e+00,1.139210462570190430e+00
3.571428680419921875e+01,1.139240503311157227e+00,1.139294147491455078e+00
3.613445281982421875e+01,1.139240503311157227e+00,1.139332175254821777e+00
3.655462265014648438e+01,1.139240503311157227e+00,1.139321804046630859e+00
3.697478866577148438e+01,1.139240503311157227e+00,1.139259815216064453e+00
3.739495849609375000e+01,1.139240503311157227e+00,1.139143466949462891e+00
3.781512451171875000e+01,1.139240503311157227e+00,1.138969421386718750e+00
3.823529434204101562e+01,1.139240503311157227e+00,1.138735055923461914e+00
3.865546035766601562e+01,1.139240503311157227e+00,1.138437271118164062e+00
3.907563018798828125e+01,1.139240503311157227e+00,1.138073444366455078e+00
3.949580001831054688e+01,1.139240503311157227e+00,1.137640714645385742e+00
3.991596603393554688e+01,1.139240503311157227e+00,1.137136340141296387e+00
4.033613586425781250e+01,1.139240503311157227e+00,1.136557698249816895e+00
4.075630187988281250e+01,1.139240503311157227e+00,1.135902166366577148e+00
4.117647171020507812e+01,1.139240503311157227e+00,1.135166883468627930e+00
4.159663772583007812e+01,1.139240503311157227e+00,1.134349584579467773e+00
4.201680755615234375e+01,1.139240503311157227e+00,1.133447647094726562e+00
4.243697357177734375e+01,1.139240503311157227e+00,1.132458209991455078e+00
4.285714340209960938e+01,1.139240503311157227e+00,1.131378769874572754e+00
4.327730941772460938e+01,1.139240503311157227e+00,1.130206108093261719e+00
4.369747924804687500e+01,1.139240503311157227e+00,1.128937125205993652e+00
4.411764526367187500e+01,1.139240503311157227e+00,1.127568483352661133e+00
4.453781509399414062e+01,1.139240503311157227e+00,1.126096129417419434e+00
4.495798492431640625e+01,1.139240503311157227e+00,1.124515652656555176e+00
4.537815093994140625e+01,1.139240503311157227e+00,1.122822284698486328e+00
4.579832077026367188e+01,1.139240503311157227e+00,1.121010065078735352e+00
4.621848678588867188e+01,1.139240503311157227e+00,1.119072437286376953e+00
4.663865661621093750e+01,1.139240503311157227e+00,1.117001414299011230e+00
4.705882263183593750e+01,1.139240503311157227e+00,1.114788174629211426e+00
4.747899246215820312e+01,1.139240503311157227e+00,1.112421512603759766e+00
4.789915847778320312e+01,1.139240503311157227e+00,1.109889030456542969e+00
4.831932830810546875e+01,1.139240503311157227e+00,1.107175230979919434e+00
4.873949432373046875e+01,1.139240503311157227e+00,1.104262351989746094e+00
4.915966415405273438e+01,1.139240503311157227e+00,1.101127266883850098e+00
4.957983016967773438e+01,1.139240503311157227e+00,1.097742795944213867e+00
5.000000000000000000e+01,1.139240503311157227e+00,1.094072937965393066e+00
0.000000000000000000e+00,1.518987298011779785e+00,8.671562194824218750e+01
4.201680719852447510e-01,1.518987298011779785e+00,8.629788970947265625e+01
8.403361439704895020e-01,1.518987298011779785e+00,8.618204498291015625e+01
1.260504245758056641e+00,1.518987298011779785e+00,8.613151550292968750e+01
1.680672287940979004e+00,1.518987298011779785e+00,8.607608795166015625e+01
2.100840330123901367e+00,1.518987298011779785e+00,8.596533966064453125e+01
2.521008491516113281e+00,1.518987298011779785e+00,8.573073577880859375e+01
2.941176414489746094e+00,1.518987298011779785e+00,8.528923797607421875e+01
3.361344575881958008e+00,1.518987298011779785e+00,8.455573272705078125e+01
3.781512498855590820e+00,1.518987298011779785e+00,8.344976806640625000e+01
4.201680660247802734e+00,1.518987298011779785e+00,8.189410400390625000e+01
4.621848583221435547e+00,1.518987298011779785e+00,7.980979919433593750e+01
5.042016983032226562e+00,1.518987298011779785e+00,7.711742401123046875e+01
5.462184906005859375e+00,1.518987298011779785e+00,7.375159454345703125e+01
5.882352828979492188e+00,1.518987298011779785e+00,6.969351196289062500e+01
6.302521228790283203e+00,1.518987298011779785e+00,6.500562286376953125e+01
6.722689151763916016e+00,1.518987298011779785e+00,5.981754684448242188e+01
7.142857074737548828e+00,1.518987298011779785e+00,5.421621322631835938e+01
7.563024997711181641e+00,1.518987298011779785e+00,4.805906677246093750e+01
7.983193397521972656e+00,1.518987298011779785e+00,4.064081954956054688e+01
8.403361320495605469e+00,1.518987298011779785e+00,2.994555473327636719e+01
8.823529243469238281e+00,1.518987298011779785e+00,1.561637592315673828e+01
9.243697166442871094e+00,1.518987298011779785e+00,5.911088466644287109e+00
9.663865089416503906e+00,1.518987298011779785e+00,2.463051795959472656e+00
1.008403396606445312e+01,1.518987298011779785e+00,1.388728141784667969e+00
1.050420188903808594e+01,1.518987298011779785e+00,1.046987533569335938e+00
1.092436981201171875e+01,1.518987298011779785e+00,1.003027677536010742e+00
1.134453773498535156e+01,1.518987298011779785e+00,1.078410983085632324e+00
1.176470565795898438e+01,1.518987298011779785e+00,1.160968422889709473e+00
1.218487358093261719e+01,1.518987298011779785e+00,1.240194201469421387e+00
1.260504245758056641e+01,1.518987298011779785e+00,1.307924270629882812e+00
1.302521038055419922e+01,1.518987298011779785e+00,1.344479680061340332e+00
1.344537830352783203e+01,1.518987298011779785e+00,1.353200435638427734e+00
1.386554622650146484e+01,1.518987298011779785e+00,1.352312564849853516e+00
1.428571414947509766e+01,1.518987298011779785e+00,1.351366758346557617e+00
1.470588207244873047e+01,1.518987298011779785e+00,1.349733948707580566e+00
1.512604999542236328e+01,1.518987298011779785e+00,1.344633579254150391e+00
1.554621887207031250e+01,1.518987298011779785e+00,1.335190653800964355e+00
1.596638679504394531e+01,1.518987298011779785e+00,1.322748184204101562e+00
1.638655471801757812e+01,1.518987298011779785e+00,1.309621453285217285e+00
1.680672264099121094e+01,1.518987298011779785e+00,1.297786951065063477e+00
1.722689056396484375e+01,1.518987298011779785e+00,1.288305521011352539e+00
1.764705848693847656e+01,1.518987298011779785e+00,1.281427264213562012e+00
1.806722640991210938e+01,1.518987298011779785e+00,1.276950836181640625e+00
1.848739433288574219e+01,1.518987298011779785e+00,1.274519324302673340e+00
1.890756225585937500e+01,1.518987298011779785e+00,1.273781895637512207e+00
1.932773017883300781e+01,1.518987298011779785e+00,1.274456977844238281e+00
1.974790000915527344e+01,1.518987298011779785e+00,1.276343107223510742e+00
2.016806793212890625e+01,1.518987298011779785e+00,1.279309749603271484e+00
2.058823585510253906e+01,1.518987298011779785e+00,1.283282518386840820e+00
2.100840377807617188e+01,1.518987298011779785e+00,1.288226842880249023e+00
2.142857170104980469e+01,1.518987298011779785e+00,1.294135093688964844e+00
2.184873962402343750e+01,1.518987298011779785e+00,1.301012754440307617e+00
2.226890754699707031e+01,1.518987298011779785e+00,1.308868646621704102e+00
2.268907546997070312e+01,1.518987298011779785e+00,1.317700862884521484e+00
2.310924339294433594e+01,1.518987298011779785e+00,1.327490806579589844e+00
2.352941131591796875e+01,1.518987298011779785e+00,1.338190078735351562e+00
2.394957923889160156e+01,1.518987298011779785e+00,1.349719524383544922e+00
2.436974716186523438e+01,1.518987298011779785e+00,1.361967206001281738e+00
2.478991508483886719e+01,1.518987298011779785e+00,1.374792098999023438e+00
2.521008491516113281e+01,1.518987298011779785e+00,1.388035058975219727e+00
2.563025283813476562e+01,1.518987298011779785e+00,1.401528835296630859e+00
2.605042076110839844e+01,1.518987298011779785e+00,1.415114641189575195e+00
2.647058868408203125e+01,1.518987298011779785e+00,1.428651928901672363e+00
2.689075660705566406e+01,1.518987298011779785e+00,1.442031145095825195e+00
2.731092453002929688e+01,1.518987298011779785e+00,1.455178141593933105e+00
2.773109245300292969e+01,1.518987298011779785e+00,1.468054056167602539e+00
2.815126037597656250e+01,1.518987298011779785e+00,1.480656504631042480e+00
2.857142829895019531e+01,1.518987298011779785e+00,1.493010759353637695e+00
2.899159622192382812e+01,1.518987298011779785e+00,1.505164265632629395e+00
2.941176414489746094e+01,1.518987298011779785e+00,1.517178773880004883e+00
2.983193206787109375e+01,1.518987298011779785e+00,1.529124498367309570e+00
3.025209999084472656e+01,1.518987298011779785e+00,1.541070938110351562e+00
3.067226982116699219e+01,1.518987298011779785e+00,1.553083062171936035e+00
3.109243774414062500e+01,1.518987298011779785e+00,1.565215945243835449e+00
3.151260566711425781e+01,1.518987298011779785e+00,1.577512383460998535e+00
3.193277359008789062e+01,1.518987298011779785e+00,1.590000391006469727e+00
3.235293960571289062e+01,1.518987298011779785e+00,1.602690935134887695e+00
3.277310943603515625e+01,1.518987298011779785e+00,1.615580320358276367e+00
3.319327545166015625e+01,1.518987298011779785e+00,1.628650665283203125e+00
3.361344528198242188e+01,1.518987298011779785e+00,1.641868829727172852e+00
3.403361511230468750e+01,1.518987298011779785e+00,1.655192971229553223e+00
3.445378112792968750e+01,1.518987298011779785e+00,1.668573975563049316e+00
3.487395095825195312e+01,1.518987298011779785e+00,1.681955337524414062e+00
3.529411697387695312e+01,1.518987298011779785e+00,1.695280551910400391e+00
3.571428680419921875e+01,1.518987298011779785e+00,1.708492875099182129e+00
3.613445281982421875e+01,1.518987298011779785e+00,1.721539139747619629e+00
3.655462265014648438e+01,1.518987298011779785e+00,1.734369754791259766e+00
3.697478866577148438e+01,1.518987298011779785e+00,1.746941924095153809e+00
3.739495849609375000e+01,1.518987298011779785e+00,1.759218215942382812e+00
3.781512451171875000e+01,1.518987298011779785e+00,1.771168828010559082e+00
3.823529434204101562e+01,1.518987298011779785e+00,1.782770514488220215e+00
3.865546035766601562e+01,1.518987298011779785e+00,1.794005751609802246e+00
3.907563018798828125e+01,1.518987298011779785e+00,1.804862976074218750e+00
3.949580001831054688e+01,1.518987298011779785e+00,1.815334916114807129e+00
3.991596603393554688e+01,1.518987298011779785e+00,1.825418949127197266e+00
4.033613586425781250e+01,1.518987298011779785e+00,1.835116147994995117e+00
4.075630187988281250e+01,1.518987298011779785e+00,1.844430208206176758e+00
4.117647171020507812e+01,1.518987298011779785e+00,1.853367209434509277e+00
4.159663772583007812e+01,1.518987298011779785e+00,1.861936092376708984e+00
4.201680755615234375e+01,1.518987298011779785e+00,1.870145797729492188e+00
4.243697357177734375e+01,1.518987298011779785e+00,1.878008484840393066e+00
4.285714340209960938e+01,1.518987298011779785e+00,1.885536193847656250e+00
4.327730941772460938e+01,1.518987298011779785e+00,1.892743110656738281e+00
4.369747924804687500e+01,1.518987298011779785e+00,1.899645686149597168e+00
4.411764526367187500e+01,1.518987298011779785e+00,1.906259179115295410e+00
4.453781509399414062e+01,1.518987298011779785e+00,1.912603497505187988e+00
4.495798492431640625e+01,1.518987298011779785e+00,1.918697118759155273e+00
4.537815093994140625e+01,1.518987298011779785e+00,1.924561977386474609e+00
4.579832077026367188e+01,1.518987298011779785e+00,1.930221438407897949e+00
4.621848678588867188e+01,1.518987298011779785e+00,1.935701012611389160e+00
4.663865661621093750e+01,1.518987298011779785e+00,1.941028118133544922e+00
4.705882263183593750e+01,1.518987298011779785e+00,1.946232557296752930e+00
4.747899246215820312e+01,1.518987298011779785e+00,1.951344847679138184e+00
4.789915847778320312e+01,1.518987298011779785e+00,1.956399917602539062e+00
4.831932830810546875e+01,1.518987298011779785e+00,1.961431741714477539e+00
4.873949432373046875e+01,1.518987298011779785e+00,1.966478466987609863e+00
4.915966415405273438e+01,1.518987298011779785e+00,1.971577644348144531e+00
4.957983016967773438e+01,1.518987298011779785e+00,1.976767659187316895e+00
5.000000000000000000e+01,1.518987298011779785e+00,1.982085585594177246e+00
0.000000000000000000e+00,1.898734211921691895e+00,8.929089355468750000e+01
4.201680719852447510e-01,1.898734211921691895e+00,8.831368255615234375e+01
8.403361439704895020e-01,1.898734211921691895e+00,8.783734893798828125e+01
1.260504245758056641e+00,1.898734211921691895e+00,8.754986572265625000e+01
1.680672287940979004e+00,1.898734211921691895e+00,8.732875823974609375e+01
2.100840330123901367e+00,1.898734211921691895e+00,8.711107635498046875e+01
2.521008491516113281e+00,1.898734211921691895e+00,8.684369659423828125e+01
2.941176414489746094e+00,1.898734211921691895e+00,8.646714019775390625e+01
3.361344575881958008e+00,1.898734211921691895e+00,8.591247558593750000e+01
3.781512498855590820e+00,1.898734211921691895e+00,8.510540771484375000e+01
4.201680660247802734e+00,1.898734211921691895e+00,8.397187042236328125e+01
4.621848583221435547e+00,1.898734211921691895e+00,8.244078826904296875e+01
5.042016983032226562e+00,1.898734211921691895e+00,8.044503784179687500e+01
5.462184906005859375e+00,1.898734211921691895e+00,7.792421722412109375e+01
5.882352828979492188e+00,1.898734211921691895e+00,7.483314514160156250e+01
6.302521228790283203e+00,1.898734211921691895e+00,7.115696716308593750e+01
6.722689151763916016e+00,1.898734211921691895e+00,6.693072509765625000e+01
7.142857074737548828e+00,1.898734211921691895e+00,6.224494171142578125e+01
7.563024997711181641e+00,1.898734211921691895e+00,5.717615127563476562e+01
7.983193397521972656e+00,1.898734211921691895e+00,5.147235107421875000e+01
8.403361320495605469e+00,1.898734211921691895e+00,4.374388122558593750e+01
8.823529243469238281e+00,1.898734211921691895e+00,3.151934051513671875e+01
9.243697166442871094e+00,1.898734211921691895e+00,1.727359008789062500e+01
9.663865089416503906e+00,1.898734211921691895e+00,8.408670425415039062e+00
1.008403396606445312e+01,1.898734211921691895e+00,4.620713710784912109e+00
1.050420188903808594e+01,1.898734211921691895e+00,3.100853204727172852e+00
1.092436981201171875e+01,1.898734211921691895e+00,2.565386295318603516e+00
1.134453773498535156e+01,1.898734211921691895e+00,2.474630832672119141e+00
1.176470565795898438e+01,1.898734211921691895e+00,2.513241291046142578e+00
1.218487358093261719e+01,1.898734211921691895e+00,2.529402732849121094e+00
1.260504245758056641e+01,1.898734211921691895e+00,2.499535560607910156e+00
1.302521038055419922e+01,1.898734211921691895e+00,2.442180871963500977e+00
1.344537830352783203e+01,1.898734211921691895e+00,2.373913049697875977e+00
1.386554622650146484e+01,1.898734211921691895e+00,2.303115844726562500e+00
1.428571414947509766e+01,1.898734211921691895e+00,2.234996080398559570e+00
1.470588207244873047e+01,1.898734211921691895e+00,2.173545837402343750e+00
1.512604999542236328e+01,1.898734211921691895e+00,2.121099472045898438e+00
1.554621887207031250e+01,1.898734211921691895e+00,2.078180074691772461e+00
1.596638679504394531e+01,1.898734211921691895e+00,2.044080734252929688e+00
1.638655471801757812e+01,1.898734211921691895e+00,2.017565250396728516e+00
1.680672264099121094e+01,1.898734211921691895e+00,1.997334361076354980e+00
1.722689056396484375e+01,1.898734211921691895e+00,1.982247233390808105e+00
1.764705848693847656e+01,1.898734211921691895e+00,1.971384048461914062e+00
1.806722640991210938e+01,1.898734211921691895e+00,1.964034557342529297e+00
1.848739433288574219e+01,1.898734211921691895e+00,1.959658861160278320e+00
1.890756225585937500e+01,1.898734211921691895e+00,1.957847714424133301e+00
1.932773017883300781e+01,1.898734211921691895e+00,1.958291769027709961e+00
1.974790000915527344e+01,1.898734211921691895e+00,1.960753321647644043e+00
2.016806793212890625e+01,1.898734211921691895e+00,1.965054154396057129e+00
2.058823585510253906e+01,1.898734211921691895e+00,1.971060037612915039e+00
2.100840377807617188e+01,1.898734211921691895e+00,1.978674292564392090e+00
2.142857170104980469e+01,1.898734211921691895e+00,1.987829208374023438e+00
2.184873962402343750e+01,1.898734211921691895e+00,1.998483300209045410e+00
2.226890754699707031e+01,1.898734211921691895e+00,2.010612964630126953e+00
2.268907546997070312e+01,1.898734211921691895e+00,2.024206876754760742e+00
2.310924339294433594e+01,1.898734211921691895e+00,2.039265155792236328e+00
2.352941131591796875e+01,1.898734211921691895e+00,2.055791378021240234e+00
2.394957923889160156e+01,1.898734211921691895e+00,2.073789358139038086e+00
2.436974716186523438e+01,1.898734211921691895e+00,2.093254804611206055e+00
2.478991508483886719e+01,1.898734211921691895e+00,2.114180088043212891e+00
2.521008491516113281e+01,1.898734211921691895e+00,2.136543750762939453e+00
2.563025283813476562e+01,1.898734211921691895e+00,2.160311937332153320e+00
2.605042076110839844e+01,1.898734211921691895e+00,2.185436487197875977e+00
2.647058868408203125e+01,1.898734211921691895e+00,2.211858034133911133e+00
2.689075660705566406e+01,1.898734211921691895e+00,2.239500761032104492e+00
2.731092453002929688e+01,1.898734211921691895e+00,2.268281698226928711e+00
2.773109245300292969e+01,1.898734211921691895e+00,2.298108577728271484e+00
2.815126037597656250e+01,1.898734211921691895e+00,2.328885555267333984e+00
2.857142829895019531e+01,1.898734211921691895e+00,2.360516071319580078e+00
2.899159622192382812e+01,1.898734211921691895e+00,2.392905712127685547e+00
2.941176414489746094e+01,1.898734211921691895e+00,2.425966739654541016e+00
2.983193206787109375e+01,1.898734211921691895e+00,2.459623813629150391e+00
3.025209999084472656e+01,1.898734211921691895e+00,2.493805885314941406e+00
3.067226982116699219e+01,1.898734211921691895e+00,2.528460741043090820e+00
3.109243774414062500e+01,1.898734211921691895e+00,2.563544273376464844e+00
3.151260566711425781e+01,1.898734211921691895e+00,2.599023580551147461e+00
3.193277359008789062e+01,1.898734211921691895e+00,2.634879827499389648e+00
3.235293960571289062e+01,1.898734211921691895e+00,2.671101093292236328e+00
3.277310943603515625e+01,1.898734211921691895e+00,2.707682847976684570e+00
3.319327545166015625e+01,1.898734211921691895e+00,2.744627475738525391e+00
3.361344528198242188e+01,1.898734211921691895e+00,2.781944036483764648e+00
3.403361511230468750e+01,1.898734211921691895e+00,2.819641828536987305e+00
3.445378112792968750e+01,1.898734211921691895e+00,2.857731103897094727e+00
3.487395095825195312e+01,1.898734211921691895e+00,2.896227598190307617e+00
3.529411697387695312e+01,1.898734211921691895e+00,2.935142040252685547e+00
3.571428680419921875e+01,1.898734211921691895e+00,2.974486827850341797e+00
3.613445281982421875e+01,1.898734211921691895e+00,3.014273166656494141e+00
3.655462265014648438e+01,1.898734211921691895e+00,3.054507255554199219e+00
3.697478866577148438e+01,1.898734211921691895e+00,3.095197916030883789e+00
3.739495849609375000e+01,1.898734211921691895e+00,3.136345148086547852e+00
3.781512451171875000e+01,1.898734211921691895e+00,3.177949905395507812e+00
3.823529434204101562e+01,1.898734211921691895e+00,3.220008373260498047e+00
3.865546035766601562e+01,1.898734211921691895e+00,3.262513399124145508e+00
3.907563018798828125e+01,1.898734211921691895e+00,3.305454254150390625e+00
3.949580001831054688e+01,1.898734211921691895e+00,3.348817586898803711e+00
3.991596603393554688e+01,1.898734211921691895e+00,3.392582178115844727e+00
4.033613586425781250e+01,1.898734211921691895e+00,3.436729192733764648e+00
4.075630187988281250e+01,1.898734211921691895e+00,3.481229782104492188e+00
4.117647171020507812e+01,1.898734211921691895e+00,3.526053905487060547e+00
4.159663772583007812e+01,1.898734211921691895e+00,3.571168422698974609e+00
4.201680755615234375e+01,1.898734211921691895e+00,3.616532325744628906e+00
4.243697357177734375e+01,1.898734211921691895e+00,3.662105560302734375e+00
4.285714340209960938e+01,1.898734211921691895e+00,3.707841634750366211e+00
4.327730941772460938e+01,1.898734211921691895e+00,3.753687858581542969e+00
4.369747924804687500e+01,1.898734211921691895e+00,3.799593448638916016e+00
4.411764526367187500e+01,1.898734211921691895e+00,3.845499277114868164e+00
4.453781509399414062e+01,1.898734211921691895e+00,3.891348361968994141e+00
4.495798492431640625e+01,1.898734211921691895e+00,3.937075614929199219e+00
4.537815093994140625e+01,1.898734211921691895e+00,3.982615709304809570e+00
4.579832077026367188e+01,1.898734211921691895e+00,4.027904033660888672e+00
4.621848678588867188e+01,1.898734211921691895e+00,4.072870254516601562e+00
4.663865661621093750e+01,1.898734211921691895e+00,4.117443084716796875e+00
4.705882263183593750e+01,1.898734211921691895e+00,4.161550521850585938e+00
4.747899246215820312e+01,1.898734211921691895e+00,4.205125331878662109e+00
4.789915847778320312e+01,1.898734211921691895e+00,4.248092651367187500e+00
4.831932830810546875e+01,1.898734211921691895e+00,4.290379524230957031e+00
4.873949432373046875e+01,1.898734211921691895e+00,4.331915378570556641e+00
4.915966415405273438e+01,1.898734211921691895e+00,4.372640132904052734e+00
4.957983016967773438e+01,1.898734211921691895e+00,4.412475585937500000e+00
5.000000000000000000e+01,1.898734211921691895e+00,4.451363563537597656e+00
0.000000000000000000e+00,2.278481006622314453e+00,9.060676574707031250e+01
4.201680719852447510e-01,2.278481006622314453e+00,8.945138549804687500e+01
8.403361439704895020e-01,2.278481006622314453e+00,8.881576538085937500e+01
1.260504245758056641e+00,2.278481006622314453e+00,8.840734100341796875e+01
1.680672287940979004e+00,2.278481006622314453e+00,8.809392547607421875e+01
2.100840330123901367e+00,2.278481006622314453e+00,8.781305694580078125e+01
2.521008491516113281e+00,2.278481006622314453e+00,8.752669525146484375e+01
2.941176414489746094e+00,2.278481006622314453e+00,8.720038604736328125e+01
3.361344575881958008e+00,2.278481006622314453e+00,8.679310607910156250e+01
3.781512498855590820e+00,2.278481006622314453e+00,8.625284576416015625e+01
4.201680660247802734e+00,2.278481006622314453e+00,8.551753234863281250e+01
4.621848583221435547e+00,2.278481006622314453e+00,8.451981353759765625e+01
5.042016983032226562e+00,2.278481006622314453e+00,8.318942260742187500e+01
5.462184906005859375e+00,2.278481006622314453e+00,8.145456695556640625e+01
5.882352828979492188e+00,2.278481006622314453e+00,7.924469757080078125e+01
6.302521228790283203e+00,2.278481006622314453e+00,7.650022125244140625e+01
6.722689151763916016e+00,2.278481006622314453e+00,7.319094848632812500e+01
7.142857074737548828e+00,2.278481006622314453e+00,6.934095001220703125e+01
7.563024997711181641e+00,2.278481006622314453e+00,6.502924346923828125e+01
7.983193397521972656e+00,2.278481006622314453e+00,6.025853729248046875e+01
8.403361320495605469e+00,2.278481006622314453e+00,5.450502777099609375e+01
8.823529243469238281e+00,2.278481006622314453e+00,4.609437179565429688e+01
9.243697166442871094e+00,2.278481006622314453e+00,3.349136734008789062e+01
9.663865089416503906e+00,2.278481006622314453e+00,2.009584426879882812e+01
1.008403396606445312e+01,2.278481006622314453e+00,1.144401741027832031e+01
1.050420188903808594e+01,2.278481006622314453e+00,7.254890918731689453e+00
1.092436981201171875e+01,2.278481006622314453e+00,5.350600242614746094e+00
1.134453773498535156e+01,2.278481006622314453e+00,4.591746807098388672e+00
1.176470565795898438e+01,2.278481006622314453e+00,4.378766059875488281e+00
1.218487358093261719e+01,2.278481006622314453e+00,4.299475669860839844e+00
1.260504245758056641e+01,2.278481006622314453e+00,4.166399002075195312e+00
1.302521038055419922e+01,2.278481006622314453e+00,3.980722427368164062e+00
1.344537830352783203e+01,2.278481006622314453e+00,3.786152839660644531e+00
1.386554622650146484e+01,2.278481006622314453e+00,3.608654022216796875e+00
1.428571414947509766e+01,2.278481006622314453e+00,3.456536054611206055e+00
1.470588207244873047e+01,2.278481006622314453e+00,3.329368114471435547e+00
1.512604999542236328e+01,2.278481006622314453e+00,3.223771333694458008e+00
1.554621887207031250e+01,2.278481006622314453e+00,3.136085748672485352e+00
1.596638679504394531e+01,2.278481006622314453e+00,3.063272714614868164e+00
1.638655471801757812e+01,2.278481006622314453e+00,3.003033876419067383e+00
1.680672264099121094e+01,2.278481006622314453e+00,2.953659772872924805e+00
1.722689056396484375e+01,2.278481006622314453e+00,2.913845777511596680e+00
1.764705848693847656e+01,2.278481006622314453e+00,2.882547855377197266e+00
1.806722640991210938e+01,2.278481006622314453e+00,2.858886241912841797e+00
1.848739433288574219e+01,2.278481006622314453e+00,2.842089414596557617e+00
1.890756225585937500e+01,2.278481006622314453e+00,2.831468105316162109e+00
1.932773017883300781e+01,2.278481006622314453e+00,2.826397657394409180e+00
1.974790000915527344e+01,2.278481006622314453e+00,2.826315879821777344e+00
2.016806793212890625e+01,2.278481006622314453e+00,2.830709934234619141e+00
2.058823585510253906e+01,2.278481006622314453e+00,2.839123010635375977e+00
2.100840377807617188e+01,2.278481006622314453e+00,2.851142644882202148e+00
2.142857170104980469e+01,2.278481006622314453e+00,2.866401672363281250e+00
2.184873962402343750e+01,2.278481006622314453e+00,2.884579658508300781e+00
2.226890754699707031e+01,2.278481006622314453e+00,2.905396699905395508e+00
2.268907546997070312e+01,2.278481006622314453e+00,2.928608179092407227e+00
2.310924339294433594e+01,2.278481006622314453e+00,2.954013347625732422e+00
2.352941131591796875e+01,2.278481006622314453e+00,2.981442213058471680e+00
2.394957923889160156e+01,2.278481006622314453e+00,3.010758161544799805e+00
2.436974716186523438e+01,2.278481006622314453e+00,3.041859626770019531e+00
2.478991508483886719e+01,2.278481006622314453e+00,3.074670314788818359e+00
2.521008491516113281e+01,2.278481006622314453e+00,3.109140872955322266e+00
2.563025283813476562e+01,2.278481006622314453e+00,3.145243406295776367e+00
2.605042076110839844e+01,2.278481006622314453e+00,3.182969570159912109e+00
2.647058868408203125e+01,2.278481006622314453e+00,3.222330093383789062e+00
2.689075660705566406e+01,2.278481006622314453e+00,3.263343334197998047e+00
2.731092453002929688e+01,2.278481006622314453e+00,3.306040763854980469e+00
2.773109245300292969e+01,2.278481006622314453e+00,3.350461006164550781e+00
2.815126037597656250e+01,2.278481006622314453e+00,3.396641969680786133e+00
2.857142829895019531e+01,2.278481006622314453e+00,3.444626808166503906e+00
2.899159622192382812e+01,2.278481006622314453e+00,3.494452476501464844e+00
2.941176414489746094e+01,2.278481006622314453e+00,3.546154499053955078e+00
2.983193206787109375e+01,2.278481006622314453e+00,3.599761486053466797e+00
3.025209999084472656e+01,2.278481006622314453e+00,3.655297994613647461e+00
3.067226982116699219e+01,2.278481006622314453e+00,3.712770700454711914e+00
3.109243774414062500e+01,2.278481006622314453e+00,3.772184371948242188e+00
3.151260566711425781e+01,2.278481006622314453e+00,3.833527565002441406e+00
3.193277359008789062e+01,2.278481006622314453e+00,3.896775722503662109e+00
3.235293960571289062e+01,2.278481006622314453e+00,3.961892604827880859e+00
3.277310943603515625e+01,2.278481006622314453e+00,4.028825283050537109e+00
3.319327545166015625e+01,2.278481006622314453e+00,4.097509860992431641e+00
3.361344528198242188e+01,2.278481006622314453e+00,4.167865753173828125e+00
3.403361511230468750e+01,2.278481006622314453e+00,4.239798069000244141e+00
3.445378112792968750e+01,2.278481006622314453e+00,4.313196659088134766e+00
3.487395095825195312e+01,2.278481006622314453e+00,4.387946128845214844e+00
3.529411697387695312e+01,2.278481006622314453e+00,4.463915824890136719e+00
3.571428680419921875e+01,2.278481006622314453e+00,4.540966510772705078e+00
3.613445281982421875e+01,2.278481006622314453e+00,4.618958950042724609e+00
3.655462265014648438e+01,2.278481006622314453e+00,4.697751522064208984e+00
3.697478866577148438e+01,2.278481006622314453e+00,4.777196407318115234e+00
3.739495849609375000e+01,2.278481006622314453e+00,4.857159137725830078e+00
3.781512451171875000e+01,2.278481006622314453e+00,4.937502384185791016e+00
3.823529434204101562e+01,2.278481006622314453e+00,5.018106937408447266e+00
3.865546035766601562e+01,2.278481006622314453e+00,5.098858833312988281e+00
3.907563018798828125e+01,2.278481006622314453e+00,5.179663658142089844e+00
3.949580001831054688e+01,2.278481006622314453e+00,5.260437488555908203e+00
3.991596603393554688e+01,2.278481006622314453e+00,5.341114044189453125e+00
4.033613586425781250e+01,2.278481006622314453e+00,5.421643733978271484e+00
4.075630187988281250e+01,2.278481006622314453e+00,5.501993656158447266e+00
4.117647171020507812e+01,2.278481006622314453e+00,5.582150936126708984e+00
4.159663772583007812e+01,2.278481006622314453e+00,5.662105083465576172e+00
4.201680755615234375e+01,2.278481006622314453e+00,5.741877079010009766e+00
4.243697357177734375e+01,2.278481006622314453e+00,5.821489334106445312e+00
4.285714340209960938e+01,2.278481006622314453e+00,5.900979518890380859e+00
4.327730941772460938e+01,2.278481006622314453e+00,5.980400562286376953e+00
4.369747924804687500e+01,2.278481006622314453e+00,6.059804916381835938e+00
4.411764526367187500e+01,2.278481006622314453e+00,6.139256000518798828e+00
4.453781509399414062e+01,2.278481006622314453e+00,6.218829631805419922e+00
4.495798492431640625e+01,2.278481006622314453e+00,6.298596858978271484e+00
4.537815093994140625e+01,2.278481006622314453e+00,6.378639698028564453e+00
4.579832077026367188e+01,2.278481006622314453e+00,6.459038734436035156e+00
4.621848678588867188e+01,2.278481006622314453e+00,6.539880275726318359e+00
4.663865661621093750e+01,2.278481006622314453e+00,6.621248245239257812e+00
4.705882263183593750e+01,2.278481006622314453e+00,6.703229427337646484e+00
4.747899246215820312e+01,2.278481006622314453e+00,6.785905361175537109e+00
4.789915847778320312e+01,2.278481006622314453e+00,6.869366168975830078e+00
4.831932830810546875e+01,2.278481006622314453e+00,6.953698635101318359e+00
4.873949432373046875e+01,2.278481006622314453e+00,7.038975715637207031e+00
4.915966415405273438e+01,2.278481006622314453e+00,7.125282764434814453e+00
4.957983016967773438e+01,2.278481006622314453e+00,7.212707519531250000e+00
5.000000000000000000e+01,2.278481006622314453e+00,7.301318645477294922e+00
0.000000000000000000e+00,2.658227920532226562e+00,9.122896575927734375e+01
4.201680719852447510e-01,2.658227920532226562e+00,9.015226745605468750e+01
8.403361439704895020e-01,2.658227920532226562e+00,8.951794433593750000e+01
1.260504245758056641e+00,2.658227920532226562e+00,8.908267974853515625e+01
1.680672287940979004e+00,2.658227920532226562e+00,8.872674560546875000e+01
2.100840330123901367e+00,2.658227920532226562e+00,8.840122985839843750e+01
2.521008491516113281e+00,2.658227920532226562e+00,8.808665466308593750e+01
2.941176414489746094e+00,2.658227920532226562e+00,8.776596069335937500e+01
3.361344575881958008e+00,2.658227920532226562e+00,8.741766357421875000e+01
3.781512498855590820e+00,2.658227920532226562e+00,8.701467895507812500e+01
4.201680660247802734e+00,2.658227920532226562e+00,8.652005767822265625e+01
4.621848583221435547e+00,2.658227920532226562e+00,8.588520050048828125e+01
5.042016983032226562e+00,2.658227920532226562e+00,8.505201721191406250e+01
5.462184906005859375e+00,2.658227920532226562e+00,8.395481872558593750e+01
5.882352828979492188e+00,2.658227920532226562e+00,8.252066802978515625e+01
6.302521228790283203e+00,2.658227920532226562e+00,8.067144775390625000e+01
6.722689151763916016e+00,2.658227920532226562e+00,7.833308410644531250e+01
7.142857074737548828e+00,2.658227920532226562e+00,7.545632934570312500e+01
7.563024997711181641e+00,2.658227920532226562e+00,7.204406738281250000e+01
7.983193397521972656e+00,2.658227920532226562e+00,6.814402008056640625e+01
8.403361320495605469e+00,2.658227920532226562e+00,6.369360733032226562e+01
8.823529243469238281e+00,2.658227920532226562e+00,5.809629058837890625e+01
9.243697166442871094e+00,2.658227920532226562e+00,4.984635162353515625e+01
9.663865089416503906e+00,2.658227920532226562e+00,3.783311843872070312e+01
1.008403396606445312e+01,2.658227920532226562e+00,2.471204757690429688e+01
1.050420188903808594e+01,2.658227920532226562e+00,1.521153450012207031e+01
1.092436981201171875e+01,2.658227920532226562e+00,1.005951881408691406e+01
1.134453773498535156e+01,2.658227920532226562e+00,7.524819374084472656e+00
1.176470565795898438e+01,2.658227920532226562e+00,6.399727344512939453e+00
1.218487358093261719e+01,2.658227920532226562e+00,6.039092063903808594e+00
1.260504245758056641e+01,2.658227920532226562e+00,5.965991497039794922e+00
1.302521038055419922e+01,2.658227920532226562e+00,5.871068000793457031e+00
1.344537830352783203e+01,2.658227920532226562e+00,5.666488647460937500e+00
1.386554622650146484e+01,2.658227920532226562e+00,5.389523506164550781e+00
1.428571414947509766e+01,2.658227920532226562e+00,5.096343040466308594e+00
1.470588207244873047e+01,2.658227920532226562e+00,4.823166370391845703e+00
1.512604999542236328e+01,2.658227920532226562e+00,4.585426330566406250e+00
1.554621887207031250e+01,2.658227920532226562e+00,4.385977268218994141e+00
1.596638679504394531e+01,2.658227920532226562e+00,4.221923351287841797e+00
1.638655471801757812e+01,2.658227920532226562e+00,4.088488578796386719e+00
1.680672264099121094e+01,2.658227920532226562e+00,3.980808258056640625e+00
1.722689056396484375e+01,2.658227920532226562e+00,3.894620895385742188e+00
1.764705848693847656e+01,2.658227920532226562e+00,3.826406478881835938e+00
1.806722640991210938e+01,2.658227920532226562e+00,3.773334264755249023e+00
1.848739433288574219e+01,2.658227920532226562e+00,3.733139276504516602e+00
1.890756225585937500e+01,2.658227920532226562e+00,3.704007863998413086e+00
1.932773017883300781e+01,2.658227920532226562e+00,3.684477567672729492e+00
1.974790000915527344e+01,2.658227920532226562e+00,3.673356533050537109e+00
2.016806793212890625e+01,2.658227920532226562e+00,3.669665336608886719e+00
2.058823585510253906e+01,2.658227920532226562e+00,3.672595262527465820e+00
2.100840377807617188e+01,2.658227920532226562e+00,3.681474208831787109e+00
2.142857170104980469e+01,2.658227920532226562e+00,3.695739030838012695e+00
2.184873962402343750e+01,2.658227920532226562e+00,3.714928627014160156e+00
2.226890754699707031e+01,2.658227920532226562e+00,3.738650560379028320e+00
2.268907546997070312e+01,2.658227920532226562e+00,3.766588211059570312e+00
2.310924339294433594e+01,2.658227920532226562e+00,3.798471212387084961e+00
2.352941131591796875e+01,2.658227920532226562e+00,3.834087371826171875e+00
2.394957923889160156e+01,2.658227920532226562e+00,3.873255729675292969e+00
2.436974716186523438e+01,2.658227920532226562e+00,3.915828227996826172e+00
2.478991508483886719e+01,2.658227920532226562e+00,3.961684942245483398e+00
2.521008491516113281e+01,2.658227920532226562e+00,4.010719776153564453e+00
2.563025283813476562e+01,2.658227920532226562e+00,4.062837123870849609e+00
2.605042076110839844e+01,2.658227920532226562e+00,4.117946624755859375e+00
2.647058868408203125e+01,2.658227920532226562e+00,4.175957679748535156e+00
2.689075660705566406e+01,2.658227920532226562e+00,4.236767292022705078e+00
2.731092453002929688e+01,2.658227920532226562e+00,4.300265312194824219e+00
2.773109245300292969e+01,2.658227920532226562e+00,4.366316795349121094e+00
2.815126037597656250e+01,2.658227920532226562e+00,4.434769153594970703e+00
2.857142829895019531e+01,2.658227920532226562e+00,4.505435943603515625e+00
2.899159622192382812e+01,2.658227920532226562e+00,4.578111648559570312e+00
2.941176414489746094e+01,2.658227920532226562e+00,4.652548789978027344e+00
2.983193206787109375e+01,2.658227920532226562e+00,4.728477478027343750e+00
3.025209999084472656e+01,2.658227920532226562e+00,4.805594444274902344e+00
3.067226982116699219e+01,2.658227920532226562e+00,4.883560657501220703e+00
3.109243774414062500e+01,2.658227920532226562e+00,4.962025165557861328e+00
3.151260566711425781e+01,2.658227920532226562e+00,5.040608406066894531e+00
3.193277359008789062e+01,2.658227920532226562e+00,5.118923664093017578e+00
3.235293960571289062e+01,2.658227920532226562e+00,5.196578025817871094e+00
3.277310943603515625e+01,2.658227920532226562e+00,5.273182392120361328e+00
3.319327545166015625e+01,2.658227920532226562e+00,5.348365783691406250e+00
3.361344528198242188e+01,2.658227920532226562e+00,5.421784877777099609e+00
3.403361511230468750e+01,2.658227920532226562e+00,5.493128299713134766e+00
3.445378112792968750e+01,2.658227920532226562e+00,5.562139034271240234e+00
3.487395095825195312e+01,2.658227920532226562e+00,5.628607273101806641e+00
3.529411697387695312e+01,2.658227920532226562e+00,5.692393779754638672e+00
3.571428680419921875e+01,2.658227920532226562e+00,5.753430366516113281e+00
3.613445281982421875e+01,2.658227920532226562e+00,5.811719417572021484e+00
3.655462265014648438e+01,2.658227920532226562e+00,5.867341041564941406e+00
3.697478866577148438e+01,2.658227920532226562e+00,5.920440673828125000e+00
3.739495849609375000e+01,2.658227920532226562e+00,5.971248626708984375e+00
3.781512451171875000e+01,2.658227920532226562e+00,6.020044803619384766e+00
3.823529434204101562e+01,2.658227920532226562e+00,6.067174911499023438e+00
3.865546035766601562e+01,2.658227920532226562e+00,6.113021373748779297e+00
3.907563018798828125e+01,2.658227920532226562e+00,6.158007144927978516e+00
3.949580001831054688e+01,2.658227920532226562e+00,6.202578544616699219e+00
3.991596603393554688e+01,2.658227920532226562e+00,6.247191429138183594e+00
4.033613586425781250e+01,2.658227920532226562e+00,6.292300224304199219e+00
4.075630187988281250e+01,2.658227920532226562e+00,6.338347911834716797e+00
4.117647171020507812e+01,2.658227920532226562e+00,6.385764122009277344e+00
4.159663772583007812e+01,2.658227920532226562e+00,6.434945106506347656e+00
4.201680755615234375e+01,2.658227920532226562e+00,6.486251831054687500e+00
4.243697357177734375e+01,2.658227920532226562e+00,6.540015697479248047e+00
4.285714340209960938e+01,2.658227920532226562e+00,6.596518039703369141e+00
4.327730941772460938e+01,2.658227920532226562e+00,6.655998706817626953e+00
4.369747924804687500e+01,2.658227920532226562e+00,6.718654632568359375e+00
4.411764526367187500e+01,2.658227920532226562e+00,6.784639358520507812e+00
4.453781509399414062e+01,2.658227920532226562e+00,6.854063987731933594e+00
4.495798492431640625e+01,2.658227920532226562e+00,6.926990032196044922e+00
4.537815093994140625e+01,2.658227920532226562e+00,7.003460407257080078e+00
4.579832077026367188e+01,2.658227920532226562e+00,7.083472728729248047e+00
4.621848678588867188e+01,2.658227920532226562e+00,7.166982173919677734e+00
4.663865661621093750e+01,2.658227920532226562e+00,7.253934383392333984e+00
4.705882263183593750e+01,2.658227920532226562e+00,7.344233512878417969e+00
4.747899246215820312e+01,2.658227920532226562e+00,7.437778472900390625e+00
4.789915847778320312e+01,2.658227920532226562e+00,7.534425735473632812e+00
4.831932830810546875e+01,2.658227920532226562e+00,7.634031772613525391e+00
4.873949432373046875e+01,2.658227920532226562e+00,7.736433982849121094e+00
4.915966415405273438e+01,2.658227920532226562e+00,7.841464519500732422e+00
4.957983016967773438e+01,2.658227920532226562e+00,7.948934078216552734e+00
5.000000000000000000e+01,2.658227920532226562e+00,8.058658599853515625e+00
0.000000000000000000e+00,3.037974596023559570e+00,9.166278839111328125e+01
4.201680719852447510e-01,3.037974596023559570e+00,9.073213958740234375e+01
8.403361439704895020e-01,3.037974596023559570e+00,9.017032623291015625e+01
1.260504245758056641e+00,3.037974596023559570e+00,8.976603698730468750e+01
1.680672287940979004e+00,3.037974596023559570e+00,8.940225982666015625e+01
2.100840330123901367e+00,3.037974596023559570e+00,8.904038238525390625e+01
2.521008491516113281e+00,3.037974596023559570e+00,8.868486785888671875e+01
2.941176414489746094e+00,3.037974596023559570e+00,8.834063720703125000e+01
3.361344575881958008e+00,3.037974596023559570e+00,8.799774169921875000e+01
3.781512498855590820e+00,3.037974596023559570e+00,8.763836669921875000e+01
4.201680660247802734e+00,3.037974596023559570e+00,8.724293518066406250e+01
4.621848583221435547e+00,3.037974596023559570e+00,8.678743743896484375e+01
5.042016983032226562e+00,3.037974596023559570e+00,8.623680114746093750e+01
5.462184906005859375e+00,3.037974596023559570e+00,8.554412078857421875e+01
5.882352828979492188e+00,3.037974596023559570e+00,8.465202331542968750e+01
6.302521228790283203e+00,3.037974596023559570e+00,8.349255371093750000e+01
6.722689151763916016e+00,3.037974596023559570e+00,8.198822784423828125e+01
7.142857074737548828e+00,3.037974596023559570e+00,8.005884552001953125e+01
7.563024997711181641e+00,3.037974596023559570e+00,7.763918304443359375e+01
7.983193397521972656e+00,3.037974596023559570e+00,7.470407867431640625e+01
8.403361320495605469e+00,3.037974596023559570e+00,7.126464080810546875e+01
8.823529243469238281e+00,3.037974596023559570e+00,6.724162292480468750e+01
9.243697166442871094e+00,3.037974596023559570e+00,6.212902832031250000e+01
9.663865089416503906e+00,3.037974596023559570e+00,5.469591903686523438e+01
1.008403396606445312e+01,3.037974596023559570e+00,4.382910156250000000e+01
1.050420188903808594e+01,3.037974596023559570e+00,3.100252532958984375e+01
1.092436981201171875e+01,3.037974596023559570e+00,2.022964668273925781e+01
1.134453773498535156e+01,3.037974596023559570e+00,1.354006767272949219e+01
1.176470565795898438e+01,3.037974596023559570e+00,9.954475402832031250e+00
1.218487358093261719e+01,3.037974596023559570e+00,8.166112899780273438e+00
1.260504245758056641e+01,3.037974596023559570e+00,7.418502807617187500e+00
1.302521038055419922e+01,3.037974596023559570e+00,7.214025497436523438e+00
1.344537830352783203e+01,3.037974596023559570e+00,7.165510654449462891e+00
1.386554622650146484e+01,3.037974596023559570e+00,7.058404922485351562e+00
1.428571414947509766e+01,3.037974596023559570e+00,6.845775127410888672e+00
1.470588207244873047e+01,3.037974596023559570e+00,6.560938835144042969e+00
1.512604999542236328e+01,3.037974596023559570e+00,6.250333309173583984e+00
1.554621887207031250e+01,3.037974596023559570e+00,5.948184013366699219e+00
1.596638679504394531e+01,3.037974596023559570e+00,5.673395156860351562e+00
1.638655471801757812e+01,3.037974596023559570e+00,5.433609962463378906e+00
1.680672264099121094e+01,3.037974596023559570e+00,5.229863166809082031e+00
1.722689056396484375e+01,3.037974596023559570e+00,5.059905529022216797e+00
1.764705848693847656e+01,3.037974596023559570e+00,4.920198440551757812e+00
1.806722640991210938e+01,3.037974596023559570e+00,4.806948661804199219e+00
1.848739433288574219e+01,3.037974596023559570e+00,4.716594219207763672e+00
1.890756225585937500e+01,3.037974596023559570e+00,4.646004199981689453e+00
1.932773017883300781e+01,3.037974596023559570e+00,4.592499732971191406e+00
1.974790000915527344e+01,3.037974596023559570e+00,4.553822517395019531e+00
2.016806793212890625e+01,3.037974596023559570e+00,4.528105258941650391e+00
2.058823585510253906e+01,3.037974596023559570e+00,4.513782978057861328e+00
2.100840377807617188e+01,3.037974596023559570e+00,4.509561538696289062e+00
2.142857170104980469e+01,3.037974596023559570e+00,4.514358997344970703e+00
2.184873962402343750e+01,3.037974596023559570e+00,4.527278900146484375e+00
2.226890754699707031e+01,3.037974596023559570e+00,4.547559261322021484e+00
2.268907546997070312e+01,3.037974596023559570e+00,4.574561119079589844e+00
2.310924339294433594e+01,3.037974596023559570e+00,4.607745647430419922e+00
2.352941131591796875e+01,3.037974596023559570e+00,4.646648883819580078e+00
2.394957923889160156e+01,3.037974596023559570e+00,4.690865993499755859e+00
2.436974716186523438e+01,3.037974596023559570e+00,4.740039348602294922e+00
2.478991508483886719e+01,3.037974596023559570e+00,4.793853282928466797e+00
2.521008491516113281e+01,3.037974596023559570e+00,4.852006912231445312e+00
2.563025283813476562e+01,3.037974596023559570e+00,4.914214134216308594e+00
2.605042076110839844e+01,3.037974596023559570e+00,4.980195522308349609e+00
2.647058868408203125e+01,3.037974596023559570e+00,5.049664974212646484e+00
2.689075660705566406e+01,3.037974596023559570e+00,5.122322559356689453e+00
2.731092453002929688e+01,3.037974596023559570e+00,5.197849273681640625e+00
2.773109245300292969e+01,3.037974596023559570e+00,5.275896549224853516e+00
2.815126037597656250e+01,3.037974596023559570e+00,5.356082439422607422e+00
2.857142829895019531e+01,3.037974596023559570e+00,5.437991619110107422e+00
2.899159622192382812e+01,3.037974596023559570e+00,5.521166801452636719e+00
2.941176414489746094e+01,3.037974596023559570e+00,5.605113506317138672e+00
2.983193206787109375e+01,3.037974596023559570e+00,5.689293384552001953e+00
3.025209999084472656e+01,3.037974596023559570e+00,5.773145675659179688e+00
3.067226982116699219e+01,3.037974596023559570e+00,5.856067657470703125e+00
3.109243774414062500e+01,3.037974596023559570e+00,5.937450885772705078e+00
3.151260566711425781e+01,3.037974596023559570e+00,6.016677856445312500e+00
3.193277359008789062e+01,3.037974596023559570e+00,6.093137264251708984e+00
3.235293960571289062e+01,3.037974596023559570e+00,6.166244506835937500e+00
3.277310943603515625e+01,3.037974596023559570e+00,6.235463142395019531e+00
3.319327545166015625e+01,3.037974596023559570e+00,6.300318717956542969e+00
3.361344528198242188e+01,3.037974596023559570e+00,6.360416412353515625e+00
3.403361511230468750e+01,3.037974596023559570e+00,6.415464401245117188e+00
3.445378112792968750e+01,3.037974596023559570e+00,6.465291023254394531e+00
3.487395095825195312e+01,3.037974596023559570e+00,6.509857654571533203e+00
3.529411697387695312e+01,3.037974596023559570e+00,6.549263477325439453e+00
3.571428680419921875e+01,3.037974596023559570e+00,6.583764553070068359e+00
3.613445281982421875e+01,3.037974596023559570e+00,6.613766670227050781e+00
3.655462265014648438e+01,3.037974596023559570e+00,6.639828205108642578e+00
3.697478866577148438e+01,3.037974596023559570e+00,6.662643432617187500e+00
3.739495849609375000e+01,3.037974596023559570e+00,6.683035373687744141e+00
3.781512451171875000e+01,3.037974596023559570e+00,6.701920986175537109e+00
3.823529434204101562e+01,3.037974596023559570e+00,6.720304489135742188e+00
3.865546035766601562e+01,3.037974596023559570e+00,6.739240169525146484e+00
3.907563018798828125e+01,3.037974596023559570e+00,6.759800910949707031e+00
3.949580001831054688e+01,3.037974596023559570e+00,6.783054351806640625e+00
3.991596603393554688e+01,3.037974596023559570e+00,6.810031414031982422e+00
4.033613586425781250e+01,3.037974596023559570e+00,6.841712951660156250e+00
4.075630187988281250e+01,3.037974596023559570e+00,6.878997802734375000e+00
4.117647171020507812e+01,3.037974596023559570e+00,6.922699928283691406e+00
4.159663772583007812e+01,3.037974596023559570e+00,6.973533153533935547e+00
4.201680755615234375e+01,3.037974596023559570e+00,7.032115936279296875e+00
4.243697357177734375e+01,3.037974596023559570e+00,7.098953247070312500e+00
4.285714340209960938e+01,3.037974596023559570e+00,7.174463748931884766e+00
4.327730941772460938e+01,3.037974596023559570e+00,7.258964061737060547e+00
4.369747924804687500e+01,3.037974596023559570e+00,7.352688789367675781e+00
4.411764526367187500e+01,3.037974596023559570e+00,7.455794334411621094e+00
4.453781509399414062e+01,3.037974596023559570e+00,7.568361282348632812e+00
4.495798492431640625e+01,3.037974596023559570e+00,7.690422058105468750e+00
4.537815093994140625e+01,3.037974596023559570e+00,7.821940422058105469e+00
4.579832077026367188e+01,3.037974596023559570e+00,7.962855339050292969e+00
4.621848678588867188e+01,3.037974596023559570e+00,8.113044738769531250e+00
4.663865661621093750e+01,3.037974596023559570e+00,8.272379875183105469e+00
4.705882263183593750e+01,3.037974596023559570e+00,8.440691947937011719e+00
4.747899246215820312e+01,3.037974596023559570e+00,8.617789268493652344e+00
4.789915847778320312e+01,3.037974596023559570e+00,8.803462982177734375e+00
4.831932830810546875e+01,3.037974596023559570e+00,8.997507095336914062e+00
4.873949432373046875e+01,3.037974596023559570e+00,9.199684143066406250e+00
4.915966415405273438e+01,3.037974596023559570e+00,9.409746170043945312e+00
4.957983016967773438e+01,3.037974596023559570e+00,9.627440452575683594e+00
5.000000000000000000e+01,3.037974596023559570e+00,9.852514266967773438e+00
0.000000000000000000e+00,3.417721509933471680e+00,9.214523315429687500e+01
4.201680719852447510e-01,3.417721509933471680e+00,9.134122467041015625e+01
8.403361439704895020e-01,3.417721509933471680e+00,9.086553955078125000e+01
1.260504245758056641e+00,3.417721509933471680e+00,9.052117156982421875e+01
1.680672287940979004e+00,3.417721509933471680e+00,9.017944335937500000e+01
2.100840330123901367e+00,3.417721509933471680e+00,8.979515075683593750e+01
2.521008491516113281e+00,3.417721509933471680e+00,8.938891601562500000e+01
2.941176414489746094e+00,3.417721509933471680e+00,8.899470520019531250e+01
3.361344575881958008e+00,3.417721509933471680e+00,8.862361907958984375e+01
3.781512498855590820e+00,3.417721509933471680e+00,8.826349639892578125e+01
4.201680660247802734e+00,3.417721509933471680e+00,8.789491271972656250e+01
4.621848583221435547e+00,3.417721509933471680e+00,8.750244903564453125e+01
5.042016983032226562e+00,3.417721509933471680e+00,8.707196044921875000e+01
5.462184906005859375e+00,3.417721509933471680e+00,8.658076477050781250e+01
5.882352828979492188e+00,3.417721509933471680e+00,8.599354553222656250e+01
6.302521228790283203e+00,3.417721509933471680e+00,8.526260375976562500e+01
6.722689151763916016e+00,3.417721509933471680e+00,8.432835388183593750e+01
7.142857074737548828e+00,3.417721509933471680e+00,8.311959075927734375e+01
7.563024997711181641e+00,3.417721509933471680e+00,8.155760192871093750e+01
7.983193397521972656e+00,3.417721509933471680e+00,7.956880950927734375e+01
8.403361320495605469e+00,3.417721509933471680e+00,7.710521697998046875e+01
8.823529243469238281e+00,3.417721509933471680e+00,7.414825439453125000e+01
9.243697166442871094e+00,3.417721509933471680e+00,7.062652587890625000e+01
9.663865089416503906e+00,3.417721509933471680e+00,6.616950988769531250e+01
1.008403396606445312e+01,3.417721509933471680e+00,5.982750320434570312e+01
1.050420188903808594e+01,3.417721509933471680e+00,5.045469665527343750e+01
1.092436981201171875e+01,3.417721509933471680e+00,3.843387222290039062e+01
1.134453773498535156e+01,3.417721509933471680e+00,2.668875694274902344e+01
1.176470565795898438e+01,3.417721509933471680e+00,1.814318275451660156e+01
1.218487358093261719e+01,3.417721509933471680e+00,1.305595493316650391e+01
1.260504245758056641e+01,3.417721509933471680e+00,1.028477954864501953e+01
1.302521038055419922e+01,3.417721509933471680e+00,8.895180702209472656e+00
1.344537830352783203e+01,3.417721509933471680e+00,8.325163841247558594e+00
1.386554622650146484e+01,3.417721509933471680e+00,8.160758018493652344e+00
1.428571414947509766e+01,3.417721509933471680e+00,8.096220016479492188e+00
1.470588207244873047e+01,3.417721509933471680e+00,7.976663589477539062e+00
1.512604999542236328e+01,3.417721509933471680e+00,7.769650936126708984e+00
1.554621887207031250e+01,3.417721509933471680e+00,7.499061584472656250e+00
1.596638679504394531e+01,3.417721509933471680e+00,7.200201988220214844e+00
1.638655471801757812e+01,3.417721509933471680e+00,6.901733398437500000e+00
1.680672264099121094e+01,3.417721509933471680e+00,6.621906757354736328e+00
1.722689056396484375e+01,3.417721509933471680e+00,6.370228290557861328e+00
1.764705848693847656e+01,3.417721509933471680e+00,6.150262832641601562e+00
1.806722640991210938e+01,3.417721509933471680e+00,5.962068080902099609e+00
1.848739433288574219e+01,3.417721509933471680e+00,5.803862094879150391e+00
1.890756225585937500e+01,3.417721509933471680e+00,5.673054218292236328e+00
1.932773017883300781e+01,3.417721509933471680e+00,5.566831588745117188e+00
1.974790000915527344e+01,3.417721509933471680e+00,5.482469558715820312e+00
2.016806793212890625e+01,3.417721509933471680e+00,5.417452335357666016e+00
2.058823585510253906e+01,3.417721509933471680e+00,5.369554996490478516e+00
2.100840377807617188e+01,3.417721509933471680e+00,5.336824417114257812e+00
2.142857170104980469e+01,3.417721509933471680e+00,5.317568778991699219e+00
2.184873962402343750e+01,3.417721509933471680e+00,5.310337543487548828e+00
2.226890754699707031e+01,3.417721509933471680e+00,5.313875675201416016e+00
2.268907546997070312e+01,3.417721509933471680e+00,5.327107906341552734e+00
2.310924339294433594e+01,3.417721509933471680e+00,5.349100589752197266e+00
2.352941131591796875e+01,3.417721509933471680e+00,5.379044532775878906e+00
2.394957923889160156e+01,3.417721509933471680e+00,5.416236400604248047e+00
2.436974716186523438e+01,3.417721509933471680e+00,5.460051059722900391e+00
2.478991508483886719e+01,3.417721509933471680e+00,5.509932518005371094e+00
2.521008491516113281e+01,3.417721509933471680e+00,5.565377235412597656e+00
2.563025283813476562e+01,3.417721509933471680e+00,5.625924587249755859e+00
2.605042076110839844e+01,3.417721509933471680e+00,5.691133975982666016e+00
2.647058868408203125e+01,3.417721509933471680e+00,5.760585784912109375e+00
2.689075660705566406e+01,3.417721509933471680e+00,5.833871364593505859e+00
2.731092453002929688e+01,3.417721509933471680e+00,5.910577297210693359e+00
2.773109245300292969e+01,3.417721509933471680e+00,5.990278244018554688e+00
2.815126037597656250e+01,3.417721509933471680e+00,6.072530746459960938e+00
2.857142829895019531e+01,3.417721509933471680e+00,6.156867980957031250e+00
2.899159622192382812e+01,3.417721509933471680e+00,6.242791652679443359e+00
2.941176414489746094e+01,3.417721509933471680e+00,6.329779148101806641e+00
2.983193206787109375e+01,3.417721509933471680e+00,6.417249679565429688e+00
3.025209999084472656e+01,3.417721509933471680e+00,6.504604339599609375e+00
3.067226982116699219e+01,3.417721509933471680e+00,6.591201305389404297e+00
3.109243774414062500e+01,3.417721509933471680e+00,6.676365375518798828e+00
3.151260566711425781e+01,3.417721509933471680e+00,6.759400367736816406e+00
3.193277359008789062e+01,3.417721509933471680e+00,6.839597702026367188e+00
3.235293960571289062e+01,3.417721509933471680e+00,6.916242122650146484e+00
3.277310943603515625e+01,3.417721509933471680e+00,6.988648414611816406e+00
3.319327545166015625e+01,3.417721509933471680e+00,7.056150436401367188e+00
3.361344528198242188e+01,3.417721509933471680e+00,7.118154048919677734e+00
3.403361511230468750e+01,3.417721509933471680e+00,7.174142837524414062e+00
3.445378112792968750e+01,3.417721509933471680e+00,7.223701953887939453e+00
3.487395095825195312e+01,3.417721509933471680e+00,7.266549110412597656e+00
3.529411697387695312e+01,3.417721509933471680e+00,7.302557468414306641e+00
3.571428680419921875e+01,3.417721509933471680e+00,7.331773281097412109e+00
3.613445281982421875e+01,3.417721509933471680e+00,7.354434013366699219e+00
3.655462265014648438e+01,3.417721509933471680e+00,7.370985507965087891e+00
3.697478866577148438e+01,3.417721509933471680e+00,7.382080554962158203e+00
3.739495849609375000e+01,3.417721509933471680e+00,7.388583183288574219e+00
3.781512451171875000e+01,3.417721509933471680e+00,7.391561508178710938e+00
3.823529434204101562e+01,3.417721509933471680e+00,7.392245292663574219e+00
3.865546035766601562e+01,3.417721509933471680e+00,7.392014503479003906e+00
3.907563018798828125e+01,3.417721509933471680e+00,7.392359733581542969e+00
3.949580001831054688e+01,3.417721509933471680e+00,7.394831180572509766e+00
3.991596603393554688e+01,3.417721509933471680e+00,7.400990486145019531e+00
4.033613586425781250e+01,3.417721509933471680e+00,7.412371635437011719e+00
4.075630187988281250e+01,3.417721509933471680e+00,7.430437088012695312e+00
4.117647171020507812e+01,3.417721509933471680e+00,7.456539154052734375e+00
4.159663772583007812e+01,3.417721509933471680e+00,7.491897106170654297e+00
4.201680755615234375e+01,3.417721509933471680e+00,7.537588119506835938e+00
4.243697357177734375e+01,3.417721509933471680e+00,7.594514846801757812e+00
4.285714340209960938e+01,3.417721509933471680e+00,7.663439273834228516e+00
4.327730941772460938e+01,3.417721509933471680e+00,7.744966030120849609e+00
4.369747924804687500e+01,3.417721509933471680e+00,7.839559555053710938e+00
4.411764526367187500e+01,3.417721509933471680e+00,7.947566032409667969e+00
4.453781509399414062e+01,3.417721509933471680e+00,8.069223403930664062e+00
4.495798492431640625e+01,3.417721509933471680e+00,8.204689025878906250e+00
4.537815093994140625e+01,3.417721509933471680e+00,8.354032516479492188e+00
4.579832077026367188e+01,3.417721509933471680e+00,8.517297744750976562e+00
4.621848678588867188e+01,3.417721509933471680e+00,8.694473266601562500e+00
4.663865661621093750e+01,3.417721509933471680e+00,8.885532379150390625e+00
4.705882263183593750e+01,3.417721509933471680e+00,9.090410232543945312e+00
4.747899246215820312e+01,3.417721509933471680e+00,9.309085845947265625e+00
4.789915847778320312e+01,3.417721509933471680e+00,9.541484832763671875e+00
4.831932830810546875e+01,3.417721509933471680e+00,9.787564277648925781e+00
4.873949432373046875e+01,3.417721509933471680e+00,1.004728507995605469e+01
4.915966415405273438e+01,3.417721509933471680e+00,1.032061576843261719e+01
4.957983016967773438e+01,3.417721509933471680e+00,1.060750007629394531e+01
5.000000000000000000e+01,3.417721509933471680e+00,1.090791511535644531e+01
0.000000000000000000e+00,3.797468423843383789e+00,9.272727203369140625e+01
4.201680719852447510e-01,3.797468423843383789e+00,9.201368713378906250e+01
8.403361439704895020e-01,3.797468423843383789e+00,9.161458587646484375e+01
1.260504245758056641e+00,3.797468423843383789e+00,9.134108734130859375e+01
1.680672287940979004e+00,3.797468423843383789e+00,9.104705047607421875e+01
2.100840330123901367e+00,3.797468423843383789e+00,9.066635894775390625e+01
2.521008491516113281e+00,3.797468423843383789e+00,9.021845245361328125e+01
2.941176414489746094e+00,3.797468423843383789e+00,8.975944519042968750e+01
3.361344575881958008e+00,3.797468423843383789e+00,8.932939147949218750e+01
3.781512498855590820e+00,3.797468423843383789e+00,8.893514251708984375e+01
4.201680660247802734e+00,3.797468423843383789e+00,8.855982971191406250e+01
4.621848583221435547e+00,3.797468423843383789e+00,8.818159484863281250e+01
5.042016983032226562e+00,3.797468423843383789e+00,8.778693389892578125e+01
5.462184906005859375e+00,3.797468423843383789e+00,8.736911773681640625e+01
5.882352828979492188e+00,3.797468423843383789e+00,8.691619110107421875e+01
6.302521228790283203e+00,3.797468423843383789e+00,8.640325927734375000e+01
6.722689151763916016e+00,3.797468423843383789e+00,8.579212188720703125e+01
7.142857074737548828e+00,3.797468423843383789e+00,8.503263092041015625e+01
7.563024997711181641e+00,3.797468423843383789e+00,8.406241607666015625e+01
7.983193397521972656e+00,3.797468423843383789e+00,8.280916595458984375e+01
8.403361320495605469e+00,3.797468423843383789e+00,8.119838714599609375e+01
8.823529243469238281e+00,3.797468423843383789e+00,7.916885375976562500e+01
9.243697166442871094e+00,3.797468423843383789e+00,7.668165588378906250e+01
9.663865089416503906e+00,3.797468423843383789e+00,7.367517852783203125e+01
1.008403396606445312e+01,3.797468423843383789e+00,6.989899444580078125e+01
1.050420188903808594e+01,3.797468423843383789e+00,6.466366577148437500e+01
1.092436981201171875e+01,3.797468423843383789e+00,5.690872192382812500e+01
1.134453773498535156e+01,3.797468423843383789e+00,4.625627136230468750e+01
1.176470565795898438e+01,3.797468423843383789e+00,3.436134338378906250e+01
1.218487358093261719e+01,3.797468423843383789e+00,2.415019226074218750e+01
1.260504245758056641e+01,3.797468423843383789e+00,1.720760917663574219e+01
1.302521038055419922e+01,3.797468423843383789e+00,1.308452129364013672e+01
1.344537830352783203e+01,3.797468423843383789e+00,1.079388141632080078e+01
1.386554622650146484e+01,3.797468423843383789e+00,9.628028869628906250e+00
1.428571414947509766e+01,3.797468423843383789e+00,9.131099700927734375e+00
1.470588207244873047e+01,3.797468423843383789e+00,8.957603454589843750e+00
1.512604999542236328e+01,3.797468423843383789e+00,8.865078926086425781e+00
1.554621887207031250e+01,3.797468423843383789e+00,8.733327865600585938e+00
1.596638679504394531e+01,3.797468423843383789e+00,8.533626556396484375e+00
1.638655471801757812e+01,3.797468423843383789e+00,8.280532836914062500e+00
1.680672264099121094e+01,3.797468423843383789e+00,7.999906539916992188e+00
1.722689056396484375e+01,3.797468423843383789e+00,7.714852333068847656e+00
1.764705848693847656e+01,3.797468423843383789e+00,7.441730499267578125e+00
1.806722640991210938e+01,3.797468423843383789e+00,7.190381526947021484e+00
1.848739433288574219e+01,3.797468423843383789e+00,6.965712070465087891e+00
1.890756225585937500e+01,3.797468423843383789e+00,6.769332885742187500e+00
1.932773017883300781e+01,3.797468423843383789e+00,6.600864410400390625e+00
1.974790000915527344e+01,3.797468423843383789e+00,6.458835124969482422e+00
2.016806793212890625e+01,3.797468423843383789e+00,6.341266155242919922e+00
2.058823585510253906e+01,3.797468423843383789e+00,6.245999813079833984e+00
2.100840377807617188e+01,3.797468423843383789e+00,6.170895099639892578e+00
2.142857170104980469e+01,3.797468423843383789e+00,6.113939285278320312e+00
2.184873962402343750e+01,3.797468423843383789e+00,6.073280811309814453e+00
2.226890754699707031e+01,3.797468423843383789e+00,6.047249794006347656e+00
2.268907546997070312e+01,3.797468423843383789e+00,6.034363746643066406e+00
2.310924339294433594e+01,3.797468423843383789e+00,6.033296585083007812e+00
2.352941131591796875e+01,3.797468423843383789e+00,6.042875766754150391e+00
2.394957923889160156e+01,3.797468423843383789e+00,6.062075614929199219e+00
2.436974716186523438e+01,3.797468423843383789e+00,6.089965343475341797e+00
2.478991508483886719e+01,3.797468423843383789e+00,6.125729560852050781e+00
2.521008491516113281e+01,3.797468423843383789e+00,6.168641567230224609e+00
2.563025283813476562e+01,3.797468423843383789e+00,6.218038082122802734e+00
2.605042076110839844e+01,3.797468423843383789e+00,6.273318767547607422e+00
2.647058868408203125e+01,3.797468423843383789e+00,6.333941936492919922e+00
2.689075660705566406e+01,3.797468423843383789e+00,6.399390220642089844e+00
2.731092453002929688e+01,3.797468423843383789e+00,6.469186782836914062e+00
2.773109245300292969e+01,3.797468423843383789e+00,6.542865276336669922e+00
2.815126037597656250e+01,3.797468423843383789e+00,6.619976043701171875e+00
2.857142829895019531e+01,3.797468423843383789e+00,6.700068473815917969e+00
2.899159622192382812e+01,3.797468423843383789e+00,6.782692909240722656e+00
2.941176414489746094e+01,3.797468423843383789e+00,6.867380619049072266e+00
2.983193206787109375e+01,3.797468423843383789e+00,6.953655719757080078e+00
3.025209999084472656e+01,3.797468423843383789e+00,7.041008949279785156e+00
3.067226982116699219e+01,3.797468423843383789e+00,7.128912448883056641e+00
3.109243774414062500e+01,3.797468423843383789e+00,7.216805458068847656e+00
3.151260566711425781e+01,3.797468423843383789e+00,7.304090023040771484e+00
3.193277359008789062e+01,3.797468423843383789e+00,7.390151977539062500e+00
3.235293960571289062e+01,3.797468423843383789e+00,7.474334716796875000e+00
3.277310943603515625e+01,3.797468423843383789e+00,7.555974960327148438e+00
3.319327545166015625e+01,3.797468423843383789e+00,7.634376049041748047e+00
3.361344528198242188e+01,3.797468423843383789e+00,7.708850860595703125e+00
3.403361511230468750e+01,3.797468423843383789e+00,7.778722286224365234e+00
3.445378112792968750e+01,3.797468423843383789e+00,7.843326568603515625e+00
3.487395095825195312e+01,3.797468423843383789e+00,7.902057647705078125e+00
3.529411697387695312e+01,3.797468423843383789e+00,7.954373359680175781e+00
3.571428680419921875e+01,3.797468423843383789e+00,7.999822616577148438e+00
3.613445281982421875e+01,3.797468423843383789e+00,8.038073539733886719e+00
3.655462265014648438e+01,3.797468423843383789e+00,8.068931579589843750e+00
3.697478866577148438e+01,3.797468423843383789e+00,8.092383384704589844e+00
3.739495849609375000e+01,3.797468423843383789e+00,8.108598709106445312e+00
3.781512451171875000e+01,3.797468423843383789e+00,8.117978096008300781e+00
3.823529434204101562e+01,3.797468423843383789e+00,8.121145248413085938e+00
3.865546035766601562e+01,3.797468423843383789e+00,8.118969917297363281e+00
3.907563018798828125e+01,3.797468423843383789e+00,8.112561225891113281e+00
3.949580001831054688e+01,3.797468423843383789e+00,8.103249549865722656e+00
3.991596603393554688e+01,3.797468423843383789e+00,8.092572212219238281e+00
4.033613586425781250e+01,3.797468423843383789e+00,8.082227706909179688e+00
4.075630187988281250e+01,3.797468423843383789e+00,8.074027061462402344e+00
4.117647171020507812e+01,3.797468423843383789e+00,8.069841384887695312e+00
4.159663772583007812e+01,3.797468423843383789e+00,8.071534156799316406e+00
4.201680755615234375e+01,3.797468423843383789e+00,8.080921173095703125e+00
4.243697357177734375e+01,3.797468423843383789e+00,8.099704742431640625e+00
4.285714340209960938e+01,3.797468423843383789e+00,8.129426956176757812e+00
4.327730941772460938e+01,3.797468423843383789e+00,8.171464920043945312e+00
4.369747924804687500e+01,3.797468423843383789e+00,8.226985931396484375e+00
4.411764526367187500e+01,3.797468423843383789e+00,8.296958923339843750e+00
4.453781509399414062e+01,3.797468423843383789e+00,8.382159233093261719e+00
4.495798492431640625e+01,3.797468423843383789e+00,8.483171463012695312e+00
4.537815093994140625e+01,3.797468423843383789e+00,8.600428581237792969e+00
4.579832077026367188e+01,3.797468423843383789e+00,8.734220504760742188e+00
4.621848678588867188e+01,3.797468423843383789e+00,8.884734153747558594e+00
4.663865661621093750e+01,3.797468423843383789e+00,9.052056312561035156e+00
4.705882263183593750e+01,3.797468423843383789e+00,9.236241340637207031e+00
4.747899246215820312e+01,3.797468423843383789e+00,9.437274932861328125e+00
4.789915847778320312e+01,3.797468423843383789e+00,9.655144691467285156e+00
4.831932830810546875e+01,3.797468423843383789e+00,9.889837265014648438e+00
4.873949432373046875e+01,3.797468423843383789e+00,1.014131546020507812e+01
4.915966415405273438e+01,3.797468423843383789e+00,1.040959644317626953e+01
4.957983016967773438e+01,3.797468423843383789e+00,1.069468307495117188e+01
5.000000000000000000e+01,3.797468423843383789e+00,1.099660491943359375e+01
0.000000000000000000e+00,4.177215099334716797e+00,9.338990020751953125e+01
4.201680719852447510e-01,4.177215099334716797e+00,9.273739624023437500e+01
8.403361439704895020e-01,4.177215099334716797e+00,9.240034484863281250e+01
1.260504245758056641e+00,4.177215099334716797e+00,9.219854736328125000e+01
1.680672287940979004e+00,4.177215099334716797e+00,9.197008514404296875e+01
2.100840330123901367e+00,4.177215099334716797e+00,9.162227630615234375e+01
2.521008491516113281e+00,4.177215099334716797e+00,9.115891265869140625e+01
2.941176414489746094e+00,4.177215099334716797e+00,9.064357757568359375e+01
3.361344575881958008e+00,4.177215099334716797e+00,9.014006042480468750e+01
3.781512498855590820e+00,4.177215099334716797e+00,8.968115234375000000e+01
4.201680660247802734e+00,4.177215099334716797e+00,8.926705169677734375e+01
4.621848583221435547e+00,4.177215099334716797e+00,8.887723541259765625e+01
5.042016983032226562e+00,4.177215099334716797e+00,8.848811340332031250e+01
5.462184906005859375e+00,4.177215099334716797e+00,8.808712005615234375e+01
5.882352828979492188e+00,4.177215099334716797e+00,8.767289733886718750e+01
6.302521228790283203e+00,4.177215099334716797e+00,8.724201965332031250e+01
6.722689151763916016e+00,4.177215099334716797e+00,8.677883148193359375e+01
7.142857074737548828e+00,4.177215099334716797e+00,8.625391387939453125e+01
7.563024997711181641e+00,4.177215099334716797e+00,8.562574005126953125e+01
7.983193397521972656e+00,4.177215099334716797e+00,8.484162902832031250e+01
8.403361320495605469e+00,4.177215099334716797e+00,8.383808135986328125e+01
8.823529243469238281e+00,4.177215099334716797e+00,8.254490661621093750e+01
9.243697166442871094e+00,4.177215099334716797e+00,8.089636993408203125e+01
9.663865089416503906e+00,4.177215099334716797e+00,7.884121704101562500e+01
1.008403396606445312e+01,4.177215099334716797e+00,7.632336425781250000e+01
1.050420188903808594e+01,4.177215099334716797e+00,7.317859649658203125e+01
1.092436981201171875e+01,4.177215099334716797e+00,6.893449401855468750e+01
1.134453773498535156e+01,4.177215099334716797e+00,6.271530914306640625e+01
1.176470565795898438e+01,4.177215099334716797e+00,5.376320648193359375e+01
1.218487358093261719e+01,4.177215099334716797e+00,4.262815093994140625e+01
1.260504245758056641e+01,4.177215099334716797e+00,3.151039123535156250e+01
1.302521038055419922e+01,4.177215099334716797e+00,2.270900917053222656e+01
1.344537830352783203e+01,4.177215099334716797e+00,1.688383102416992188e+01
1.386554622650146484e+01,4.177215099334716797e+00,1.338279342651367188e+01
1.428571414947509766e+01,4.177215099334716797e+00,1.139338588714599609e+01
1.470588207244873047e+01,4.177215099334716797e+00,1.034997081756591797e+01
1.512604999542236328e+01,4.177215099334716797e+00,9.869949340820312500e+00
1.554621887207031250e+01,4.177215099334716797e+00,9.665662765502929688e+00
1.596638679504394531e+01,4.177215099334716797e+00,9.541102409362792969e+00
1.638655471801757812e+01,4.177215099334716797e+00,9.396704673767089844e+00
1.680672264099121094e+01,4.177215099334716797e+00,9.203185081481933594e+00
1.722689056396484375e+01,4.177215099334716797e+00,8.966667175292968750e+00
1.764705848693847656e+01,4.177215099334716797e+00,8.704922676086425781e+00
1.806722640991210938e+01,4.177215099334716797e+00,8.435905456542968750e+00
1.848739433288574219e+01,4.177215099334716797e+00,8.173625946044921875e+00
1.890756225585937500e+01,4.177215099334716797e+00,7.927528858184814453e+00
1.932773017883300781e+01,4.177215099334716797e+00,7.703140735626220703e+00
1.974790000915527344e+01,4.177215099334716797e+00,7.503110408782958984e+00
2.016806793212890625e+01,4.177215099334716797e+00,7.328162670135498047e+00
2.058823585510253906e+01,4.177215099334716797e+00,7.177804470062255859e+00
2.100840377807617188e+01,4.177215099334716797e+00,7.050843715667724609e+00
2.142857170104980469e+01,4.177215099334716797e+00,6.945730686187744141e+00
2.184873962402343750e+01,4.177215099334716797e+00,6.860770702362060547e+00
2.226890754699707031e+01,4.177215099334716797e+00,6.794255733489990234e+00
2.268907546997070312e+01,4.177215099334716797e+00,6.744528293609619141e+00
2.310924339294433594e+01,4.177215099334716797e+00,6.710042953491210938e+00
2.352941131591796875e+01,4.177215099334716797e+00,6.689356803894042969e+00
2.394957923889160156e+01,4.177215099334716797e+00,6.681151866912841797e+00
2.436974716186523438e+01,4.177215099334716797e+00,6.684235095977783203e+00
2.478991508483886719e+01,4.177215099334716797e+00,6.697525024414062500e+00
2.521008491516113281e+01,4.177215099334716797e+00,6.720036029815673828e+00
2.563025283813476562e+01,4.177215099334716797e+00,6.750884056091308594e+00
2.605042076110839844e+01,4.177215099334716797e+00,6.789268016815185547e+00
2.647058868408203125e+01,4.177215099334716797e+00,6.834465503692626953e+00
2.689075660705566406e+01,4.177215099334716797e+00,6.885816574096679688e+00
2.731092453002929688e+01,4.177215099334716797e+00,6.942715644836425781e+00
2.773109245300292969e+01,4.177215099334716797e+00,7.004608154296875000e+00
2.815126037597656250e+01,4.177215099334716797e+00,7.070984840393066406e+00
2.857142829895019531e+01,4.177215099334716797e+00,7.141356945037841797e+00
2.899159622192382812e+01,4.177215099334716797e+00,7.215270996093750000e+00
2.941176414489746094e+01,4.177215099334716797e+00,7.292284011840820312e+00
2.983193206787109375e+01,4.177215099334716797e+00,7.371969223022460938e+00
3.025209999084472656e+01,4.177215099334716797e+00,7.453899383544921875e+00
3.067226982116699219e+01,4.177215099334716797e+00,7.537649154663085938e+00
3.109243774414062500e+01,4.177215099334716797e+00,7.622790336608886719e+00
3.151260566711425781e+01,4.177215099334716797e+00,7.708872795104980469e+00
3.193277359008789062e+01,4.177215099334716797e+00,7.795436859130859375e+00
3.235293960571289062e+01,4.177215099334716797e+00,7.882009029388427734e+00
3.277310943603515625e+01,4.177215099334716797e+00,7.968087196350097656e+00
3.319327545166015625e+01,4.177215099334716797e+00,8.053140640258789062e+00
3.361344528198242188e+01,4.177215099334716797e+00,8.136629104614257812e+00
3.403361511230468750e+01,4.177215099334716797e+00,8.217975616455078125e+00
3.445378112792968750e+01,4.177215099334716797e+00,8.296601295471191406e+00
3.487395095825195312e+01,4.177215099334716797e+00,8.371895790100097656e+00
3.529411697387695312e+01,4.177215099334716797e+00,8.443254470825195312e+00
3.571428680419921875e+01,4.177215099334716797e+00,8.510073661804199219e+00
3.613445281982421875e+01,4.177215099334716797e+00,8.571767807006835938e+00
3.655462265014648438e+01,4.177215099334716797e+00,8.627777099609375000e+00
3.697478866577148438e+01,4.177215099334716797e+00,8.677595138549804688e+00
3.739495849609375000e+01,4.177215099334716797e+00,8.720788955688476562e+00
3.781512451171875000e+01,4.177215099334716797e+00,8.757008552551269531e+00
3.823529434204101562e+01,4.177215099334716797e+00,8.786029815673828125e+00
3.865546035766601562e+01,4.177215099334716797e+00,8.807766914367675781e+00
3.907563018798828125e+01,4.177215099334716797e+00,8.822308540344238281e+00
3.949580001831054688e+01,4.177215099334716797e+00,8.829940795898437500e+00
3.991596603393554688e+01,4.177215099334716797e+00,8.831161499023437500e+00
4.033613586425781250e+01,4.177215099334716797e+00,8.826715469360351562e+00
4.075630187988281250e+01,4.177215099334716797e+00,8.817586898803710938e+00
4.117647171020507812e+01,4.177215099334716797e+00,8.805018424987792969e+00
4.159663772583007812e+01,4.177215099334716797e+00,8.790470123291015625e+00
4.201680755615234375e+01,4.177215099334716797e+00,8.775620460510253906e+00
4.243697357177734375e+01,4.177215099334716797e+00,8.762315750122070312e+00
4.285714340209960938e+01,4.177215099334716797e+00,8.752523422241210938e+00
4.327730941772460938e+01,4.177215099334716797e+00,8.748263359069824219e+00
4.369747924804687500e+01,4.177215099334716797e+00,8.751552581787109375e+00
4.411764526367187500e+01,4.177215099334716797e+00,8.764342308044433594e+00
4.453781509399414062e+01,4.177215099334716797e+00,8.788466453552246094e+00
4.495798492431640625e+01,4.177215099334716797e+00,8.825583457946777344e+00
4.537815093994140625e+01,4.177215099334716797e+00,8.877166748046875000e+00
4.579832077026367188e+01,4.177215099334716797e+00,8.944440841674804688e+00
4.621848678588867188e+01,4.177215099334716797e+00,9.028435707092285156e+00
4.663865661621093750e+01,4.177215099334716797e+00,9.129959106445312500e+00
4.705882263183593750e+01,4.177215099334716797e+00,9.249599456787109375e+00
4.747899246215820312e+01,4.177215099334716797e+00,9.387796401977539062e+00
4.789915847778320312e+01,4.177215099334716797e+00,9.544837951660156250e+00
4.831932830810546875e+01,4.177215099334716797e+00,9.720883369445800781e+00
4.873949432373046875e+01,4.177215099334716797e+00,9.916021347045898438e+00
4.915966415405273438e+01,4.177215099334716797e+00,1.013027477264404297e+01
4.957983016967773438e+01,4.177215099334716797e+00,1.036362266540527344e+01
5.000000000000000000e+01,4.177215099334716797e+00,1.061603641510009766e+01
0.000000000000000000e+00,4.556962013244628906e+00,9.410441589355468750e+01
4.201680719852447510e-01,4.556962013244628906e+00,9.349389648437500000e+01
8.403361439704895020e-01,4.556962013244628906e+00,9.320603179931640625e+01
1.260504245758056641e+00,4.556962013244628906e+00,9.307173156738281250e+01
1.680672287940979004e+00,4.556962013244628906e+00,9.291812896728515625e+01
2.100840330123901367e+00,4.556962013244628906e+00,9.262699890136718750e+01
2.521008491516113281e+00,4.556962013244628906e+00,9.217907714843750000e+01
2.941176414489746094e+00,4.556962013244628906e+00,9.163267517089843750e+01
3.361344575881958008e+00,4.556962013244628906e+00,9.106476593017578125e+01
3.781512498855590820e+00,4.556962013244628906e+00,9.052885437011718750e+01
4.201680660247802734e+00,4.556962013244628906e+00,9.004692840576171875e+01
4.621848583221435547e+00,4.556962013244628906e+00,8.961459350585937500e+01
5.042016983032226562e+00,4.556962013244628906e+00,8.921011352539062500e+01
5.462184906005859375e+00,4.556962013244628906e+00,8.880869293212890625e+01
5.882352828979492188e+00,4.556962013244628906e+00,8.839823913574218750e+01
6.302521228790283203e+00,4.556962013244628906e+00,8.798087310791015625e+01
6.722689151763916016e+00,4.556962013244628906e+00,8.756008911132812500e+01
7.142857074737548828e+00,4.556962013244628906e+00,8.712802886962890625e+01
7.563024997711181641e+00,4.556962013244628906e+00,8.666283416748046875e+01
7.983193397521972656e+00,4.556962013244628906e+00,8.613110351562500000e+01
8.403361320495605469e+00,4.556962013244628906e+00,8.548899078369140625e+01
8.823529243469238281e+00,4.556962013244628906e+00,8.468238830566406250e+01
9.243697166442871094e+00,4.556962013244628906e+00,8.364849090576171875e+01
9.663865089416503906e+00,4.556962013244628906e+00,8.232309722900390625e+01
1.008403396606445312e+01,4.556962013244628906e+00,8.064936828613281250e+01
1.050420188903808594e+01,4.556962013244628906e+00,7.857344055175781250e+01
1.092436981201171875e+01,4.556962013244628906e+00,7.598542785644531250e+01
1.134453773498535156e+01,4.556962013244628906e+00,7.257536315917968750e+01
1.176470565795898438e+01,4.556962013244628906e+00,6.768507385253906250e+01
1.218487358093261719e+01,4.556962013244628906e+00,6.047958374023437500e+01
1.260504245758056641e+01,4.556962013244628906e+00,5.075685882568359375e+01
1.302521038055419922e+01,4.556962013244628906e+00,3.974505996704101562e+01
1.344537830352783203e+01,4.556962013244628906e+00,2.961899185180664062e+01
1.386554622650146484e+01,4.556962013244628906e+00,2.196995735168457031e+01
1.428571414947509766e+01,4.556962013244628906e+00,1.693420028686523438e+01
1.470588207244873047e+01,4.556962013244628906e+00,1.385185146331787109e+01
1.512604999542236328e+01,4.556962013244628906e+00,1.205308628082275391e+01
1.554621887207031250e+01,4.556962013244628906e+00,1.106894874572753906e+01
1.596638679504394531e+01,4.556962013244628906e+00,1.057388687133789062e+01
1.638655471801757812e+01,4.556962013244628906e+00,1.032753944396972656e+01
1.680672264099121094e+01,4.556962013244628906e+00,1.016794967651367188e+01
1.722689056396484375e+01,4.556962013244628906e+00,1.000869178771972656e+01
1.764705848693847656e+01,4.556962013244628906e+00,9.818509101867675781e+00
1.806722640991210938e+01,4.556962013244628906e+00,9.596100807189941406e+00
1.848739433288574219e+01,4.556962013244628906e+00,9.352135658264160156e+00
1.890756225585937500e+01,4.556962013244628906e+00,9.099672317504882812e+00
1.932773017883300781e+01,4.556962013244628906e+00,8.850097656250000000e+00
1.974790000915527344e+01,4.556962013244628906e+00,8.611886978149414062e+00
2.016806793212890625e+01,4.556962013244628906e+00,8.390650749206542969e+00
2.058823585510253906e+01,4.556962013244628906e+00,8.189679145812988281e+00
2.100840377807617188e+01,4.556962013244628906e+00,8.010510444641113281e+00
2.142857170104980469e+01,4.556962013244628906e+00,7.853496551513671875e+00
2.184873962402343750e+01,4.556962013244628906e+00,7.718191146850585938e+00
2.226890754699707031e+01,4.556962013244628906e+00,7.603669643402099609e+00
2.268907546997070312e+01,4.556962013244628906e+00,7.508735179901123047e+00
2.310924339294433594e+01,4.556962013244628906e+00,7.432051181793212891e+00
2.352941131591796875e+01,4.556962013244628906e+00,7.372250080108642578e+00
2.394957923889160156e+01,4.556962013244628906e+00,7.327954292297363281e+00
2.436974716186523438e+01,4.556962013244628906e+00,7.297858238220214844e+00
2.478991508483886719e+01,4.556962013244628906e+00,7.280713081359863281e+00
2.521008491516113281e+01,4.556962013244628906e+00,7.275342464447021484e+00
2.563025283813476562e+01,4.556962013244628906e+00,7.280670166015625000e+00
2.605042076110839844e+01,4.556962013244628906e+00,7.295692443847656250e+00
2.647058868408203125e+01,4.556962013244628906e+00,7.319482803344726562e+00
2.689075660705566406e+01,4.556962013244628906e+00,7.351202011108398438e+00
2.731092453002929688e+01,4.556962013244628906e+00,7.390078067779541016e+00
2.773109245300292969e+01,4.556962013244628906e+00,7.435400962829589844e+00
2.815126037597656250e+01,4.556962013244628906e+00,7.486529827117919922e+00
2.857142829895019531e+01,4.556962013244628906e+00,7.542874813079833984e+00
2.899159622192382812e+01,4.556962013244628906e+00,7.603883266448974609e+00
2.941176414489746094e+01,4.556962013244628906e+00,7.669055938720703125e+00
2.983193206787109375e+01,4.556962013244628906e+00,7.737932205200195312e+00
3.025209999084472656e+01,4.556962013244628906e+00,7.810062885284423828e+00
3.067226982116699219e+01,4.556962013244628906e+00,7.885046482086181641e+00
3.109243774414062500e+01,4.556962013244628906e+00,7.962479114532470703e+00
3.151260566711425781e+01,4.556962013244628906e+00,8.041975975036621094e+00
3.193277359008789062e+01,4.556962013244628906e+00,8.123170852661132812e+00
3.235293960571289062e+01,4.556962013244628906e+00,8.205688476562500000e+00
3.277310943603515625e+01,4.556962013244628906e+00,8.289156913757324219e+00
3.319327545166015625e+01,4.556962013244628906e+00,8.373199462890625000e+00
3.361344528198242188e+01,4.556962013244628906e+00,8.457435607910156250e+00
3.403361511230468750e+01,4.556962013244628906e+00,8.541462898254394531e+00
3.445378112792968750e+01,4.556962013244628906e+00,8.624876976013183594e+00
3.487395095825195312e+01,4.556962013244628906e+00,8.707249641418457031e+00
3.529411697387695312e+01,4.556962013244628906e+00,8.788135528564453125e+00
3.571428680419921875e+01,4.556962013244628906e+00,8.867078781127929688e+00
3.613445281982421875e+01,4.556962013244628906e+00,8.943604469299316406e+00
3.655462265014648438e+01,4.556962013244628906e+00,9.017223358154296875e+00
3.697478866577148438e+01,4.556962013244628906e+00,9.087437629699707031e+00
3.739495849609375000e+01,4.556962013244628906e+00,9.153746604919433594e+00
3.781512451171875000e+01,4.556962013244628906e+00,9.215654373168945312e+00
3.823529434204101562e+01,4.556962013244628906e+00,9.272668838500976562e+00
3.865546035766601562e+01,4.556962013244628906e+00,9.324325561523437500e+00
3.907563018798828125e+01,4.556962013244628906e+00,9.370216369628906250e+00
3.949580001831054688e+01,4.556962013244628906e+00,9.409961700439453125e+00
3.991596603393554688e+01,4.556962013244628906e+00,9.443270683288574219e+00
4.033613586425781250e+01,4.556962013244628906e+00,9.469945907592773438e+00
4.075630187988281250e+01,4.556962013244628906e+00,9.489903450012207031e+00
4.117647171020507812e+01,4.556962013244628906e+00,9.503211975097656250e+00
4.159663772583007812e+01,4.556962013244628906e+00,9.510104179382324219e+00
4.201680755615234375e+01,4.556962013244628906e+00,9.511002540588378906e+00
4.243697357177734375e+01,4.556962013244628906e+00,9.506549835205078125e+00
4.285714340209960938e+01,4.556962013244628906e+00,9.497608184814453125e+00
4.327730941772460938e+01,4.556962013244628906e+00,9.485286712646484375e+00
4.369747924804687500e+01,4.556962013244628906e+00,9.470923423767089844e+00
4.411764526367187500e+01,4.556962013244628906e+00,9.456074714660644531e+00
4.453781509399414062e+01,4.556962013244628906e+00,9.442499160766601562e+00
4.495798492431640625e+01,4.556962013244628906e+00,9.432090759277343750e+00
4.537815093994140625e+01,4.556962013244628906e+00,9.426872253417968750e+00
4.579832077026367188e+01,4.556962013244628906e+00,9.428901672363281250e+00
4.621848678588867188e+01,4.556962013244628906e+00,9.440216064453125000e+00
4.663865661621093750e+01,4.556962013244628906e+00,9.462788581848144531e+00
4.705882263183593750e+01,4.556962013244628906e+00,9.498459815979003906e+00
4.747899246215820312e+01,4.556962013244628906e+00,9.548896789550781250e+00
4.789915847778320312e+01,4.556962013244628906e+00,9.615576744079589844e+00
4.831932830810546875e+01,4.556962013244628906e+00,9.699739456176757812e+00
4.873949432373046875e+01,4.556962013244628906e+00,9.802421569824218750e+00
4.915966415405273438e+01,4.556962013244628906e+00,9.924446105957031250e+00
4.957983016967773438e+01,4.556962013244628906e+00,1.006642150878906250e+01
5.000000000000000000e+01,4.556962013244628906e+00,1.022880458831787109e+01
0.000000000000000000e+00,4.936708927154541016e+00,9.485031127929687500e+01
4.201680719852447510e-01,4.936708927154541016e+00,9.427077484130859375e+01
8.403361439704895020e-01,4.936708927154541016e+00,9.402201843261718750e+01
1.260504245758056641e+00,4.936708927154541016e+00,9.394874572753906250e+01
1.680672287940979004e+00,4.936708927154541016e+00,9.387248992919921875e+01
2.100840330123901367e+00,4.936708927154541016e+00,9.365363311767578125e+01
2.521008491516113281e+00,4.936708927154541016e+00,9.324773406982421875e+01
2.941176414489746094e+00,4.936708927154541016e+00,9.269972991943359375e+01
3.361344575881958008e+00,4.936708927154541016e+00,9.209085845947265625e+01
3.781512498855590820e+00,4.936708927154541016e+00,9.148816680908203125e+01
4.201680660247802734e+00,4.936708927154541016e+00,9.092920684814453125e+01
4.621848583221435547e+00,4.936708927154541016e+00,9.042738342285156250e+01
5.042016983032226562e+00,4.936708927154541016e+00,8.997713470458984375e+01
5.462184906005859375e+00,4.936708927154541016e+00,8.955696868896484375e+01
5.882352828979492188e+00,4.936708927154541016e+00,8.914182281494140625e+01
6.302521228790283203e+00,4.936708927154541016e+00,8.871929931640625000e+01
6.722689151763916016e+00,4.936708927154541016e+00,8.829380798339843750e+01
7.142857074737548828e+00,4.936708927154541016e+00,8.787413024902343750e+01
7.563024997711181641e+00,4.936708927154541016e+00,8.745903015136718750e+01
7.983193397521972656e+00,4.936708927154541016e+00,8.703314971923828125e+01
8.403361320495605469e+00,4.936708927154541016e+00,8.657011413574218750e+01
8.823529243469238281e+00,4.936708927154541016e+00,8.603407287597656250e+01
9.243697166442871094e+00,4.936708927154541016e+00,8.537977600097656250e+01
9.663865089416503906e+00,4.936708927154541016e+00,8.455310821533203125e+01
1.008403396606445312e+01,4.936708927154541016e+00,8.349482727050781250e+01
1.050420188903808594e+01,4.936708927154541016e+00,8.214781188964843750e+01
1.092436981201171875e+01,4.936708927154541016e+00,8.045931243896484375e+01
1.134453773498535156e+01,4.936708927154541016e+00,7.835063934326171875e+01
1.176470565795898438e+01,4.936708927154541016e+00,7.562306213378906250e+01
1.218487358093261719e+01,4.936708927154541016e+00,7.181591033935546875e+01
1.260504245758056641e+01,4.936708927154541016e+00,6.619355773925781250e+01
1.302521038055419922e+01,4.936708927154541016e+00,5.817582321166992188e+01
1.344537830352783203e+01,4.936708927154541016e+00,4.813206481933593750e+01
1.386554622650146484e+01,4.936708927154541016e+00,3.760434341430664062e+01
1.428571414947509766e+01,4.936708927154541016e+00,2.845943450927734375e+01
1.470588207244873047e+01,4.936708927154541016e+00,2.171395111083984375e+01
1.512604999542236328e+01,4.936708927154541016e+00,1.724393081665039062e+01
1.554621887207031250e+01,4.936708927154541016e+00,1.444720172882080078e+01
1.596638679504394531e+01,4.936708927154541016e+00,1.276466369628906250e+01
1.638655471801757812e+01,4.936708927154541016e+00,1.179828739166259766e+01
1.680672264099121094e+01,4.936708927154541016e+00,1.126852893829345703e+01
1.722689056396484375e+01,4.936708927154541016e+00,1.097272491455078125e+01
1.764705848693847656e+01,4.936708927154541016e+00,1.077427673339843750e+01
1.806722640991210938e+01,4.936708927154541016e+00,1.059599399566650391e+01
1.848739433288574219e+01,4.936708927154541016e+00,1.040456485748291016e+01
1.890756225585937500e+01,4.936708927154541016e+00,1.019236660003662109e+01
1.932773017883300781e+01,4.936708927154541016e+00,9.963783264160156250e+00
1.974790000915527344e+01,4.936708927154541016e+00,9.727203369140625000e+00
2.016806793212890625e+01,4.936708927154541016e+00,9.491115570068359375e+00
2.058823585510253906e+01,4.936708927154541016e+00,9.262571334838867188e+00
2.100840377807617188e+01,4.936708927154541016e+00,9.046751022338867188e+00
2.142857170104980469e+01,4.936708927154541016e+00,8.847146034240722656e+00
2.184873962402343750e+01,4.936708927154541016e+00,8.665816307067871094e+00
2.226890754699707031e+01,4.936708927154541016e+00,8.503778457641601562e+00
2.268907546997070312e+01,4.936708927154541016e+00,8.361243247985839844e+00
2.310924339294433594e+01,4.936708927154541016e+00,8.237904548645019531e+00
2.352941131591796875e+01,4.936708927154541016e+00,8.133096694946289062e+00
2.394957923889160156e+01,4.936708927154541016e+00,8.045925140380859375e+00
2.436974716186523438e+01,4.936708927154541016e+00,7.975349426269531250e+00
2.478991508483886719e+01,4.936708927154541016e+00,7.920276165008544922e+00
2.521008491516113281e+01,4.936708927154541016e+00,7.879583358764648438e+00
2.563025283813476562e+01,4.936708927154541016e+00,7.852150440216064453e+00
2.605042076110839844e+01,4.936708927154541016e+00,7.836892604827880859e+00
2.647058868408203125e+01,4.936708927154541016e+00,7.832775592803955078e+00
2.689075660705566406e+01,4.936708927154541016e+00,7.838811874389648438e+00
2.731092453002929688e+01,4.936708927154541016e+00,7.854069709777832031e+00
2.773109245300292969e+01,4.936708927154541016e+00,7.877689838409423828e+00
2.815126037597656250e+01,4.936708927154541016e+00,7.908869266510009766e+00
2.857142829895019531e+01,4.936708927154541016e+00,7.946865081787109375e+00
2.899159622192382812e+01,4.936708927154541016e+00,7.990993022918701172e+00
2.941176414489746094e+01,4.936708927154541016e+00,8.040628433227539062e+00
2.983193206787109375e+01,4.936708927154541016e+00,8.095189094543457031e+00
3.025209999084472656e+01,4.936708927154541016e+00,8.154148101806640625e+00
3.067226982116699219e+01,4.936708927154541016e+00,8.217018127441406250e+00
3.109243774414062500e+01,4.936708927154541016e+00,8.283347129821777344e+00
3.151260566711425781e+01,4.936708927154541016e+00,8.352713584899902344e+00
3.193277359008789062e+01,4.936708927154541016e+00,8.424730300903320312e+00
3.235293960571289062e+01,4.936708927154541016e+00,8.499031066894531250e+00
3.277310943603515625e+01,4.936708927154541016e+00,8.575277328491210938e+00
3.319327545166015625e+01,4.936708927154541016e+00,8.653127670288085938e+00
3.361344528198242188e+01,4.936708927154541016e+00,8.732267379760742188e+00
3.403361511230468750e+01,4.936708927154541016e+00,8.812381744384765625e+00
3.445378112792968750e+01,4.936708927154541016e+00,8.893168449401855469e+00
3.487395095825195312e+01,4.936708927154541016e+00,8.974324226379394531e+00
3.529411697387695312e+01,4.936708927154541016e+00,9.055534362792968750e+00
3.571428680419921875e+01,4.936708927154541016e+00,9.136485099792480469e+00
3.613445281982421875e+01,4.936708927154541016e+00,9.216865539550781250e+00
3.655462265014648438e+01,4.936708927154541016e+00,9.296343803405761719e+00
3.697478866577148438e+01,4.936708927154541016e+00,9.374571800231933594e+00
3.739495849609375000e+01,4.936708927154541016e+00,9.451210975646972656e+00
3.781512451171875000e+01,4.936708927154541016e+00,9.525896072387695312e+00
3.823529434204101562e+01,4.936708927154541016e+00,9.598246574401855469e+00
3.865546035766601562e+01,4.936708927154541016e+00,9.667884826660156250e+00
3.907563018798828125e+01,4.936708927154541016e+00,9.734425544738769531e+00
3.949580001831054688e+01,4.936708927154541016e+00,9.797459602355957031e+00
3.991596603393554688e+01,4.936708927154541016e+00,9.856590270996093750e+00
4.033613586425781250e+01,4.936708927154541016e+00,9.911434173583984375e+00
4.075630187988281250e+01,4.936708927154541016e+00,9.961612701416015625e+00
4.117647171020507812e+01,4.936708927154541016e+00,1.000677394866943359e+01
4.159663772583007812e+01,4.936708927154541016e+00,1.004660034179687500e+01
4.201680755615234375e+01,4.936708927154541016e+00,1.008082008361816406e+01
4.243697357177734375e+01,4.936708927154541016e+00,1.010923767089843750e+01
4.285714340209960938e+01,4.936708927154541016e+00,1.013173580169677734e+01
4.327730941772460938e+01,4.936708927154541016e+00,1.014829826354980469e+01
4.369747924804687500e+01,4.936708927154541016e+00,1.015903472900390625e+01
4.411764526367187500e+01,4.936708927154541016e+00,1.016421222686767578e+01
4.453781509399414062e+01,4.936708927154541016e+00,1.016426086425781250e+01
4.495798492431640625e+01,4.936708927154541016e+00,1.015979766845703125e+01
4.537815093994140625e+01,4.936708927154541016e+00,1.015165710449218750e+01
4.579832077026367188e+01,4.936708927154541016e+00,1.014086151123046875e+01
4.621848678588867188e+01,4.936708927154541016e+00,1.012867832183837891e+01
4.663865661621093750e+01,4.936708927154541016e+00,1.011656951904296875e+01
4.705882263183593750e+01,4.936708927154541016e+00,1.010618686676025391e+01
4.747899246215820312e+01,4.936708927154541016e+00,1.009933662414550781e+01
4.789915847778320312e+01,4.936708927154541016e+00,1.009793758392333984e+01
4.831932830810546875e+01,4.936708927154541016e+00,1.010400199890136719e+01
4.873949432373046875e+01,4.936708927154541016e+00,1.011953449249267578e+01
4.915966415405273438e+01,4.936708927154541016e+00,1.014650344848632812e+01
4.957983016967773438e+01,4.936708927154541016e+00,1.018678665161132812e+01
5.000000000000000000e+01,4.936708927154541016e+00,1.024213314056396484e+01
0.000000000000000000e+00,5.316455841064453125e+00,9.561579132080078125e+01
4.201680719852447510e-01,5.316455841064453125e+00,9.506144714355468750e+01
8.403361439704895020e-01,5.316455841064453125e+00,9.484429931640625000e+01
1.260504245758056641e+00,5.316455841064453125e+00,9.482466888427734375e+01
1.680672287940979004e+00,5.316455841064453125e+00,9.482331085205078125e+01
2.100840330123901367e+00,5.316455841064453125e+00,9.468451690673828125e+01
2.521008491516113281e+00,5.316455841064453125e+00,9.434046936035156250e+01
2.941176414489746094e+00,5.316455841064453125e+00,9.381748962402343750e+01
3.361344575881958008e+00,5.316455841064453125e+00,9.319372558593750000e+01
3.781512498855590820e+00,5.316455841064453125e+00,9.254611968994140625e+01
4.201680660247802734e+00,5.316455841064453125e+00,9.192230224609375000e+01
4.621848583221435547e+00,5.316455841064453125e+00,9.134531402587890625e+01
5.042016983032226562e+00,5.316455841064453125e+00,9.082456207275390625e+01
5.462184906005859375e+00,5.316455841064453125e+00,9.035544586181640625e+01
5.882352828979492188e+00,5.316455841064453125e+00,8.991824340820312500e+01
6.302521228790283203e+00,5.316455841064453125e+00,8.948786163330078125e+01
6.722689151763916016e+00,5.316455841064453125e+00,8.905107879638671875e+01
7.142857074737548828e+00,5.316455841064453125e+00,8.861368560791015625e+01
7.563024997711181641e+00,5.316455841064453125e+00,8.818840789794921875e+01
7.983193397521972656e+00,5.316455841064453125e+00,8.777939605712890625e+01
8.403361320495605469e+00,5.316455841064453125e+00,8.737707519531250000e+01
8.823529243469238281e+00,5.316455841064453125e+00,8.696100616455078125e+01
9.243697166442871094e+00,5.316455841064453125e+00,8.650215148925781250e+01
9.663865089416503906e+00,5.316455841064453125e+00,8.596349334716796875e+01
1.008403396606445312e+01,5.316455841064453125e+00,8.529932403564453125e+01
1.050420188903808594e+01,5.316455841064453125e+00,8.445720672607421875e+01
1.092436981201171875e+01,5.316455841064453125e+00,8.338322448730468750e+01
1.134453773498535156e+01,5.316455841064453125e+00,8.202627563476562500e+01
1.176470565795898438e+01,5.316455841064453125e+00,8.032506561279296875e+01
1.218487358093261719e+01,5.316455841064453125e+00,7.815113067626953125e+01
1.260504245758056641e+01,5.316455841064453125e+00,7.519782257080078125e+01
1.302521038055419922e+01,5.316455841064453125e+00,7.089496612548828125e+01
1.344537830352783203e+01,5.316455841064453125e+00,6.456972503662109375e+01
1.386554622650146484e+01,5.316455841064453125e+00,5.601219558715820312e+01
1.428571414947509766e+01,5.316455841064453125e+00,4.601140975952148438e+01
1.470588207244873047e+01,5.316455841064453125e+00,3.613418197631835938e+01
1.512604999542236328e+01,5.316455841064453125e+00,2.786400222778320312e+01
1.554621887207031250e+01,5.316455841064453125e+00,2.181470680236816406e+01
1.596638679504394531e+01,5.316455841064453125e+00,1.775198745727539062e+01
1.638655471801757812e+01,5.316455841064453125e+00,1.514743423461914062e+01
1.680672264099121094e+01,5.316455841064453125e+00,1.352809619903564453e+01
1.722689056396484375e+01,5.316455841064453125e+00,1.255082702636718750e+01
1.764705848693847656e+01,5.316455841064453125e+00,1.197320556640625000e+01
1.806722640991210938e+01,5.316455841064453125e+00,1.162201213836669922e+01
1.848739433288574219e+01,5.316455841064453125e+00,1.137991523742675781e+01
1.890756225585937500e+01,5.316455841064453125e+00,1.117685127258300781e+01
1.932773017883300781e+01,5.316455841064453125e+00,1.097798252105712891e+01
1.974790000915527344e+01,5.316455841064453125e+00,1.077056503295898438e+01
2.016806793212890625e+01,5.316455841064453125e+00,1.055350685119628906e+01
2.058823585510253906e+01,5.316455841064453125e+00,1.033079814910888672e+01
2.100840377807617188e+01,5.316455841064453125e+00,1.010788059234619141e+01
2.142857170104980469e+01,5.316455841064453125e+00,9.889966964721679688e+00
2.184873962402343750e+01,5.316455841064453125e+00,9.681353569030761719e+00
2.226890754699707031e+01,5.316455841064453125e+00,9.485272407531738281e+00
2.268907546997070312e+01,5.316455841064453125e+00,9.303957939147949219e+00
2.310924339294433594e+01,5.316455841064453125e+00,9.138813972473144531e+00
2.352941131591796875e+01,5.316455841064453125e+00,8.990585327148437500e+00
2.394957923889160156e+01,5.316455841064453125e+00,8.859504699707031250e+00
2.436974716186523438e+01,5.316455841064453125e+00,8.745416641235351562e+00
2.478991508483886719e+01,5.316455841064453125e+00,8.647897720336914062e+00
2.521008491516113281e+01,5.316455841064453125e+00,8.566310882568359375e+00
2.563025283813476562e+01,5.316455841064453125e+00,8.499898910522460938e+00
2.605042076110839844e+01,5.316455841064453125e+00,8.447793006896972656e+00
2.647058868408203125e+01,5.316455841064453125e+00,8.409075736999511719e+00
2.689075660705566406e+01,5.316455841064453125e+00,8.382814407348632812e+00
2.731092453002929688e+01,5.316455841064453125e+00,8.368062019348144531e+00
2.773109245300292969e+01,5.316455841064453125e+00,8.363899230957031250e+00
2.815126037597656250e+01,5.316455841064453125e+00,8.369430541992187500e+00
2.857142829895019531e+01,5.316455841064453125e+00,8.383798599243164062e+00
2.899159622192382812e+01,5.316455841064453125e+00,8.406185150146484375e+00
2.941176414489746094e+01,5.316455841064453125e+00,8.435829162597656250e+00
2.983193206787109375e+01,5.316455841064453125e+00,8.472023010253906250e+00
3.025209999084472656e+01,5.316455841064453125e+00,8.514098167419433594e+00
3.067226982116699219e+01,5.316455841064453125e+00,8.561450958251953125e+00
3.109243774414062500e+01,5.316455841064453125e+00,8.613509178161621094e+00
3.151260566711425781e+01,5.316455841064453125e+00,8.669759750366210938e+00
3.193277359008789062e+01,5.316455841064453125e+00,8.729723930358886719e+00
3.235293960571289062e+01,5.316455841064453125e+00,8.792965888977050781e+00
3.277310943603515625e+01,5.316455841064453125e+00,8.859082221984863281e+00
3.319327545166015625e+01,5.316455841064453125e+00,8.927697181701660156e+00
3.361344528198242188e+01,5.316455841064453125e+00,8.998470306396484375e+00
3.403361511230468750e+01,5.316455841064453125e+00,9.071085929870605469e+00
3.445378112792968750e+01,5.316455841064453125e+00,9.145243644714355469e+00
3.487395095825195312e+01,5.316455841064453125e+00,9.220654487609863281e+00
3.529411697387695312e+01,5.316455841064453125e+00,9.297055244445800781e+00
3.571428680419921875e+01,5.316455841064453125e+00,9.374189376831054688e+00
3.613445281982421875e+01,5.316455841064453125e+00,9.451801300048828125e+00
3.655462265014648438e+01,5.316455841064453125e+00,9.529653549194335938e+00
3.697478866577148438e+01,5.316455841064453125e+00,9.607501029968261719e+00
3.739495849609375000e+01,5.316455841064453125e+00,9.685102462768554688e+00
3.781512451171875000e+01,5.316455841064453125e+00,9.762213706970214844e+00
3.823529434204101562e+01,5.316455841064453125e+00,9.838591575622558594e+00
3.865546035766601562e+01,5.316455841064453125e+00,9.913976669311523438e+00
3.907563018798828125e+01,5.316455841064453125e+00,9.988120079040527344e+00
3.949580001831054688e+01,5.316455841064453125e+00,1.006075191497802734e+01
3.991596603393554688e+01,5.316455841064453125e+00,1.013159561157226562e+01
4.033613586425781250e+01,5.316455841064453125e+00,1.020036983489990234e+01
4.075630187988281250e+01,5.316455841064453125e+00,1.026678466796875000e+01
4.117647171020507812e+01,5.316455841064453125e+00,1.033054447174072266e+01
4.159663772583007812e+01,5.316455841064453125e+00,1.039133644104003906e+01
4.201680755615234375e+01,5.316455841064453125e+00,1.044886875152587891e+01
4.243697357177734375e+01,5.316455841064453125e+00,1.050282287597656250e+01
4.285714340209960938e+01,5.316455841064453125e+00,1.055290794372558594e+01
4.327730941772460938e+01,5.316455841064453125e+00,1.059882926940917969e+01
4.369747924804687500e+01,5.316455841064453125e+00,1.064032173156738281e+01
4.411764526367187500e+01,5.316455841064453125e+00,1.067714405059814453e+01
4.453781509399414062e+01,5.316455841064453125e+00,1.070909404754638672e+01
4.495798492431640625e+01,5.316455841064453125e+00,1.073601627349853516e+01
4.537815093994140625e+01,5.316455841064453125e+00,1.075782871246337891e+01
4.579832077026367188e+01,5.316455841064453125e+00,1.077453136444091797e+01
4.621848678588867188e+01,5.316455841064453125e+00,1.078621292114257812e+01
4.663865661621093750e+01,5.316455841064453125e+00,1.079310131072998047e+01
4.705882263183593750e+01,5.316455841064453125e+00,1.079554367065429688e+01
4.747899246215820312e+01,5.316455841064453125e+00,1.079405403137207031e+01
4.789915847778320312e+01,5.316455841064453125e+00,1.078931713104248047e+01
4.831932830810546875e+01,5.316455841064453125e+00,1.078219413757324219e+01
4.873949432373046875e+01,5.316455841064453125e+00,1.077374267578125000e+01
4.915966415405273438e+01,5.316455841064453125e+00,1.076522254943847656e+01
4.957983016967773438e+01,5.316455841064453125e+00,1.075805664062500000e+01
5.000000000000000000e+01,5.316455841064453125e+00,1.075385093688964844e+01
0.000000000000000000e+00,5.696202754974365234e+00,9.639448547363281250e+01
4.201680719852447510e-01,5.696202754974365234e+00,9.586286163330078125e+01
8.403361439704895020e-01,5.696202754974365234e+00,9.567156982421875000e+01
1.260504245758056641e+00,5.696202754974365234e+00,9.569799041748046875e+01
1.680672287940979004e+00,5.696202754974365234e+00,9.576573181152343750e+01
2.100840330123901367e+00,5.696202754974365234e+00,9.570848846435546875e+01
2.521008491516113281e+00,5.696202754974365234e+00,9.543878173828125000e+01
2.941176414489746094e+00,5.696202754974365234e+00,9.496250152587890625e+01
3.361344575881958008e+00,5.696202754974365234e+00,9.434812164306640625e+01
3.781512498855590820e+00,5.696202754974365234e+00,9.367819976806640625e+01
4.201680660247802734e+00,5.696202754974365234e+00,9.301090240478515625e+01
4.621848583221435547e+00,5.696202754974365234e+00,9.237377929687500000e+01
5.042016983032226562e+00,5.696202754974365234e+00,9.178060913085937500e+01
5.462184906005859375e+00,5.696202754974365234e+00,9.124018859863281250e+01
5.882352828979492188e+00,5.696202754974365234e+00,9.075083160400390625e+01
6.302521228790283203e+00,5.696202754974365234e+00,9.029492950439453125e+01
6.722689151763916016e+00,5.696202754974365234e+00,8.984757232666015625e+01
7.142857074737548828e+00,5.696202754974365234e+00,8.939492797851562500e+01
7.563024997711181641e+00,5.696202754974365234e+00,8.894286346435546875e+01
7.983193397521972656e+00,5.696202754974365234e+00,8.850692749023437500e+01
8.403361320495605469e+00,5.696202754974365234e+00,8.809581756591796875e+01
8.823529243469238281e+00,5.696202754974365234e+00,8.770479583740234375e+01
9.243697166442871094e+00,5.696202754974365234e+00,8.731851196289062500e+01
9.663865089416503906e+00,5.696202754974365234e+00,8.691399383544921875e+01
1.008403396606445312e+01,5.696202754974365234e+00,8.646103668212890625e+01
1.050420188903808594e+01,5.696202754974365234e+00,8.592185974121093750e+01
1.092436981201171875e+01,5.696202754974365234e+00,8.525146484375000000e+01
1.134453773498535156e+01,5.696202754974365234e+00,8.440100097656250000e+01
1.176470565795898438e+01,5.696202754974365234e+00,8.332221221923828125e+01
1.218487358093261719e+01,5.696202754974365234e+00,8.196363830566406250e+01
1.260504245758056641e+01,5.696202754974365234e+00,8.023885345458984375e+01
1.302521038055419922e+01,5.696202754974365234e+00,7.794940948486328125e+01
1.344537830352783203e+01,5.696202754974365234e+00,7.468872833251953125e+01
1.386554622650146484e+01,5.696202754974365234e+00,6.985394287109375000e+01
1.428571414947509766e+01,5.696202754974365234e+00,6.295389556884765625e+01
1.470588207244873047e+01,5.696202754974365234e+00,5.414359283447265625e+01
1.512604999542236328e+01,5.696202754974365234e+00,4.443120193481445312e+01
1.554621887207031250e+01,5.696202754974365234e+00,3.524402236938476562e+01
1.596638679504394531e+01,5.696202754974365234e+00,2.771336174011230469e+01
1.638655471801757812e+01,5.696202754974365234e+00,2.219502258300781250e+01
1.680672264099121094e+01,5.696202754974365234e+00,1.842329216003417969e+01
1.722689056396484375e+01,5.696202754974365234e+00,1.594187068939208984e+01
1.764705848693847656e+01,5.696202754974365234e+00,1.434636020660400391e+01
1.806722640991210938e+01,5.696202754974365234e+00,1.333739376068115234e+01
1.848739433288574219e+01,5.696202754974365234e+00,1.270226669311523438e+01
1.890756225585937500e+01,5.696202754974365234e+00,1.229046058654785156e+01
1.932773017883300781e+01,5.696202754974365234e+00,1.199936485290527344e+01
1.974790000915527344e+01,5.696202754974365234e+00,1.176475715637207031e+01
2.016806793212890625e+01,5.696202754974365234e+00,1.155105018615722656e+01
2.058823585510253906e+01,5.696202754974365234e+00,1.134157752990722656e+01
2.100840377807617188e+01,5.696202754974365234e+00,1.113066577911376953e+01
2.142857170104980469e+01,5.696202754974365234e+00,1.091827869415283203e+01
2.184873962402343750e+01,5.696202754974365234e+00,1.070681381225585938e+01
2.226890754699707031e+01,5.696202754974365234e+00,1.049937725067138672e+01
2.268907546997070312e+01,5.696202754974365234e+00,1.029897212982177734e+01
2.310924339294433594e+01,5.696202754974365234e+00,1.010816478729248047e+01
2.352941131591796875e+01,5.696202754974365234e+00,9.928956985473632812e+00
2.394957923889160156e+01,5.696202754974365234e+00,9.762848854064941406e+00
2.436974716186523438e+01,5.696202754974365234e+00,9.610861778259277344e+00
2.478991508483886719e+01,5.696202754974365234e+00,9.473622322082519531e+00
2.521008491516113281e+01,5.696202754974365234e+00,9.351418495178222656e+00
2.563025283813476562e+01,5.696202754974365234e+00,9.244273185729980469e+00
2.605042076110839844e+01,5.696202754974365234e+00,9.151984214782714844e+00
2.647058868408203125e+01,5.696202754974365234e+00,9.074144363403320312e+00
2.689075660705566406e+01,5.696202754974365234e+00,9.010224342346191406e+00
2.731092453002929688e+01,5.696202754974365234e+00,8.959579467773437500e+00
2.773109245300292969e+01,5.696202754974365234e+00,8.921470642089843750e+00
2.815126037597656250e+01,5.696202754974365234e+00,8.895130157470703125e+00
2.857142829895019531e+01,5.696202754974365234e+00,8.879734039306640625e+00
2.899159622192382812e+01,5.696202754974365234e+00,8.874472618103027344e+00
2.941176414489746094e+01,5.696202754974365234e+00,8.878527641296386719e+00
2.983193206787109375e+01,5.696202754974365234e+00,8.891105651855468750e+00
3.025209999084472656e+01,5.696202754974365234e+00,8.911440849304199219e+00
3.067226982116699219e+01,5.696202754974365234e+00,8.938808441162109375e+00
3.109243774414062500e+01,5.696202754974365234e+00,8.972524642944335938e+00
3.151260566711425781e+01,5.696202754974365234e+00,9.011936187744140625e+00
3.193277359008789062e+01,5.696202754974365234e+00,9.056460380554199219e+00
3.235293960571289062e+01,5.696202754974365234e+00,9.105533599853515625e+00
3.277310943603515625e+01,5.696202754974365234e+00,9.158654212951660156e+00
3.319327545166015625e+01,5.696202754974365234e+00,9.215353965759277344e+00
3.361344528198242188e+01,5.696202754974365234e+00,9.275200843811035156e+00
3.403361511230468750e+01,5.696202754974365234e+00,9.337802886962890625e+00
3.445378112792968750e+01,5.696202754974365234e+00,9.402802467346191406e+00
3.487395095825195312e+01,5.696202754974365234e+00,9.469878196716308594e+00
3.529411697387695312e+01,5.696202754974365234e+00,9.538711547851562500e+00
3.571428680419921875e+01,5.696202754974365234e+00,9.609035491943359375e+00
3.613445281982421875e+01,5.696202754974365234e+00,9.680586814880371094e+00
3.655462265014648438e+01,5.696202754974365234e+00,9.753129005432128906e+00
3.697478866577148438e+01,5.696202754974365234e+00,9.826434135437011719e+00
3.739495849609375000e+01,5.696202754974365234e+00,9.900288581848144531e+00
3.781512451171875000e+01,5.696202754974365234e+00,9.974493980407714844e+00
3.823529434204101562e+01,5.696202754974365234e+00,1.004885196685791016e+01
3.865546035766601562e+01,5.696202754974365234e+00,1.012317371368408203e+01
3.907563018798828125e+01,5.696202754974365234e+00,1.019727420806884766e+01
3.949580001831054688e+01,5.696202754974365234e+00,1.027096939086914062e+01
3.991596603393554688e+01,5.696202754974365234e+00,1.034407711029052734e+01
4.033613586425781250e+01,5.696202754974365234e+00,1.041641426086425781e+01
4.075630187988281250e+01,5.696202754974365234e+00,1.048778343200683594e+01
4.117647171020507812e+01,5.696202754974365234e+00,1.055801105499267578e+01
4.159663772583007812e+01,5.696202754974365234e+00,1.062687969207763672e+01
4.201680755615234375e+01,5.696202754974365234e+00,1.069420337677001953e+01
4.243697357177734375e+01,5.696202754974365234e+00,1.075977039337158203e+01
4.285714340209960938e+01,5.696202754974365234e+00,1.082336425781250000e+01
4.327730941772460938e+01,5.696202754974365234e+00,1.088476848602294922e+01
4.369747924804687500e+01,5.696202754974365234e+00,1.094375419616699219e+01
4.411764526367187500e+01,5.696202754974365234e+00,1.100008964538574219e+01
4.453781509399414062e+01,5.696202754974365234e+00,1.105354785919189453e+01
4.495798492431640625e+01,5.696202754974365234e+00,1.110389804840087891e+01
4.537815093994140625e+01,5.696202754974365234e+00,1.115090274810791016e+01
4.579832077026367188e+01,5.696202754974365234e+00,1.119434642791748047e+01
4.621848678588867188e+01,5.696202754974365234e+00,1.123402309417724609e+01
4.663865661621093750e+01,5.696202754974365234e+00,1.126973724365234375e+01
4.705882263183593750e+01,5.696202754974365234e+00,1.130133152008056641e+01
4.747899246215820312e+01,5.696202754974365234e+00,1.132867813110351562e+01
4.789915847778320312e+01,5.696202754974365234e+00,1.135169792175292969e+01
4.831932830810546875e+01,5.696202754974365234e+00,1.137036895751953125e+01
4.873949432373046875e+01,5.696202754974365234e+00,1.138475131988525391e+01
4.915966415405273438e+01,5.696202754974365234e+00,1.139498043060302734e+01
4.957983016967773438e+01,5.696202754974365234e+00,1.140130996704101562e+01
5.000000000000000000e+01,5.696202754974365234e+00,1.140410423278808594e+01
0.000000000000000000e+00,6.075949192047119141e+00,9.718239593505859375e+01
4.201680719852447510e-01,6.075949192047119141e+00,9.667288208007812500e+01
8.403361439704895020e-01,6.075949192047119141e+00,9.650312042236328125e+01
1.260504245758056641e+00,6.075949192047119141e+00,9.656784057617187500e+01
1.680672287940979004e+00,6.075949192047119141e+00,9.669689941406250000e+01
2.100840330123901367e+00,6.075949192047119141e+00,9.671788787841796875e+01
2.521008491516113281e+00,6.075949192047119141e+00,9.652828979492187500e+01
2.941176414489746094e+00,6.075949192047119141e+00,9.611487579345703125e+01
3.361344575881958008e+00,6.075949192047119141e+00,9.553112030029296875e+01
3.781512498855590820e+00,6.075949192047119141e+00,9.485913085937500000e+01
4.201680660247802734e+00,6.075949192047119141e+00,9.416820526123046875e+01
4.621848583221435547e+00,6.075949192047119141e+00,9.349322509765625000e+01
5.042016983032226562e+00,6.075949192047119141e+00,9.284632873535156250e+01
5.462184906005859375e+00,6.075949192047119141e+00,9.223654174804687500e+01
5.882352828979492188e+00,6.075949192047119141e+00,9.167502593994140625e+01
6.302521228790283203e+00,6.075949192047119141e+00,9.116373443603515625e+01
6.722689151763916016e+00,6.075949192047119141e+00,9.068741607666015625e+01
7.142857074737548828e+00,6.075949192047119141e+00,9.022167968750000000e+01
7.563024997711181641e+00,6.075949192047119141e+00,8.975160980224609375e+01
7.983193397521972656e+00,6.075949192047119141e+00,8.928289031982421875e+01
8.403361320495605469e+00,6.075949192047119141e+00,8.883274841308593750e+01
8.823529243469238281e+00,6.075949192047119141e+00,8.841337585449218750e+01
9.243697166442871094e+00,6.075949192047119141e+00,8.802434539794921875e+01
9.663865089416503906e+00,6.075949192047119141e+00,8.765458679199218750e+01
1.008403396606445312e+01,6.075949192047119141e+00,8.728604125976562500e+01
1.050420188903808594e+01,6.075949192047119141e+00,8.689468383789062500e+01
1.092436981201171875e+01,6.075949192047119141e+00,8.644969940185546875e+01
1.134453773498535156e+01,6.075949192047119141e+00,8.591321563720703125e+01
1.176470565795898438e+01,6.075949192047119141e+00,8.524231719970703125e+01
1.218487358093261719e+01,6.075949192047119141e+00,8.439263153076171875e+01
1.260504245758056641e+01,6.075949192047119141e+00,8.331903839111328125e+01
1.302521038055419922e+01,6.075949192047119141e+00,8.195945739746093750e+01
1.344537830352783203e+01,6.075949192047119141e+00,8.018592071533203125e+01
1.386554622650146484e+01,6.075949192047119141e+00,7.772374725341796875e+01
1.428571414947509766e+01,6.075949192047119141e+00,7.410145568847656250e+01
1.470588207244873047e+01,6.075949192047119141e+00,6.877011108398437500e+01
1.512604999542236328e+01,6.075949192047119141e+00,6.147932815551757812e+01
1.554621887207031250e+01,6.075949192047119141e+00,5.266090774536132812e+01
1.596638679504394531e+01,6.075949192047119141e+00,4.337544250488281250e+01
1.638655471801757812e+01,6.075949192047119141e+00,3.484629058837890625e+01
1.680672264099121094e+01,6.075949192047119141e+00,2.792226409912109375e+01
1.722689056396484375e+01,6.075949192047119141e+00,2.280495071411132812e+01
1.764705848693847656e+01,6.075949192047119141e+00,1.923630714416503906e+01
1.806722640991210938e+01,6.075949192047119141e+00,1.682528686523437500e+01
1.848739433288574219e+01,6.075949192047119141e+00,1.522327518463134766e+01
1.890756225585937500e+01,6.075949192047119141e+00,1.416661930084228516e+01
1.932773017883300781e+01,6.075949192047119141e+00,1.346631145477294922e+01
1.974790000915527344e+01,6.075949192047119141e+00,1.298908996582031250e+01
2.016806793212890625e+01,6.075949192047119141e+00,1.264354515075683594e+01
2.058823585510253906e+01,6.075949192047119141e+00,1.237032222747802734e+01
2.100840377807617188e+01,6.075949192047119141e+00,1.213375473022460938e+01
2.142857170104980469e+01,6.075949192047119141e+00,1.191440486907958984e+01
2.184873962402343750e+01,6.075949192047119141e+00,1.170292568206787109e+01
2.226890754699707031e+01,6.075949192047119141e+00,1.149578380584716797e+01
2.268907546997070312e+01,6.075949192047119141e+00,1.129248905181884766e+01
2.310924339294433594e+01,6.075949192047119141e+00,1.109394550323486328e+01
2.352941131591796875e+01,6.075949192047119141e+00,1.090160274505615234e+01
2.394957923889160156e+01,6.075949192047119141e+00,1.071698379516601562e+01
2.436974716186523438e+01,6.075949192047119141e+00,1.054152393341064453e+01
2.478991508483886719e+01,6.075949192047119141e+00,1.037645530700683594e+01
2.521008491516113281e+01,6.075949192047119141e+00,1.022279930114746094e+01
2.563025283813476562e+01,6.075949192047119141e+00,1.008135604858398438e+01
2.605042076110839844e+01,6.075949192047119141e+00,9.952710151672363281e+00
2.647058868408203125e+01,6.075949192047119141e+00,9.837231636047363281e+00
2.689075660705566406e+01,6.075949192047119141e+00,9.735107421875000000e+00
2.731092453002929688e+01,6.075949192047119141e+00,9.646310806274414062e+00
2.773109245300292969e+01,6.075949192047119141e+00,9.570674896240234375e+00
2.815126037597656250e+01,6.075949192047119141e+00,9.507866859436035156e+00
2.857142829895019531e+01,6.075949192047119141e+00,9.457418441772460938e+00
2.899159622192382812e+01,6.075949192047119141e+00,9.418782234191894531e+00
2.941176414489746094e+01,6.075949192047119141e+00,9.391311645507812500e+00
2.983193206787109375e+01,6.075949192047119141e+00,9.374320983886718750e+00
3.025209999084472656e+01,6.075949192047119141e+00,9.367082595825195312e+00
3.067226982116699219e+01,6.075949192047119141e+00,9.368860244750976562e+00
3.109243774414062500e+01,6.075949192047119141e+00,9.378922462463378906e+00
3.151260566711425781e+01,6.075949192047119141e+00,9.396543502807617188e+00
3.193277359008789062e+01,6.075949192047119141e+00,9.421032905578613281e+00
3.235293960571289062e+01,6.075949192047119141e+00,9.451728820800781250e+00
3.277310943603515625e+01,6.075949192047119141e+00,9.488011360168457031e+00
3.319327545166015625e+01,6.075949192047119141e+00,9.529280662536621094e+00
3.361344528198242188e+01,6.075949192047119141e+00,9.575011253356933594e+00
3.403361511230468750e+01,6.075949192047119141e+00,9.624693870544433594e+00
3.445378112792968750e+01,6.075949192047119141e+00,9.677868843078613281e+00
3.487395095825195312e+01,6.075949192047119141e+00,9.734114646911621094e+00
3.529411697387695312e+01,6.075949192047119141e+00,9.793040275573730469e+00
3.571428680419921875e+01,6.075949192047119141e+00,9.854301452636718750e+00
3.613445281982421875e+01,6.075949192047119141e+00,9.917572975158691406e+00
3.655462265014648438e+01,6.075949192047119141e+00,9.982563018798828125e+00
3.697478866577148438e+01,6.075949192047119141e+00,1.004901027679443359e+01
3.739495849609375000e+01,6.075949192047119141e+00,1.011667156219482422e+01
3.781512451171875000e+01,6.075949192047119141e+00,1.018531227111816406e+01
3.823529434204101562e+01,6.075949192047119141e+00,1.025473690032958984e+01
3.865546035766601562e+01,6.075949192047119141e+00,1.032475757598876953e+01
3.907563018798828125e+01,6.075949192047119141e+00,1.039519691467285156e+01
3.949580001831054688e+01,6.075949192047119141e+00,1.046588516235351562e+01
3.991596603393554688e+01,6.075949192047119141e+00,1.053666973114013672e+01
4.033613586425781250e+01,6.075949192047119141e+00,1.060739898681640625e+01
4.075630187988281250e+01,6.075949192047119141e+00,1.067793369293212891e+01
4.117647171020507812e+01,6.075949192047119141e+00,1.074812698364257812e+01
4.159663772583007812e+01,6.075949192047119141e+00,1.081784915924072266e+01
4.201680755615234375e+01,6.075949192047119141e+00,1.088696384429931641e+01
4.243697357177734375e+01,6.075949192047119141e+00,1.095532894134521484e+01
4.285714340209960938e+01,6.075949192047119141e+00,1.102281475067138672e+01
4.327730941772460938e+01,6.075949192047119141e+00,1.108928012847900391e+01
4.369747924804687500e+01,6.075949192047119141e+00,1.115458011627197266e+01
4.411764526367187500e+01,6.075949192047119141e+00,1.121857738494873047e+01
4.453781509399414062e+01,6.075949192047119141e+00,1.128111457824707031e+01
4.495798492431640625e+01,6.075949192047119141e+00,1.134204196929931641e+01
4.537815093994140625e+01,6.075949192047119141e+00,1.140119266510009766e+01
4.579832077026367188e+01,6.075949192047119141e+00,1.145840835571289062e+01
4.621848678588867188e+01,6.075949192047119141e+00,1.151352500915527344e+01
4.663865661621093750e+01,6.075949192047119141e+00,1.156636142730712891e+01
4.705882263183593750e+01,6.075949192047119141e+00,1.161675167083740234e+01
4.747899246215820312e+01,6.075949192047119141e+00,1.166450881958007812e+01
4.789915847778320312e+01,6.075949192047119141e+00,1.170946788787841797e+01
4.831932830810546875e+01,6.075949192047119141e+00,1.175144958496093750e+01
4.873949432373046875e+01,6.075949192047119141e+00,1.179029560089111328e+01
4.915966415405273438e+01,6.075949192047119141e+00,1.182584953308105469e+01
4.957983016967773438e+01,6.075949192047119141e+00,1.185797405242919922e+01
5.000000000000000000e+01,6.075949192047119141e+00,1.188655948638916016e+01
0.000000000000000000e+00,6.455696105957031250e+00,9.797646331787109375e+01
4.201680719852447510e-01,6.455696105957031250e+00,9.748956298828125000e+01
8.403361439704895020e-01,6.455696105957031250e+00,9.733803558349609375e+01
1.260504245758056641e+00,6.455696105957031250e+00,9.743356323242187500e+01
1.680672287940979004e+00,6.455696105957031250e+00,9.761496734619140625e+01
2.100840330123901367e+00,6.455696105957031250e+00,9.770745086669921875e+01
2.521008491516113281e+00,6.455696105957031250e+00,9.759812164306640625e+01
2.941176414489746094e+00,6.455696105957031250e+00,9.725777435302734375e+01
3.361344575881958008e+00,6.455696105957031250e+00,9.672263336181640625e+01
3.781512498855590820e+00,6.455696105957031250e+00,9.606694793701171875e+01
4.201680660247802734e+00,6.455696105957031250e+00,9.536808776855468750e+01
4.621848583221435547e+00,6.455696105957031250e+00,9.467345428466796875e+01
5.042016983032226562e+00,6.455696105957031250e+00,9.399696350097656250e+01
5.462184906005859375e+00,6.455696105957031250e+00,9.334057617187500000e+01
5.882352828979492188e+00,6.455696105957031250e+00,9.271289825439453125e+01
6.302521228790283203e+00,6.455696105957031250e+00,9.212871551513671875e+01
6.722689151763916016e+00,6.455696105957031250e+00,9.159379577636718750e+01
7.142857074737548828e+00,6.455696105957031250e+00,9.109551239013671875e+01
7.563024997711181641e+00,6.455696105957031250e+00,9.060991668701171875e+01
7.983193397521972656e+00,6.455696105957031250e+00,9.012140655517578125e+01
8.403361320495605469e+00,6.455696105957031250e+00,8.963463592529296875e+01
8.823529243469238281e+00,6.455696105957031250e+00,8.916793060302734375e+01
9.243697166442871094e+00,6.455696105957031250e+00,8.873596954345703125e+01
9.663865089416503906e+00,6.455696105957031250e+00,8.834181976318359375e+01
1.008403396606445312e+01,6.455696105957031250e+00,8.797814941406250000e+01
1.050420188903808594e+01,6.455696105957031250e+00,8.763126373291015625e+01
1.092436981201171875e+01,6.455696105957031250e+00,8.728229522705078125e+01
1.134453773498535156e+01,6.455696105957031250e+00,8.690637207031250000e+01
1.176470565795898438e+01,6.455696105957031250e+00,8.647216796875000000e+01
1.218487358093261719e+01,6.455696105957031250e+00,8.594292449951171875e+01
1.260504245758056641e+01,6.455696105957031250e+00,8.527878570556640625e+01
1.302521038055419922e+01,6.455696105957031250e+00,8.443952941894531250e+01
1.344537830352783203e+01,6.455696105957031250e+00,8.337705993652343750e+01
1.386554622650146484e+01,6.455696105957031250e+00,8.200691986083984375e+01
1.428571414947509766e+01,6.455696105957031250e+00,8.014914703369140625e+01
1.470588207244873047e+01,6.455696105957031250e+00,7.746467590332031250e+01
1.512604999542236328e+01,6.455696105957031250e+00,7.346913909912109375e+01
1.554621887207031250e+01,6.455696105957031250e+00,6.773531341552734375e+01
1.596638679504394531e+01,6.455696105957031250e+00,6.024784851074218750e+01
1.638655471801757812e+01,6.455696105957031250e+00,5.160053253173828125e+01
1.680672264099121094e+01,6.455696105957031250e+00,4.280086898803710938e+01
1.722689056396484375e+01,6.455696105957031250e+00,3.486399078369140625e+01
1.764705848693847656e+01,6.455696105957031250e+00,2.842879676818847656e+01
1.806722640991210938e+01,6.455696105957031250e+00,2.361060523986816406e+01
1.848739433288574219e+01,6.455696105957031250e+00,2.017725944519042969e+01
1.890756225585937500e+01,6.455696105957031250e+00,1.779529953002929688e+01
1.932773017883300781e+01,6.455696105957031250e+00,1.616262435913085938e+01
1.974790000915527344e+01,6.455696105957031250e+00,1.504522323608398438e+01
2.016806793212890625e+01,6.455696105957031250e+00,1.427306652069091797e+01
2.058823585510253906e+01,6.455696105957031250e+00,1.372593021392822266e+01
2.100840377807617188e+01,6.455696105957031250e+00,1.332073783874511719e+01
2.142857170104980469e+01,6.455696105957031250e+00,1.300207901000976562e+01
2.184873962402343750e+01,6.455696105957031250e+00,1.273464584350585938e+01
2.226890754699707031e+01,6.455696105957031250e+00,1.249716377258300781e+01
2.268907546997070312e+01,6.455696105957031250e+00,1.227752685546875000e+01
2.310924339294433594e+01,6.455696105957031250e+00,1.206931686401367188e+01
2.352941131591796875e+01,6.455696105957031250e+00,1.186944103240966797e+01
2.394957923889160156e+01,6.455696105957031250e+00,1.167667675018310547e+01
2.436974716186523438e+01,6.455696105957031250e+00,1.149080753326416016e+01
2.478991508483886719e+01,6.455696105957031250e+00,1.131211185455322266e+01
2.521008491516113281e+01,6.455696105957031250e+00,1.114114475250244141e+01
2.563025283813476562e+01,6.455696105957031250e+00,1.097857379913330078e+01
2.605042076110839844e+01,6.455696105957031250e+00,1.082512474060058594e+01
2.647058868408203125e+01,6.455696105957031250e+00,1.068149280548095703e+01
2.689075660705566406e+01,6.455696105957031250e+00,1.054835510253906250e+01
2.731092453002929688e+01,6.455696105957031250e+00,1.042627525329589844e+01
2.773109245300292969e+01,6.455696105957031250e+00,1.031571006774902344e+01
2.815126037597656250e+01,6.455696105957031250e+00,1.021698856353759766e+01
2.857142829895019531e+01,6.455696105957031250e+00,1.013026237487792969e+01
2.899159622192382812e+01,6.455696105957031250e+00,1.005554103851318359e+01
2.941176414489746094e+01,6.455696105957031250e+00,9.992678642272949219e+00
2.983193206787109375e+01,6.455696105957031250e+00,9.941386222839355469e+00
3.025209999084472656e+01,6.455696105957031250e+00,9.901268005371093750e+00
3.067226982116699219e+01,6.455696105957031250e+00,9.871804237365722656e+00
3.109243774414062500e+01,6.455696105957031250e+00,9.852422714233398438e+00
3.151260566711425781e+01,6.455696105957031250e+00,9.842481613159179688e+00
3.193277359008789062e+01,6.455696105957031250e+00,9.841318130493164062e+00
3.235293960571289062e+01,6.455696105957031250e+00,9.848256111145019531e+00
3.277310943603515625e+01,6.455696105957031250e+00,9.862615585327148438e+00
3.319327545166015625e+01,6.455696105957031250e+00,9.883737564086914062e+00
3.361344528198242188e+01,6.455696105957031250e+00,9.910970687866210938e+00
3.403361511230468750e+01,6.455696105957031250e+00,9.943716049194335938e+00
3.445378112792968750e+01,6.455696105957031250e+00,9.981402397155761719e+00
3.487395095825195312e+01,6.455696105957031250e+00,1.002348804473876953e+01
3.529411697387695312e+01,6.455696105957031250e+00,1.006947994232177734e+01
3.571428680419921875e+01,6.455696105957031250e+00,1.011891937255859375e+01
3.613445281982421875e+01,6.455696105957031250e+00,1.017139053344726562e+01
3.655462265014648438e+01,6.455696105957031250e+00,1.022651195526123047e+01
3.697478866577148438e+01,6.455696105957031250e+00,1.028393650054931641e+01
3.739495849609375000e+01,6.455696105957031250e+00,1.034333992004394531e+01
3.781512451171875000e+01,6.455696105957031250e+00,1.040444564819335938e+01
3.823529434204101562e+01,6.455696105957031250e+00,1.046700572967529297e+01
3.865546035766601562e+01,6.455696105957031250e+00,1.053074741363525391e+01
3.907563018798828125e+01,6.455696105957031250e+00,1.059549427032470703e+01
3.949580001831054688e+01,6.455696105957031250e+00,1.066104793548583984e+01
3.991596603393554688e+01,6.455696105957031250e+00,1.072721672058105469e+01
4.033613586425781250e+01,6.455696105957031250e+00,1.079385280609130859e+01
4.075630187988281250e+01,6.455696105957031250e+00,1.086081027984619141e+01
4.117647171020507812e+01,6.455696105957031250e+00,1.092793750762939453e+01
4.159663772583007812e+01,6.455696105957031250e+00,1.099512386322021484e+01
4.201680755615234375e+01,6.455696105957031250e+00,1.106224822998046875e+01
4.243697357177734375e+01,6.455696105957031250e+00,1.112918472290039062e+01
4.285714340209960938e+01,6.455696105957031250e+00,1.119583797454833984e+01
4.327730941772460938e+01,6.455696105957031250e+00,1.126210689544677734e+01
4.369747924804687500e+01,6.455696105957031250e+00,1.132788658142089844e+01
4.411764526367187500e+01,6.455696105957031250e+00,1.139307594299316406e+01
4.453781509399414062e+01,6.455696105957031250e+00,1.145757770538330078e+01
4.495798492431640625e+01,6.455696105957031250e+00,1.152129650115966797e+01
4.537815093994140625e+01,6.455696105957031250e+00,1.158413219451904297e+01
4.579832077026367188e+01,6.455696105957031250e+00,1.164597702026367188e+01
4.621848678588867188e+01,6.455696105957031250e+00,1.170672702789306641e+01
4.663865661621093750e+01,6.455696105957031250e+00,1.176629447937011719e+01
4.705882263183593750e+01,6.455696105957031250e+00,1.182454776763916016e+01
4.747899246215820312e+01,6.455696105957031250e+00,1.188138294219970703e+01
4.789915847778320312e+01,6.455696105957031250e+00,1.193667888641357422e+01
4.831932830810546875e+01,6.455696105957031250e+00,1.199032211303710938e+01
4.873949432373046875e+01,6.455696105957031250e+00,1.204217433929443359e+01
4.915966415405273438e+01,6.455696105957031250e+00,1.209211635589599609e+01
4.957983016967773438e+01,6.455696105957031250e+00,1.214001655578613281e+01
5.000000000000000000e+01,6.455696105957031250e+00,1.218573570251464844e+01
0.000000000000000000e+00,6.835443019866943359e+00,9.877371978759765625e+01
4.201680719852447510e-01,6.835443019866943359e+00,9.831074523925781250e+01
8.403361439704895020e-01,6.835443019866943359e+00,9.817470550537109375e+01
1.260504245758056641e+00,6.835443019866943359e+00,9.829410552978515625e+01
1.680672287940979004e+00,6.835443019866943359e+00,9.851831054687500000e+01
2.100840330123901367e+00,6.835443019866943359e+00,9.867354583740234375e+01
2.521008491516113281e+00,6.835443019866943359e+00,9.864014434814453125e+01
2.941176414489746094e+00,6.835443019866943359e+00,9.837719726562500000e+01
3.361344575881958008e+00,6.835443019866943359e+00,9.790431213378906250e+01
3.781512498855590820e+00,6.835443019866943359e+00,9.728231048583984375e+01
4.201680660247802734e+00,6.835443019866943359e+00,9.658925628662109375e+01
4.621848583221435547e+00,6.835443019866943359e+00,9.588658905029296875e+01
5.042016983032226562e+00,6.835443019866943359e+00,9.519825744628906250e+01
5.462184906005859375e+00,6.835443019866943359e+00,9.452211761474609375e+01
5.882352828979492188e+00,6.835443019866943359e+00,9.385507965087890625e+01
6.302521228790283203e+00,6.835443019866943359e+00,9.320794677734375000e+01
6.722689151763916016e+00,6.835443019866943359e+00,9.259961700439453125e+01
7.142857074737548828e+00,6.835443019866943359e+00,9.203966522216796875e+01
7.563024997711181641e+00,6.835443019866943359e+00,9.151796722412109375e+01
7.983193397521972656e+00,6.835443019866943359e+00,9.101136779785156250e+01
8.403361320495605469e+00,6.835443019866943359e+00,9.050351715087890625e+01
8.823529243469238281e+00,6.835443019866943359e+00,8.999807739257812500e+01
9.243697166442871094e+00,6.835443019866943359e+00,8.951333618164062500e+01
9.663865089416503906e+00,6.835443019866943359e+00,8.906594085693359375e+01
1.008403396606445312e+01,6.835443019866943359e+00,8.866152954101562500e+01
1.050420188903808594e+01,6.835443019866943359e+00,8.829616546630859375e+01
1.092436981201171875e+01,6.835443019866943359e+00,8.795981597900390625e+01
1.134453773498535156e+01,6.835443019866943359e+00,8.763782501220703125e+01
1.176470565795898438e+01,6.835443019866943359e+00,8.731064605712890625e+01
1.218487358093261719e+01,6.835443019866943359e+00,8.695279693603515625e+01
1.260504245758056641e+01,6.835443019866943359e+00,8.653313446044921875e+01
1.302521038055419922e+01,6.835443019866943359e+00,8.601683807373046875e+01
1.344537830352783203e+01,6.835443019866943359e+00,8.536772155761718750e+01
1.386554622650146484e+01,6.835443019866943359e+00,8.454637145996093750e+01
1.428571414947509766e+01,6.835443019866943359e+00,8.349414825439453125e+01
1.470588207244873047e+01,6.835443019866943359e+00,8.209412384033203125e+01
1.512604999542236328e+01,6.835443019866943359e+00,8.011475372314453125e+01
1.554621887207031250e+01,6.835443019866943359e+00,7.717930603027343750e+01
1.596638679504394531e+01,6.835443019866943359e+00,7.284368133544921875e+01
1.638655471801757812e+01,6.835443019866943359e+00,6.683422088623046875e+01
1.680672264099121094e+01,6.835443019866943359e+00,5.932089233398437500e+01
1.722689056396484375e+01,6.835443019866943359e+00,5.095948791503906250e+01
1.764705848693847656e+01,6.835443019866943359e+00,4.265313720703125000e+01
1.806722640991210938e+01,6.835443019866943359e+00,3.523225784301757812e+01
1.848739433288574219e+01,6.835443019866943359e+00,2.918657112121582031e+01
1.890756225585937500e+01,6.835443019866943359e+00,2.458775520324707031e+01
1.932773017883300781e+01,6.835443019866943359e+00,2.123685646057128906e+01
1.974790000915527344e+01,6.835443019866943359e+00,1.885104370117187500e+01
2.016806793212890625e+01,6.835443019866943359e+00,1.716781044006347656e+01
2.058823585510253906e+01,6.835443019866943359e+00,1.597837734222412109e+01
2.100840377807617188e+01,6.835443019866943359e+00,1.512812805175781250e+01
2.142857170104980469e+01,6.835443019866943359e+00,1.450666522979736328e+01
2.184873962402343750e+01,6.835443019866943359e+00,1.403699016571044922e+01
2.226890754699707031e+01,6.835443019866943359e+00,1.366666603088378906e+01
2.268907546997070312e+01,6.835443019866943359e+00,1.336089801788330078e+01
2.310924339294433594e+01,6.835443019866943359e+00,1.309723663330078125e+01
2.352941131591796875e+01,6.835443019866943359e+00,1.286157894134521484e+01
2.394957923889160156e+01,6.835443019866943359e+00,1.264521789550781250e+01
2.436974716186523438e+01,6.835443019866943359e+00,1.244289016723632812e+01
2.478991508483886719e+01,6.835443019866943359e+00,1.225144767761230469e+01
2.521008491516113281e+01,6.835443019866943359e+00,1.206903171539306641e+01
2.563025283813476562e+01,6.835443019866943359e+00,1.189461326599121094e+01
2.605042076110839844e+01,6.835443019866943359e+00,1.172768115997314453e+01
2.647058868408203125e+01,6.835443019866943359e+00,1.156812667846679688e+01
2.689075660705566406e+01,6.835443019866943359e+00,1.141611194610595703e+01
2.731092453002929688e+01,6.835443019866943359e+00,1.127198982238769531e+01
2.773109245300292969e+01,6.835443019866943359e+00,1.113625335693359375e+01
2.815126037597656250e+01,6.835443019866943359e+00,1.100947284698486328e+01
2.857142829895019531e+01,6.835443019866943359e+00,1.089222335815429688e+01
2.899159622192382812e+01,6.835443019866943359e+00,1.078504276275634766e+01
2.941176414489746094e+01,6.835443019866943359e+00,1.068836402893066406e+01
2.983193206787109375e+01,6.835443019866943359e+00,1.060249900817871094e+01
3.025209999084472656e+01,6.835443019866943359e+00,1.052762222290039062e+01
3.067226982116699219e+01,6.835443019866943359e+00,1.046375465393066406e+01
3.109243774414062500e+01,6.835443019866943359e+00,1.041075325012207031e+01
3.151260566711425781e+01,6.835443019866943359e+00,1.036836051940917969e+01
3.193277359008789062e+01,6.835443019866943359e+00,1.033618068695068359e+01
3.235293960571289062e+01,6.835443019866943359e+00,1.031375026702880859e+01
3.277310943603515625e+01,6.835443019866943359e+00,1.030050468444824219e+01
3.319327545166015625e+01,6.835443019866943359e+00,1.029585456848144531e+01
3.361344528198242188e+01,6.835443019866943359e+00,1.029916667938232422e+01
3.403361511230468750e+01,6.835443019866943359e+00,1.030980682373046875e+01
3.445378112792968750e+01,6.835443019866943359e+00,1.032713794708251953e+01
3.487395095825195312e+01,6.835443019866943359e+00,1.035054302215576172e+01
3.529411697387695312e+01,6.835443019866943359e+00,1.037943172454833984e+01
3.571428680419921875e+01,6.835443019866943359e+00,1.041323089599609375e+01
3.613445281982421875e+01,6.835443019866943359e+00,1.045142459869384766e+01
3.655462265014648438e+01,6.835443019866943359e+00,1.049351119995117188e+01
3.697478866577148438e+01,6.835443019866943359e+00,1.053903865814208984e+01
3.739495849609375000e+01,6.835443019866943359e+00,1.058759498596191406e+01
3.781512451171875000e+01,6.835443019866943359e+00,1.063879203796386719e+01
3.823529434204101562e+01,6.835443019866943359e+00,1.069229125976562500e+01
3.865546035766601562e+01,6.835443019866943359e+00,1.074777126312255859e+01
3.907563018798828125e+01,6.835443019866943359e+00,1.080495548248291016e+01
3.949580001831054688e+01,6.835443019866943359e+00,1.086358642578125000e+01
3.991596603393554688e+01,6.835443019866943359e+00,1.092343139648437500e+01
4.033613586425781250e+01,6.835443019866943359e+00,1.098428726196289062e+01
4.075630187988281250e+01,6.835443019866943359e+00,1.104596614837646484e+01
4.117647171020507812e+01,6.835443019866943359e+00,1.110829544067382812e+01
4.159663772583007812e+01,6.835443019866943359e+00,1.117112636566162109e+01
4.201680755615234375e+01,6.835443019866943359e+00,1.123432636260986328e+01
4.243697357177734375e+01,6.835443019866943359e+00,1.129776763916015625e+01
4.285714340209960938e+01,6.835443019866943359e+00,1.136133384704589844e+01
4.327730941772460938e+01,6.835443019866943359e+00,1.142492294311523438e+01
4.369747924804687500e+01,6.835443019866943359e+00,1.148843574523925781e+01
4.411764526367187500e+01,6.835443019866943359e+00,1.155178833007812500e+01
4.453781509399414062e+01,6.835443019866943359e+00,1.161488723754882812e+01
4.495798492431640625e+01,6.835443019866943359e+00,1.167767333984375000e+01
4.537815093994140625e+01,6.835443019866943359e+00,1.174004650115966797e+01
4.579832077026367188e+01,6.835443019866943359e+00,1.180194187164306641e+01
4.621848678588867188e+01,6.835443019866943359e+00,1.186329269409179688e+01
4.663865661621093750e+01,6.835443019866943359e+00,1.192403030395507812e+01
4.705882263183593750e+01,6.835443019866943359e+00,1.198406314849853516e+01
4.747899246215820312e+01,6.835443019866943359e+00,1.204334831237792969e+01
4.789915847778320312e+01,6.835443019866943359e+00,1.210179615020751953e+01
4.831932830810546875e+01,6.835443019866943359e+00,1.215933799743652344e+01
4.873949432373046875e+01,6.835443019866943359e+00,1.221590423583984375e+01
4.915966415405273438e+01,6.835443019866943359e+00,1.227141094207763672e+01
4.957983016967773438e+01,6.835443019866943359e+00,1.232577991485595703e+01
5.000000000000000000e+01,6.835443019866943359e+00,1.237892627716064453e+01
0.000000000000000000e+00,7.215189933776855469e+00,9.957110595703125000e+01
4.201680719852447510e-01,7.215189933776855469e+00,9.913355255126953125e+01
8.403361439704895020e-01,7.215189933776855469e+00,9.901105499267578125e+01
1.260504245758056641e+00,7.215189933776855469e+00,9.914792633056640625e+01
1.680672287940979004e+00,7.215189933776855469e+00,9.940563964843750000e+01
2.100840330123901367e+00,7.215189933776855469e+00,9.961375427246093750e+01
2.521008491516113281e+00,7.215189933776855469e+00,9.964910125732421875e+01
2.941176414489746094e+00,7.215189933776855469e+00,9.946239471435546875e+01
3.361344575881958008e+00,7.215189933776855469e+00,9.906026458740234375e+01
3.781512498855590820e+00,7.215189933776855469e+00,9.848730468750000000e+01
4.201680660247802734e+00,7.215189933776855469e+00,9.781420135498046875e+01
4.621848583221435547e+00,7.215189933776855469e+00,9.711198425292968750e+01
5.042016983032226562e+00,7.215189933776855469e+00,9.642041778564453125e+01
5.462184906005859375e+00,7.215189933776855469e+00,9.574258422851562500e+01
5.882352828979492188e+00,7.215189933776855469e+00,9.506588745117187500e+01
6.302521228790283203e+00,7.215189933776855469e+00,9.438650512695312500e+01
6.722689151763916016e+00,7.215189933776855469e+00,9.371849822998046875e+01
7.142857074737548828e+00,7.215189933776855469e+00,9.308509063720703125e+01
7.563024997711181641e+00,7.215189933776855469e+00,9.249922180175781250e+01
7.983193397521972656e+00,7.215189933776855469e+00,9.195298767089843750e+01
8.403361320495605469e+00,7.215189933776855469e+00,9.142431640625000000e+01
8.823529243469238281e+00,7.215189933776855469e+00,9.089652252197265625e+01
9.243697166442871094e+00,7.215189933776855469e+00,9.037220764160156250e+01
9.663865089416503906e+00,7.215189933776855469e+00,8.986899566650390625e+01
1.008403396606445312e+01,7.215189933776855469e+00,8.940443420410156250e+01
1.050420188903808594e+01,7.215189933776855469e+00,8.898634338378906250e+01
1.092436981201171875e+01,7.215189933776855469e+00,8.861351776123046875e+01
1.134453773498535156e+01,7.215189933776855469e+00,8.827902984619140625e+01
1.176470565795898438e+01,7.215189933776855469e+00,8.797206115722656250e+01
1.218487358093261719e+01,7.215189933776855469e+00,8.767740631103515625e+01
1.260504245758056641e+01,7.215189933776855469e+00,8.737470245361328125e+01
1.302521038055419922e+01,7.215189933776855469e+00,8.703808593750000000e+01
1.344537830352783203e+01,7.215189933776855469e+00,8.663734436035156250e+01
1.386554622650146484e+01,7.215189933776855469e+00,8.614051055908203125e+01
1.428571414947509766e+01,7.215189933776855469e+00,8.551374053955078125e+01
1.470588207244873047e+01,7.215189933776855469e+00,8.471364593505859375e+01
1.512604999542236328e+01,7.215189933776855469e+00,8.366292572021484375e+01
1.554621887207031250e+01,7.215189933776855469e+00,8.220800018310546875e+01
1.596638679504394531e+01,7.215189933776855469e+00,8.007724761962890625e+01
1.638655471801757812e+01,7.215189933776855469e+00,7.689051055908203125e+01
1.680672264099121094e+01,7.215189933776855469e+00,7.228252410888671875e+01
1.722689056396484375e+01,7.215189933776855469e+00,6.613011169433593750e+01
1.764705848693847656e+01,7.215189933776855469e+00,5.872337341308593750e+01
1.806722640991210938e+01,7.215189933776855469e+00,5.071096801757812500e+01
1.848739433288574219e+01,7.215189933776855469e+00,4.287607192993164062e+01
1.890756225585937500e+01,7.215189933776855469e+00,3.589694595336914062e+01
1.932773017883300781e+01,7.215189933776855469e+00,3.015987777709960938e+01
1.974790000915527344e+01,7.215189933776855469e+00,2.571826553344726562e+01
2.016806793212890625e+01,7.215189933776855469e+00,2.240839195251464844e+01
2.058823585510253906e+01,7.215189933776855469e+00,1.999225807189941406e+01
2.100840377807617188e+01,7.215189933776855469e+00,1.824176025390625000e+01
2.142857170104980469e+01,7.215189933776855469e+00,1.697005271911621094e+01
2.184873962402343750e+01,7.215189933776855469e+00,1.603547859191894531e+01
2.226890754699707031e+01,7.215189933776855469e+00,1.533516883850097656e+01
2.268907546997070312e+01,7.215189933776855469e+00,1.479645252227783203e+01
2.310924339294433594e+01,7.215189933776855469e+00,1.436893558502197266e+01
2.352941131591796875e+01,7.215189933776855469e+00,1.401817703247070312e+01
2.394957923889160156e+01,7.215189933776855469e+00,1.372094726562500000e+01
2.436974716186523438e+01,7.215189933776855469e+00,1.346168899536132812e+01
2.478991508483886719e+01,7.215189933776855469e+00,1.322995758056640625e+01
2.521008491516113281e+01,7.215189933776855469e+00,1.301873016357421875e+01
2.563025283813476562e+01,7.215189933776855469e+00,1.282319259643554688e+01
2.605042076110839844e+01,7.215189933776855469e+00,1.264003944396972656e+01
2.647058868408203125e+01,7.215189933776855469e+00,1.246692466735839844e+01
2.689075660705566406e+01,7.215189933776855469e+00,1.230229854583740234e+01
2.731092453002929688e+01,7.215189933776855469e+00,1.214510059356689453e+01
2.773109245300292969e+01,7.215189933776855469e+00,1.199478054046630859e+01
2.815126037597656250e+01,7.215189933776855469e+00,1.185113430023193359e+01
2.857142829895019531e+01,7.215189933776855469e+00,1.171427345275878906e+01
2.899159622192382812e+01,7.215189933776855469e+00,1.158453750610351562e+01
2.941176414489746094e+01,7.215189933776855469e+00,1.146241664886474609e+01
2.983193206787109375e+01,7.215189933776855469e+00,1.134850215911865234e+01
3.025209999084472656e+01,7.215189933776855469e+00,1.124337768554687500e+01
3.067226982116699219e+01,7.215189933776855469e+00,1.114758300781250000e+01
3.109243774414062500e+01,7.215189933776855469e+00,1.106157302856445312e+01
3.151260566711425781e+01,7.215189933776855469e+00,1.098564624786376953e+01
3.193277359008789062e+01,7.215189933776855469e+00,1.091996574401855469e+01
3.235293960571289062e+01,7.215189933776855469e+00,1.086454010009765625e+01
3.277310943603515625e+01,7.215189933776855469e+00,1.081922149658203125e+01
3.319327545166015625e+01,7.215189933776855469e+00,1.078374385833740234e+01
3.361344528198242188e+01,7.215189933776855469e+00,1.075771522521972656e+01
3.403361511230468750e+01,7.215189933776855469e+00,1.074067306518554688e+01
3.445378112792968750e+01,7.215189933776855469e+00,1.073207759857177734e+01
3.487395095825195312e+01,7.215189933776855469e+00,1.073135089874267578e+01
3.529411697387695312e+01,7.215189933776855469e+00,1.073788928985595703e+01
3.571428680419921875e+01,7.215189933776855469e+00,1.075109481811523438e+01
3.613445281982421875e+01,7.215189933776855469e+00,1.077036285400390625e+01
3.655462265014648438e+01,7.215189933776855469e+00,1.079511642456054688e+01
3.697478866577148438e+01,7.215189933776855469e+00,1.082479476928710938e+01
3.739495849609375000e+01,7.215189933776855469e+00,1.085888385772705078e+01
3.781512451171875000e+01,7.215189933776855469e+00,1.089688587188720703e+01
3.823529434204101562e+01,7.215189933776855469e+00,1.093834877014160156e+01
3.865546035766601562e+01,7.215189933776855469e+00,1.098286247253417969e+01
3.907563018798828125e+01,7.215189933776855469e+00,1.103003883361816406e+01
3.949580001831054688e+01,7.215189933776855469e+00,1.107953453063964844e+01
3.991596603393554688e+01,7.215189933776855469e+00,1.113103485107421875e+01
4.033613586425781250e+01,7.215189933776855469e+00,1.118425655364990234e+01
4.075630187988281250e+01,7.215189933776855469e+00,1.123894500732421875e+01
4.117647171020507812e+01,7.215189933776855469e+00,1.129487991333007812e+01
4.159663772583007812e+01,7.215189933776855469e+00,1.135184669494628906e+01
4.201680755615234375e+01,7.215189933776855469e+00,1.140965747833251953e+01
4.243697357177734375e+01,7.215189933776855469e+00,1.146816253662109375e+01
4.285714340209960938e+01,7.215189933776855469e+00,1.152719783782958984e+01
4.327730941772460938e+01,7.215189933776855469e+00,1.158664798736572266e+01
4.369747924804687500e+01,7.215189933776855469e+00,1.164638519287109375e+01
4.411764526367187500e+01,7.215189933776855469e+00,1.170630264282226562e+01
4.453781509399414062e+01,7.215189933776855469e+00,1.176631736755371094e+01
4.495798492431640625e+01,7.215189933776855469e+00,1.182632350921630859e+01
4.537815093994140625e+01,7.215189933776855469e+00,1.188625049591064453e+01
4.579832077026367188e+01,7.215189933776855469e+00,1.194602584838867188e+01
4.621848678588867188e+01,7.215189933776855469e+00,1.200558090209960938e+01
4.663865661621093750e+01,7.215189933776855469e+00,1.206485748291015625e+01
4.705882263183593750e+01,7.215189933776855469e+00,1.212378978729248047e+01
4.747899246215820312e+01,7.215189933776855469e+00,1.218233108520507812e+01
4.789915847778320312e+01,7.215189933776855469e+00,1.224041366577148438e+01
4.831932830810546875e+01,7.215189933776855469e+00,1.229799938201904297e+01
4.873949432373046875e+01,7.215189933776855469e+00,1.235503673553466797e+01
4.915966415405273438e+01,7.215189933776855469e+00,1.241146278381347656e+01
4.957983016967773438e+01,7.215189933776855469e+00,1.246724891662597656e+01
5.000000000000000000e+01,7.215189933776855469e+00,1.252231884002685547e+01
0.000000000000000000e+00,7.594936847686767578e+00,1.003655014038085938e+02
4.201680719852447510e-01,7.594936847686767578e+00,9.995481109619140625e+01
8.403361439704895020e-01,7.594936847686767578e+00,9.984458160400390625e+01
1.260504245758056641e+00,7.594936847686767578e+00,9.999352264404296875e+01
1.680672287940979004e+00,7.594936847686767578e+00,1.002758102416992188e+02
2.100840330123901367e+00,7.594936847686767578e+00,1.005266723632812500e+02
2.521008491516113281e+00,7.594936847686767578e+00,1.006216278076171875e+02
2.941176414489746094e+00,7.594936847686767578e+00,1.005063934326171875e+02
3.361344575881958008e+00,7.594936847686767578e+00,1.001779327392578125e+02
3.781512498855590820e+00,7.594936847686767578e+00,9.966582489013671875e+01
4.201680660247802734e+00,7.594936847686767578e+00,9.902725219726562500e+01
4.621848583221435547e+00,7.594936847686767578e+00,9.833447265625000000e+01
5.042016983032226562e+00,7.594936847686767578e+00,9.764318084716796875e+01
5.462184906005859375e+00,7.594936847686767578e+00,9.697039031982421875e+01
5.882352828979492188e+00,7.594936847686767578e+00,9.630319976806640625e+01
6.302521228790283203e+00,7.594936847686767578e+00,9.562395477294921875e+01
6.722689151763916016e+00,7.594936847686767578e+00,9.493044281005859375e+01
7.142857074737548828e+00,7.594936847686767578e+00,9.424074554443359375e+01
7.563024997711181641e+00,7.594936847686767578e+00,9.358185577392578125e+01
7.983193397521972656e+00,7.594936847686767578e+00,9.296949005126953125e+01
8.403361320495605469e+00,7.594936847686767578e+00,9.239787292480468750e+01
8.823529243469238281e+00,7.594936847686767578e+00,9.184632873535156250e+01
9.243697166442871094e+00,7.594936847686767578e+00,9.129833221435546875e+01
9.663865089416503906e+00,7.594936847686767578e+00,9.075524902343750000e+01
1.008403396606445312e+01,7.594936847686767578e+00,9.023372650146484375e+01
1.050420188903808594e+01,7.594936847686767578e+00,8.975139617919921875e+01
1.092436981201171875e+01,7.594936847686767578e+00,8.931763458251953125e+01
1.134453773498535156e+01,7.594936847686767578e+00,8.893328094482421875e+01
1.176470565795898438e+01,7.594936847686767578e+00,8.859429168701171875e+01
1.218487358093261719e+01,7.594936847686767578e+00,8.829300689697265625e+01
1.260504245758056641e+01,7.594936847686767578e+00,8.801813507080078125e+01
1.302521038055419922e+01,7.594936847686767578e+00,8.775353240966796875e+01
1.344537830352783203e+01,7.594936847686767578e+00,8.747804260253906250e+01
1.386554622650146484e+01,7.594936847686767578e+00,8.716600799560546875e+01
1.428571414947509766e+01,7.594936847686767578e+00,8.678926086425781250e+01
1.470588207244873047e+01,7.594936847686767578e+00,8.631813812255859375e+01
1.512604999542236328e+01,7.594936847686767578e+00,8.571843719482421875e+01
1.554621887207031250e+01,7.594936847686767578e+00,8.493699645996093750e+01
1.596638679504394531e+01,7.594936847686767578e+00,8.387267303466796875e+01
1.638655471801757812e+01,7.594936847686767578e+00,8.233828735351562500e+01
1.680672264099121094e+01,7.594936847686767578e+00,8.004136657714843750e+01
1.722689056396484375e+01,7.594936847686767578e+00,7.663015747070312500e+01
1.764705848693847656e+01,7.594936847686767578e+00,7.183625030517578125e+01
1.806722640991210938e+01,7.594936847686767578e+00,6.565995788574218750e+01
1.848739433288574219e+01,7.594936847686767578e+00,5.845219039916992188e+01
1.890756225585937500e+01,7.594936847686767578e+00,5.081519699096679688e+01
1.932773017883300781e+01,7.594936847686767578e+00,4.341637039184570312e+01
1.974790000915527344e+01,7.594936847686767578e+00,3.681270599365234375e+01
2.016806793212890625e+01,7.594936847686767578e+00,3.131990814208984375e+01
2.058823585510253906e+01,7.594936847686767578e+00,2.698751640319824219e+01
2.100840377807617188e+01,7.594936847686767578e+00,2.368652915954589844e+01
2.142857170104980469e+01,7.594936847686767578e+00,2.121876907348632812e+01
2.184873962402343750e+01,7.594936847686767578e+00,1.938678741455078125e+01
2.226890754699707031e+01,7.594936847686767578e+00,1.802333641052246094e+01
2.268907546997070312e+01,7.594936847686767578e+00,1.699800491333007812e+01
2.310924339294433594e+01,7.594936847686767578e+00,1.621402740478515625e+01
2.352941131591796875e+01,7.594936847686767578e+00,1.560175800323486328e+01
2.394957923889160156e+01,7.594936847686767578e+00,1.511203289031982422e+01
2.436974716186523438e+01,7.594936847686767578e+00,1.471049118041992188e+01
2.478991508483886719e+01,7.594936847686767578e+00,1.437321186065673828e+01
2.521008491516113281e+01,7.594936847686767578e+00,1.408349895477294922e+01
2.563025283813476562e+01,7.594936847686767578e+00,1.382956123352050781e+01
2.605042076110839844e+01,7.594936847686767578e+00,1.360296344757080078e+01
2.647058868408203125e+01,7.594936847686767578e+00,1.339753627777099609e+01
2.689075660705566406e+01,7.594936847686767578e+00,1.320869636535644531e+01
2.731092453002929688e+01,7.594936847686767578e+00,1.303296947479248047e+01
2.773109245300292969e+01,7.594936847686767578e+00,1.286773777008056641e+01
2.815126037597656250e+01,7.594936847686767578e+00,1.271107101440429688e+01
2.857142829895019531e+01,7.594936847686767578e+00,1.256159210205078125e+01
2.899159622192382812e+01,7.594936847686767578e+00,1.241843128204345703e+01
2.941176414489746094e+01,7.594936847686767578e+00,1.228114891052246094e+01
2.983193206787109375e+01,7.594936847686767578e+00,1.214967060089111328e+01
3.025209999084472656e+01,7.594936847686767578e+00,1.202423191070556641e+01
3.067226982116699219e+01,7.594936847686767578e+00,1.190526485443115234e+01
3.109243774414062500e+01,7.594936847686767578e+00,1.179335212707519531e+01
3.151260566711425781e+01,7.594936847686767578e+00,1.168913936614990234e+01
3.193277359008789062e+01,7.594936847686767578e+00,1.159323596954345703e+01
3.235293960571289062e+01,7.594936847686767578e+00,1.150620079040527344e+01
3.277310943603515625e+01,7.594936847686767578e+00,1.142846488952636719e+01
3.319327545166015625e+01,7.594936847686767578e+00,1.136029911041259766e+01
3.361344528198242188e+01,7.594936847686767578e+00,1.130184364318847656e+01
3.403361511230468750e+01,7.594936847686767578e+00,1.125306415557861328e+01
3.445378112792968750e+01,7.594936847686767578e+00,1.121379566192626953e+01
3.487395095825195312e+01,7.594936847686767578e+00,1.118373107910156250e+01
3.529411697387695312e+01,7.594936847686767578e+00,1.116248989105224609e+01
3.571428680419921875e+01,7.594936847686767578e+00,1.114957904815673828e+01
3.613445281982421875e+01,7.594936847686767578e+00,1.114447116851806641e+01
3.655462265014648438e+01,7.594936847686767578e+00,1.114661312103271484e+01
3.697478866577148438e+01,7.594936847686767578e+00,1.115541267395019531e+01
3.739495849609375000e+01,7.594936847686767578e+00,1.117029285430908203e+01
3.781512451171875000e+01,7.594936847686767578e+00,1.119069290161132812e+01
3.823529434204101562e+01,7.594936847686767578e+00,1.121605491638183594e+01
3.865546035766601562e+01,7.594936847686767578e+00,1.124586868286132812e+01
3.907563018798828125e+01,7.594936847686767578e+00,1.127964019775390625e+01
3.949580001831054688e+01,7.594936847686767578e+00,1.131691360473632812e+01
3.991596603393554688e+01,7.594936847686767578e+00,1.135727977752685547e+01
4.033613586425781250e+01,7.594936847686767578e+00,1.140035247802734375e+01
4.075630187988281250e+01,7.594936847686767578e+00,1.144578552246093750e+01
4.117647171020507812e+01,7.594936847686767578e+00,1.149325752258300781e+01
4.159663772583007812e+01,7.594936847686767578e+00,1.154248905181884766e+01
4.201680755615234375e+01,7.594936847686767578e+00,1.159322452545166016e+01
4.243697357177734375e+01,7.594936847686767578e+00,1.164523315429687500e+01
4.285714340209960938e+01,7.594936847686767578e+00,1.169830894470214844e+01
4.327730941772460938e+01,7.594936847686767578e+00,1.175226783752441406e+01
4.369747924804687500e+01,7.594936847686767578e+00,1.180695152282714844e+01
4.411764526367187500e+01,7.594936847686767578e+00,1.186221504211425781e+01
4.453781509399414062e+01,7.594936847686767578e+00,1.191792488098144531e+01
4.495798492431640625e+01,7.594936847686767578e+00,1.197396469116210938e+01
4.537815093994140625e+01,7.594936847686767578e+00,1.203023910522460938e+01
4.579832077026367188e+01,7.594936847686767578e+00,1.208665180206298828e+01
4.621848678588867188e+01,7.594936847686767578e+00,1.214311981201171875e+01
4.663865661621093750e+01,7.594936847686767578e+00,1.219957256317138672e+01
4.705882263183593750e+01,7.594936847686767578e+00,1.225593185424804688e+01
4.747899246215820312e+01,7.594936847686767578e+00,1.231215763092041016e+01
4.789915847778320312e+01,7.594936847686767578e+00,1.236818122863769531e+01
4.831932830810546875e+01,7.594936847686767578e+00,1.242395973205566406e+01
4.873949432373046875e+01,7.594936847686767578e+00,1.247943878173828125e+01
4.915966415405273438e+01,7.594936847686767578e+00,1.253457736968994141e+01
4.957983016967773438e+01,7.594936847686767578e+00,1.258934688568115234e+01
5.000000000000000000e+01,7.594936847686767578e+00,1.264368629455566406e+01
0.000000000000000000e+00,7.974683761596679688e+00,1.011536865234375000e+02
4.201680719852447510e-01,7.974683761596679688e+00,1.007712936401367188e+02
8.403361439704895020e-01,7.974683761596679688e+00,1.006725921630859375e+02
1.260504245758056641e+00,7.974683761596679688e+00,1.008288269042968750e+02
1.680672287940979004e+00,7.974683761596679688e+00,1.011276473999023438e+02
2.100840330123901367e+00,7.974683761596679688e+00,1.014114913940429688e+02
2.521008491516113281e+00,7.974683761596679688e+00,1.015564193725585938e+02
2.941176414489746094e+00,7.974683761596679688e+00,1.015051498413085938e+02
3.361344575881958008e+00,7.974683761596679688e+00,1.012486572265625000e+02
3.781512498855590820e+00,7.974683761596679688e+00,1.008044052124023438e+02
4.201680660247802734e+00,7.974683761596679688e+00,1.002137603759765625e+02
4.621848583221435547e+00,7.974683761596679688e+00,9.954158020019531250e+01
5.042016983032226562e+00,7.974683761596679688e+00,9.885382080078125000e+01
5.462184906005859375e+00,7.974683761596679688e+00,9.818561553955078125e+01
5.882352828979492188e+00,7.974683761596679688e+00,9.753363800048828125e+01
6.302521228790283203e+00,7.974683761596679688e+00,9.687500000000000000e+01
6.722689151763916016e+00,7.974683761596679688e+00,9.619084930419921875e+01
7.142857074737548828e+00,7.974683761596679688e+00,9.548193359375000000e+01
7.563024997711181641e+00,7.974683761596679688e+00,9.477033996582031250e+01
7.983193397521972656e+00,7.974683761596679688e+00,9.408592987060546875e+01
8.403361320495605469e+00,7.974683761596679688e+00,9.344696044921875000e+01
8.823529243469238281e+00,7.974683761596679688e+00,9.284951782226562500e+01
9.243697166442871094e+00,7.974683761596679688e+00,9.227458953857421875e+01
9.663865089416503906e+00,7.974683761596679688e+00,9.170610809326171875e+01
1.008403396606445312e+01,7.974683761596679688e+00,9.114478302001953125e+01
1.050420188903808594e+01,7.974683761596679688e+00,9.060568237304687500e+01
1.092436981201171875e+01,7.974683761596679688e+00,9.010594177246093750e+01
1.134453773498535156e+01,7.974683761596679688e+00,8.965562438964843750e+01
1.176470565795898438e+01,7.974683761596679688e+00,8.925730133056640625e+01
1.218487358093261719e+01,7.974683761596679688e+00,8.890927886962890625e+01
1.260504245758056641e+01,7.974683761596679688e+00,8.860667419433593750e+01
1.302521038055419922e+01,7.974683761596679688e+00,8.834147644042968750e+01
1.344537830352783203e+01,7.974683761596679688e+00,8.810144042968750000e+01
1.386554622650146484e+01,7.974683761596679688e+00,8.786935424804687500e+01
1.428571414947509766e+01,7.974683761596679688e+00,8.762374877929687500e+01
1.470588207244873047e+01,7.974683761596679688e+00,8.734000396728515625e+01
1.512604999542236328e+01,7.974683761596679688e+00,8.699198913574218750e+01
1.554621887207031250e+01,7.974683761596679688e+00,8.655129241943359375e+01
1.596638679504394531e+01,7.974683761596679688e+00,8.597919464111328125e+01
1.638655471801757812e+01,7.974683761596679688e+00,8.520822143554687500e+01
1.680672264099121094e+01,7.974683761596679688e+00,8.411217498779296875e+01
1.722689056396484375e+01,7.974683761596679688e+00,8.248002624511718750e+01
1.764705848693847656e+01,7.974683761596679688e+00,8.002011108398437500e+01
1.806722640991210938e+01,7.974683761596679688e+00,7.643123626708984375e+01
1.848739433288574219e+01,7.974683761596679688e+00,7.154070281982421875e+01
1.890756225585937500e+01,7.974683761596679688e+00,6.543641662597656250e+01
1.932773017883300781e+01,7.974683761596679688e+00,5.848584365844726562e+01
1.974790000915527344e+01,7.974683761596679688e+00,5.122724151611328125e+01
2.016806793212890625e+01,7.974683761596679688e+00,4.422480773925781250e+01
2.058823585510253906e+01,7.974683761596679688e+00,3.794084548950195312e+01
2.100840377807617188e+01,7.974683761596679688e+00,3.264228820800781250e+01
2.142857170104980469e+01,7.974683761596679688e+00,2.838284492492675781e+01
2.184873962402343750e+01,7.974683761596679688e+00,2.506610679626464844e+01
2.226890754699707031e+01,7.974683761596679688e+00,2.252993392944335938e+01
2.268907546997070312e+01,7.974683761596679688e+00,2.060448646545410156e+01
2.310924339294433594e+01,7.974683761596679688e+00,1.914049148559570312e+01
2.352941131591796875e+01,7.974683761596679688e+00,1.801781845092773438e+01
2.394957923889160156e+01,7.974683761596679688e+00,1.714490890502929688e+01
2.436974716186523438e+01,7.974683761596679688e+00,1.645439147949218750e+01
2.478991508483886719e+01,7.974683761596679688e+00,1.589771270751953125e+01
2.521008491516113281e+01,7.974683761596679688e+00,1.544024753570556641e+01
2.563025283813476562e+01,7.974683761596679688e+00,1.505731964111328125e+01
2.605042076110839844e+01,7.974683761596679688e+00,1.473118877410888672e+01
2.647058868408203125e+01,7.974683761596679688e+00,1.444894123077392578e+01
2.689075660705566406e+01,7.974683761596679688e+00,1.420097064971923828e+01
2.731092453002929688e+01,7.974683761596679688e+00,1.397997856140136719e+01
2.773109245300292969e+01,7.974683761596679688e+00,1.378031253814697266e+01
2.815126037597656250e+01,7.974683761596679688e+00,1.359751605987548828e+01
2.857142829895019531e+01,7.974683761596679688e+00,1.342804050445556641e+01
2.899159622192382812e+01,7.974683761596679688e+00,1.326912498474121094e+01
2.941176414489746094e+01,7.974683761596679688e+00,1.311860370635986328e+01
2.983193206787109375e+01,7.974683761596679688e+00,1.297490787506103516e+01
3.025209999084472656e+01,7.974683761596679688e+00,1.283697319030761719e+01
3.067226982116699219e+01,7.974683761596679688e+00,1.270420551300048828e+01
3.109243774414062500e+01,7.974683761596679688e+00,1.257640838623046875e+01
3.151260566711425781e+01,7.974683761596679688e+00,1.245372009277343750e+01
3.193277359008789062e+01,7.974683761596679688e+00,1.233654308319091797e+01
3.235293960571289062e+01,7.974683761596679688e+00,1.222545528411865234e+01
3.277310943603515625e+01,7.974683761596679688e+00,1.212112236022949219e+01
3.319327545166015625e+01,7.974683761596679688e+00,1.202422904968261719e+01
3.361344528198242188e+01,7.974683761596679688e+00,1.193541812896728516e+01
3.403361511230468750e+01,7.974683761596679688e+00,1.185520076751708984e+01
3.445378112792968750e+01,7.974683761596679688e+00,1.178398704528808594e+01
3.487395095825195312e+01,7.974683761596679688e+00,1.172199249267578125e+01
3.529411697387695312e+01,7.974683761596679688e+00,1.166930484771728516e+01
3.571428680419921875e+01,7.974683761596679688e+00,1.162583065032958984e+01
3.613445281982421875e+01,7.974683761596679688e+00,1.159137821197509766e+01
3.655462265014648438e+01,7.974683761596679688e+00,1.156560039520263672e+01
3.697478866577148438e+01,7.974683761596679688e+00,1.154807376861572266e+01
3.739495849609375000e+01,7.974683761596679688e+00,1.153832912445068359e+01
3.781512451171875000e+01,7.974683761596679688e+00,1.153581428527832031e+01
3.823529434204101562e+01,7.974683761596679688e+00,1.153999614715576172e+01
3.865546035766601562e+01,7.974683761596679688e+00,1.155029582977294922e+01
3.907563018798828125e+01,7.974683761596679688e+00,1.156616878509521484e+01
3.949580001831054688e+01,7.974683761596679688e+00,1.158706283569335938e+01
3.991596603393554688e+01,7.974683761596679688e+00,1.161246776580810547e+01
4.033613586425781250e+01,7.974683761596679688e+00,1.164189338684082031e+01
4.075630187988281250e+01,7.974683761596679688e+00,1.167488956451416016e+01
4.117647171020507812e+01,7.974683761596679688e+00,1.171103668212890625e+01
4.159663772583007812e+01,7.974683761596679688e+00,1.174994564056396484e+01
4.201680755615234375e+01,7.974683761596679688e+00,1.179126548767089844e+01
4.243697357177734375e+01,7.974683761596679688e+00,1.183468341827392578e+01
4.285714340209960938e+01,7.974683761596679688e+00,1.187990474700927734e+01
4.327730941772460938e+01,7.974683761596679688e+00,1.192667675018310547e+01
4.369747924804687500e+01,7.974683761596679688e+00,1.197476100921630859e+01
4.411764526367187500e+01,7.974683761596679688e+00,1.202395629882812500e+01
4.453781509399414062e+01,7.974683761596679688e+00,1.207408523559570312e+01
4.495798492431640625e+01,7.974683761596679688e+00,1.212496376037597656e+01
4.537815093994140625e+01,7.974683761596679688e+00,1.217647171020507812e+01
4.579832077026367188e+01,7.974683761596679688e+00,1.222846603393554688e+01
4.621848678588867188e+01,7.974683761596679688e+00,1.228083515167236328e+01
4.663865661621093750e+01,7.974683761596679688e+00,1.233347320556640625e+01
4.705882263183593750e+01,7.974683761596679688e+00,1.238630008697509766e+01
4.747899246215820312e+01,7.974683761596679688e+00,1.243922424316406250e+01
4.789915847778320312e+01,7.974683761596679688e+00,1.249218273162841797e+01
4.831932830810546875e+01,7.974683761596679688e+00,1.254510974884033203e+01
4.873949432373046875e+01,7.974683761596679688e+00,1.259795188903808594e+01
4.915966415405273438e+01,7.974683761596679688e+00,1.265065765380859375e+01
4.957983016967773438e+01,7.974683761596679688e+00,1.270317554473876953e+01
5.000000000000000000e+01,7.974683761596679688e+00,1.275547313690185547e+01
0.000000000000000000e+00,8.354430198669433594e+00,1.019326095581054688e+02
4.201680719852447510e-01,8.354430198669433594e+00,1.015796203613281250e+02
8.403361439704895020e-01,8.354430198669433594e+00,1.014920806884765625e+02
1.260504245758056641e+00,8.354430198669433594e+00,1.016520080566406250e+02
1.680672287940979004e+00,8.354430198669433594e+00,1.019603195190429688e+02
2.100840330123901367e+00,8.354430198669433594e+00,1.022680969238281250e+02
2.521008491516113281e+00,8.354430198669433594e+00,1.024533843994140625e+02
2.941176414489746094e+00,8.354430198669433594e+00,1.024572906494140625e+02
3.361344575881958008e+00,8.354430198669433594e+00,1.022674636840820312e+02
3.781512498855590820e+00,8.354430198669433594e+00,1.018931503295898438e+02
4.201680660247802734e+00,8.354430198669433594e+00,1.013608245849609375e+02
4.621848583221435547e+00,8.354430198669433594e+00,1.007217636108398438e+02
5.042016983032226562e+00,8.354430198669433594e+00,1.000434036254882812e+02
5.462184906005859375e+00,8.354430198669433594e+00,9.937767791748046875e+01
5.882352828979492188e+00,8.354430198669433594e+00,9.873783874511718750e+01
6.302521228790283203e+00,8.354430198669433594e+00,9.810530853271484375e+01
6.722689151763916016e+00,8.354430198669433594e+00,9.745210266113281250e+01
7.142857074737548828e+00,8.354430198669433594e+00,9.676078796386718750e+01
7.563024997711181641e+00,8.354430198669433594e+00,9.603580474853515625e+01
7.983193397521972656e+00,8.354430198669433594e+00,9.530244445800781250e+01
8.403361320495605469e+00,8.354430198669433594e+00,9.459317779541015625e+01
8.823529243469238281e+00,8.354430198669433594e+00,9.392791748046875000e+01
9.243697166442871094e+00,8.354430198669433594e+00,9.330452728271484375e+01
9.663865089416503906e+00,8.354430198669433594e+00,9.270582580566406250e+01
1.008403396606445312e+01,8.354430198669433594e+00,9.211694335937500000e+01
1.050420188903808594e+01,8.354430198669433594e+00,9.153795623779296875e+01
1.092436981201171875e+01,8.354430198669433594e+00,9.098251342773437500e+01
1.134453773498535156e+01,8.354430198669433594e+00,9.046641540527343750e+01
1.176470565795898438e+01,8.354430198669433594e+00,8.999966430664062500e+01
1.218487358093261719e+01,8.354430198669433594e+00,8.958609771728515625e+01
1.260504245758056641e+01,8.354430198669433594e+00,8.922594451904296875e+01
1.302521038055419922e+01,8.354430198669433594e+00,8.891699981689453125e+01
1.344537830352783203e+01,8.354430198669433594e+00,8.865392303466796875e+01
1.386554622650146484e+01,8.354430198669433594e+00,8.842771148681640625e+01
1.428571414947509766e+01,8.354430198669433594e+00,8.822483062744140625e+01
1.470588207244873047e+01,8.354430198669433594e+00,8.802741241455078125e+01
1.512604999542236328e+01,8.354430198669433594e+00,8.781423187255859375e+01
1.554621887207031250e+01,8.354430198669433594e+00,8.756217956542968750e+01
1.596638679504394531e+01,8.354430198669433594e+00,8.724684906005859375e+01
1.638655471801757812e+01,8.354430198669433594e+00,8.683831024169921875e+01
1.680672264099121094e+01,8.354430198669433594e+00,8.628986358642578125e+01
1.722689056396484375e+01,8.354430198669433594e+00,8.551687622070312500e+01
1.764705848693847656e+01,8.354430198669433594e+00,8.437231445312500000e+01
1.806722640991210938e+01,8.354430198669433594e+00,8.263410949707031250e+01
1.848739433288574219e+01,8.354430198669433594e+00,8.003044891357421875e+01
1.890756225585937500e+01,8.354430198669433594e+00,7.632099151611328125e+01
1.932773017883300781e+01,8.354430198669433594e+00,7.141486358642578125e+01
1.974790000915527344e+01,8.354430198669433594e+00,6.545330047607421875e+01
2.016806793212890625e+01,8.354430198669433594e+00,5.879190444946289062e+01
2.058823585510253906e+01,8.354430198669433594e+00,5.190121841430664062e+01
2.100840377807617188e+01,8.354430198669433594e+00,4.525685119628906250e+01
2.142857170104980469e+01,8.354430198669433594e+00,3.924726867675781250e+01
2.184873962402343750e+01,8.354430198669433594e+00,3.410525131225585938e+01
2.226890754699707031e+01,8.354430198669433594e+00,2.989213562011718750e+01
2.268907546997070312e+01,8.354430198669433594e+00,2.654173660278320312e+01
2.310924339294433594e+01,8.354430198669433594e+00,2.392431449890136719e+01
2.352941131591796875e+01,8.354430198669433594e+00,2.189558219909667969e+01
2.394957923889160156e+01,8.354430198669433594e+00,2.032305908203125000e+01
2.436974716186523438e+01,8.354430198669433594e+00,1.909638595581054688e+01
2.478991508483886719e+01,8.354430198669433594e+00,1.812891006469726562e+01
2.521008491516113281e+01,8.354430198669433594e+00,1.735513687133789062e+01
2.563025283813476562e+01,8.354430198669433594e+00,1.672676086425781250e+01
2.605042076110839844e+01,8.354430198669433594e+00,1.620860862731933594e+01
2.647058868408203125e+01,8.354430198669433594e+00,1.577506828308105469e+01
2.689075660705566406e+01,8.354430198669433594e+00,1.540737247467041016e+01
2.731092453002929688e+01,8.354430198669433594e+00,1.509153079986572266e+01
2.773109245300292969e+01,8.354430198669433594e+00,1.481689167022705078e+01
2.815126037597656250e+01,8.354430198669433594e+00,1.457516956329345703e+01
2.857142829895019531e+01,8.354430198669433594e+00,1.435979557037353516e+01
2.899159622192382812e+01,8.354430198669433594e+00,1.416544437408447266e+01
2.941176414489746094e+01,8.354430198669433594e+00,1.398779296875000000e+01
2.983193206787109375e+01,8.354430198669433594e+00,1.382329750061035156e+01
3.025209999084472656e+01,8.354430198669433594e+00,1.366911602020263672e+01
3.067226982116699219e+01,8.354430198669433594e+00,1.352301788330078125e+01
3.109243774414062500e+01,8.354430198669433594e+00,1.338330364227294922e+01
3.151260566711425781e+01,8.354430198669433594e+00,1.324882698059082031e+01
3.193277359008789062e+01,8.354430198669433594e+00,1.311887931823730469e+01
3.235293960571289062e+01,8.354430198669433594e+00,1.299319076538085938e+01
3.277310943603515625e+01,8.354430198669433594e+00,1.287185573577880859e+01
3.319327545166015625e+01,8.354430198669433594e+00,1.275522994995117188e+01
3.361344528198242188e+01,8.354430198669433594e+00,1.264387989044189453e+01
3.403361511230468750e+01,8.354430198669433594e+00,1.253850460052490234e+01
3.445378112792968750e+01,8.354430198669433594e+00,1.243983173370361328e+01
3.487395095825195312e+01,8.354430198669433594e+00,1.234855842590332031e+01
3.529411697387695312e+01,8.354430198669433594e+00,1.226529216766357422e+01
3.571428680419921875e+01,8.354430198669433594e+00,1.219051647186279297e+01
3.613445281982421875e+01,8.354430198669433594e+00,1.212455654144287109e+01
3.655462265014648438e+01,8.354430198669433594e+00,1.206757545471191406e+01
3.697478866577148438e+01,8.354430198669433594e+00,1.201957988739013672e+01
3.739495849609375000e+01,8.354430198669433594e+00,1.198042392730712891e+01
3.781512451171875000e+01,8.354430198669433594e+00,1.194984340667724609e+01
3.823529434204101562e+01,8.354430198669433594e+00,1.192747020721435547e+01
3.865546035766601562e+01,8.354430198669433594e+00,1.191286277770996094e+01
3.907563018798828125e+01,8.354430198669433594e+00,1.190551948547363281e+01
3.949580001831054688e+01,8.354430198669433594e+00,1.190490722656250000e+01
3.991596603393554688e+01,8.354430198669433594e+00,1.191047668457031250e+01
4.033613586425781250e+01,8.354430198669433594e+00,1.192168998718261719e+01
4.075630187988281250e+01,8.354430198669433594e+00,1.193800544738769531e+01
4.117647171020507812e+01,8.354430198669433594e+00,1.195890617370605469e+01
4.159663772583007812e+01,8.354430198669433594e+00,1.198391819000244141e+01
4.201680755615234375e+01,8.354430198669433594e+00,1.201256942749023438e+01
4.243697357177734375e+01,8.354430198669433594e+00,1.204444503784179688e+01
4.285714340209960938e+01,8.354430198669433594e+00,1.207915592193603516e+01
4.327730941772460938e+01,8.354430198669433594e+00,1.211635208129882812e+01
4.369747924804687500e+01,8.354430198669433594e+00,1.215569686889648438e+01
4.411764526367187500e+01,8.354430198669433594e+00,1.219690608978271484e+01
4.453781509399414062e+01,8.354430198669433594e+00,1.223971939086914062e+01
4.495798492431640625e+01,8.354430198669433594e+00,1.228390407562255859e+01
4.537815093994140625e+01,8.354430198669433594e+00,1.232924270629882812e+01
4.579832077026367188e+01,8.354430198669433594e+00,1.237555885314941406e+01
4.621848678588867188e+01,8.354430198669433594e+00,1.242267704010009766e+01
4.663865661621093750e+01,8.354430198669433594e+00,1.247045993804931641e+01
4.705882263183593750e+01,8.354430198669433594e+00,1.251876926422119141e+01
4.747899246215820312e+01,8.354430198669433594e+00,1.256749629974365234e+01
4.789915847778320312e+01,8.354430198669433594e+00,1.261653423309326172e+01
4.831932830810546875e+01,8.354430198669433594e+00,1.266579341888427734e+01
4.873949432373046875e+01,8.354430198669433594e+00,1.271520519256591797e+01
4.915966415405273438e+01,8.354430198669433594e+00,1.276469039916992188e+01
4.957983016967773438e+01,8.354430198669433594e+00,1.281418609619140625e+01
5.000000000000000000e+01,8.354430198669433594e+00,1.286363983154296875e+01
0.000000000000000000e+00,8.734177589416503906e+00,1.026992645263671875e+02
4.201680719852447510e-01,8.734177589416503906e+00,1.023765106201171875e+02
8.403361439704895020e-01,8.734177589416503906e+00,1.023002929687500000e+02
1.260504245758056641e+00,8.734177589416503906e+00,1.024612960815429688e+02
1.680672287940979004e+00,8.734177589416503906e+00,1.027732315063476562e+02
2.100840330123901367e+00,8.734177589416503906e+00,1.030967407226562500e+02
2.521008491516113281e+00,8.734177589416503906e+00,1.033131790161132812e+02
2.941176414489746094e+00,8.734177589416503906e+00,1.033632888793945312e+02
3.361344575881958008e+00,8.734177589416503906e+00,1.032328109741210938e+02
3.781512498855590820e+00,8.734177589416503906e+00,1.029261016845703125e+02
4.201680660247802734e+00,8.734177589416503906e+00,1.024581680297851562e+02
4.621848583221435547e+00,8.734177589416503906e+00,1.018641510009765625e+02
5.042016983032226562e+00,8.734177589416503906e+00,1.012042999267578125e+02
5.462184906005859375e+00,8.734177589416503906e+00,1.005411453247070312e+02
5.882352828979492188e+00,8.734177589416503906e+00,9.990706634521484375e+01
6.302521228790283203e+00,8.734177589416503906e+00,9.929596710205078125e+01
6.722689151763916016e+00,8.734177589416503906e+00,9.867938232421875000e+01
7.142857074737548828e+00,8.734177589416503906e+00,9.802824401855468750e+01
7.563024997711181641e+00,8.734177589416503906e+00,9.732810974121093750e+01
7.983193397521972656e+00,8.734177589416503906e+00,9.658672332763671875e+01
8.403361320495605469e+00,8.734177589416503906e+00,9.583242797851562500e+01
8.823529243469238281e+00,8.734177589416503906e+00,9.509925842285156250e+01
9.243697166442871094e+00,8.734177589416503906e+00,9.440842437744140625e+01
9.663865089416503906e+00,8.734177589416503906e+00,9.375926208496093750e+01
1.008403396606445312e+01,8.734177589416503906e+00,9.313677215576171875e+01
1.050420188903808594e+01,8.734177589416503906e+00,9.252758789062500000e+01
1.092436981201171875e+01,8.734177589416503906e+00,9.193177032470703125e+01
1.134453773498535156e+01,8.734177589416503906e+00,9.136138916015625000e+01
1.176470565795898438e+01,8.734177589416503906e+00,9.083040618896484375e+01
1.218487358093261719e+01,8.734177589416503906e+00,9.034820556640625000e+01
1.260504245758056641e+01,8.734177589416503906e+00,8.991923522949218750e+01
1.302521038055419922e+01,8.734177589416503906e+00,8.954535675048828125e+01
1.344537830352783203e+01,8.734177589416503906e+00,8.922649383544921875e+01
1.386554622650146484e+01,8.734177589416503906e+00,8.895987701416015625e+01
1.428571414947509766e+01,8.734177589416503906e+00,8.873927307128906250e+01
1.470588207244873047e+01,8.734177589416503906e+00,8.855438232421875000e+01
1.512604999542236328e+01,8.734177589416503906e+00,8.839039611816406250e+01
1.554621887207031250e+01,8.734177589416503906e+00,8.822933197021484375e+01
1.596638679504394531e+01,8.734177589416503906e+00,8.805075073242187500e+01
1.638655471801757812e+01,8.734177589416503906e+00,8.783324432373046875e+01
1.680672264099121094e+01,8.734177589416503906e+00,8.755249023437500000e+01
1.722689056396484375e+01,8.734177589416503906e+00,8.717436218261718750e+01
1.764705848693847656e+01,8.734177589416503906e+00,8.664139556884765625e+01
1.806722640991210938e+01,8.734177589416503906e+00,8.585269165039062500e+01
1.848739433288574219e+01,8.734177589416503906e+00,8.464726257324218750e+01
1.890756225585937500e+01,8.734177589416503906e+00,8.280576324462890625e+01
1.932773017883300781e+01,8.734177589416503906e+00,8.008885955810546875e+01
1.974790000915527344e+01,8.734177589416503906e+00,7.631710052490234375e+01
2.016806793212890625e+01,8.734177589416503906e+00,7.146218109130859375e+01
2.058823585510253906e+01,8.734177589416503906e+00,6.569139862060546875e+01
2.100840377807617188e+01,8.734177589416503906e+00,5.933291625976562500e+01
2.142857170104980469e+01,8.734177589416503906e+00,5.279257583618164062e+01
2.184873962402343750e+01,8.734177589416503906e+00,4.647188949584960938e+01
2.226890754699707031e+01,8.734177589416503906e+00,4.070128631591796875e+01
2.268907546997070312e+01,8.734177589416503906e+00,3.568835067749023438e+01
2.310924339294433594e+01,8.734177589416503906e+00,3.150326347351074219e+01
2.352941131591796875e+01,8.734177589416503906e+00,2.810699653625488281e+01
2.394957923889160156e+01,8.734177589416503906e+00,2.539930152893066406e+01
2.436974716186523438e+01,8.734177589416503906e+00,2.325965690612792969e+01
2.478991508483886719e+01,8.734177589416503906e+00,2.157168006896972656e+01
2.521008491516113281e+01,8.734177589416503906e+00,2.023461532592773438e+01
2.563025283813476562e+01,8.734177589416503906e+00,1.916672134399414062e+01
2.605042076110839844e+01,8.734177589416503906e+00,1.830434799194335938e+01
2.647058868408203125e+01,8.734177589416503906e+00,1.759934997558593750e+01
2.689075660705566406e+01,8.734177589416503906e+00,1.701581382751464844e+01
2.731092453002929688e+01,8.734177589416503906e+00,1.652708435058593750e+01
2.773109245300292969e+01,8.734177589416503906e+00,1.611326026916503906e+01
2.815126037597656250e+01,8.734177589416503906e+00,1.575924587249755859e+01
2.857142829895019531e+01,8.734177589416503906e+00,1.545337295532226562e+01
2.899159622192382812e+01,8.734177589416503906e+00,1.518642997741699219e+01
2.941176414489746094e+01,8.734177589416503906e+00,1.495100021362304688e+01
2.983193206787109375e+01,8.734177589416503906e+00,1.474097347259521484e+01
3.025209999084472656e+01,8.734177589416503906e+00,1.455130958557128906e+01
3.067226982116699219e+01,8.734177589416503906e+00,1.437781810760498047e+01
3.109243774414062500e+01,8.734177589416503906e+00,1.421703147888183594e+01
3.151260566711425781e+01,8.734177589416503906e+00,1.406611633300781250e+01
3.193277359008789062e+01,8.734177589416503906e+00,1.392282962799072266e+01
3.235293960571289062e+01,8.734177589416503906e+00,1.378546524047851562e+01
3.277310943603515625e+01,8.734177589416503906e+00,1.365281200408935547e+01
3.319327545166015625e+01,8.734177589416503906e+00,1.352415561676025391e+01
3.361344528198242188e+01,8.734177589416503906e+00,1.339915943145751953e+01
3.403361511230468750e+01,8.734177589416503906e+00,1.327787876129150391e+01
3.445378112792968750e+01,8.734177589416503906e+00,1.316066646575927734e+01
3.487395095825195312e+01,8.734177589416503906e+00,1.304807281494140625e+01
3.529411697387695312e+01,8.734177589416503906e+00,1.294080734252929688e+01
3.571428680419921875e+01,8.734177589416503906e+00,1.283961772918701172e+01
3.613445281982421875e+01,8.734177589416503906e+00,1.274527072906494141e+01
3.655462265014648438e+01,8.734177589416503906e+00,1.265843296051025391e+01
3.697478866577148438e+01,8.734177589416503906e+00,1.257965850830078125e+01
3.739495849609375000e+01,8.734177589416503906e+00,1.250935935974121094e+01
3.781512451171875000e+01,8.734177589416503906e+00,1.244775962829589844e+01
3.823529434204101562e+01,8.734177589416503906e+00,1.239495372772216797e+01
3.865546035766601562e+01,8.734177589416503906e+00,1.235086059570312500e+01
3.907563018798828125e+01,8.734177589416503906e+00,1.231526374816894531e+01
3.949580001831054688e+01,8.734177589416503906e+00,1.228785610198974609e+01
3.991596603393554688e+01,8.734177589416503906e+00,1.226822280883789062e+01
4.033613586425781250e+01,8.734177589416503906e+00,1.225589656829833984e+01
4.075630187988281250e+01,8.734177589416503906e+00,1.225036716461181641e+01
4.117647171020507812e+01,8.734177589416503906e+00,1.225110244750976562e+01
4.159663772583007812e+01,8.734177589416503906e+00,1.225756835937500000e+01
4.201680755615234375e+01,8.734177589416503906e+00,1.226922893524169922e+01
4.243697357177734375e+01,8.734177589416503906e+00,1.228557109832763672e+01
4.285714340209960938e+01,8.734177589416503906e+00,1.230611228942871094e+01
4.327730941772460938e+01,8.734177589416503906e+00,1.233039474487304688e+01
4.369747924804687500e+01,8.734177589416503906e+00,1.235798263549804688e+01
4.411764526367187500e+01,8.734177589416503906e+00,1.238848590850830078e+01
4.453781509399414062e+01,8.734177589416503906e+00,1.242154598236083984e+01
4.495798492431640625e+01,8.734177589416503906e+00,1.245683193206787109e+01
4.537815093994140625e+01,8.734177589416503906e+00,1.249404716491699219e+01
4.579832077026367188e+01,8.734177589416503906e+00,1.253293418884277344e+01
4.621848678588867188e+01,8.734177589416503906e+00,1.257324218750000000e+01
4.663865661621093750e+01,8.734177589416503906e+00,1.261476516723632812e+01
4.705882263183593750e+01,8.734177589416503906e+00,1.265730762481689453e+01
4.747899246215820312e+01,8.734177589416503906e+00,1.270071029663085938e+01
4.789915847778320312e+01,8.734177589416503906e+00,1.274480915069580078e+01
4.831932830810546875e+01,8.734177589416503906e+00,1.278948783874511719e+01
4.873949432373046875e+01,8.734177589416503906e+00,1.283462238311767578e+01
4.915966415405273438e+01,8.734177589416503906e+00,1.288010787963867188e+01
4.957983016967773438e+01,8.734177589416503906e+00,1.292585563659667969e+01
5.000000000000000000e+01,8.734177589416503906e+00,1.297179698944091797e+01
0.000000000000000000e+00,9.113924026489257812e+00,1.034511108398437500e+02
4.201680719852447510e-01,9.113924026489257812e+00,1.031590957641601562e+02
8.403361439704895020e-01,9.113924026489257812e+00,1.030945816040039062e+02
1.260504245758056641e+00,9.113924026489257812e+00,1.032549667358398438e+02
1.680672287940979004e+00,9.113924026489257812e+00,1.035658111572265625e+02
2.100840330123901367e+00,9.113924026489257812e+00,1.038978576660156250e+02
2.521008491516113281e+00,9.113924026489257812e+00,1.041371765136718750e+02
2.941176414489746094e+00,9.113924026489257812e+00,1.042247085571289062e+02
3.361344575881958008e+00,9.113924026489257812e+00,1.041452178955078125e+02
3.781512498855590820e+00,9.113924026489257812e+00,1.039008331298828125e+02
4.201680660247802734e+00,9.113924026489257812e+00,1.034987716674804688e+02
4.621848583221435547e+00,9.113924026489257812e+00,1.029593811035156250e+02
5.042016983032226562e+00,9.113924026489257812e+00,1.023291702270507812e+02
5.462184906005859375e+00,9.113924026489257812e+00,1.016725158691406250e+02
5.882352828979492188e+00,9.113924026489257812e+00,1.010389556884765625e+02
6.302521228790283203e+00,9.113924026489257812e+00,1.004399490356445312e+02
6.722689151763916016e+00,9.113924026489257812e+00,9.985458374023437500e+01
7.142857074737548828e+00,9.113924026489257812e+00,9.924971771240234375e+01
7.563024997711181641e+00,9.113924026489257812e+00,9.859773254394531250e+01
7.983193397521972656e+00,9.113924026489257812e+00,9.788736724853515625e+01
8.403361320495605469e+00,9.113924026489257812e+00,9.712990570068359375e+01
8.823529243469238281e+00,9.113924026489257812e+00,9.635575103759765625e+01
9.243697166442871094e+00,9.113924026489257812e+00,9.560002136230468750e+01
9.663865089416503906e+00,9.113924026489257812e+00,9.488464355468750000e+01
1.008403396606445312e+01,9.113924026489257812e+00,9.421028900146484375e+01
1.050420188903808594e+01,9.113924026489257812e+00,9.356409454345703125e+01
1.092436981201171875e+01,9.113924026489257812e+00,9.293473815917968750e+01
1.134453773498535156e+01,9.113924026489257812e+00,9.232305145263671875e+01
1.176470565795898438e+01,9.113924026489257812e+00,9.173934936523437500e+01
1.218487358093261719e+01,9.113924026489257812e+00,9.119547271728515625e+01
1.260504245758056641e+01,9.113924026489257812e+00,9.069935607910156250e+01
1.302521038055419922e+01,9.113924026489257812e+00,9.025563049316406250e+01
1.344537830352783203e+01,9.113924026489257812e+00,8.986745452880859375e+01
1.386554622650146484e+01,9.113924026489257812e+00,8.953651428222656250e+01
1.428571414947509766e+01,9.113924026489257812e+00,8.926228332519531250e+01
1.470588207244873047e+01,9.113924026489257812e+00,8.904114532470703125e+01
1.512604999542236328e+01,9.113924026489257812e+00,8.886537170410156250e+01
1.554621887207031250e+01,9.113924026489257812e+00,8.872310638427734375e+01
1.596638679504394531e+01,9.113924026489257812e+00,8.859915161132812500e+01
1.638655471801757812e+01,9.113924026489257812e+00,8.847554016113281250e+01
1.680672264099121094e+01,9.113924026489257812e+00,8.833335113525390625e+01
1.722689056396484375e+01,9.113924026489257812e+00,8.815178680419921875e+01
1.764705848693847656e+01,9.113924026489257812e+00,8.790480804443359375e+01
1.806722640991210938e+01,9.113924026489257812e+00,8.755174255371093750e+01
1.848739433288574219e+01,9.113924026489257812e+00,8.702364349365234375e+01
1.890756225585937500e+01,9.113924026489257812e+00,8.620662689208984375e+01
1.932773017883300781e+01,9.113924026489257812e+00,8.493457031250000000e+01
1.974790000915527344e+01,9.113924026489257812e+00,8.300180053710937500e+01
2.016806793212890625e+01,9.113924026489257812e+00,8.020775604248046875e+01
2.058823585510253906e+01,9.113924026489257812e+00,7.642678833007812500e+01
2.100840377807617188e+01,9.113924026489257812e+00,7.167407226562500000e+01
2.142857170104980469e+01,9.113924026489257812e+00,6.612364959716796875e+01
2.184873962402343750e+01,9.113924026489257812e+00,6.006962203979492188e+01
2.226890754699707031e+01,9.113924026489257812e+00,5.385940170288085938e+01
2.268907546997070312e+01,9.113924026489257812e+00,4.783302688598632812e+01
2.310924339294433594e+01,9.113924026489257812e+00,4.227429580688476562e+01
2.352941131591796875e+01,9.113924026489257812e+00,3.737160110473632812e+01
2.394957923889160156e+01,9.113924026489257812e+00,3.320317459106445312e+01
2.436974716186523438e+01,9.113924026489257812e+00,2.975405883789062500e+01
2.478991508483886719e+01,9.113924026489257812e+00,2.695075035095214844e+01
2.521008491516113281e+01,9.113924026489257812e+00,2.469489097595214844e+01
2.563025283813476562e+01,9.113924026489257812e+00,2.288588523864746094e+01
2.605042076110839844e+01,9.113924026489257812e+00,2.143262863159179688e+01
2.647058868408203125e+01,9.113924026489257812e+00,2.025853919982910156e+01
2.689075660705566406e+01,9.113924026489257812e+00,1.930205917358398438e+01
2.731092453002929688e+01,9.113924026489257812e+00,1.851527786254882812e+01
2.773109245300292969e+01,9.113924026489257812e+00,1.786159324645996094e+01
2.815126037597656250e+01,9.113924026489257812e+00,1.731320190429687500e+01
2.857142829895019531e+01,9.113924026489257812e+00,1.684900665283203125e+01
2.899159622192382812e+01,9.113924026489257812e+00,1.645273208618164062e+01
2.941176414489746094e+01,9.113924026489257812e+00,1.611166191101074219e+01
2.983193206787109375e+01,9.113924026489257812e+00,1.581564521789550781e+01
3.025209999084472656e+01,9.113924026489257812e+00,1.555639839172363281e+01
3.067226982116699219e+01,9.113924026489257812e+00,1.532708644866943359e+01
3.109243774414062500e+01,9.113924026489257812e+00,1.512199115753173828e+01
3.151260566711425781e+01,9.113924026489257812e+00,1.493631362915039062e+01
3.193277359008789062e+01,9.113924026489257812e+00,1.476601028442382812e+01
3.235293960571289062e+01,9.113924026489257812e+00,1.460773944854736328e+01
3.277310943603515625e+01,9.113924026489257812e+00,1.445873832702636719e+01
3.319327545166015625e+01,9.113924026489257812e+00,1.431682109832763672e+01
3.361344528198242188e+01,9.113924026489257812e+00,1.418032550811767578e+01
3.403361511230468750e+01,9.113924026489257812e+00,1.404805183410644531e+01
3.445378112792968750e+01,9.113924026489257812e+00,1.391928768157958984e+01
3.487395095825195312e+01,9.113924026489257812e+00,1.379369068145751953e+01
3.529411697387695312e+01,9.113924026489257812e+00,1.367130374908447266e+01
3.571428680419921875e+01,9.113924026489257812e+00,1.355246353149414062e+01
3.613445281982421875e+01,9.113924026489257812e+00,1.343771553039550781e+01
3.655462265014648438e+01,9.113924026489257812e+00,1.332777118682861328e+01
3.697478866577148438e+01,9.113924026489257812e+00,1.322341442108154297e+01
3.739495849609375000e+01,9.113924026489257812e+00,1.312544250488281250e+01
3.781512451171875000e+01,9.113924026489257812e+00,1.303456306457519531e+01
3.823529434204101562e+01,9.113924026489257812e+00,1.295140075683593750e+01
3.865546035766601562e+01,9.113924026489257812e+00,1.287641716003417969e+01
3.907563018798828125e+01,9.113924026489257812e+00,1.280993080139160156e+01
3.949580001831054688e+01,9.113924026489257812e+00,1.275207328796386719e+01
3.991596603393554688e+01,9.113924026489257812e+00,1.270283031463623047e+01
4.033613586425781250e+01,9.113924026489257812e+00,1.266205787658691406e+01
4.075630187988281250e+01,9.113924026489257812e+00,1.262946033477783203e+01
4.117647171020507812e+01,9.113924026489257812e+00,1.260467910766601562e+01
4.159663772583007812e+01,9.113924026489257812e+00,1.258726692199707031e+01
4.201680755615234375e+01,9.113924026489257812e+00,1.257673454284667969e+01
4.243697357177734375e+01,9.113924026489257812e+00,1.257256412506103516e+01
4.285714340209960938e+01,9.113924026489257812e+00,1.257422256469726562e+01
4.327730941772460938e+01,9.113924026489257812e+00,1.258118534088134766e+01
4.369747924804687500e+01,9.113924026489257812e+00,1.259294605255126953e+01
4.411764526367187500e+01,9.113924026489257812e+00,1.260900115966796875e+01
4.453781509399414062e+01,9.113924026489257812e+00,1.262890052795410156e+01
4.495798492431640625e+01,9.113924026489257812e+00,1.265220832824707031e+01
4.537815093994140625e+01,9.113924026489257812e+00,1.267851829528808594e+01
4.579832077026367188e+01,9.113924026489257812e+00,1.270747089385986328e+01
4.621848678588867188e+01,9.113924026489257812e+00,1.273873043060302734e+01
4.663865661621093750e+01,9.113924026489257812e+00,1.277199363708496094e+01
4.705882263183593750e+01,9.113924026489257812e+00,1.280698966979980469e+01
4.747899246215820312e+01,9.113924026489257812e+00,1.284347534179687500e+01
4.789915847778320312e+01,9.113924026489257812e+00,1.288123512268066406e+01
4.831932830810546875e+01,9.113924026489257812e+00,1.292007255554199219e+01
4.873949432373046875e+01,9.113924026489257812e+00,1.295980834960937500e+01
4.915966415405273438e+01,9.113924026489257812e+00,1.300030231475830078e+01
4.957983016967773438e+01,9.113924026489257812e+00,1.304141139984130859e+01
5.000000000000000000e+01,9.113924026489257812e+00,1.308302116394042969e+01
0.000000000000000000e+00,9.493670463562011719e+00,1.041858520507812500e+02
4.201680719852447510e-01,9.493670463562011719e+00,1.039245681762695312e+02
8.403361439704895020e-01,9.493670463562011719e+00,1.038724441528320312e+02
1.260504245758056641e+00,9.493670463562011719e+00,1.040313644409179688e+02
1.680672287940979004e+00,9.493670463562011719e+00,1.043375320434570312e+02
2.100840330123901367e+00,9.493670463562011719e+00,1.046723022460937500e+02
2.521008491516113281e+00,9.493670463562011719e+00,1.049270629882812500e+02
2.941176414489746094e+00,9.493670463562011719e+00,1.050438537597656250e+02
3.361344575881958008e+00,9.493670463562011719e+00,1.050070495605468750e+02
3.781512498855590820e+00,9.493670463562011719e+00,1.048179016113281250e+02
4.201680660247802734e+00,9.493670463562011719e+00,1.044793777465820312e+02
4.621848583221435547e+00,9.493670463562011719e+00,1.040002136230468750e+02
5.042016983032226562e+00,9.493670463562011719e+00,1.034107666015625000e+02
5.462184906005859375e+00,9.493670463562011719e+00,1.027683868408203125e+02
5.882352828979492188e+00,9.493670463562011719e+00,1.021335983276367188e+02
6.302521228790283203e+00,9.493670463562011719e+00,1.015372924804687500e+02
6.722689151763916016e+00,9.493670463562011719e+00,1.009721069335937500e+02
7.142857074737548828e+00,9.493670463562011719e+00,1.004079132080078125e+02
7.563024997711181641e+00,9.493670463562011719e+00,9.981054687500000000e+01
7.983193397521972656e+00,9.493670463562011719e+00,9.915501403808593750e+01
8.403361320495605469e+00,9.493670463562011719e+00,9.843387603759765625e+01
8.823529243469238281e+00,9.493670463562011719e+00,9.766096496582031250e+01
9.243697166442871094e+00,9.493670463562011719e+00,9.686830139160156250e+01
9.663865089416503906e+00,9.493670463562011719e+00,9.609155273437500000e+01
1.008403396606445312e+01,9.493670463562011719e+00,9.535295104980468750e+01
1.050420188903808594e+01,9.493670463562011719e+00,9.465422058105468750e+01
1.092436981201171875e+01,9.493670463562011719e+00,9.398459625244140625e+01
1.134453773498535156e+01,9.493670463562011719e+00,9.333550262451171875e+01
1.176470565795898438e+01,9.493670463562011719e+00,9.270870208740234375e+01
1.218487358093261719e+01,9.493670463562011719e+00,9.211334228515625000e+01
1.260504245758056641e+01,9.493670463562011719e+00,9.155860137939453125e+01
1.302521038055419922e+01,9.493670463562011719e+00,9.105060577392578125e+01
1.344537830352783203e+01,9.493670463562011719e+00,9.059358978271484375e+01
1.386554622650146484e+01,9.493670463562011719e+00,9.019139862060546875e+01
1.428571414947509766e+01,9.493670463562011719e+00,8.984731292724609375e+01
1.470588207244873047e+01,9.493670463562011719e+00,8.956295013427734375e+01
1.512604999542236328e+01,9.493670463562011719e+00,8.933671569824218750e+01
1.554621887207031250e+01,9.493670463562011719e+00,8.916337585449218750e+01
1.596638679504394531e+01,9.493670463562011719e+00,8.903363037109375000e+01
1.638655471801757812e+01,9.493670463562011719e+00,8.893463897705078125e+01
1.680672264099121094e+01,9.493670463562011719e+00,8.885088348388671875e+01
1.722689056396484375e+01,9.493670463562011719e+00,8.876551055908203125e+01
1.764705848693847656e+01,9.493670463562011719e+00,8.866026306152343750e+01
1.806722640991210938e+01,9.493670463562011719e+00,8.851410675048828125e+01
1.848739433288574219e+01,9.493670463562011719e+00,8.829717254638671875e+01
1.890756225585937500e+01,9.493670463562011719e+00,8.796115875244140625e+01
1.932773017883300781e+01,9.493670463562011719e+00,8.742662811279296875e+01
1.974790000915527344e+01,9.493670463562011719e+00,8.657197570800781250e+01
2.016806793212890625e+01,9.493670463562011719e+00,8.523414611816406250e+01
2.058823585510253906e+01,9.493670463562011719e+00,8.322866058349609375e+01
2.100840377807617188e+01,9.493670463562011719e+00,8.039388275146484375e+01
2.142857170104980469e+01,9.493670463562011719e+00,7.664824676513671875e+01
2.184873962402343750e+01,9.493670463562011719e+00,7.203372192382812500e+01
2.226890754699707031e+01,9.493670463562011719e+00,6.671936798095703125e+01
2.268907546997070312e+01,9.493670463562011719e+00,6.096366882324218750e+01
2.310924339294433594e+01,9.493670463562011719e+00,5.506295776367187500e+01
2.352941131591796875e+01,9.493670463562011719e+00,4.930636596679687500e+01
2.394957923889160156e+01,9.493670463562011719e+00,4.393965148925781250e+01
2.436974716186523438e+01,9.493670463562011719e+00,3.913520431518554688e+01
2.478991508483886719e+01,9.493670463562011719e+00,3.497795486450195312e+01
2.521008491516113281e+01,9.493670463562011719e+00,3.147354888916015625e+01
2.563025283813476562e+01,9.493670463562011719e+00,2.857268905639648438e+01
2.605042076110839844e+01,9.493670463562011719e+00,2.619794654846191406e+01
2.647058868408203125e+01,9.493670463562011719e+00,2.426398086547851562e+01
2.689075660705566406e+01,9.493670463562011719e+00,2.268967819213867188e+01
2.731092453002929688e+01,9.493670463562011719e+00,2.140401077270507812e+01
2.773109245300292969e+01,9.493670463562011719e+00,2.034795188903808594e+01
2.815126037597656250e+01,9.493670463562011719e+00,1.947413444519042969e+01
2.857142829895019531e+01,9.493670463562011719e+00,1.874538040161132812e+01
2.899159622192382812e+01,9.493670463562011719e+00,1.813283157348632812e+01
2.941176414489746094e+01,9.493670463562011719e+00,1.761411285400390625e+01
2.983193206787109375e+01,9.493670463562011719e+00,1.717174911499023438e+01
3.025209999084472656e+01,9.493670463562011719e+00,1.679190826416015625e+01
3.067226982116699219e+01,9.493670463562011719e+00,1.646341705322265625e+01
3.109243774414062500e+01,9.493670463562011719e+00,1.617713546752929688e+01
3.151260566711425781e+01,9.493670463562011719e+00,1.592546749114990234e+01
3.193277359008789062e+01,9.493670463562011719e+00,1.570201301574707031e+01
3.235293960571289062e+01,9.493670463562011719e+00,1.550136661529541016e+01
3.277310943603515625e+01,9.493670463562011719e+00,1.531895065307617188e+01
3.319327545166015625e+01,9.493670463562011719e+00,1.515092277526855469e+01
3.361344528198242188e+01,9.493670463562011719e+00,1.499407196044921875e+01
3.403361511230468750e+01,9.493670463562011719e+00,1.484577465057373047e+01
3.445378112792968750e+01,9.493670463562011719e+00,1.470395183563232422e+01
3.487395095825195312e+01,9.493670463562011719e+00,1.456701946258544922e+01
3.529411697387695312e+01,9.493670463562011719e+00,1.443384361267089844e+01
3.571428680419921875e+01,9.493670463562011719e+00,1.430373001098632812e+01
3.613445281982421875e+01,9.493670463562011719e+00,1.417638397216796875e+01
3.655462265014648438e+01,9.493670463562011719e+00,1.405183315277099609e+01
3.697478866577148438e+01,9.493670463562011719e+00,1.393041992187500000e+01
3.739495849609375000e+01,9.493670463562011719e+00,1.381268596649169922e+01
3.781512451171875000e+01,9.493670463562011719e+00,1.369935417175292969e+01
3.823529434204101562e+01,9.493670463562011719e+00,1.359123420715332031e+01
3.865546035766601562e+01,9.493670463562011719e+00,1.348911666870117188e+01
3.907563018798828125e+01,9.493670463562011719e+00,1.339377403259277344e+01
3.949580001831054688e+01,9.493670463562011719e+00,1.330586719512939453e+01
3.991596603393554688e+01,9.493670463562011719e+00,1.322592067718505859e+01
4.033613586425781250e+01,9.493670463562011719e+00,1.315429592132568359e+01
4.075630187988281250e+01,9.493670463562011719e+00,1.309120559692382812e+01
4.117647171020507812e+01,9.493670463562011719e+00,1.303664875030517578e+01
4.159663772583007812e+01,9.493670463562011719e+00,1.299055194854736328e+01
4.201680755615234375e+01,9.493670463562011719e+00,1.295266056060791016e+01
4.243697357177734375e+01,9.493670463562011719e+00,1.292263507843017578e+01
4.285714340209960938e+01,9.493670463562011719e+00,1.290007114410400391e+01
4.327730941772460938e+01,9.493670463562011719e+00,1.288447856903076172e+01
4.369747924804687500e+01,9.493670463562011719e+00,1.287536144256591797e+01
4.411764526367187500e+01,9.493670463562011719e+00,1.287219047546386719e+01
4.453781509399414062e+01,9.493670463562011719e+00,1.287444591522216797e+01
4.495798492431640625e+01,9.493670463562011719e+00,1.288161277770996094e+01
4.537815093994140625e+01,9.493670463562011719e+00,1.289319896697998047e+01
4.579832077026367188e+01,9.493670463562011719e+00,1.290873527526855469e+01
4.621848678588867188e+01,9.493670463562011719e+00,1.292778205871582031e+01
4.663865661621093750e+01,9.493670463562011719e+00,1.294993686676025391e+01
4.705882263183593750e+01,9.493670463562011719e+00,1.297482776641845703e+01
4.747899246215820312e+01,9.493670463562011719e+00,1.300210952758789062e+01
4.789915847778320312e+01,9.493670463562011719e+00,1.303148365020751953e+01
4.831932830810546875e+01,9.493670463562011719e+00,1.306265258789062500e+01
4.873949432373046875e+01,9.493670463562011719e+00,1.309539127349853516e+01
4.915966415405273438e+01,9.493670463562011719e+00,1.312945556640625000e+01
4.957983016967773438e+01,9.493670463562011719e+00,1.316465568542480469e+01
5.000000000000000000e+01,9.493670463562011719e+00,1.320081233978271484e+01
0.000000000000000000e+00,9.873417854309082031e+00,1.049014968872070312e+02
4.201680719852447510e-01,9.873417854309082031e+00,1.046706542968750000e+02
8.403361439704895020e-01,9.873417854309082031e+00,1.046316833496093750e+02
1.260504245758056641e+00,9.873417854309082031e+00,1.047891159057617188e+02
1.680672287940979004e+00,9.873417854309082031e+00,1.050883407592773438e+02
2.100840330123901367e+00,9.873417854309082031e+00,1.054208984375000000e+02
2.521008491516113281e+00,9.873417854309082031e+00,1.056847381591796875e+02
2.941176414489746094e+00,9.873417854309082031e+00,1.058235626220703125e+02
3.361344575881958008e+00,9.873417854309082031e+00,1.058215408325195312e+02
3.781512498855590820e+00,9.873417854309082031e+00,1.056797943115234375e+02
4.201680660247802734e+00,9.873417854309082031e+00,1.053996887207031250e+02
4.621848583221435547e+00,9.873417854309082031e+00,1.049822616577148438e+02
5.042016983032226562e+00,9.873417854309082031e+00,1.044427108764648438e+02
5.462184906005859375e+00,9.873417854309082031e+00,1.038248596191406250e+02
5.882352828979492188e+00,9.873417854309082031e+00,1.031916198730468750e+02
6.302521228790283203e+00,9.873417854309082031e+00,1.025912399291992188e+02
6.722689151763916016e+00,9.873417854309082031e+00,1.020341033935546875e+02
7.142857074737548828e+00,9.873417854309082031e+00,1.014986648559570312e+02
7.563024997711181641e+00,9.873417854309082031e+00,1.009503936767578125e+02
7.983193397521972656e+00,9.873417854309082031e+00,1.003566436767578125e+02
8.403361320495605469e+00,9.873417854309082031e+00,9.969572448730468750e+01
8.823529243469238281e+00,9.873417854309082031e+00,9.896333312988281250e+01
9.243697166442871094e+00,9.873417854309082031e+00,9.817597198486328125e+01
9.663865089416503906e+00,9.873417854309082031e+00,9.736644744873046875e+01
1.008403396606445312e+01,9.873417854309082031e+00,9.657041931152343750e+01
1.050420188903808594e+01,9.873417854309082031e+00,9.581003570556640625e+01
1.092436981201171875e+01,9.873417854309082031e+00,9.508792114257812500e+01
1.134453773498535156e+01,9.873417854309082031e+00,9.439546203613281250e+01
1.176470565795898438e+01,9.873417854309082031e+00,9.372689819335937500e+01
1.218487358093261719e+01,9.873417854309082031e+00,9.308584594726562500e+01
1.260504245758056641e+01,9.873417854309082031e+00,9.248039245605468750e+01
1.302521038055419922e+01,9.873417854309082031e+00,9.191708374023437500e+01
1.344537830352783203e+01,9.873417854309082031e+00,9.139955902099609375e+01
1.386554622650146484e+01,9.873417854309082031e+00,9.093103027343750000e+01
1.428571414947509766e+01,9.873417854309082031e+00,9.051581573486328125e+01
1.470588207244873047e+01,9.873417854309082031e+00,9.015859222412109375e+01
1.512604999542236328e+01,9.873417854309082031e+00,8.986252593994140625e+01
1.554621887207031250e+01,9.873417854309082031e+00,8.962814331054687500e+01
1.596638679504394531e+01,9.873417854309082031e+00,8.945223236083984375e+01
1.638655471801757812e+01,9.873417854309082031e+00,8.932785797119140625e+01
1.680672264099121094e+01,9.873417854309082031e+00,8.924423980712890625e+01
1.722689056396484375e+01,9.873417854309082031e+00,8.918817138671875000e+01
1.764705848693847656e+01,9.873417854309082031e+00,8.914446258544921875e+01
1.806722640991210938e+01,9.873417854309082031e+00,8.909703826904296875e+01
1.848739433288574219e+01,9.873417854309082031e+00,8.902798461914062500e+01
1.890756225585937500e+01,9.873417854309082031e+00,8.891428375244140625e+01
1.932773017883300781e+01,9.873417854309082031e+00,8.872124481201171875e+01
1.974790000915527344e+01,9.873417854309082031e+00,8.839279937744140625e+01
2.016806793212890625e+01,9.873417854309082031e+00,8.784161376953125000e+01
2.058823585510253906e+01,9.873417854309082031e+00,8.694417572021484375e+01
2.100840377807617188e+01,9.873417854309082031e+00,8.554693603515625000e+01
2.142857170104980469e+01,9.873417854309082031e+00,8.349032592773437500e+01
2.184873962402343750e+01,9.873417854309082031e+00,8.064829254150390625e+01
2.226890754699707031e+01,9.873417854309082031e+00,7.697245788574218750e+01
2.268907546997070312e+01,9.873417854309082031e+00,7.251963043212890625e+01
2.310924339294433594e+01,9.873417854309082031e+00,6.744692230224609375e+01
2.352941131591796875e+01,9.873417854309082031e+00,6.197895050048828125e+01
2.394957923889160156e+01,9.873417854309082031e+00,5.636806488037109375e+01
2.436974716186523438e+01,9.873417854309082031e+00,5.086106109619140625e+01
2.478991508483886719e+01,9.873417854309082031e+00,4.567193984985351562e+01
2.521008491516113281e+01,9.873417854309082031e+00,4.095920562744140625e+01
2.563025283813476562e+01,9.873417854309082031e+00,3.681244277954101562e+01
2.605042076110839844e+01,9.873417854309082031e+00,3.325447082519531250e+01
2.647058868408203125e+01,9.873417854309082031e+00,3.025753402709960938e+01
2.689075660705566406e+01,9.873417854309082031e+00,2.776374244689941406e+01
2.731092453002929688e+01,9.873417854309082031e+00,2.570282936096191406e+01
2.773109245300292969e+01,9.873417854309082031e+00,2.400387001037597656e+01
2.815126037597656250e+01,9.873417854309082031e+00,2.260198974609375000e+01
2.857142829895019531e+01,9.873417854309082031e+00,2.144121551513671875e+01
2.899159622192382812e+01,9.873417854309082031e+00,2.047516632080078125e+01
2.941176414489746094e+01,9.873417854309082031e+00,1.966639709472656250e+01
2.983193206787109375e+01,9.873417854309082031e+00,1.898511123657226562e+01
3.025209999084472656e+01,9.873417854309082031e+00,1.840773200988769531e+01
3.067226982116699219e+01,9.873417854309082031e+00,1.791552734375000000e+01
3.109243774414062500e+01,9.873417854309082031e+00,1.749349784851074219e+01
3.151260566711425781e+01,9.873417854309082031e+00,1.712944030761718750e+01
3.193277359008789062e+01,9.873417854309082031e+00,1.681328010559082031e+01
3.235293960571289062e+01,9.873417854309082031e+00,1.653660392761230469e+01
3.277310943603515625e+01,9.873417854309082031e+00,1.629230308532714844e+01
3.319327545166015625e+01,9.873417854309082031e+00,1.607435226440429688e+01
3.361344528198242188e+01,9.873417854309082031e+00,1.587762165069580078e+01
3.403361511230468750e+01,9.873417854309082031e+00,1.569778347015380859e+01
3.445378112792968750e+01,9.873417854309082031e+00,1.553117561340332031e+01
3.487395095825195312e+01,9.873417854309082031e+00,1.537477970123291016e+01
3.529411697387695312e+01,9.873417854309082031e+00,1.522612857818603516e+01
3.571428680419921875e+01,9.873417854309082031e+00,1.508329391479492188e+01
3.613445281982421875e+01,9.873417854309082031e+00,1.494478130340576172e+01
3.655462265014648438e+01,9.873417854309082031e+00,1.480957412719726562e+01
3.697478866577148438e+01,9.873417854309082031e+00,1.467704296112060547e+01
3.739495849609375000e+01,9.873417854309082031e+00,1.454691410064697266e+01
3.781512451171875000e+01,9.873417854309082031e+00,1.441926670074462891e+01
3.823529434204101562e+01,9.873417854309082031e+00,1.429443264007568359e+01
3.865546035766601562e+01,9.873417854309082031e+00,1.417298126220703125e+01
3.907563018798828125e+01,9.873417854309082031e+00,1.405562973022460938e+01
3.949580001831054688e+01,9.873417854309082031e+00,1.394318294525146484e+01
3.991596603393554688e+01,9.873417854309082031e+00,1.383647346496582031e+01
4.033613586425781250e+01,9.873417854309082031e+00,1.373629188537597656e+01
4.075630187988281250e+01,9.873417854309082031e+00,1.364333915710449219e+01
4.117647171020507812e+01,9.873417854309082031e+00,1.355817127227783203e+01
4.159663772583007812e+01,9.873417854309082031e+00,1.348121070861816406e+01
4.201680755615234375e+01,9.873417854309082031e+00,1.341270446777343750e+01
4.243697357177734375e+01,9.873417854309082031e+00,1.335272026062011719e+01
4.285714340209960938e+01,9.873417854309082031e+00,1.330119228363037109e+01
4.327730941772460938e+01,9.873417854309082031e+00,1.325792407989501953e+01
4.369747924804687500e+01,9.873417854309082031e+00,1.322260379791259766e+01
4.411764526367187500e+01,9.873417854309082031e+00,1.319483375549316406e+01
4.453781509399414062e+01,9.873417854309082031e+00,1.317416286468505859e+01
4.495798492431640625e+01,9.873417854309082031e+00,1.316007995605468750e+01
4.537815093994140625e+01,9.873417854309082031e+00,1.315208148956298828e+01
4.579832077026367188e+01,9.873417854309082031e+00,1.314963626861572266e+01
4.621848678588867188e+01,9.873417854309082031e+00,1.315223217010498047e+01
4.663865661621093750e+01,9.873417854309082031e+00,1.315938091278076172e+01
4.705882263183593750e+01,9.873417854309082031e+00,1.317059516906738281e+01
4.747899246215820312e+01,9.873417854309082031e+00,1.318544101715087891e+01
4.789915847778320312e+01,9.873417854309082031e+00,1.320349788665771484e+01
4.831932830810546875e+01,9.873417854309082031e+00,1.322438240051269531e+01
4.873949432373046875e+01,9.873417854309082031e+00,1.324776554107666016e+01
4.915966415405273438e+01,9.873417854309082031e+00,1.327331161499023438e+01
4.957983016967773438e+01,9.873417854309082031e+00,1.330074501037597656e+01
5.000000000000000000e+01,9.873417854309082031e+00,1.332981204986572266e+01
0.000000000000000000e+00,1.025316429138183594e+01,1.055963287353515625e+02
4.201680719852447510e-01,1.025316429138183594e+01,1.053952636718750000e+02
8.403361439704895020e-01,1.025316429138183594e+01,1.053701858520507812e+02
1.260504245758056641e+00,1.025316429138183594e+01,1.055269165039062500e+02
1.680672287940979004e+00,1.025316429138183594e+01,1.058179092407226562e+02
2.100840330123901367e+00,1.025316429138183594e+01,1.061447753906250000e+02
2.521008491516113281e+00,1.025316429138183594e+01,1.064122009277343750e+02
2.941176414489746094e+00,1.025316429138183594e+01,1.065666656494140625e+02
3.361344575881958008e+00,1.025316429138183594e+01,1.065923309326171875e+02
3.781512498855590820e+00,1.025316429138183594e+01,1.064903717041015625e+02
4.201680660247802734e+00,1.025316429138183594e+01,1.062619094848632812e+02
4.621848583221435547e+00,1.025316429138183594e+01,1.059040756225585938e+02
5.042016983032226562e+00,1.025316429138183594e+01,1.054201431274414062e+02
5.462184906005859375e+00,1.025316429138183594e+01,1.048375930786132812e+02
5.882352828979492188e+00,1.025316429138183594e+01,1.042129287719726562e+02
6.302521228790283203e+00,1.025316429138183594e+01,1.036057205200195312e+02
6.722689151763916016e+00,1.025316429138183594e+01,1.030460205078125000e+02
7.142857074737548828e+00,1.025316429138183594e+01,1.025256576538085938e+02
7.563024997711181641e+00,1.025316429138183594e+01,1.020145416259765625e+02
7.983193397521972656e+00,1.025316429138183594e+01,1.014771804809570312e+02
8.403361320495605469e+00,1.025316429138183594e+01,1.008837509155273438e+02
8.823529243469238281e+00,1.025316429138183594e+01,1.002160110473632812e+02
9.243697166442871094e+00,1.025316429138183594e+01,9.947254180908203125e+01
9.663865089416503906e+00,1.025316429138183594e+01,9.867171478271484375e+01
1.008403396606445312e+01,1.025316429138183594e+01,9.784713745117187500e+01
1.050420188903808594e+01,1.025316429138183594e+01,9.703366851806640625e+01
1.092436981201171875e+01,1.025316429138183594e+01,9.625311279296875000e+01
1.134453773498535156e+01,1.025316429138183594e+01,9.550871276855468750e+01
1.176470565795898438e+01,1.025316429138183594e+01,9.479402160644531250e+01
1.218487358093261719e+01,1.025316429138183594e+01,9.410648345947265625e+01
1.260504245758056641e+01,1.025316429138183594e+01,9.345191192626953125e+01
1.302521038055419922e+01,1.025316429138183594e+01,9.283787536621093750e+01
1.344537830352783203e+01,1.025316429138183594e+01,9.226816558837890625e+01
1.386554622650146484e+01,1.025316429138183594e+01,9.174359130859375000e+01
1.428571414947509766e+01,1.025316429138183594e+01,9.126576995849609375e+01
1.470588207244873047e+01,1.025316429138183594e+01,9.083915710449218750e+01
1.512604999542236328e+01,1.025316429138183594e+01,9.046934509277343750e+01
1.554621887207031250e+01,1.025316429138183594e+01,9.016104125976562500e+01
1.596638679504394531e+01,1.025316429138183594e+01,8.991657257080078125e+01
1.638655471801757812e+01,1.025316429138183594e+01,8.973458099365234375e+01
1.680672264099121094e+01,1.025316429138183594e+01,8.961010742187500000e+01
1.722689056396484375e+01,1.025316429138183594e+01,8.953442382812500000e+01
1.764705848693847656e+01,1.025316429138183594e+01,8.949617767333984375e+01
1.806722640991210938e+01,1.025316429138183594e+01,8.948200988769531250e+01
1.848739433288574219e+01,1.025316429138183594e+01,8.947740173339843750e+01
1.890756225585937500e+01,1.025316429138183594e+01,8.946673583984375000e+01
1.932773017883300781e+01,1.025316429138183594e+01,8.943129730224609375e+01
1.974790000915527344e+01,1.025316429138183594e+01,8.934510803222656250e+01
2.016806793212890625e+01,1.025316429138183594e+01,8.916793060302734375e+01
2.058823585510253906e+01,1.025316429138183594e+01,8.883728027343750000e+01
2.100840377807617188e+01,1.025316429138183594e+01,8.826156616210937500e+01
2.142857170104980469e+01,1.025316429138183594e+01,8.732018280029296875e+01
2.184873962402343750e+01,1.025316429138183594e+01,8.587381744384765625e+01
2.226890754699707031e+01,1.025316429138183594e+01,8.378781127929687500e+01
2.268907546997070312e+01,1.025316429138183594e+01,8.096660614013671875e+01
2.310924339294433594e+01,1.025316429138183594e+01,7.738574218750000000e+01
2.352941131591796875e+01,1.025316429138183594e+01,7.310813903808593750e+01
2.394957923889160156e+01,1.025316429138183594e+01,6.827568054199218750e+01
2.436974716186523438e+01,1.025316429138183594e+01,6.308220672607421875e+01
2.478991508483886719e+01,1.025316429138183594e+01,5.774286270141601562e+01
2.521008491516113281e+01,1.025316429138183594e+01,5.246873474121093750e+01
2.563025283813476562e+01,1.025316429138183594e+01,4.744720840454101562e+01
2.605042076110839844e+01,1.025316429138183594e+01,4.282384490966796875e+01
2.647058868408203125e+01,1.025316429138183594e+01,3.869065856933593750e+01
2.689075660705566406e+01,1.025316429138183594e+01,3.508434295654296875e+01
2.731092453002929688e+01,1.025316429138183594e+01,3.199581909179687500e+01
2.773109245300292969e+01,1.025316429138183594e+01,2.938547706604003906e+01
2.815126037597656250e+01,1.025316429138183594e+01,2.719767761230468750e+01
2.857142829895019531e+01,1.025316429138183594e+01,2.537204170227050781e+01
2.899159622192382812e+01,1.025316429138183594e+01,2.385035133361816406e+01
2.941176414489746094e+01,1.025316429138183594e+01,2.258037567138671875e+01
2.983193206787109375e+01,1.025316429138183594e+01,2.151723098754882812e+01
3.025209999084472656e+01,1.025316429138183594e+01,2.062360000610351562e+01
3.067226982116699219e+01,1.025316429138183594e+01,1.986898612976074219e+01
3.109243774414062500e+01,1.025316429138183594e+01,1.922875022888183594e+01
3.151260566711425781e+01,1.025316429138183594e+01,1.868295097351074219e+01
3.193277359008789062e+01,1.025316429138183594e+01,1.821541023254394531e+01
3.235293960571289062e+01,1.025316429138183594e+01,1.781281471252441406e+01
3.277310943603515625e+01,1.025316429138183594e+01,1.746412658691406250e+01
3.319327545166015625e+01,1.025316429138183594e+01,1.716007614135742188e+01
3.361344528198242188e+01,1.025316429138183594e+01,1.689279365539550781e+01
3.403361511230468750e+01,1.025316429138183594e+01,1.665558433532714844e+01
3.445378112792968750e+01,1.025316429138183594e+01,1.644272804260253906e+01
3.487395095825195312e+01,1.025316429138183594e+01,1.624938774108886719e+01
3.529411697387695312e+01,1.025316429138183594e+01,1.607145500183105469e+01
3.571428680419921875e+01,1.025316429138183594e+01,1.590550804138183594e+01
3.613445281982421875e+01,1.025316429138183594e+01,1.574871349334716797e+01
3.655462265014648438e+01,1.025316429138183594e+01,1.559879016876220703e+01
3.697478866577148438e+01,1.025316429138183594e+01,1.545396995544433594e+01
3.739495849609375000e+01,1.025316429138183594e+01,1.531291103363037109e+01
3.781512451171875000e+01,1.025316429138183594e+01,1.517470645904541016e+01
3.823529434204101562e+01,1.025316429138183594e+01,1.503881072998046875e+01
3.865546035766601562e+01,1.025316429138183594e+01,1.490502357482910156e+01
3.907563018798828125e+01,1.025316429138183594e+01,1.477346515655517578e+01
3.949580001831054688e+01,1.025316429138183594e+01,1.464447975158691406e+01
3.991596603393554688e+01,1.025316429138183594e+01,1.451866531372070312e+01
4.033613586425781250e+01,1.025316429138183594e+01,1.439671897888183594e+01
4.075630187988281250e+01,1.025316429138183594e+01,1.427947902679443359e+01
4.117647171020507812e+01,1.025316429138183594e+01,1.416777420043945312e+01
4.159663772583007812e+01,1.025316429138183594e+01,1.406242084503173828e+01
4.201680755615234375e+01,1.025316429138183594e+01,1.396414852142333984e+01
4.243697357177734375e+01,1.025316429138183594e+01,1.387355613708496094e+01
4.285714340209960938e+01,1.025316429138183594e+01,1.379108619689941406e+01
4.327730941772460938e+01,1.025316429138183594e+01,1.371703243255615234e+01
4.369747924804687500e+01,1.025316429138183594e+01,1.365151309967041016e+01
4.411764526367187500e+01,1.025316429138183594e+01,1.359448814392089844e+01
4.453781509399414062e+01,1.025316429138183594e+01,1.354578971862792969e+01
4.495798492431640625e+01,1.025316429138183594e+01,1.350514221191406250e+01
4.537815093994140625e+01,1.025316429138183594e+01,1.347215270996093750e+01
4.579832077026367188e+01,1.025316429138183594e+01,1.344638824462890625e+01
4.621848678588867188e+01,1.025316429138183594e+01,1.342736530303955078e+01
4.663865661621093750e+01,1.025316429138183594e+01,1.341455364227294922e+01
4.705882263183593750e+01,1.025316429138183594e+01,1.340744876861572266e+01
4.747899246215820312e+01,1.025316429138183594e+01,1.340553379058837891e+01
4.789915847778320312e+01,1.025316429138183594e+01,1.340827941894531250e+01
4.831932830810546875e+01,1.025316429138183594e+01,1.341523742675781250e+01
4.873949432373046875e+01,1.025316429138183594e+01,1.342594432830810547e+01
4.915966415405273438e+01,1.025316429138183594e+01,1.343997764587402344e+01
4.957983016967773438e+01,1.025316429138183594e+01,1.345695209503173828e+01
5.000000000000000000e+01,1.025316429138183594e+01,1.347650623321533203e+01
0.000000000000000000e+00,1.063291168212890625e+01,1.062691574096679688e+02
4.201680719852447510e-01,1.063291168212890625e+01,1.060968551635742188e+02
8.403361439704895020e-01,1.063291168212890625e+01,1.060865859985351562e+02
1.260504245758056641e+00,1.063291168212890625e+01,1.062435684204101562e+02
1.680672287940979004e+00,1.063291168212890625e+01,1.065263290405273438e+02
2.100840330123901367e+00,1.063291168212890625e+01,1.068448867797851562e+02
2.521008491516113281e+00,1.063291168212890625e+01,1.071114730834960938e+02
2.941176414489746094e+00,1.063291168212890625e+01,1.072759552001953125e+02
3.361344575881958008e+00,1.063291168212890625e+01,1.073230285644531250e+02
3.781512498855590820e+00,1.063291168212890625e+01,1.072537612915039062e+02
4.201680660247802734e+00,1.063291168212890625e+01,1.070699081420898438e+02
4.621848583221435547e+00,1.063291168212890625e+01,1.067670135498046875e+02
5.042016983032226562e+00,1.063291168212890625e+01,1.063404769897460938e+02
5.462184906005859375e+00,1.063291168212890625e+01,1.058025207519531250e+02
5.882352828979492188e+00,1.063291168212890625e+01,1.051963348388671875e+02
6.302521228790283203e+00,1.063291168212890625e+01,1.045845489501953125e+02
6.722689151763916016e+00,1.063291168212890625e+01,1.040145492553710938e+02
7.142857074737548828e+00,1.063291168212890625e+01,1.034961547851562500e+02
7.563024997711181641e+00,1.063291168212890625e+01,1.030077972412109375e+02
7.983193397521972656e+00,1.063291168212890625e+01,1.025150985717773438e+02
8.403361320495605469e+00,1.063291168212890625e+01,1.019842910766601562e+02
8.823529243469238281e+00,1.063291168212890625e+01,1.013885726928710938e+02
9.243697166442871094e+00,1.063291168212890625e+01,1.007129287719726562e+02
9.663865089416503906e+00,1.063291168212890625e+01,9.995867156982421875e+01
1.008403396606445312e+01,1.063291168212890625e+01,9.914575195312500000e+01
1.050420188903808594e+01,1.063291168212890625e+01,9.830765533447265625e+01
1.092436981201171875e+01,1.063291168212890625e+01,9.747863769531250000e+01
1.134453773498535156e+01,1.063291168212890625e+01,9.667965698242187500e+01
1.176470565795898438e+01,1.063291168212890625e+01,9.591420745849609375e+01
1.218487358093261719e+01,1.063291168212890625e+01,9.517810058593750000e+01
1.260504245758056641e+01,1.063291168212890625e+01,9.447209930419921875e+01
1.302521038055419922e+01,1.063291168212890625e+01,9.380461120605468750e+01
1.344537830352783203e+01,1.063291168212890625e+01,9.318332672119140625e+01
1.386554622650146484e+01,1.063291168212890625e+01,9.260937500000000000e+01
1.428571414947509766e+01,1.063291168212890625e+01,9.208023071289062500e+01
1.470588207244873047e+01,1.063291168212890625e+01,9.159563446044921875e+01
1.512604999542236328e+01,1.063291168212890625e+01,9.115956115722656250e+01
1.554621887207031250e+01,1.063291168212890625e+01,9.077835845947265625e+01
1.596638679504394531e+01,1.063291168212890625e+01,9.045800018310546875e+01
1.638655471801757812e+01,1.063291168212890625e+01,9.020240783691406250e+01
1.680672264099121094e+01,1.063291168212890625e+01,9.001197814941406250e+01
1.722689056396484375e+01,1.063291168212890625e+01,8.988339233398437500e+01
1.764705848693847656e+01,1.063291168212890625e+01,8.980992126464843750e+01
1.806722640991210938e+01,1.063291168212890625e+01,8.978182983398437500e+01
1.848739433288574219e+01,1.063291168212890625e+01,8.978735351562500000e+01
1.890756225585937500e+01,1.063291168212890625e+01,8.981339263916015625e+01
1.932773017883300781e+01,1.063291168212890625e+01,8.984606933593750000e+01
1.974790000915527344e+01,1.063291168212890625e+01,8.986950683593750000e+01
2.016806793212890625e+01,1.063291168212890625e+01,8.986338043212890625e+01
2.058823585510253906e+01,1.063291168212890625e+01,8.979797363281250000e+01
2.100840377807617188e+01,1.063291168212890625e+01,8.962797546386718750e+01
2.142857170104980469e+01,1.063291168212890625e+01,8.928625488281250000e+01
2.184873962402343750e+01,1.063291168212890625e+01,8.868089294433593750e+01
2.226890754699707031e+01,1.063291168212890625e+01,8.769810485839843750e+01
2.268907546997070312e+01,1.063291168212890625e+01,8.621451568603515625e+01
2.310924339294433594e+01,1.063291168212890625e+01,8.411927032470703125e+01
2.352941131591796875e+01,1.063291168212890625e+01,8.134123229980468750e+01
2.394957923889160156e+01,1.063291168212890625e+01,7.787206268310546875e+01
2.436974716186523438e+01,1.063291168212890625e+01,7.377540588378906250e+01
2.478991508483886719e+01,1.063291168212890625e+01,6.917713928222656250e+01
2.521008491516113281e+01,1.063291168212890625e+01,6.424393463134765625e+01
2.563025283813476562e+01,1.063291168212890625e+01,5.915914535522460938e+01
2.605042076110839844e+01,1.063291168212890625e+01,5.410418319702148438e+01
2.647058868408203125e+01,1.063291168212890625e+01,4.924319458007812500e+01
2.689075660705566406e+01,1.063291168212890625e+01,4.470976257324218750e+01
2.731092453002929688e+01,1.063291168212890625e+01,4.059603881835937500e+01
2.773109245300292969e+01,1.063291168212890625e+01,3.694938659667968750e+01
2.815126037597656250e+01,1.063291168212890625e+01,3.377667236328125000e+01
2.857142829895019531e+01,1.063291168212890625e+01,3.105479812622070312e+01
2.899159622192382812e+01,1.063291168212890625e+01,2.874236679077148438e+01
2.941176414489746094e+01,1.063291168212890625e+01,2.678975105285644531e+01
2.983193206787109375e+01,1.063291168212890625e+01,2.514597511291503906e+01
3.025209999084472656e+01,1.063291168212890625e+01,2.376317977905273438e+01
3.067226982116699219e+01,1.063291168212890625e+01,2.259860038757324219e+01
3.109243774414062500e+01,1.063291168212890625e+01,2.161552810668945312e+01
3.151260566711425781e+01,1.063291168212890625e+01,2.078314399719238281e+01
3.193277359008789062e+01,1.063291168212890625e+01,2.007589530944824219e+01
3.235293960571289062e+01,1.063291168212890625e+01,1.947274208068847656e+01
3.277310943603515625e+01,1.063291168212890625e+01,1.895634460449218750e+01
3.319327545166015625e+01,1.063291168212890625e+01,1.851228141784667969e+01
3.361344528198242188e+01,1.063291168212890625e+01,1.812853050231933594e+01
3.403361511230468750e+01,1.063291168212890625e+01,1.779487609863281250e+01
3.445378112792968750e+01,1.063291168212890625e+01,1.750266838073730469e+01
3.487395095825195312e+01,1.063291168212890625e+01,1.724448966979980469e+01
3.529411697387695312e+01,1.063291168212890625e+01,1.701402091979980469e+01
3.571428680419921875e+01,1.063291168212890625e+01,1.680583381652832031e+01
3.613445281982421875e+01,1.063291168212890625e+01,1.661535453796386719e+01
3.655462265014648438e+01,1.063291168212890625e+01,1.643873023986816406e+01
3.697478866577148438e+01,1.063291168212890625e+01,1.627273750305175781e+01
3.739495849609375000e+01,1.063291168212890625e+01,1.611479377746582031e+01
3.781512451171875000e+01,1.063291168212890625e+01,1.596281242370605469e+01
3.823529434204101562e+01,1.063291168212890625e+01,1.581518936157226562e+01
3.865546035766601562e+01,1.063291168212890625e+01,1.567075538635253906e+01
3.907563018798828125e+01,1.063291168212890625e+01,1.552873611450195312e+01
3.949580001831054688e+01,1.063291168212890625e+01,1.538870048522949219e+01
3.991596603393554688e+01,1.063291168212890625e+01,1.525051021575927734e+01
4.033613586425781250e+01,1.063291168212890625e+01,1.511434555053710938e+01
4.075630187988281250e+01,1.063291168212890625e+01,1.498058700561523438e+01
4.117647171020507812e+01,1.063291168212890625e+01,1.484983825683593750e+01
4.159663772583007812e+01,1.063291168212890625e+01,1.472282123565673828e+01
4.201680755615234375e+01,1.063291168212890625e+01,1.460037803649902344e+01
4.243697357177734375e+01,1.063291168212890625e+01,1.448333835601806641e+01
4.285714340209960938e+01,1.063291168212890625e+01,1.437253665924072266e+01
4.327730941772460938e+01,1.063291168212890625e+01,1.426872539520263672e+01
4.369747924804687500e+01,1.063291168212890625e+01,1.417252159118652344e+01
4.411764526367187500e+01,1.063291168212890625e+01,1.408441829681396484e+01
4.453781509399414062e+01,1.063291168212890625e+01,1.400471782684326172e+01
4.495798492431640625e+01,1.063291168212890625e+01,1.393359184265136719e+01
4.537815093994140625e+01,1.063291168212890625e+01,1.387102317810058594e+01
4.579832077026367188e+01,1.063291168212890625e+01,1.381687545776367188e+01
4.621848678588867188e+01,1.063291168212890625e+01,1.377087974548339844e+01
4.663865661621093750e+01,1.063291168212890625e+01,1.373268318176269531e+01
4.705882263183593750e+01,1.063291168212890625e+01,1.370185565948486328e+01
4.747899246215820312e+01,1.063291168212890625e+01,1.367790889739990234e+01
4.789915847778320312e+01,1.063291168212890625e+01,1.366033267974853516e+01
4.831932830810546875e+01,1.063291168212890625e+01,1.364861965179443359e+01
4.873949432373046875e+01,1.063291168212890625e+01,1.364223003387451172e+01
4.915966415405273438e+01,1.063291168212890625e+01,1.364066600799560547e+01
4.957983016967773438e+01,1.063291168212890625e+01,1.364344310760498047e+01
5.000000000000000000e+01,1.063291168212890625e+01,1.365009403228759766e+01
0.000000000000000000e+00,1.101265811920166016e+01,1.069190902709960938e+02
4.201680719852447510e-01,1.101265811920166016e+01,1.067743988037109375e+02
8.403361439704895020e-01,1.101265811920166016e+01,1.067794876098632812e+02
1.260504245758056641e+00,1.101265811920166016e+01,1.069383697509765625e+02
1.680672287940979004e+00,1.101265811920166016e+01,1.072133636474609375e+02
2.100840330123901367e+00,1.101265811920166016e+01,1.075223846435546875e+02
2.521008491516113281e+00,1.101265811920166016e+01,1.077846984863281250e+02
2.941176414489746094e+00,1.101265811920166016e+01,1.079544906616210938e+02
3.361344575881958008e+00,1.101265811920166016e+01,1.080174179077148438e+02
3.781512498855590820e+00,1.101265811920166016e+01,1.079745178222656250e+02
4.201680660247802734e+00,1.101265811920166016e+01,1.078280868530273438e+02
4.621848583221435547e+00,1.101265811920166016e+01,1.075740814208984375e+02
5.042016983032226562e+00,1.101265811920166016e+01,1.072034988403320312e+02
5.462184906005859375e+00,1.101265811920166016e+01,1.067162704467773438e+02
5.882352828979492188e+00,1.101265811920166016e+01,1.061393585205078125e+02
6.302521228790283203e+00,1.101265811920166016e+01,1.055295333862304688e+02
6.722689151763916016e+00,1.101265811920166016e+01,1.049463272094726562e+02
7.142857074737548828e+00,1.101265811920166016e+01,1.044188613891601562e+02
7.563024997711181641e+00,1.101265811920166016e+01,1.039387893676757812e+02
7.983193397521972656e+00,1.101265811920166016e+01,1.034763183593750000e+02
8.403361320495605469e+00,1.101265811920166016e+01,1.029966049194335938e+02
8.823529243469238281e+00,1.101265811920166016e+01,1.024684295654296875e+02
9.243697166442871094e+00,1.101265811920166016e+01,1.018683242797851562e+02
9.663865089416503906e+00,1.101265811920166016e+01,1.011842269897460938e+02
1.008403396606445312e+01,1.101265811920166016e+01,1.004197845458984375e+02
1.050420188903808594e+01,1.101265811920166016e+01,9.959598541259765625e+01
1.092436981201171875e+01,1.101265811920166016e+01,9.874622344970703125e+01
1.134453773498535156e+01,1.101265811920166016e+01,9.790342712402343750e+01
1.176470565795898438e+01,1.101265811920166016e+01,9.708763122558593750e+01
1.218487358093261719e+01,1.101265811920166016e+01,9.630260467529296875e+01
1.260504245758056641e+01,1.101265811920166016e+01,9.554597473144531250e+01
1.302521038055419922e+01,1.101265811920166016e+01,9.482200622558593750e+01
1.344537830352783203e+01,1.101265811920166016e+01,9.414215850830078125e+01
1.386554622650146484e+01,1.101265811920166016e+01,9.351476287841796875e+01
1.428571414947509766e+01,1.101265811920166016e+01,9.293855285644531250e+01
1.470588207244873047e+01,1.101265811920166016e+01,9.240730285644531250e+01
1.512604999542236328e+01,1.101265811920166016e+01,9.191852569580078125e+01
1.554621887207031250e+01,1.101265811920166016e+01,9.147516632080078125e+01
1.596638679504394531e+01,1.101265811920166016e+01,9.108412933349609375e+01
1.638655471801757812e+01,1.101265811920166016e+01,9.075252532958984375e+01
1.680672264099121094e+01,1.101265811920166016e+01,9.048556518554687500e+01
1.722689056396484375e+01,1.101265811920166016e+01,9.028524017333984375e+01
1.764705848693847656e+01,1.101265811920166016e+01,9.014981842041015625e+01
1.806722640991210938e+01,1.101265811920166016e+01,9.007419586181640625e+01
1.848739433288574219e+01,1.101265811920166016e+01,9.005027770996093750e+01
1.890756225585937500e+01,1.101265811920166016e+01,9.006762695312500000e+01
1.932773017883300781e+01,1.101265811920166016e+01,9.011462402343750000e+01
1.974790000915527344e+01,1.101265811920166016e+01,9.017858123779296875e+01
2.016806793212890625e+01,1.101265811920166016e+01,9.024568939208984375e+01
2.058823585510253906e+01,1.101265811920166016e+01,9.029932403564453125e+01
2.100840377807617188e+01,1.101265811920166016e+01,9.031671905517578125e+01
2.142857170104980469e+01,1.101265811920166016e+01,9.026423645019531250e+01
2.184873962402343750e+01,1.101265811920166016e+01,9.009270477294921875e+01
2.226890754699707031e+01,1.101265811920166016e+01,8.973295593261718750e+01
2.268907546997070312e+01,1.101265811920166016e+01,8.909558868408203125e+01
2.310924339294433594e+01,1.101265811920166016e+01,8.807615661621093750e+01
2.352941131591796875e+01,1.101265811920166016e+01,8.656776428222656250e+01
2.394957923889160156e+01,1.101265811920166016e+01,8.448040771484375000e+01
2.436974716186523438e+01,1.101265811920166016e+01,8.176190948486328125e+01
2.478991508483886719e+01,1.101265811920166016e+01,7.841443634033203125e+01
2.521008491516113281e+01,1.101265811920166016e+01,7.449890136718750000e+01
2.563025283813476562e+01,1.101265811920166016e+01,7.012590789794921875e+01
2.605042076110839844e+01,1.101265811920166016e+01,6.543810272216796875e+01
2.647058868408203125e+01,1.101265811920166016e+01,6.059236526489257812e+01
2.689075660705566406e+01,1.101265811920166016e+01,5.574476242065429688e+01
2.731092453002929688e+01,1.101265811920166016e+01,5.103947067260742188e+01
2.773109245300292969e+01,1.101265811920166016e+01,4.659833908081054688e+01
2.815126037597656250e+01,1.101265811920166016e+01,4.251190948486328125e+01
2.857142829895019531e+01,1.101265811920166016e+01,3.883516311645507812e+01
2.899159622192382812e+01,1.101265811920166016e+01,3.558791732788085938e+01
2.941176414489746094e+01,1.101265811920166016e+01,3.276189041137695312e+01
2.983193206787109375e+01,1.101265811920166016e+01,3.032931137084960938e+01
3.025209999084472656e+01,1.101265811920166016e+01,2.825125503540039062e+01
3.067226982116699219e+01,1.101265811920166016e+01,2.648463058471679688e+01
3.109243774414062500e+01,1.101265811920166016e+01,2.498647499084472656e+01
3.151260566711425781e+01,1.101265811920166016e+01,2.371689224243164062e+01
3.193277359008789062e+01,1.101265811920166016e+01,2.264030456542968750e+01
3.235293960571289062e+01,1.101265811920166016e+01,2.172592544555664062e+01
3.277310943603515625e+01,1.101265811920166016e+01,2.094761657714843750e+01
3.319327545166015625e+01,1.101265811920166016e+01,2.028339576721191406e+01
3.361344528198242188e+01,1.101265811920166016e+01,1.971480751037597656e+01
3.403361511230468750e+01,1.101265811920166016e+01,1.922637176513671875e+01
3.445378112792968750e+01,1.101265811920166016e+01,1.880501365661621094e+01
3.487395095825195312e+01,1.101265811920166016e+01,1.843961143493652344e+01
3.529411697387695312e+01,1.101265811920166016e+01,1.812064361572265625e+01
3.571428680419921875e+01,1.101265811920166016e+01,1.783996009826660156e+01
3.613445281982421875e+01,1.101265811920166016e+01,1.759055328369140625e+01
3.655462265014648438e+01,1.101265811920166016e+01,1.736641502380371094e+01
3.697478866577148438e+01,1.101265811920166016e+01,1.716245079040527344e+01
3.739495849609375000e+01,1.101265811920166016e+01,1.697431373596191406e+01
3.781512451171875000e+01,1.101265811920166016e+01,1.679841995239257812e+01
3.823529434204101562e+01,1.101265811920166016e+01,1.663178443908691406e+01
3.865546035766601562e+01,1.101265811920166016e+01,1.647204780578613281e+01
3.907563018798828125e+01,1.101265811920166016e+01,1.631732177734375000e+01
3.949580001831054688e+01,1.101265811920166016e+01,1.616622543334960938e+01
3.991596603393554688e+01,1.101265811920166016e+01,1.601772880554199219e+01
4.033613586425781250e+01,1.101265811920166016e+01,1.587122917175292969e+01
4.075630187988281250e+01,1.101265811920166016e+01,1.572638893127441406e+01
4.117647171020507812e+01,1.101265811920166016e+01,1.558318519592285156e+01
4.159663772583007812e+01,1.101265811920166016e+01,1.544184112548828125e+01
4.201680755615234375e+01,1.101265811920166016e+01,1.530279445648193359e+01
4.243697357177734375e+01,1.101265811920166016e+01,1.516665554046630859e+01
4.285714340209960938e+01,1.101265811920166016e+01,1.503417110443115234e+01
4.327730941772460938e+01,1.101265811920166016e+01,1.490617465972900391e+01
4.369747924804687500e+01,1.101265811920166016e+01,1.478352546691894531e+01
4.411764526367187500e+01,1.101265811920166016e+01,1.466705513000488281e+01
4.453781509399414062e+01,1.101265811920166016e+01,1.455752754211425781e+01
4.495798492431640625e+01,1.101265811920166016e+01,1.445558166503906250e+01
4.537815093994140625e+01,1.101265811920166016e+01,1.436174011230468750e+01
4.579832077026367188e+01,1.101265811920166016e+01,1.427632713317871094e+01
4.621848678588867188e+01,1.101265811920166016e+01,1.419955539703369141e+01
4.663865661621093750e+01,1.101265811920166016e+01,1.413141441345214844e+01
4.705882263183593750e+01,1.101265811920166016e+01,1.407181549072265625e+01
4.747899246215820312e+01,1.101265811920166016e+01,1.402049350738525391e+01
4.789915847778320312e+01,1.101265811920166016e+01,1.397711563110351562e+01
4.831932830810546875e+01,1.101265811920166016e+01,1.394125461578369141e+01
4.873949432373046875e+01,1.101265811920166016e+01,1.391244697570800781e+01
4.915966415405273438e+01,1.101265811920166016e+01,1.389016819000244141e+01
4.957983016967773438e+01,1.101265811920166016e+01,1.387390422821044922e+01
5.000000000000000000e+01,1.101265811920166016e+01,1.386313152313232422e+01
0.000000000000000000e+00,1.139240550994873047e+01,1.075454101562500000e+02
4.201680719852447510e-01,1.139240550994873047e+01,1.074269638061523438e+02
8.403361439704895020e-01,1.139240550994873047e+01,1.074479675292968750e+02
1.260504245758056641e+00,1.139240550994873047e+01,1.076104049682617188e+02
1.680672287940979004e+00,1.139240550994873047e+01,1.078791580200195312e+02
2.100840330123901367e+00,1.139240550994873047e+01,1.081782379150390625e+02
2.521008491516113281e+00,1.139240550994873047e+01,1.084337158203125000e+02
2.941176414489746094e+00,1.139240550994873047e+01,1.086048431396484375e+02
3.361344575881958008e+00,1.139240550994873047e+01,1.086789245605468750e+02
3.781512498855590820e+00,1.139240550994873047e+01,1.086567993164062500e+02
4.201680660247802734e+00,1.139240550994873047e+01,1.085413742065429688e+02
4.621848583221435547e+00,1.139240550994873047e+01,1.083295822143554688e+02
5.042016983032226562e+00,1.139240550994873047e+01,1.080110778808593750e+02
5.462184906005859375e+00,1.139240550994873047e+01,1.075772628784179688e+02
5.882352828979492188e+00,1.139240550994873047e+01,1.070393753051757812e+02
6.302521228790283203e+00,1.139240550994873047e+01,1.064413833618164062e+02
6.722689151763916016e+00,1.139240550994873047e+01,1.058467254638671875e+02
7.142857074737548828e+00,1.139240550994873047e+01,1.053024291992187500e+02
7.563024997711181641e+00,1.139240550994873047e+01,1.048174972534179688e+02
7.983193397521972656e+00,1.139240550994873047e+01,1.043703231811523438e+02
8.403361320495605469e+00,1.139240550994873047e+01,1.039275894165039062e+02
8.823529243469238281e+00,1.139240550994873047e+01,1.034559402465820312e+02
9.243697166442871094e+00,1.139240550994873047e+01,1.029274291992187500e+02
9.663865089416503906e+00,1.139240550994873047e+01,1.023213653564453125e+02
1.008403396606445312e+01,1.139240550994873047e+01,1.016284561157226562e+02
1.050420188903808594e+01,1.139240550994873047e+01,1.008544082641601562e+02
1.092436981201171875e+01,1.139240550994873047e+01,1.000210876464843750e+02
1.134453773498535156e+01,1.139240550994873047e+01,9.916116333007812500e+01
1.176470565795898438e+01,1.139240550994873047e+01,9.830638885498046875e+01
1.218487358093261719e+01,1.139240550994873047e+01,9.747552490234375000e+01
1.260504245758056641e+01,1.139240550994873047e+01,9.667228698730468750e+01
1.302521038055419922e+01,1.139240550994873047e+01,9.589614868164062500e+01
1.344537830352783203e+01,1.139240550994873047e+01,9.515473175048828125e+01
1.386554622650146484e+01,1.139240550994873047e+01,9.446308898925781250e+01
1.428571414947509766e+01,1.139240550994873047e+01,9.383055877685546875e+01
1.470588207244873047e+01,1.139240550994873047e+01,9.325364685058593750e+01
1.512604999542236328e+01,1.139240550994873047e+01,9.272276306152343750e+01
1.554621887207031250e+01,1.139240550994873047e+01,9.223227691650390625e+01
1.596638679504394531e+01,1.139240550994873047e+01,9.178411102294921875e+01
1.638655471801757812e+01,1.139240550994873047e+01,9.138517761230468750e+01
1.680672264099121094e+01,1.139240550994873047e+01,9.104348754882812500e+01
1.722689056396484375e+01,1.139240550994873047e+01,9.076554870605468750e+01
1.764705848693847656e+01,1.139240550994873047e+01,9.055467224121093750e+01
1.806722640991210938e+01,1.139240550994873047e+01,9.041056823730468750e+01
1.848739433288574219e+01,1.139240550994873047e+01,9.032968139648437500e+01
1.890756225585937500e+01,1.139240550994873047e+01,9.030535125732421875e+01
1.932773017883300781e+01,1.139240550994873047e+01,9.032839202880859375e+01
1.974790000915527344e+01,1.139240550994873047e+01,9.038849639892578125e+01
2.016806793212890625e+01,1.139240550994873047e+01,9.047413635253906250e+01
2.058823585510253906e+01,1.139240550994873047e+01,9.057289886474609375e+01
2.100840377807617188e+01,1.139240550994873047e+01,9.067063903808593750e+01
2.142857170104980469e+01,1.139240550994873047e+01,9.074919128417968750e+01
2.184873962402343750e+01,1.139240550994873047e+01,9.078311920166015625e+01
2.226890754699707031e+01,1.139240550994873047e+01,9.073560333251953125e+01
2.268907546997070312e+01,1.139240550994873047e+01,9.055484771728515625e+01
2.310924339294433594e+01,1.139240550994873047e+01,9.017204284667968750e+01
2.352941131591796875e+01,1.139240550994873047e+01,8.950249481201171875e+01
2.394957923889160156e+01,1.139240550994873047e+01,8.845250701904296875e+01
2.436974716186523438e+01,1.139240550994873047e+01,8.693090820312500000e+01
2.478991508483886719e+01,1.139240550994873047e+01,8.486514282226562500e+01
2.521008491516113281e+01,1.139240550994873047e+01,8.221749114990234375e+01
2.563025283813476562e+01,1.139240550994873047e+01,7.899640655517578125e+01
2.605042076110839844e+01,1.139240550994873047e+01,7.525833892822265625e+01
2.647058868408203125e+01,1.139240550994873047e+01,7.109954833984375000e+01
2.689075660705566406e+01,1.139240550994873047e+01,6.664254760742187500e+01
2.731092453002929688e+01,1.139240550994873047e+01,6.202140426635742188e+01
2.773109245300292969e+01,1.139240550994873047e+01,5.737100982666015625e+01
2.815126037597656250e+01,1.139240550994873047e+01,5.281772994995117188e+01
2.857142829895019531e+01,1.139240550994873047e+01,4.847234344482421875e+01
2.899159622192382812e+01,1.139240550994873047e+01,4.442226409912109375e+01
2.941176414489746094e+01,1.139240550994873047e+01,4.072695159912109375e+01
2.983193206787109375e+01,1.139240550994873047e+01,3.741671371459960938e+01
3.025209999084472656e+01,1.139240550994873047e+01,3.449609375000000000e+01
3.067226982116699219e+01,1.139240550994873047e+01,3.194981575012207031e+01
3.109243774414062500e+01,1.139240550994873047e+01,2.974983024597167969e+01
3.151260566711425781e+01,1.139240550994873047e+01,2.786111259460449219e+01
3.193277359008789062e+01,1.139240550994873047e+01,2.624637413024902344e+01
3.235293960571289062e+01,1.139240550994873047e+01,2.486913108825683594e+01
3.277310943603515625e+01,1.139240550994873047e+01,2.369553947448730469e+01
3.319327545166015625e+01,1.139240550994873047e+01,2.269537925720214844e+01
3.361344528198242188e+01,1.139240550994873047e+01,2.184219169616699219e+01
3.403361511230468750e+01,1.139240550994873047e+01,2.111326408386230469e+01
3.445378112792968750e+01,1.139240550994873047e+01,2.048919486999511719e+01
3.487395095825195312e+01,1.139240550994873047e+01,1.995347785949707031e+01
3.529411697387695312e+01,1.139240550994873047e+01,1.949199867248535156e+01
3.571428680419921875e+01,1.139240550994873047e+01,1.909267997741699219e+01
3.613445281982421875e+01,1.139240550994873047e+01,1.874515533447265625e+01
3.655462265014648438e+01,1.139240550994873047e+01,1.844048690795898438e+01
3.697478866577148438e+01,1.139240550994873047e+01,1.817094993591308594e+01
3.739495849609375000e+01,1.139240550994873047e+01,1.792991065979003906e+01
3.781512451171875000e+01,1.139240550994873047e+01,1.771169471740722656e+01
3.823529434204101562e+01,1.139240550994873047e+01,1.751147079467773438e+01
3.865546035766601562e+01,1.139240550994873047e+01,1.732520103454589844e+01
3.907563018798828125e+01,1.139240550994873047e+01,1.714951705932617188e+01
3.949580001831054688e+01,1.139240550994873047e+01,1.698169708251953125e+01
3.991596603393554688e+01,1.139240550994873047e+01,1.681961059570312500e+01
4.033613586425781250e+01,1.139240550994873047e+01,1.666159439086914062e+01
4.075630187988281250e+01,1.139240550994873047e+01,1.650644302368164062e+01
4.117647171020507812e+01,1.139240550994873047e+01,1.635333633422851562e+01
4.159663772583007812e+01,1.139240550994873047e+01,1.620180511474609375e+01
4.201680755615234375e+01,1.139240550994873047e+01,1.605164337158203125e+01
4.243697357177734375e+01,1.139240550994873047e+01,1.590293312072753906e+01
4.285714340209960938e+01,1.139240550994873047e+01,1.575595474243164062e+01
4.327730941772460938e+01,1.139240550994873047e+01,1.561120128631591797e+01
4.369747924804687500e+01,1.139240550994873047e+01,1.546930885314941406e+01
4.411764526367187500e+01,1.139240550994873047e+01,1.533105182647705078e+01
4.453781509399414062e+01,1.139240550994873047e+01,1.519723796844482422e+01
4.495798492431640625e+01,1.139240550994873047e+01,1.506875038146972656e+01
4.537815093994140625e+01,1.139240550994873047e+01,1.494643783569335938e+01
4.579832077026367188e+01,1.139240550994873047e+01,1.483105754852294922e+01
4.621848678588867188e+01,1.139240550994873047e+01,1.472328472137451172e+01
4.663865661621093750e+01,1.139240550994873047e+01,1.462363624572753906e+01
4.705882263183593750e+01,1.139240550994873047e+01,1.453248977661132812e+01
4.747899246215820312e+01,1.139240550994873047e+01,1.445004081726074219e+01
4.789915847778320312e+01,1.139240550994873047e+01,1.437634754180908203e+01
4.831932830810546875e+01,1.139240550994873047e+01,1.431129932403564453e+01
4.873949432373046875e+01,1.139240550994873047e+01,1.425469207763671875e+01
4.915966415405273438e+01,1.139240550994873047e+01,1.420617580413818359e+01
4.957983016967773438e+01,1.139240550994873047e+01,1.416534233093261719e+01
5.000000000000000000e+01,1.139240550994873047e+01,1.413172817230224609e+01
0.000000000000000000e+00,1.177215194702148438e+01,1.081480102539062500e+02
4.201680719852447510e-01,1.177215194702148438e+01,1.080542449951171875e+02
8.403361439704895020e-01,1.177215194702148438e+01,1.080914001464843750e+02
1.260504245758056641e+00,1.177215194702148438e+01,1.082593536376953125e+02
1.680672287940979004e+00,1.177215194702148438e+01,1.085237274169921875e+02
2.100840330123901367e+00,1.177215194702148438e+01,1.088133850097656250e+02
2.521008491516113281e+00,1.177215194702148438e+01,1.090604858398437500e+02
2.941176414489746094e+00,1.177215194702148438e+01,1.092295761108398438e+02
3.361344575881958008e+00,1.177215194702148438e+01,1.093107070922851562e+02
3.781512498855590820e+00,1.177215194702148438e+01,1.093046035766601562e+02
4.201680660247802734e+00,1.177215194702148438e+01,1.092144775390625000e+02
4.621848583221435547e+00,1.177215194702148438e+01,1.090383834838867188e+02
5.042016983032226562e+00,1.177215194702148438e+01,1.087664871215820312e+02
5.462184906005859375e+00,1.177215194702148438e+01,1.083855895996093750e+02
5.882352828979492188e+00,1.177215194702148438e+01,1.078937149047851562e+02
6.302521228790283203e+00,1.177215194702148438e+01,1.073188323974609375e+02
6.722689151763916016e+00,1.177215194702148438e+01,1.067192764282226562e+02
7.142857074737548828e+00,1.177215194702148438e+01,1.061548995971679688e+02
7.563024997711181641e+00,1.177215194702148438e+01,1.056540985107421875e+02
7.983193397521972656e+00,1.177215194702148438e+01,1.052080764770507812e+02
8.403361320495605469e+00,1.177215194702148438e+01,1.047875137329101562e+02
8.823529243469238281e+00,1.177215194702148438e+01,1.043587341308593750e+02
9.243697166442871094e+00,1.177215194702148438e+01,1.038910751342773438e+02
9.663865089416503906e+00,1.177215194702148438e+01,1.033595962524414062e+02
1.008403396606445312e+01,1.177215194702148438e+01,1.027463378906250000e+02
1.050420188903808594e+01,1.177215194702148438e+01,1.020445098876953125e+02
1.092436981201171875e+01,1.177215194702148438e+01,1.012615966796875000e+02
1.134453773498535156e+01,1.177215194702148438e+01,1.004200286865234375e+02
1.176470565795898438e+01,1.177215194702148438e+01,9.955159759521484375e+01
1.218487358093261719e+01,1.177215194702148438e+01,9.868643951416015625e+01
1.260504245758056641e+01,1.177215194702148438e+01,9.784214782714843750e+01
1.302521038055419922e+01,1.177215194702148438e+01,9.702214813232421875e+01
1.344537830352783203e+01,1.177215194702148438e+01,9.622750854492187500e+01
1.386554622650146484e+01,1.177215194702148438e+01,9.546932220458984375e+01
1.428571414947509766e+01,1.177215194702148438e+01,9.476626586914062500e+01
1.470588207244873047e+01,1.177215194702148438e+01,9.412937164306640625e+01
1.512604999542236328e+01,1.177215194702148438e+01,9.355334472656250000e+01
1.554621887207031250e+01,1.177215194702148438e+01,9.302492523193359375e+01
1.596638679504394531e+01,1.177215194702148438e+01,9.253526306152343750e+01
1.638655471801757812e+01,1.177215194702148438e+01,9.208466339111328125e+01
1.680672264099121094e+01,1.177215194702148438e+01,9.167992401123046875e+01
1.722689056396484375e+01,1.177215194702148438e+01,9.132972717285156250e+01
1.764705848693847656e+01,1.177215194702148438e+01,9.104158020019531250e+01
1.806722640991210938e+01,1.177215194702148438e+01,9.082009887695312500e+01
1.848739433288574219e+01,1.177215194702148438e+01,9.066635894775390625e+01
1.890756225585937500e+01,1.177215194702148438e+01,9.057799530029296875e+01
1.932773017883300781e+01,1.177215194702148438e+01,9.054975128173828125e+01
1.974790000915527344e+01,1.177215194702148438e+01,9.057384490966796875e+01
2.016806793212890625e+01,1.177215194702148438e+01,9.064085388183593750e+01
2.058823585510253906e+01,1.177215194702148438e+01,9.074044799804687500e+01
2.100840377807617188e+01,1.177215194702148438e+01,9.086128997802734375e+01
2.142857170104980469e+01,1.177215194702148438e+01,9.099102020263671875e+01
2.184873962402343750e+01,1.177215194702148438e+01,9.111454010009765625e+01
2.226890754699707031e+01,1.177215194702148438e+01,9.121173858642578125e+01
2.268907546997070312e+01,1.177215194702148438e+01,9.125476074218750000e+01
2.310924339294433594e+01,1.177215194702148438e+01,9.120452117919921875e+01
2.352941131591796875e+01,1.177215194702148438e+01,9.100823974609375000e+01
2.394957923889160156e+01,1.177215194702148438e+01,9.059911346435546875e+01
2.436974716186523438e+01,1.177215194702148438e+01,8.989908599853515625e+01
2.478991508483886719e+01,1.177215194702148438e+01,8.882521057128906250e+01
2.521008491516113281e+01,1.177215194702148438e+01,8.730052947998046875e+01
2.563025283813476562e+01,1.177215194702148438e+01,8.526670837402343750e+01
2.605042076110839844e+01,1.177215194702148438e+01,8.269682312011718750e+01
2.647058868408203125e+01,1.177215194702148438e+01,7.960273742675781250e+01
2.689075660705566406e+01,1.177215194702148438e+01,7.603566741943359375e+01
2.731092453002929688e+01,1.177215194702148438e+01,7.207925415039062500e+01
2.773109245300292969e+01,1.177215194702148438e+01,6.783852386474609375e+01
2.815126037597656250e+01,1.177215194702148438e+01,6.342865371704101562e+01
2.857142829895019531e+01,1.177215194702148438e+01,5.896611404418945312e+01
2.899159622192382812e+01,1.177215194702148438e+01,5.456200027465820312e+01
2.941176414489746094e+01,1.177215194702148438e+01,5.031612777709960938e+01
2.983193206787109375e+01,1.177215194702148438e+01,4.631172180175781250e+01
3.025209999084472656e+01,1.177215194702148438e+01,4.261034774780273438e+01
3.067226982116699219e+01,1.177215194702148438e+01,3.924996185302734375e+01
3.109243774414062500e+01,1.177215194702148438e+01,3.624589157104492188e+01
3.151260566711425781e+01,1.177215194702148438e+01,3.359440231323242188e+01
3.193277359008789062e+01,1.177215194702148438e+01,3.127776908874511719e+01
3.235293960571289062e+01,1.177215194702148438e+01,2.926939964294433594e+01
3.277310943603515625e+01,1.177215194702148438e+01,2.753815460205078125e+01
3.319327545166015625e+01,1.177215194702148438e+01,2.605165481567382812e+01
3.361344528198242188e+01,1.177215194702148438e+01,2.477836608886718750e+01
3.403361511230468750e+01,1.177215194702148438e+01,2.368911552429199219e+01
3.445378112792968750e+01,1.177215194702148438e+01,2.275756263732910156e+01
3.487395095825195312e+01,1.177215194702148438e+01,2.196050453186035156e+01
3.529411697387695312e+01,1.177215194702148438e+01,2.127777290344238281e+01
3.571428680419921875e+01,1.177215194702148438e+01,2.069186401367187500e+01
3.613445281982421875e+01,1.177215194702148438e+01,2.018772888183593750e+01
3.655462265014648438e+01,1.177215194702148438e+01,1.975235176086425781e+01
3.697478866577148438e+01,1.177215194702148438e+01,1.937447357177734375e+01
3.739495849609375000e+01,1.177215194702148438e+01,1.904434013366699219e+01
3.781512451171875000e+01,1.177215194702148438e+01,1.875350570678710938e+01
3.823529434204101562e+01,1.177215194702148438e+01,1.849468421936035156e+01
3.865546035766601562e+01,1.177215194702148438e+01,1.826157760620117188e+01
3.907563018798828125e+01,1.177215194702148438e+01,1.804883575439453125e+01
3.949580001831054688e+01,1.177215194702148438e+01,1.785191917419433594e+01
3.991596603393554688e+01,1.177215194702148438e+01,1.766704368591308594e+01
4.033613586425781250e+01,1.177215194702148438e+01,1.749112129211425781e+01
4.075630187988281250e+01,1.177215194702148438e+01,1.732166481018066406e+01
4.117647171020507812e+01,1.177215194702148438e+01,1.715676307678222656e+01
4.159663772583007812e+01,1.177215194702148438e+01,1.699499130249023438e+01
4.201680755615234375e+01,1.177215194702148438e+01,1.683534240722656250e+01
4.243697357177734375e+01,1.177215194702148438e+01,1.667717361450195312e+01
4.285714340209960938e+01,1.177215194702148438e+01,1.652017974853515625e+01
4.327730941772460938e+01,1.177215194702148438e+01,1.636429595947265625e+01
4.369747924804687500e+01,1.177215194702148438e+01,1.620968627929687500e+01
4.411764526367187500e+01,1.177215194702148438e+01,1.605673408508300781e+01
4.453781509399414062e+01,1.177215194702148438e+01,1.590595531463623047e+01
4.495798492431640625e+01,1.177215194702148438e+01,1.575803565979003906e+01
4.537815093994140625e+01,1.177215194702148438e+01,1.561375141143798828e+01
4.579832077026367188e+01,1.177215194702148438e+01,1.547393417358398438e+01
4.621848678588867188e+01,1.177215194702148438e+01,1.533946895599365234e+01
4.663865661621093750e+01,1.177215194702148438e+01,1.521118259429931641e+01
4.705882263183593750e+01,1.177215194702148438e+01,1.508987236022949219e+01
4.747899246215820312e+01,1.177215194702148438e+01,1.497619819641113281e+01
4.789915847778320312e+01,1.177215194702148438e+01,1.487072372436523438e+01
4.831932830810546875e+01,1.177215194702148438e+01,1.477381801605224609e+01
4.873949432373046875e+01,1.177215194702148438e+01,1.468571662902832031e+01
4.915966415405273438e+01,1.177215194702148438e+01,1.460648536682128906e+01
4.957983016967773438e+01,1.177215194702148438e+01,1.453604888916015625e+01
5.000000000000000000e+01,1.177215194702148438e+01,1.447419452667236328e+01
0.000000000000000000e+00,1.215189838409423828e+01,1.087267150878906250e+02
4.201680719852447510e-01,1.215189838409423828e+01,1.086560745239257812e+02
8.403361439704895020e-01,1.215189838409423828e+01,1.087095565795898438e+02
1.260504245758056641e+00,1.215189838409423828e+01,1.088846969604492188e+02
1.680672287940979004e+00,1.215189838409423828e+01,1.091472091674804688e+02
2.100840330123901367e+00,1.215189838409423828e+01,1.094287185668945312e+02
2.521008491516113281e+00,1.215189838409423828e+01,1.096666030883789062e+02
2.941176414489746094e+00,1.215189838409423828e+01,1.098311386108398438e+02
3.361344575881958008e+00,1.215189838409423828e+01,1.099157028198242188e+02
3.781512498855590820e+00,1.215189838409423828e+01,1.099216232299804688e+02
4.201680660247802734e+00,1.215189838409423828e+01,1.098517761230468750e+02
4.621848583221435547e+00,1.215189838409423828e+01,1.097054138183593750e+02
5.042016983032226562e+00,1.215189838409423828e+01,1.094740753173828125e+02
5.462184906005859375e+00,1.215189838409423828e+01,1.091429443359375000e+02
5.882352828979492188e+00,1.215189838409423828e+01,1.087009506225585938e+02
6.302521228790283203e+00,1.215189838409423828e+01,1.081596145629882812e+02
6.722689151763916016e+00,1.215189838409423828e+01,1.075652618408203125e+02
7.142857074737548828e+00,1.215189838409423828e+01,1.069824829101562500e+02
7.563024997711181641e+00,1.215189838409423828e+01,1.064582824707031250e+02
7.983193397521972656e+00,1.215189838409423828e+01,1.060004730224609375e+02
8.403361320495605469e+00,1.215189838409423828e+01,1.055877227783203125e+02
8.823529243469238281e+00,1.215189838409423828e+01,1.051873550415039062e+02
9.243697166442871094e+00,1.215189838409423828e+01,1.047674789428710938e+02
9.663865089416503906e+00,1.215189838409423828e+01,1.043004760742187500e+02
1.008403396606445312e+01,1.215189838409423828e+01,1.037639312744140625e+02
1.050420188903808594e+01,1.215189838409423828e+01,1.031427154541015625e+02
1.092436981201171875e+01,1.215189838409423828e+01,1.024320831298828125e+02
1.134453773498535156e+01,1.215189838409423828e+01,1.016410598754882812e+02
1.176470565795898438e+01,1.215189838409423828e+01,1.007924346923828125e+02
1.218487358093261719e+01,1.215189838409423828e+01,9.991693115234375000e+01
1.260504245758056641e+01,1.215189838409423828e+01,9.904297637939453125e+01
1.302521038055419922e+01,1.215189838409423828e+01,9.818673706054687500e+01
1.344537830352783203e+01,1.215189838409423828e+01,9.735145568847656250e+01
1.386554622650146484e+01,1.215189838409423828e+01,9.653947448730468750e+01
1.428571414947509766e+01,1.215189838409423828e+01,9.576509094238281250e+01
1.470588207244873047e+01,1.215189838409423828e+01,9.505097198486328125e+01
1.512604999542236328e+01,1.215189838409423828e+01,9.441031646728515625e+01
1.554621887207031250e+01,1.215189838409423828e+01,9.383641815185546875e+01
1.596638679504394531e+01,1.215189838409423828e+01,9.331236267089843750e+01
1.638655471801757812e+01,1.215189838409423828e+01,9.282596588134765625e+01
1.680672264099121094e+01,1.215189838409423828e+01,9.237536621093750000e+01
1.722689056396484375e+01,1.215189838409423828e+01,9.196697235107421875e+01
1.764705848693847656e+01,1.215189838409423828e+01,9.161000061035156250e+01
1.806722640991210938e+01,1.215189838409423828e+01,9.131282806396484375e+01
1.848739433288574219e+01,1.215189838409423828e+01,9.108117675781250000e+01
1.890756225585937500e+01,1.215189838409423828e+01,9.091724395751953125e+01
1.932773017883300781e+01,1.215189838409423828e+01,9.082009887695312500e+01
1.974790000915527344e+01,1.215189838409423828e+01,9.078550720214843750e+01
2.016806793212890625e+01,1.215189838409423828e+01,9.080697631835937500e+01
2.058823585510253906e+01,1.215189838409423828e+01,9.087615203857421875e+01
2.100840377807617188e+01,1.215189838409423828e+01,9.098351287841796875e+01
2.142857170104980469e+01,1.215189838409423828e+01,9.111888122558593750e+01
2.184873962402343750e+01,1.215189838409423828e+01,9.127099609375000000e+01
2.226890754699707031e+01,1.215189838409423828e+01,9.142693328857421875e+01
2.268907546997070312e+01,1.215189838409423828e+01,9.157048034667968750e+01
2.310924339294433594e+01,1.215189838409423828e+01,9.167961883544921875e+01
2.352941131591796875e+01,1.215189838409423828e+01,9.172452545166015625e+01
2.394957923889160156e+01,1.215189838409423828e+01,9.166466522216796875e+01
2.436974716186523438e+01,1.215189838409423828e+01,9.144795227050781250e+01
2.478991508483886719e+01,1.215189838409423828e+01,9.101119232177734375e+01
2.521008491516113281e+01,1.215189838409423828e+01,9.028339385986328125e+01
2.563025283813476562e+01,1.215189838409423828e+01,8.919208526611328125e+01
2.605042076110839844e+01,1.215189838409423828e+01,8.767247772216796875e+01
2.647058868408203125e+01,1.215189838409423828e+01,8.567802429199218750e+01
2.689075660705566406e+01,1.215189838409423828e+01,8.318930053710937500e+01
2.731092453002929688e+01,1.215189838409423828e+01,8.021987915039062500e+01
2.773109245300292969e+01,1.215189838409423828e+01,7.681567382812500000e+01
2.815126037597656250e+01,1.215189838409423828e+01,7.304924774169921875e+01
2.857142829895019531e+01,1.215189838409423828e+01,6.901096343994140625e+01
2.899159622192382812e+01,1.215189838409423828e+01,6.479975891113281250e+01
2.941176414489746094e+01,1.215189838409423828e+01,6.051651000976562500e+01
2.983193206787109375e+01,1.215189838409423828e+01,5.625872421264648438e+01
3.025209999084472656e+01,1.215189838409423828e+01,5.211613082885742188e+01
3.067226982116699219e+01,1.215189838409423828e+01,4.816646957397460938e+01
3.109243774414062500e+01,1.215189838409423828e+01,4.447162246704101562e+01
3.151260566711425781e+01,1.215189838409423828e+01,4.107474899291992188e+01
3.193277359008789062e+01,1.215189838409423828e+01,3.799979782104492188e+01
3.235293960571289062e+01,1.215189838409423828e+01,3.525311279296875000e+01
3.277310943603515625e+01,1.215189838409423828e+01,3.282679367065429688e+01
3.319327545166015625e+01,1.215189838409423828e+01,3.070280647277832031e+01
3.361344528198242188e+01,1.215189838409423828e+01,2.885653877258300781e+01
3.403361511230468750e+01,1.215189838409423828e+01,2.726028442382812500e+01
3.445378112792968750e+01,1.215189838409423828e+01,2.588549041748046875e+01
3.487395095825195312e+01,1.215189838409423828e+01,2.470447731018066406e+01
3.529411697387695312e+01,1.215189838409423828e+01,2.369148826599121094e+01
3.571428680419921875e+01,1.215189838409423828e+01,2.282314109802246094e+01
3.613445281982421875e+01,1.215189838409423828e+01,2.207865715026855469e+01
3.655462265014648438e+01,1.215189838409423828e+01,2.143975830078125000e+01
3.697478866577148438e+01,1.215189838409423828e+01,2.089047431945800781e+01
3.739495849609375000e+01,1.215189838409423828e+01,2.041685485839843750e+01
3.781512451171875000e+01,1.215189838409423828e+01,2.000678253173828125e+01
3.823529434204101562e+01,1.215189838409423828e+01,1.964969253540039062e+01
3.865546035766601562e+01,1.215189838409423828e+01,1.933638381958007812e+01
3.907563018798828125e+01,1.215189838409423828e+01,1.905888366699218750e+01
3.949580001831054688e+01,1.215189838409423828e+01,1.881028747558593750e+01
3.991596603393554688e+01,1.215189838409423828e+01,1.858467102050781250e+01
4.033613586425781250e+01,1.215189838409423828e+01,1.837695693969726562e+01
4.075630187988281250e+01,1.215189838409423828e+01,1.818291854858398438e+01
4.117647171020507812e+01,1.215189838409423828e+01,1.799903488159179688e+01
4.159663772583007812e+01,1.215189838409423828e+01,1.782247352600097656e+01
4.201680755615234375e+01,1.215189838409423828e+01,1.765099143981933594e+01
4.243697357177734375e+01,1.215189838409423828e+01,1.748291206359863281e+01
4.285714340209960938e+01,1.215189838409423828e+01,1.731701660156250000e+01
4.327730941772460938e+01,1.215189838409423828e+01,1.715251350402832031e+01
4.369747924804687500e+01,1.215189838409423828e+01,1.698895454406738281e+01
4.411764526367187500e+01,1.215189838409423828e+01,1.682617378234863281e+01
4.453781509399414062e+01,1.215189838409423828e+01,1.666425514221191406e+01
4.495798492431640625e+01,1.215189838409423828e+01,1.650347137451171875e+01
4.537815093994140625e+01,1.215189838409423828e+01,1.634427452087402344e+01
4.579832077026367188e+01,1.215189838409423828e+01,1.618724441528320312e+01
4.621848678588867188e+01,1.215189838409423828e+01,1.603311538696289062e+01
4.663865661621093750e+01,1.215189838409423828e+01,1.588263130187988281e+01
4.705882263183593750e+01,1.215189838409423828e+01,1.573668384552001953e+01
4.747899246215820312e+01,1.215189838409423828e+01,1.559613132476806641e+01
4.789915847778320312e+01,1.215189838409423828e+01,1.546181297302246094e+01
4.831932830810546875e+01,1.215189838409423828e+01,1.533452892303466797e+01
4.873949432373046875e+01,1.215189838409423828e+01,1.521494388580322266e+01
4.915966415405273438e+01,1.215189838409423828e+01,1.510363674163818359e+01
4.957983016967773438e+01,1.215189838409423828e+01,1.500099468231201172e+01
5.000000000000000000e+01,1.215189838409423828e+01,1.490727615356445312e+01
0.000000000000000000e+00,1.253164577484130859e+01,1.092818298339843750e+02
4.201680719852447510e-01,1.253164577484130859e+01,1.092326507568359375e+02
8.403361439704895020e-01,1.253164577484130859e+01,1.093023605346679688e+02
1.260504245758056641e+00,1.253164577484130859e+01,1.094864501953125000e+02
1.680672287940979004e+00,1.253164577484130859e+01,1.097495193481445312e+02
2.100840330123901367e+00,1.253164577484130859e+01,1.100249786376953125e+02
2.521008491516113281e+00,1.253164577484130859e+01,1.102536468505859375e+02
2.941176414489746094e+00,1.253164577484130859e+01,1.104115829467773438e+02
3.361344575881958008e+00,1.253164577484130859e+01,1.104965362548828125e+02
3.781512498855590820e+00,1.253164577484130859e+01,1.105109252929687500e+02
4.201680660247802734e+00,1.253164577484130859e+01,1.104572372436523438e+02
4.621848583221435547e+00,1.253164577484130859e+01,1.103353729248046875e+02
5.042016983032226562e+00,1.253164577484130859e+01,1.101385192871093750e+02
5.462184906005859375e+00,1.253164577484130859e+01,1.098524017333984375e+02
5.882352828979492188e+00,1.253164577484130859e+01,1.094607162475585938e+02
6.302521228790283203e+00,1.253164577484130859e+01,1.089612579345703125e+02
6.722689151763916016e+00,1.253164577484130859e+01,1.083838882446289062e+02
7.142857074737548828e+00,1.253164577484130859e+01,1.077894287109375000e+02
7.563024997711181641e+00,1.253164577484130859e+01,1.072383651733398438e+02
7.983193397521972656e+00,1.253164577484130859e+01,1.067583084106445312e+02
8.403361320495605469e+00,1.253164577484130859e+01,1.063397674560546875e+02
8.823529243469238281e+00,1.253164577484130859e+01,1.059536819458007812e+02
9.243697166442871094e+00,1.253164577484130859e+01,1.055675811767578125e+02
9.663865089416503906e+00,1.253164577484130859e+01,1.051523056030273438e+02
1.008403396606445312e+01,1.253164577484130859e+01,1.046831359863281250e+02
1.050420188903808594e+01,1.253164577484130859e+01,1.041400527954101562e+02
1.092436981201171875e+01,1.253164577484130859e+01,1.035102233886718750e+02
1.134453773498535156e+01,1.253164577484130859e+01,1.027909774780273438e+02
1.176470565795898438e+01,1.253164577484130859e+01,1.019927062988281250e+02
1.218487358093261719e+01,1.253164577484130859e+01,1.011381607055664062e+02
1.260504245758056641e+01,1.253164577484130859e+01,1.002568283081054688e+02
1.302521038055419922e+01,1.253164577484130859e+01,9.937558746337890625e+01
1.344537830352783203e+01,1.253164577484130859e+01,9.850895690917968750e+01
1.386554622650146484e+01,1.253164577484130859e+01,9.765975952148437500e+01
1.428571414947509766e+01,1.253164577484130859e+01,9.683154296875000000e+01
1.470588207244873047e+01,1.253164577484130859e+01,9.604162597656250000e+01
1.512604999542236328e+01,1.253164577484130859e+01,9.531681060791015625e+01
1.554621887207031250e+01,1.253164577484130859e+01,9.467277526855468750e+01
1.596638679504394531e+01,1.253164577484130859e+01,9.410199737548828125e+01
1.638655471801757812e+01,1.253164577484130859e+01,9.358408355712890625e+01
1.680672264099121094e+01,1.253164577484130859e+01,9.310306549072265625e+01
1.722689056396484375e+01,1.253164577484130859e+01,9.265487670898437500e+01
1.764705848693847656e+01,1.253164577484130859e+01,9.224511718750000000e+01
1.806722640991210938e+01,1.253164577484130859e+01,9.188320922851562500e+01
1.848739433288574219e+01,1.253164577484130859e+01,9.157833862304687500e+01
1.890756225585937500e+01,1.253164577484130859e+01,9.133730316162109375e+01
1.932773017883300781e+01,1.253164577484130859e+01,9.116329956054687500e+01
1.974790000915527344e+01,1.253164577484130859e+01,9.105660247802734375e+01
2.016806793212890625e+01,1.253164577484130859e+01,9.101401519775390625e+01
2.058823585510253906e+01,1.253164577484130859e+01,9.103012084960937500e+01
2.100840377807617188e+01,1.253164577484130859e+01,9.109768676757812500e+01
2.142857170104980469e+01,1.253164577484130859e+01,9.120808410644531250e+01
2.184873962402343750e+01,1.253164577484130859e+01,9.135189056396484375e+01
2.226890754699707031e+01,1.253164577484130859e+01,9.151888275146484375e+01
2.268907546997070312e+01,1.253164577484130859e+01,9.169763183593750000e+01
2.310924339294433594e+01,1.253164577484130859e+01,9.187444305419921875e+01
2.352941131591796875e+01,1.253164577484130859e+01,9.203172302246093750e+01
2.394957923889160156e+01,1.253164577484130859e+01,9.214598083496093750e+01
2.436974716186523438e+01,1.253164577484130859e+01,9.218589019775390625e+01
2.478991508483886719e+01,1.253164577484130859e+01,9.211079406738281250e+01
2.521008491516113281e+01,1.253164577484130859e+01,9.187033081054687500e+01
2.563025283813476562e+01,1.253164577484130859e+01,9.140583801269531250e+01
2.605042076110839844e+01,1.253164577484130859e+01,9.065351867675781250e+01
2.647058868408203125e+01,1.253164577484130859e+01,8.955060577392578125e+01
2.689075660705566406e+01,1.253164577484130859e+01,8.804264831542968750e+01
2.731092453002929688e+01,1.253164577484130859e+01,8.609214019775390625e+01
2.773109245300292969e+01,1.253164577484130859e+01,8.368534851074218750e+01
2.815126037597656250e+01,1.253164577484130859e+01,8.083628845214843750e+01
2.857142829895019531e+01,1.253164577484130859e+01,7.758592987060546875e+01
2.899159622192382812e+01,1.253164577484130859e+01,7.399707794189453125e+01
2.941176414489746094e+01,1.253164577484130859e+01,7.014774322509765625e+01
2.983193206787109375e+01,1.253164577484130859e+01,6.612326812744140625e+01
3.025209999084472656e+01,1.253164577484130859e+01,6.201129150390625000e+01
3.067226982116699219e+01,1.253164577484130859e+01,5.789706802368164062e+01
3.109243774414062500e+01,1.253164577484130859e+01,5.386081695556640625e+01
3.151260566711425781e+01,1.253164577484130859e+01,4.997449874877929688e+01
3.193277359008789062e+01,1.253164577484130859e+01,4.629845046997070312e+01
3.235293960571289062e+01,1.253164577484130859e+01,4.287893295288085938e+01
3.277310943603515625e+01,1.253164577484130859e+01,3.974637985229492188e+01
3.319327545166015625e+01,1.253164577484130859e+01,3.691580963134765625e+01
3.361344528198242188e+01,1.253164577484130859e+01,3.438836669921875000e+01
3.403361511230468750e+01,1.253164577484130859e+01,3.215426254272460938e+01
3.445378112792968750e+01,1.253164577484130859e+01,3.019588851928710938e+01
3.487395095825195312e+01,1.253164577484130859e+01,2.849055671691894531e+01
3.529411697387695312e+01,1.253164577484130859e+01,2.701333045959472656e+01
3.571428680419921875e+01,1.253164577484130859e+01,2.573858642578125000e+01
3.613445281982421875e+01,1.253164577484130859e+01,2.464155960083007812e+01
3.655462265014648438e+01,1.253164577484130859e+01,2.369906997680664062e+01
3.697478866577148438e+01,1.253164577484130859e+01,2.288999938964843750e+01
3.739495849609375000e+01,1.253164577484130859e+01,2.219539833068847656e+01
3.781512451171875000e+01,1.253164577484130859e+01,2.159847068786621094e+01
3.823529434204101562e+01,1.253164577484130859e+01,2.108444023132324219e+01
3.865546035766601562e+01,1.253164577484130859e+01,2.064031600952148438e+01
3.907563018798828125e+01,1.253164577484130859e+01,2.025472450256347656e+01
3.949580001831054688e+01,1.253164577484130859e+01,1.991770553588867188e+01
3.991596603393554688e+01,1.253164577484130859e+01,1.962061119079589844e+01
4.033613586425781250e+01,1.253164577484130859e+01,1.935587501525878906e+01
4.075630187988281250e+01,1.253164577484130859e+01,1.911701393127441406e+01
4.117647171020507812e+01,1.253164577484130859e+01,1.889839363098144531e+01
4.159663772583007812e+01,1.253164577484130859e+01,1.869529724121093750e+01
4.201680755615234375e+01,1.253164577484130859e+01,1.850374794006347656e+01
4.243697357177734375e+01,1.253164577484130859e+01,1.832050132751464844e+01
4.285714340209960938e+01,1.253164577484130859e+01,1.814296722412109375e+01
4.327730941772460938e+01,1.253164577484130859e+01,1.796914482116699219e+01
4.369747924804687500e+01,1.253164577484130859e+01,1.779759216308593750e+01
4.411764526367187500e+01,1.253164577484130859e+01,1.762730598449707031e+01
4.453781509399414062e+01,1.253164577484130859e+01,1.745769500732421875e+01
4.495798492431640625e+01,1.253164577484130859e+01,1.728849411010742188e+01
4.537815093994140625e+01,1.253164577484130859e+01,1.711970329284667969e+01
4.579832077026367188e+01,1.253164577484130859e+01,1.695153617858886719e+01
4.621848678588867188e+01,1.253164577484130859e+01,1.678438758850097656e+01
4.663865661621093750e+01,1.253164577484130859e+01,1.661878585815429688e+01
4.705882263183593750e+01,1.253164577484130859e+01,1.645536041259765625e+01
4.747899246215820312e+01,1.253164577484130859e+01,1.629487419128417969e+01
4.789915847778320312e+01,1.253164577484130859e+01,1.613811302185058594e+01
4.831932830810546875e+01,1.253164577484130859e+01,1.598596096038818359e+01
4.873949432373046875e+01,1.253164577484130859e+01,1.583926773071289062e+01
4.915966415405273438e+01,1.253164577484130859e+01,1.569890308380126953e+01
4.957983016967773438e+01,1.253164577484130859e+01,1.556562900543212891e+01
5.000000000000000000e+01,1.253164577484130859e+01,1.544016647338867188e+01
0.000000000000000000e+00,1.291139221191406250e+01,1.098137512207031250e+02
4.201680719852447510e-01,1.291139221191406250e+01,1.097843322753906250e+02
8.403361439704895020e-01,1.291139221191406250e+01,1.098700027465820312e+02
1.260504245758056641e+00,1.291139221191406250e+01,1.100645446777343750e+02
1.680672287940979004e+00,1.291139221191406250e+01,1.103310089111328125e+02
2.100840330123901367e+00,1.291139221191406250e+01,1.106027603149414062e+02
2.521008491516113281e+00,1.291139221191406250e+01,1.108231124877929688e+02
2.941176414489746094e+00,1.291139221191406250e+01,1.109729766845703125e+02
3.361344575881958008e+00,1.291139221191406250e+01,1.110556564331054688e+02
3.781512498855590820e+00,1.291139221191406250e+01,1.110754699707031250e+02
4.201680660247802734e+00,1.291139221191406250e+01,1.110343170166015625e+02
4.621848583221435547e+00,1.291139221191406250e+01,1.109323425292968750e+02
5.042016983032226562e+00,1.291139221191406250e+01,1.107644195556640625e+02
5.462184906005859375e+00,1.291139221191406250e+01,1.105177764892578125e+02
5.882352828979492188e+00,1.291139221191406250e+01,1.101742858886718750e+02
6.302521228790283203e+00,1.291139221191406250e+01,1.097216339111328125e+02
6.722689151763916016e+00,1.291139221191406250e+01,1.091729202270507812e+02
7.142857074737548828e+00,1.291139221191406250e+01,1.085771942138671875e+02
7.563024997711181641e+00,1.291139221191406250e+01,1.080010910034179688e+02
7.983193397521972656e+00,1.291139221191406250e+01,1.074911727905273438e+02
8.403361320495605469e+00,1.291139221191406250e+01,1.070545883178710938e+02
8.823529243469238281e+00,1.291139221191406250e+01,1.066692657470703125e+02
9.243697166442871094e+00,1.291139221191406250e+01,1.063034667968750000e+02
9.663865089416503906e+00,1.291139221191406250e+01,1.059266052246093750e+02
1.008403396606445312e+01,1.291139221191406250e+01,1.055124282836914062e+02
1.050420188903808594e+01,1.291139221191406250e+01,1.050387496948242188e+02
1.092436981201171875e+01,1.291139221191406250e+01,1.044879455566406250e+02
1.134453773498535156e+01,1.291139221191406250e+01,1.038491210937500000e+02
1.176470565795898438e+01,1.291139221191406250e+01,1.031215209960937500e+02
1.218487358093261719e+01,1.291139221191406250e+01,1.023167343139648438e+02
1.260504245758056641e+01,1.291139221191406250e+01,1.014573898315429688e+02
1.302521038055419922e+01,1.291139221191406250e+01,1.005715484619140625e+02
1.344537830352783203e+01,1.291139221191406250e+01,9.968417358398437500e+01
1.386554622650146484e+01,1.291139221191406250e+01,9.880853271484375000e+01
1.428571414947509766e+01,1.291139221191406250e+01,9.794684600830078125e+01
1.470588207244873047e+01,1.291139221191406250e+01,9.710356140136718750e+01
1.512604999542236328e+01,1.291139221191406250e+01,9.629883575439453125e+01
1.554621887207031250e+01,1.291139221191406250e+01,9.556365203857421875e+01
1.596638679504394531e+01,1.291139221191406250e+01,9.491641235351562500e+01
1.638655471801757812e+01,1.291139221191406250e+01,9.434956359863281250e+01
1.680672264099121094e+01,1.291139221191406250e+01,9.383927917480468750e+01
1.722689056396484375e+01,1.291139221191406250e+01,9.336567687988281250e+01
1.764705848693847656e+01,1.291139221191406250e+01,9.292215728759765625e+01
1.806722640991210938e+01,1.291139221191406250e+01,9.251316070556640625e+01
1.848739433288574219e+01,1.291139221191406250e+01,9.214826965332031250e+01
1.890756225585937500e+01,1.291139221191406250e+01,9.183730316162109375e+01
1.932773017883300781e+01,1.291139221191406250e+01,9.158786010742187500e+01
1.974790000915527344e+01,1.291139221191406250e+01,9.140431213378906250e+01
2.016806793212890625e+01,1.291139221191406250e+01,9.128762054443359375e+01
2.058823585510253906e+01,1.291139221191406250e+01,9.123600769042968750e+01
2.100840377807617188e+01,1.291139221191406250e+01,9.124497222900390625e+01
2.142857170104980469e+01,1.291139221191406250e+01,9.130812835693359375e+01
2.184873962402343750e+01,1.291139221191406250e+01,9.141773986816406250e+01
2.226890754699707031e+01,1.291139221191406250e+01,9.156514739990234375e+01
2.268907546997070312e+01,1.291139221191406250e+01,9.174110412597656250e+01
2.310924339294433594e+01,1.291139221191406250e+01,9.193509674072265625e+01
2.352941131591796875e+01,1.291139221191406250e+01,9.213539123535156250e+01
2.394957923889160156e+01,1.291139221191406250e+01,9.232723236083984375e+01
2.436974716186523438e+01,1.291139221191406250e+01,9.249194335937500000e+01
2.478991508483886719e+01,1.291139221191406250e+01,9.260465240478515625e+01
2.521008491516113281e+01,1.291139221191406250e+01,9.263366699218750000e+01
2.563025283813476562e+01,1.291139221191406250e+01,9.253892517089843750e+01
2.605042076110839844e+01,1.291139221191406250e+01,9.227274322509765625e+01
2.647058868408203125e+01,1.291139221191406250e+01,9.178135681152343750e+01
2.689075660705566406e+01,1.291139221191406250e+01,9.100802612304687500e+01
2.731092453002929688e+01,1.291139221191406250e+01,8.989839935302734375e+01
2.773109245300292969e+01,1.291139221191406250e+01,8.840679931640625000e+01
2.815126037597656250e+01,1.291139221191406250e+01,8.650281524658203125e+01
2.857142829895019531e+01,1.291139221191406250e+01,8.417673492431640625e+01
2.899159622192382812e+01,1.291139221191406250e+01,8.144241333007812500e+01
2.941176414489746094e+01,1.291139221191406250e+01,7.833614349365234375e+01
2.983193206787109375e+01,1.291139221191406250e+01,7.491275787353515625e+01
3.025209999084472656e+01,1.291139221191406250e+01,7.123963928222656250e+01
3.067226982116699219e+01,1.291139221191406250e+01,6.739066314697265625e+01
3.109243774414062500e+01,1.291139221191406250e+01,6.344196319580078125e+01
3.151260566711425781e+01,1.291139221191406250e+01,5.946830749511718750e+01
3.193277359008789062e+01,1.291139221191406250e+01,5.554093933105468750e+01
3.235293960571289062e+01,1.291139221191406250e+01,5.172554016113281250e+01
3.277310943603515625e+01,1.291139221191406250e+01,4.807981109619140625e+01
3.319327545166015625e+01,1.291139221191406250e+01,4.465126800537109375e+01
3.361344528198242188e+01,1.291139221191406250e+01,4.147484588623046875e+01
3.403361511230468750e+01,1.291139221191406250e+01,3.857261657714843750e+01
3.445378112792968750e+01,1.291139221191406250e+01,3.595382690429687500e+01
3.487395095825195312e+01,1.291139221191406250e+01,3.361656570434570312e+01
3.529411697387695312e+01,1.291139221191406250e+01,3.155022621154785156e+01
3.571428680419921875e+01,1.291139221191406250e+01,2.973768234252929688e+01
3.613445281982421875e+01,1.291139221191406250e+01,2.815805435180664062e+01
3.655462265014648438e+01,1.291139221191406250e+01,2.678833961486816406e+01
3.697478866577148438e+01,1.291139221191406250e+01,2.560524940490722656e+01
3.739495849609375000e+01,1.291139221191406250e+01,2.458615493774414062e+01
3.781512451171875000e+01,1.291139221191406250e+01,2.370987510681152344e+01
3.823529434204101562e+01,1.291139221191406250e+01,2.295700454711914062e+01
3.865546035766601562e+01,1.291139221191406250e+01,2.231004905700683594e+01
3.907563018798828125e+01,1.291139221191406250e+01,2.175344276428222656e+01
3.949580001831054688e+01,1.291139221191406250e+01,2.127337455749511719e+01
3.991596603393554688e+01,1.291139221191406250e+01,2.085767745971679688e+01
4.033613586425781250e+01,1.291139221191406250e+01,2.049566459655761719e+01
4.075630187988281250e+01,1.291139221191406250e+01,2.017796134948730469e+01
4.117647171020507812e+01,1.291139221191406250e+01,1.989637756347656250e+01
4.159663772583007812e+01,1.291139221191406250e+01,1.964383316040039062e+01
4.201680755615234375e+01,1.291139221191406250e+01,1.941414070129394531e+01
4.243697357177734375e+01,1.291139221191406250e+01,1.920207786560058594e+01
4.285714340209960938e+01,1.291139221191406250e+01,1.900317955017089844e+01
4.327730941772460938e+01,1.291139221191406250e+01,1.881378173828125000e+01
4.369747924804687500e+01,1.291139221191406250e+01,1.863086318969726562e+01
4.411764526367187500e+01,1.291139221191406250e+01,1.845209312438964844e+01
4.453781509399414062e+01,1.291139221191406250e+01,1.827571868896484375e+01
4.495798492431640625e+01,1.291139221191406250e+01,1.810048675537109375e+01
4.537815093994140625e+01,1.291139221191406250e+01,1.792562294006347656e+01
4.579832077026367188e+01,1.291139221191406250e+01,1.775073051452636719e+01
4.621848678588867188e+01,1.291139221191406250e+01,1.757572937011718750e+01
4.663865661621093750e+01,1.291139221191406250e+01,1.740078163146972656e+01
4.705882263183593750e+01,1.291139221191406250e+01,1.722624588012695312e+01
4.747899246215820312e+01,1.291139221191406250e+01,1.705260467529296875e+01
4.789915847778320312e+01,1.291139221191406250e+01,1.688050270080566406e+01
4.831932830810546875e+01,1.291139221191406250e+01,1.671060943603515625e+01
4.873949432373046875e+01,1.291139221191406250e+01,1.654371070861816406e+01
4.915966415405273438e+01,1.291139221191406250e+01,1.638064384460449219e+01
4.957983016967773438e+01,1.291139221191406250e+01,1.622225570678710938e+01
5.000000000000000000e+01,1.291139221191406250e+01,1.606943321228027344e+01
0.000000000000000000e+00,1.329113960266113281e+01,1.103229598999023438e+02
4.201680719852447510e-01,1.329113960266113281e+01,1.103116531372070312e+02
8.403361439704895020e-01,1.329113960266113281e+01,1.104129028320312500e+02
1.260504245758056641e+00,1.329113960266113281e+01,1.106191101074218750e+02
1.680672287940979004e+00,1.329113960266113281e+01,1.108917236328125000e+02
2.100840330123901367e+00,1.329113960266113281e+01,1.111626281738281250e+02
2.521008491516113281e+00,1.329113960266113281e+01,1.113759689331054688e+02
2.941176414489746094e+00,1.329113960266113281e+01,1.115171127319335938e+02
3.361344575881958008e+00,1.329113960266113281e+01,1.115951538085937500e+02
3.781512498855590820e+00,1.329113960266113281e+01,1.116175537109375000e+02
4.201680660247802734e+00,1.329113960266113281e+01,1.115859451293945312e+02
4.621848583221435547e+00,1.329113960266113281e+01,1.115000991821289062e+02
5.042016983032226562e+00,1.329113960266113281e+01,1.113561096191406250e+02
5.462184906005859375e+00,1.329113960266113281e+01,1.111433868408203125e+02
5.882352828979492188e+00,1.329113960266113281e+01,1.108439865112304688e+02
6.302521228790283203e+00,1.329113960266113281e+01,1.104398040771484375e+02
6.722689151763916016e+00,1.329113960266113281e+01,1.099292221069335938e+02
7.142857074737548828e+00,1.329113960266113281e+01,1.093449554443359375e+02
7.563024997711181641e+00,1.329113960266113281e+01,1.087506179809570312e+02
7.983193397521972656e+00,1.329113960266113281e+01,1.082075881958007812e+02
8.403361320495605469e+00,1.329113960266113281e+01,1.077426681518554688e+02
8.823529243469238281e+00,1.329113960266113281e+01,1.073453445434570312e+02
9.243697166442871094e+00,1.329113960266113281e+01,1.069867172241210938e+02
9.663865089416503906e+00,1.329113960266113281e+01,1.066352386474609375e+02
1.008403396606445312e+01,1.329113960266113281e+01,1.062632293701171875e+02
1.050420188903808594e+01,1.329113960266113281e+01,1.058472824096679688e+02
1.092436981201171875e+01,1.329113960266113281e+01,1.053673782348632812e+02
1.134453773498535156e+01,1.329113960266113281e+01,1.048078536987304688e+02
1.176470565795898438e+01,1.329113960266113281e+01,1.041597747802734375e+02
1.218487358093261719e+01,1.329113960266113281e+01,1.034242248535156250e+02
1.260504245758056641e+01,1.329113960266113281e+01,1.026137466430664062e+02
1.302521038055419922e+01,1.329113960266113281e+01,1.017505493164062500e+02
1.344537830352783203e+01,1.329113960266113281e+01,1.008611907958984375e+02
1.386554622650146484e+01,1.329113960266113281e+01,9.996897125244140625e+01
1.428571414947509766e+01,1.329113960266113281e+01,9.908563232421875000e+01
1.470588207244873047e+01,1.329113960266113281e+01,9.821282196044921875e+01
1.512604999542236328e+01,1.329113960266113281e+01,9.735562896728515625e+01
1.554621887207031250e+01,1.329113960266113281e+01,9.653690338134765625e+01
1.596638679504394531e+01,1.329113960266113281e+01,9.579153442382812500e+01
1.638655471801757812e+01,1.329113960266113281e+01,9.514144134521484375e+01
1.680672264099121094e+01,1.329113960266113281e+01,9.457892608642578125e+01
1.722689056396484375e+01,1.329113960266113281e+01,9.407740783691406250e+01
1.764705848693847656e+01,1.329113960266113281e+01,9.361309051513671875e+01
1.806722640991210938e+01,1.329113960266113281e+01,9.317626190185546875e+01
1.848739433288574219e+01,1.329113960266113281e+01,9.277017211914062500e+01
1.890756225585937500e+01,1.329113960266113281e+01,9.240422058105468750e+01
1.932773017883300781e+01,1.329113960266113281e+01,9.208883666992187500e+01
1.974790000915527344e+01,1.329113960266113281e+01,9.183222198486328125e+01
2.016806793212890625e+01,1.329113960266113281e+01,9.163975524902343750e+01
2.058823585510253906e+01,1.329113960266113281e+01,9.151333618164062500e+01
2.100840377807617188e+01,1.329113960266113281e+01,9.145209503173828125e+01
2.142857170104980469e+01,1.329113960266113281e+01,9.145252990722656250e+01
2.184873962402343750e+01,1.329113960266113281e+01,9.150919342041015625e+01
2.226890754699707031e+01,1.329113960266113281e+01,9.161520385742187500e+01
2.268907546997070312e+01,1.329113960266113281e+01,9.176249694824218750e+01
2.310924339294433594e+01,1.329113960266113281e+01,9.194259643554687500e+01
2.352941131591796875e+01,1.329113960266113281e+01,9.214602661132812500e+01
2.394957923889160156e+01,1.329113960266113281e+01,9.236210632324218750e+01
2.436974716186523438e+01,1.329113960266113281e+01,9.257843017578125000e+01
2.478991508483886719e+01,1.329113960266113281e+01,9.277941894531250000e+01
2.521008491516113281e+01,1.329113960266113281e+01,9.294519805908203125e+01
2.563025283813476562e+01,1.329113960266113281e+01,9.305052185058593750e+01
2.605042076110839844e+01,1.329113960266113281e+01,9.306360626220703125e+01
2.647058868408203125e+01,1.329113960266113281e+01,9.294604492187500000e+01
2.689075660705566406e+01,1.329113960266113281e+01,9.265332794189453125e+01
2.731092453002929688e+01,1.329113960266113281e+01,9.213653564453125000e+01
2.773109245300292969e+01,1.329113960266113281e+01,9.134548950195312500e+01
2.815126037597656250e+01,1.329113960266113281e+01,9.023320770263671875e+01
2.857142829895019531e+01,1.329113960266113281e+01,8.876114654541015625e+01
2.899159622192382812e+01,1.329113960266113281e+01,8.690454864501953125e+01
2.941176414489746094e+01,1.329113960266113281e+01,8.465654754638671875e+01
2.983193206787109375e+01,1.329113960266113281e+01,8.203050231933593750e+01
3.025209999084472656e+01,1.329113960266113281e+01,7.905866241455078125e+01
3.067226982116699219e+01,1.329113960266113281e+01,7.578894042968750000e+01
3.109243774414062500e+01,1.329113960266113281e+01,7.227983856201171875e+01
3.151260566711425781e+01,1.329113960266113281e+01,6.859574127197265625e+01
3.193277359008789062e+01,1.329113960266113281e+01,6.480278778076171875e+01
3.235293960571289062e+01,1.329113960266113281e+01,6.096625900268554688e+01
3.277310943603515625e+01,1.329113960266113281e+01,5.714933013916015625e+01
3.319327545166015625e+01,1.329113960266113281e+01,5.341141510009765625e+01
3.361344528198242188e+01,1.329113960266113281e+01,4.980661392211914062e+01
3.403361511230468750e+01,1.329113960266113281e+01,4.638195419311523438e+01
3.445378112792968750e+01,1.329113960266113281e+01,4.317542266845703125e+01
3.487395095825195312e+01,1.329113960266113281e+01,4.021432876586914062e+01
3.529411697387695312e+01,1.329113960266113281e+01,3.751484680175781250e+01
3.571428680419921875e+01,1.329113960266113281e+01,3.508252716064453125e+01
3.613445281982421875e+01,1.329113960266113281e+01,3.291360855102539062e+01
3.655462265014648438e+01,1.329113960266113281e+01,3.099684906005859375e+01
3.697478866577148438e+01,1.329113960266113281e+01,2.931582069396972656e+01
3.739495849609375000e+01,1.329113960266113281e+01,2.785067176818847656e+01
3.781512451171875000e+01,1.329113960266113281e+01,2.658005523681640625e+01
3.823529434204101562e+01,1.329113960266113281e+01,2.548229598999023438e+01
3.865546035766601562e+01,1.329113960266113281e+01,2.453647994995117188e+01
3.907563018798828125e+01,1.329113960266113281e+01,2.372293663024902344e+01
3.949580001831054688e+01,1.329113960266113281e+01,2.302364730834960938e+01
3.991596603393554688e+01,1.329113960266113281e+01,2.242234039306640625e+01
4.033613586425781250e+01,1.329113960266113281e+01,2.190441703796386719e+01
4.075630187988281250e+01,1.329113960266113281e+01,2.145698165893554688e+01
4.117647171020507812e+01,1.329113960266113281e+01,2.106859207153320312e+01
4.159663772583007812e+01,1.329113960266113281e+01,2.072918891906738281e+01
4.201680755615234375e+01,1.329113960266113281e+01,2.042994308471679688e+01
4.243697357177734375e+01,1.329113960266113281e+01,2.016317367553710938e+01
4.285714340209960938e+01,1.329113960266113281e+01,1.992215156555175781e+01
4.327730941772460938e+01,1.329113960266113281e+01,1.970111465454101562e+01
4.369747924804687500e+01,1.329113960266113281e+01,1.949515914916992188e+01
4.411764526367187500e+01,1.329113960266113281e+01,1.930009460449218750e+01
4.453781509399414062e+01,1.329113960266113281e+01,1.911252403259277344e+01
4.495798492431640625e+01,1.329113960266113281e+01,1.892969703674316406e+01
4.537815093994140625e+01,1.329113960266113281e+01,1.874951362609863281e+01
4.579832077026367188e+01,1.329113960266113281e+01,1.857042503356933594e+01
4.621848678588867188e+01,1.329113960266113281e+01,1.839138603210449219e+01
4.663865661621093750e+01,1.329113960266113281e+01,1.821183967590332031e+01
4.705882263183593750e+01,1.329113960266113281e+01,1.803158760070800781e+01
4.747899246215820312e+01,1.329113960266113281e+01,1.785070610046386719e+01
4.789915847778320312e+01,1.329113960266113281e+01,1.766954231262207031e+01
4.831932830810546875e+01,1.329113960266113281e+01,1.748856925964355469e+01
4.873949432373046875e+01,1.329113960266113281e+01,1.730840492248535156e+01
4.915966415405273438e+01,1.329113960266113281e+01,1.712975502014160156e+01
4.957983016967773438e+01,1.329113960266113281e+01,1.695336723327636719e+01
5.000000000000000000e+01,1.329113960266113281e+01,1.678006935119628906e+01
0.000000000000000000e+00,1.367088603973388672e+01,1.108102188110351562e+02
4.201680719852447510e-01,1.367088603973388672e+01,1.108153991699218750e+02
8.403361439704895020e-01,1.367088603973388672e+01,1.109317092895507812e+02
1.260504245758056641e+00,1.367088603973388672e+01,1.111505432128906250e+02
1.680672287940979004e+00,1.367088603973388672e+01,1.114316406250000000e+02
2.100840330123901367e+00,1.367088603973388672e+01,1.117049331665039062e+02
2.521008491516113281e+00,1.367088603973388672e+01,1.119132843017578125e+02
2.941176414489746094e+00,1.367088603973388672e+01,1.120454406738281250e+02
3.361344575881958008e+00,1.367088603973388672e+01,1.121170043945312500e+02
3.781512498855590820e+00,1.367088603973388672e+01,1.121394577026367188e+02
4.201680660247802734e+00,1.367088603973388672e+01,1.121147537231445312e+02
4.621848583221435547e+00,1.367088603973388672e+01,1.120417022705078125e+02
5.042016983032226562e+00,1.367088603973388672e+01,1.119173965454101562e+02
5.462184906005859375e+00,1.367088603973388672e+01,1.117332687377929688e+02
5.882352828979492188e+00,1.367088603973388672e+01,1.114729919433593750e+02
6.302521228790283203e+00,1.367088603973388672e+01,1.111160430908203125e+02
6.722689151763916016e+00,1.367088603973388672e+01,1.106499710083007812e+02
7.142857074737548828e+00,1.367088603973388672e+01,1.100898971557617188e+02
7.563024997711181641e+00,1.367088603973388672e+01,1.094883270263671875e+02
7.983193397521972656e+00,1.367088603973388672e+01,1.089140853881835938e+02
8.403361320495605469e+00,1.367088603973388672e+01,1.084134521484375000e+02
8.823529243469238281e+00,1.367088603973388672e+01,1.079923858642578125e+02
9.243697166442871094e+00,1.367088603973388672e+01,1.076283645629882812e+02
9.663865089416503906e+00,1.367088603973388672e+01,1.072898712158203125e+02
1.008403396606445312e+01,1.367088603973388672e+01,1.069476470947265625e+02
1.050420188903808594e+01,1.367088603973388672e+01,1.065769882202148438e+02
1.092436981201171875e+01,1.367088603973388672e+01,1.061567764282226562e+02
1.134453773498535156e+01,1.367088603973388672e+01,1.056692657470703125e+02
1.176470565795898438e+01,1.367088603973388672e+01,1.051003189086914062e+02
1.218487358093261719e+01,1.367088603973388672e+01,1.044429092407226562e+02
1.260504245758056641e+01,1.367088603973388672e+01,1.036998291015625000e+02
1.302521038055419922e+01,1.367088603973388672e+01,1.028843917846679688e+02
1.344537830352783203e+01,1.367088603973388672e+01,1.020181884765625000e+02
1.386554622650146484e+01,1.367088603973388672e+01,1.011263885498046875e+02
1.428571414947509766e+01,1.367088603973388672e+01,1.002303924560546875e+02
1.470588207244873047e+01,1.367088603973388672e+01,9.934053039550781250e+01
1.512604999542236328e+01,1.367088603973388672e+01,9.845786285400390625e+01
1.554621887207031250e+01,1.367088603973388672e+01,9.758797454833984375e+01
1.596638679504394531e+01,1.367088603973388672e+01,9.675598907470703125e+01
1.638655471801757812e+01,1.367088603973388672e+01,9.600082397460937500e+01
1.680672264099121094e+01,1.367088603973388672e+01,9.534780883789062500e+01
1.722689056396484375e+01,1.367088603973388672e+01,9.479008483886718750e+01
1.764705848693847656e+01,1.367088603973388672e+01,9.429828643798828125e+01
1.806722640991210938e+01,1.367088603973388672e+01,9.384474182128906250e+01
1.848739433288574219e+01,1.367088603973388672e+01,9.341658020019531250e+01
1.890756225585937500e+01,1.367088603973388672e+01,9.301542663574218750e+01
1.932773017883300781e+01,1.367088603973388672e+01,9.265041351318359375e+01
1.974790000915527344e+01,1.367088603973388672e+01,9.233216094970703125e+01
2.016806793212890625e+01,1.367088603973388672e+01,9.206977844238281250e+01
2.058823585510253906e+01,1.367088603973388672e+01,9.186927795410156250e+01
2.100840377807617188e+01,1.367088603973388672e+01,9.173348999023437500e+01
2.142857170104980469e+01,1.367088603973388672e+01,9.166248321533203125e+01
2.184873962402343750e+01,1.367088603973388672e+01,9.165364837646484375e+01
2.226890754699707031e+01,1.367088603973388672e+01,9.170234680175781250e+01
2.268907546997070312e+01,1.367088603973388672e+01,9.180249786376953125e+01
2.310924339294433594e+01,1.367088603973388672e+01,9.194684600830078125e+01
2.352941131591796875e+01,1.367088603973388672e+01,9.212739562988281250e+01
2.394957923889160156e+01,1.367088603973388672e+01,9.233551025390625000e+01
2.436974716186523438e+01,1.367088603973388672e+01,9.256156158447265625e+01
2.478991508483886719e+01,1.367088603973388672e+01,9.279445648193359375e+01
2.521008491516113281e+01,1.367088603973388672e+01,9.302119445800781250e+01
2.563025283813476562e+01,1.367088603973388672e+01,9.322536468505859375e+01
2.605042076110839844e+01,1.367088603973388672e+01,9.338655853271484375e+01
2.647058868408203125e+01,1.367088603973388672e+01,9.347927856445312500e+01
2.689075660705566406e+01,1.367088603973388672e+01,9.347263336181640625e+01
2.731092453002929688e+01,1.367088603973388672e+01,9.333016204833984375e+01
2.773109245300292969e+01,1.367088603973388672e+01,9.301081848144531250e+01
2.815126037597656250e+01,1.367088603973388672e+01,9.247042083740234375e+01
2.857142829895019531e+01,1.367088603973388672e+01,9.166466522216796875e+01
2.899159622192382812e+01,1.367088603973388672e+01,9.055290222167968750e+01
2.941176414489746094e+01,1.367088603973388672e+01,8.910234832763671875e+01
2.983193206787109375e+01,1.367088603973388672e+01,8.729270172119140625e+01
3.025209999084472656e+01,1.367088603973388672e+01,8.511920166015625000e+01
3.067226982116699219e+01,1.367088603973388672e+01,8.259459686279296875e+01
3.109243774414062500e+01,1.367088603973388672e+01,7.974752807617187500e+01
3.151260566711425781e+01,1.367088603973388672e+01,7.662025451660156250e+01
3.193277359008789062e+01,1.367088603973388672e+01,7.326385498046875000e+01
3.235293960571289062e+01,1.367088603973388672e+01,6.973436737060546875e+01
3.277310943603515625e+01,1.367088603973388672e+01,6.608953857421875000e+01
3.319327545166015625e+01,1.367088603973388672e+01,6.238659286499023438e+01
3.361344528198242188e+01,1.367088603973388672e+01,5.868091201782226562e+01
3.403361511230468750e+01,1.367088603973388672e+01,5.502576446533203125e+01
3.445378112792968750e+01,1.367088603973388672e+01,5.147119903564453125e+01
3.487395095825195312e+01,1.367088603973388672e+01,4.806261825561523438e+01
3.529411697387695312e+01,1.367088603973388672e+01,4.483925247192382812e+01
3.571428680419921875e+01,1.367088603973388672e+01,4.183226013183593750e+01
3.613445281982421875e+01,1.367088603973388672e+01,3.906349945068359375e+01
3.655462265014648438e+01,1.367088603973388672e+01,3.654519271850585938e+01
3.697478866577148438e+01,1.367088603973388672e+01,3.428018188476562500e+01
3.739495849609375000e+01,1.367088603973388672e+01,3.226323699951171875e+01
3.781512451171875000e+01,1.367088603973388672e+01,3.048272895812988281e+01
3.823529434204101562e+01,1.367088603973388672e+01,2.892247581481933594e+01
3.865546035766601562e+01,1.367088603973388672e+01,2.756347656250000000e+01
3.907563018798828125e+01,1.367088603973388672e+01,2.638545227050781250e+01
3.949580001831054688e+01,1.367088603973388672e+01,2.536807823181152344e+01
3.991596603393554688e+01,1.367088603973388672e+01,2.449167442321777344e+01
4.033613586425781250e+01,1.367088603973388672e+01,2.373787307739257812e+01
4.075630187988281250e+01,1.367088603973388672e+01,2.308977699279785156e+01
4.117647171020507812e+01,1.367088603973388672e+01,2.253211402893066406e+01
4.159663772583007812e+01,1.367088603973388672e+01,2.205126571655273438e+01
4.201680755615234375e+01,1.367088603973388672e+01,2.163505744934082031e+01
4.243697357177734375e+01,1.367088603973388672e+01,2.127275466918945312e+01
4.285714340209960938e+01,1.367088603973388672e+01,2.095491409301757812e+01
4.327730941772460938e+01,1.367088603973388672e+01,2.067323875427246094e+01
4.369747924804687500e+01,1.367088603973388672e+01,2.042048645019531250e+01
4.411764526367187500e+01,1.367088603973388672e+01,2.019035720825195312e+01
4.453781509399414062e+01,1.367088603973388672e+01,1.997744941711425781e+01
4.495798492431640625e+01,1.367088603973388672e+01,1.977714729309082031e+01
4.537815093994140625e+01,1.367088603973388672e+01,1.958559608459472656e+01
4.579832077026367188e+01,1.367088603973388672e+01,1.939961242675781250e+01
4.621848678588867188e+01,1.367088603973388672e+01,1.921671485900878906e+01
4.663865661621093750e+01,1.367088603973388672e+01,1.903498077392578125e+01
4.705882263183593750e+01,1.367088603973388672e+01,1.885308456420898438e+01
4.747899246215820312e+01,1.367088603973388672e+01,1.867020606994628906e+01
4.789915847778320312e+01,1.367088603973388672e+01,1.848595428466796875e+01
4.831932830810546875e+01,1.367088603973388672e+01,1.830031585693359375e+01
4.873949432373046875e+01,1.367088603973388672e+01,1.811356353759765625e+01
4.915966415405273438e+01,1.367088603973388672e+01,1.792617034912109375e+01
4.957983016967773438e+01,1.367088603973388672e+01,1.773877525329589844e+01
5.000000000000000000e+01,1.367088603973388672e+01,1.755210304260253906e+01
0.000000000000000000e+00,1.405063247680664062e+01,1.112761764526367188e+02
4.201680719852447510e-01,1.405063247680664062e+01,1.112962875366210938e+02
8.403361439704895020e-01,1.405063247680664062e+01,1.114269638061523438e+02
1.260504245758056641e+00,1.405063247680664062e+01,1.116591873168945312e+02
1.680672287940979004e+00,1.405063247680664062e+01,1.119512329101562500e+02
2.100840330123901367e+00,1.405063247680664062e+01,1.122300262451171875e+02
2.521008491516113281e+00,1.405063247680664062e+01,1.124358749389648438e+02
2.941176414489746094e+00,1.405063247680664062e+01,1.125594100952148438e+02
3.361344575881958008e+00,1.405063247680664062e+01,1.126227645874023438e+02
3.781512498855590820e+00,1.405063247680664062e+01,1.126430130004882812e+02
4.201680660247802734e+00,1.405063247680664062e+01,1.126227645874023438e+02
4.621848583221435547e+00,1.405063247680664062e+01,1.125600585937500000e+02
5.042016983032226562e+00,1.405063247680664062e+01,1.124517974853515625e+02
5.462184906005859375e+00,1.405063247680664062e+01,1.122913131713867188e+02
5.882352828979492188e+00,1.405063247680664062e+01,1.120648880004882812e+02
6.302521228790283203e+00,1.405063247680664062e+01,1.117517623901367188e+02
6.722689151763916016e+00,1.405063247680664062e+01,1.113330154418945312e+02
7.142857074737548828e+00,1.405063247680664062e+01,1.108081054687500000e+02
7.563024997711181641e+00,1.405063247680664062e+01,1.102129592895507812e+02
7.983193397521972656e+00,1.405063247680664062e+01,1.096143798828125000e+02
8.403361320495605469e+00,1.405063247680664062e+01,1.090749435424804688e+02
8.823529243469238281e+00,1.405063247680664062e+01,1.086202239990234375e+02
9.243697166442871094e+00,1.405063247680664062e+01,1.082387619018554688e+02
9.663865089416503906e+00,1.405063247680664062e+01,1.079012756347656250e+02
1.008403396606445312e+01,1.405063247680664062e+01,1.075770568847656250e+02
1.050420188903808594e+01,1.405063247680664062e+01,1.072397460937500000e+02
1.092436981201171875e+01,1.405063247680664062e+01,1.068674087524414062e+02
1.134453773498535156e+01,1.405063247680664062e+01,1.064412841796875000e+02
1.176470565795898438e+01,1.405063247680664062e+01,1.059448852539062500e+02
1.218487358093261719e+01,1.405063247680664062e+01,1.053660202026367188e+02
1.260504245758056641e+01,1.405063247680664062e+01,1.046993103027343750e+02
1.302521038055419922e+01,1.405063247680664062e+01,1.039491958618164062e+02
1.344537830352783203e+01,1.405063247680664062e+01,1.031295394897460938e+02
1.386554622650146484e+01,1.405063247680664062e+01,1.022612228393554688e+02
1.428571414947509766e+01,1.405063247680664062e+01,1.013677825927734375e+02
1.470588207244873047e+01,1.405063247680664062e+01,1.004689254760742188e+02
1.512604999542236328e+01,1.405063247680664062e+01,9.957376861572265625e+01
1.554621887207031250e+01,1.405063247680664062e+01,9.868248748779296875e+01
1.596638679504394531e+01,1.405063247680664062e+01,9.780100250244140625e+01
1.638655471801757812e+01,1.405063247680664062e+01,9.695665740966796875e+01
1.680672264099121094e+01,1.405063247680664062e+01,9.619200134277343750e+01
1.722689056396484375e+01,1.405063247680664062e+01,9.553608703613281250e+01
1.764705848693847656e+01,1.405063247680664062e+01,9.498319244384765625e+01
1.806722640991210938e+01,1.405063247680664062e+01,9.450193023681640625e+01
1.848739433288574219e+01,1.405063247680664062e+01,9.406045532226562500e+01
1.890756225585937500e+01,1.405063247680664062e+01,9.364273834228515625e+01
1.932773017883300781e+01,1.405063247680664062e+01,9.324844360351562500e+01
1.974790000915527344e+01,1.405063247680664062e+01,9.288609313964843750e+01
2.016806793212890625e+01,1.405063247680664062e+01,9.256672668457031250e+01
2.058823585510253906e+01,1.405063247680664062e+01,9.229989624023437500e+01
2.100840377807617188e+01,1.405063247680664062e+01,9.209243774414062500e+01
2.142857170104980469e+01,1.405063247680664062e+01,9.194799041748046875e+01
2.184873962402343750e+01,1.405063247680664062e+01,9.186734771728515625e+01
2.226890754699707031e+01,1.405063247680664062e+01,9.184877777099609375e+01
2.268907546997070312e+01,1.405063247680664062e+01,9.188851165771484375e+01
2.310924339294433594e+01,1.405063247680664062e+01,9.198122406005859375e+01
2.352941131591796875e+01,1.405063247680664062e+01,9.212032318115234375e+01
2.394957923889160156e+01,1.405063247680664062e+01,9.229853057861328125e+01
2.436974716186523438e+01,1.405063247680664062e+01,9.250764465332031250e+01
2.478991508483886719e+01,1.405063247680664062e+01,9.273889923095703125e+01
2.521008491516113281e+01,1.405063247680664062e+01,9.298252868652343750e+01
2.563025283813476562e+01,1.405063247680664062e+01,9.322696685791015625e+01
2.605042076110839844e+01,1.405063247680664062e+01,9.345854949951171875e+01
2.647058868408203125e+01,1.405063247680664062e+01,9.366033172607421875e+01
2.689075660705566406e+01,1.405063247680664062e+01,9.381172180175781250e+01
2.731092453002929688e+01,1.405063247680664062e+01,9.388766479492187500e+01
2.773109245300292969e+01,1.405063247680664062e+01,9.385843658447265625e+01
2.815126037597656250e+01,1.405063247680664062e+01,9.368994903564453125e+01
2.857142829895019531e+01,1.405063247680664062e+01,9.334449005126953125e+01
2.899159622192382812e+01,1.405063247680664062e+01,9.278250885009765625e+01
2.941176414489746094e+01,1.405063247680664062e+01,9.196473693847656250e+01
2.983193206787109375e+01,1.405063247680664062e+01,9.085570526123046875e+01
3.025209999084472656e+01,1.405063247680664062e+01,8.942767333984375000e+01
3.067226982116699219e+01,1.405063247680664062e+01,8.766361236572265625e+01
3.109243774414062500e+01,1.405063247680664062e+01,8.556052398681640625e+01
3.151260566711425781e+01,1.405063247680664062e+01,8.313029479980468750e+01
3.193277359008789062e+01,1.405063247680664062e+01,8.039878845214843750e+01
3.235293960571289062e+01,1.405063247680664062e+01,7.740327453613281250e+01
3.277310943603515625e+01,1.405063247680664062e+01,7.418867492675781250e+01
3.319327545166015625e+01,1.405063247680664062e+01,7.080426025390625000e+01
3.361344528198242188e+01,1.405063247680664062e+01,6.730032348632812500e+01
3.403361511230468750e+01,1.405063247680664062e+01,6.372678375244140625e+01
3.445378112792968750e+01,1.405063247680664062e+01,6.013235473632812500e+01
3.487395095825195312e+01,1.405063247680664062e+01,5.656421661376953125e+01
3.529411697387695312e+01,1.405063247680664062e+01,5.306798553466796875e+01
3.571428680419921875e+01,1.405063247680664062e+01,4.968647003173828125e+01
3.613445281982421875e+01,1.405063247680664062e+01,4.645888519287109375e+01
3.655462265014648438e+01,1.405063247680664062e+01,4.341878128051757812e+01
3.697478866577148438e+01,1.405063247680664062e+01,4.059255599975585938e+01
3.739495849609375000e+01,1.405063247680664062e+01,3.799803161621093750e+01
3.781512451171875000e+01,1.405063247680664062e+01,3.564437103271484375e+01
3.823529434204101562e+01,1.405063247680664062e+01,3.353224182128906250e+01
3.865546035766601562e+01,1.405063247680664062e+01,3.165511703491210938e+01
3.907563018798828125e+01,1.405063247680664062e+01,3.000081634521484375e+01
3.949580001831054688e+01,1.405063247680664062e+01,2.855317115783691406e+01
3.991596603393554688e+01,1.405063247680664062e+01,2.729379081726074219e+01
4.033613586425781250e+01,1.405063247680664062e+01,2.620314979553222656e+01
4.075630187988281250e+01,1.405063247680664062e+01,2.526194381713867188e+01
4.117647171020507812e+01,1.405063247680664062e+01,2.445154571533203125e+01
4.159663772583007812e+01,1.405063247680664062e+01,2.375465393066406250e+01
4.201680755615234375e+01,1.405063247680664062e+01,2.315538597106933594e+01
4.243697357177734375e+01,1.405063247680664062e+01,2.263940238952636719e+01
4.285714340209960938e+01,1.405063247680664062e+01,2.219387435913085938e+01
4.327730941772460938e+01,1.405063247680664062e+01,2.180740547180175781e+01
4.369747924804687500e+01,1.405063247680664062e+01,2.146990776062011719e+01
4.411764526367187500e+01,1.405063247680664062e+01,2.117252922058105469e+01
4.453781509399414062e+01,1.405063247680664062e+01,2.090747451782226562e+01
4.495798492431640625e+01,1.405063247680664062e+01,2.066795539855957031e+01
4.537815093994140625e+01,1.405063247680664062e+01,2.044808006286621094e+01
4.579832077026367188e+01,1.405063247680664062e+01,2.024278068542480469e+01
4.621848678588867188e+01,1.405063247680664062e+01,2.004775047302246094e+01
4.663865661621093750e+01,1.405063247680664062e+01,1.985940170288085938e+01
4.705882263183593750e+01,1.405063247680664062e+01,1.967481040954589844e+01
4.747899246215820312e+01,1.405063247680664062e+01,1.949168777465820312e+01
4.789915847778320312e+01,1.405063247680664062e+01,1.930835533142089844e+01
4.831932830810546875e+01,1.405063247680664062e+01,1.912365150451660156e+01
4.873949432373046875e+01,1.405063247680664062e+01,1.893694686889648438e+01
4.915966415405273438e+01,1.405063247680664062e+01,1.874802970886230469e+01
4.957983016967773438e+01,1.405063247680664062e+01,1.855707740783691406e+01
5.000000000000000000e+01,1.405063247680664062e+01,1.836450386047363281e+01
0.000000000000000000e+00,1.443037986755371094e+01,1.117217636108398438e+02
4.201680719852447510e-01,1.443037986755371094e+01,1.117553329467773438e+02
8.403361439704895020e-01,1.443037986755371094e+01,1.118994674682617188e+02
1.260504245758056641e+00,1.443037986755371094e+01,1.121455535888671875e+02
1.680672287940979004e+00,1.443037986755371094e+01,1.124506149291992188e+02
2.100840330123901367e+00,1.443037986755371094e+01,1.127380676269531250e+02
2.521008491516113281e+00,1.443037986755371094e+01,1.129442520141601562e+02
2.941176414489746094e+00,1.443037986755371094e+01,1.130601043701171875e+02
3.361344575881958008e+00,1.443037986755371094e+01,1.131141357421875000e+02
3.781512498855590820e+00,1.443037986755371094e+01,1.131298904418945312e+02
4.201680660247802734e+00,1.443037986755371094e+01,1.131119232177734375e+02
4.621848583221435547e+00,1.443037986755371094e+01,1.130570831298828125e+02
5.042016983032226562e+00,1.443037986755371094e+01,1.129619216918945312e+02
5.462184906005859375e+00,1.443037986755371094e+01,1.128210449218750000e+02
5.882352828979492188e+00,1.443037986755371094e+01,1.126231918334960938e+02
6.302521228790283203e+00,1.443037986755371094e+01,1.123494262695312500e+02
6.722689151763916016e+00,1.443037986755371094e+01,1.119776077270507812e+02
7.142857074737548828e+00,1.443037986755371094e+01,1.114955291748046875e+02
7.563024997711181641e+00,1.443037986755371094e+01,1.109208145141601562e+02
7.983193397521972656e+00,1.443037986755371094e+01,1.103097000122070312e+02
8.403361320495605469e+00,1.443037986755371094e+01,1.097332992553710938e+02
8.823529243469238281e+00,1.443037986755371094e+01,1.092377548217773438e+02
9.243697166442871094e+00,1.443037986755371094e+01,1.088275985717773438e+02
9.663865089416503906e+00,1.443037986755371094e+01,1.084794387817382812e+02
1.008403396606445312e+01,1.443037986755371094e+01,1.081620941162109375e+02
1.050420188903808594e+01,1.443037986755371094e+01,1.078470077514648438e+02
1.092436981201171875e+01,1.443037986755371094e+01,1.075111083984375000e+02
1.134453773498535156e+01,1.443037986755371094e+01,1.071348648071289062e+02
1.176470565795898438e+01,1.443037986755371094e+01,1.067012100219726562e+02
1.218487358093261719e+01,1.443037986755371094e+01,1.061950454711914062e+02
1.260504245758056641e+01,1.443037986755371094e+01,1.056057968139648438e+02
1.302521038055419922e+01,1.443037986755371094e+01,1.049299163818359375e+02
1.344537830352783203e+01,1.443037986755371094e+01,1.041732864379882812e+02
1.386554622650146484e+01,1.443037986755371094e+01,1.033501281738281250e+02
1.428571414947509766e+01,1.443037986755371094e+01,1.024804000854492188e+02
1.470588207244873047e+01,1.443037986755371094e+01,1.015861129760742188e+02
1.512604999542236328e+01,1.443037986755371094e+01,1.006853637695312500e+02
1.554621887207031250e+01,1.443037986755371094e+01,9.978594207763671875e+01
1.596638679504394531e+01,1.443037986755371094e+01,9.888710784912109375e+01
1.638655471801757812e+01,1.443037986755371094e+01,9.799529266357421875e+01
1.680672264099121094e+01,1.443037986755371094e+01,9.713940429687500000e+01
1.722689056396484375e+01,1.443037986755371094e+01,9.636553192138671875e+01
1.764705848693847656e+01,1.443037986755371094e+01,9.570674896240234375e+01
1.806722640991210938e+01,1.443037986755371094e+01,9.515872192382812500e+01
1.848739433288574219e+01,1.443037986755371094e+01,9.468840026855468750e+01
1.890756225585937500e+01,1.443037986755371094e+01,9.426016235351562500e+01
1.932773017883300781e+01,1.443037986755371094e+01,9.385440826416015625e+01
1.974790000915527344e+01,1.443037986755371094e+01,9.346871185302734375e+01
2.016806793212890625e+01,1.443037986755371094e+01,9.311088562011718750e+01
2.058823585510253906e+01,1.443037986755371094e+01,9.279198455810546875e+01
2.100840377807617188e+01,1.443037986755371094e+01,9.252215576171875000e+01
2.142857170104980469e+01,1.443037986755371094e+01,9.230883026123046875e+01
2.184873962402343750e+01,1.443037986755371094e+01,9.215648651123046875e+01
2.226890754699707031e+01,1.443037986755371094e+01,9.206652832031250000e+01
2.268907546997070312e+01,1.443037986755371094e+01,9.203822326660156250e+01
2.310924339294433594e+01,1.443037986755371094e+01,9.206846618652343750e+01
2.352941131591796875e+01,1.443037986755371094e+01,9.215261840820312500e+01
2.394957923889160156e+01,1.443037986755371094e+01,9.228479766845703125e+01
2.436974716186523438e+01,1.443037986755371094e+01,9.245825195312500000e+01
2.478991508483886719e+01,1.443037986755371094e+01,9.266561126708984375e+01
2.521008491516113281e+01,1.443037986755371094e+01,9.289849853515625000e+01
2.563025283813476562e+01,1.443037986755371094e+01,9.314809417724609375e+01
2.605042076110839844e+01,1.443037986755371094e+01,9.340415191650390625e+01
2.647058868408203125e+01,1.443037986755371094e+01,9.365479278564453125e+01
2.689075660705566406e+01,1.443037986755371094e+01,9.388587188720703125e+01
2.731092453002929688e+01,1.443037986755371094e+01,9.408027648925781250e+01
2.773109245300292969e+01,1.443037986755371094e+01,9.421756744384765625e+01
2.815126037597656250e+01,1.443037986755371094e+01,9.427337646484375000e+01
2.857142829895019531e+01,1.443037986755371094e+01,9.421962738037109375e+01
2.899159622192382812e+01,1.443037986755371094e+01,9.402466583251953125e+01
2.941176414489746094e+01,1.443037986755371094e+01,9.365416717529296875e+01
2.983193206787109375e+01,1.443037986755371094e+01,9.307248687744140625e+01
3.025209999084472656e+01,1.443037986755371094e+01,9.224485015869140625e+01
3.067226982116699219e+01,1.443037986755371094e+01,9.114026641845703125e+01
3.109243774414062500e+01,1.443037986755371094e+01,8.973484039306640625e+01
3.151260566711425781e+01,1.443037986755371094e+01,8.801444244384765625e+01
3.193277359008789062e+01,1.443037986755371094e+01,8.597722625732421875e+01
3.235293960571289062e+01,1.443037986755371094e+01,8.363449096679687500e+01
3.277310943603515625e+01,1.443037986755371094e+01,8.100966644287109375e+01
3.319327545166015625e+01,1.443037986755371094e+01,7.813592529296875000e+01
3.361344528198242188e+01,1.443037986755371094e+01,7.505316925048828125e+01
3.403361511230468750e+01,1.443037986755371094e+01,7.180454254150390625e+01
3.445378112792968750e+01,1.443037986755371094e+01,6.843434906005859375e+01
3.487395095825195312e+01,1.443037986755371094e+01,6.498596954345703125e+01
3.529411697387695312e+01,1.443037986755371094e+01,6.150207901000976562e+01
3.571428680419921875e+01,1.443037986755371094e+01,5.802406311035156250e+01
3.613445281982421875e+01,1.443037986755371094e+01,5.459289169311523438e+01
3.655462265014648438e+01,1.443037986755371094e+01,5.124821472167968750e+01
3.697478866577148438e+01,1.443037986755371094e+01,4.802816390991210938e+01
3.739495849609375000e+01,1.443037986755371094e+01,4.496739959716796875e+01
3.781512451171875000e+01,1.443037986755371094e+01,4.209545135498046875e+01
3.823529434204101562e+01,1.443037986755371094e+01,3.943506622314453125e+01
3.865546035766601562e+01,1.443037986755371094e+01,3.700090408325195312e+01
3.907563018798828125e+01,1.443037986755371094e+01,3.479944992065429688e+01
3.949580001831054688e+01,1.443037986755371094e+01,3.282938385009765625e+01
3.991596603393554688e+01,1.443037986755371094e+01,3.108288764953613281e+01
4.033613586425781250e+01,1.443037986755371094e+01,2.954700851440429688e+01
4.075630187988281250e+01,1.443037986755371094e+01,2.820557022094726562e+01
4.117647171020507812e+01,1.443037986755371094e+01,2.704035568237304688e+01
4.159663772583007812e+01,1.443037986755371094e+01,2.603259277343750000e+01
4.201680755615234375e+01,1.443037986755371094e+01,2.516373252868652344e+01
4.243697357177734375e+01,1.443037986755371094e+01,2.441612625122070312e+01
4.285714340209960938e+01,1.443037986755371094e+01,2.377339744567871094e+01
4.327730941772460938e+01,1.443037986755371094e+01,2.322056007385253906e+01
4.369747924804687500e+01,1.443037986755371094e+01,2.274417495727539062e+01
4.411764526367187500e+01,1.443037986755371094e+01,2.233217620849609375e+01
4.453781509399414062e+01,1.443037986755371094e+01,2.197388458251953125e+01
4.495798492431640625e+01,1.443037986755371094e+01,2.165985298156738281e+01
4.537815093994140625e+01,1.443037986755371094e+01,2.138177299499511719e+01
4.579832077026367188e+01,1.443037986755371094e+01,2.113237190246582031e+01
4.621848678588867188e+01,1.443037986755371094e+01,2.090528678894042969e+01
4.663865661621093750e+01,1.443037986755371094e+01,2.069502639770507812e+01
4.705882263183593750e+01,1.443037986755371094e+01,2.049683189392089844e+01
4.747899246215820312e+01,1.443037986755371094e+01,2.030670738220214844e+01
4.789915847778320312e+01,1.443037986755371094e+01,2.012132263183593750e+01
4.831932830810546875e+01,1.443037986755371094e+01,1.993795585632324219e+01
4.873949432373046875e+01,1.443037986755371094e+01,1.975456428527832031e+01
4.915966415405273438e+01,1.443037986755371094e+01,1.956961441040039062e+01
4.957983016967773438e+01,1.443037986755371094e+01,1.938215637207031250e+01
5.000000000000000000e+01,1.443037986755371094e+01,1.919171142578125000e+01
0.000000000000000000e+00,1.481012630462646484e+01,1.121476898193359375e+02
4.201680719852447510e-01,1.481012630462646484e+01,1.121933670043945312e+02
8.403361439704895020e-01,1.481012630462646484e+01,1.123501739501953125e+02
1.260504245758056641e+00,1.481012630462646484e+01,1.126101989746093750e+02
1.680672287940979004e+00,1.481012630462646484e+01,1.129299316406250000e+02
2.100840330123901367e+00,1.481012630462646484e+01,1.132290802001953125e+02
2.521008491516113281e+00,1.481012630462646484e+01,1.134388198852539062e+02
2.941176414489746094e+00,1.481012630462646484e+01,1.135485153198242188e+02
3.361344575881958008e+00,1.481012630462646484e+01,1.135923767089843750e+02
3.781512498855590820e+00,1.481012630462646484e+01,1.136014785766601562e+02
4.201680660247802734e+00,1.481012630462646484e+01,1.135836639404296875e+02
4.621848583221435547e+00,1.481012630462646484e+01,1.135347671508789062e+02
5.042016983032226562e+00,1.481012630462646484e+01,1.134502334594726562e+02
5.462184906005859375e+00,1.481012630462646484e+01,1.133254470825195312e+02
5.882352828979492188e+00,1.481012630462646484e+01,1.131514663696289062e+02
6.302521228790283203e+00,1.481012630462646484e+01,1.129119491577148438e+02
6.722689151763916016e+00,1.481012630462646484e+01,1.125844268798828125e+02
7.142857074737548828e+00,1.481012630462646484e+01,1.121490325927734375e+02
7.563024997711181641e+00,1.481012630462646484e+01,1.116070175170898438e+02
7.983193397521972656e+00,1.481012630462646484e+01,1.109979019165039062e+02
8.403361320495605469e+00,1.481012630462646484e+01,1.103918914794921875e+02
8.823529243469238281e+00,1.481012630462646484e+01,1.098524551391601562e+02
9.243697166442871094e+00,1.481012630462646484e+01,1.094040985107421875e+02
9.663865089416503906e+00,1.481012630462646484e+01,1.090338592529296875e+02
1.008403396606445312e+01,1.481012630462646484e+01,1.087122497558593750e+02
1.050420188903808594e+01,1.481012630462646484e+01,1.084089584350585938e+02
1.092436981201171875e+01,1.481012630462646484e+01,1.080988769531250000e+02
1.134453773498535156e+01,1.481012630462646484e+01,1.077614746093750000e+02
1.176470565795898438e+01,1.481012630462646484e+01,1.073794403076171875e+02
1.218487358093261719e+01,1.481012630462646484e+01,1.069369888305664062e+02
1.260504245758056641e+01,1.481012630462646484e+01,1.064204254150390625e+02
1.302521038055419922e+01,1.481012630462646484e+01,1.058206329345703125e+02
1.344537830352783203e+01,1.481012630462646484e+01,1.051358566284179688e+02
1.386554622650146484e+01,1.481012630462646484e+01,1.043731155395507812e+02
1.428571414947509766e+01,1.481012630462646484e+01,1.035471496582031250e+02
1.470588207244873047e+01,1.481012630462646484e+01,1.026767883300781250e+02
1.512604999542236328e+01,1.481012630462646484e+01,1.017822875976562500e+02
1.554621887207031250e+01,1.481012630462646484e+01,1.008804779052734375e+02
1.596638679504394531e+01,1.481012630462646484e+01,9.997769165039062500e+01
1.638655471801757812e+01,1.481012630462646484e+01,9.907259368896484375e+01
1.680672264099121094e+01,1.481012630462646484e+01,9.817143249511718750e+01
1.722689056396484375e+01,1.481012630462646484e+01,9.730490112304687500e+01
1.764705848693847656e+01,1.481012630462646484e+01,9.652230834960937500e+01
1.806722640991210938e+01,1.481012630462646484e+01,9.586044311523437500e+01
1.848739433288574219e+01,1.481012630462646484e+01,9.531716918945312500e+01
1.890756225585937500e+01,1.481012630462646484e+01,9.485804748535156250e+01
1.932773017883300781e+01,1.481012630462646484e+01,9.444394683837890625e+01
1.974790000915527344e+01,1.481012630462646484e+01,9.405148315429687500e+01
2.016806793212890625e+01,1.481012630462646484e+01,9.367605590820312500e+01
2.058823585510253906e+01,1.481012630462646484e+01,9.332437133789062500e+01
2.100840377807617188e+01,1.481012630462646484e+01,9.300753784179687500e+01
2.142857170104980469e+01,1.481012630462646484e+01,9.273616027832031250e+01
2.184873962402343750e+01,1.481012630462646484e+01,9.251814270019531250e+01
2.226890754699707031e+01,1.481012630462646484e+01,9.235875701904296875e+01
2.268907546997070312e+01,1.481012630462646484e+01,9.226011657714843750e+01
2.310924339294433594e+01,1.481012630462646484e+01,9.222216033935546875e+01
2.352941131591796875e+01,1.481012630462646484e+01,9.224252319335937500e+01
2.394957923889160156e+01,1.481012630462646484e+01,9.231736755371093750e+01
2.436974716186523438e+01,1.481012630462646484e+01,9.244141387939453125e+01
2.478991508483886719e+01,1.481012630462646484e+01,9.260858154296875000e+01
2.521008491516113281e+01,1.481012630462646484e+01,9.281175994873046875e+01
2.563025283813476562e+01,1.481012630462646484e+01,9.304346466064453125e+01
2.605042076110839844e+01,1.481012630462646484e+01,9.329541015625000000e+01
2.647058868408203125e+01,1.481012630462646484e+01,9.355829620361328125e+01
2.689075660705566406e+01,1.481012630462646484e+01,9.382178497314453125e+01
2.731092453002929688e+01,1.481012630462646484e+01,9.407359313964843750e+01
2.773109245300292969e+01,1.481012630462646484e+01,9.429927825927734375e+01
2.815126037597656250e+01,1.481012630462646484e+01,9.448191833496093750e+01
2.857142829895019531e+01,1.481012630462646484e+01,9.460152435302734375e+01
2.899159622192382812e+01,1.481012630462646484e+01,9.463477325439453125e+01
2.941176414489746094e+01,1.481012630462646484e+01,9.455547332763671875e+01
2.983193206787109375e+01,1.481012630462646484e+01,9.433426666259765625e+01
3.025209999084472656e+01,1.481012630462646484e+01,9.393992614746093750e+01
3.067226982116699219e+01,1.481012630462646484e+01,9.334030914306640625e+01
3.109243774414062500e+01,1.481012630462646484e+01,9.250455474853515625e+01
3.151260566711425781e+01,1.481012630462646484e+01,9.140544128417968750e+01
3.193277359008789062e+01,1.481012630462646484e+01,9.002219390869140625e+01
3.235293960571289062e+01,1.481012630462646484e+01,8.834299468994140625e+01
3.277310943603515625e+01,1.481012630462646484e+01,8.636708831787109375e+01
3.319327545166015625e+01,1.481012630462646484e+01,8.410519409179687500e+01
3.361344528198242188e+01,1.481012630462646484e+01,8.157864379882812500e+01
3.403361511230468750e+01,1.481012630462646484e+01,7.881735229492187500e+01
3.445378112792968750e+01,1.481012630462646484e+01,7.585688018798828125e+01
3.487395095825195312e+01,1.481012630462646484e+01,7.273552703857421875e+01
3.529411697387695312e+01,1.481012630462646484e+01,6.949208068847656250e+01
3.571428680419921875e+01,1.481012630462646484e+01,6.616445922851562500e+01
3.613445281982421875e+01,1.481012630462646484e+01,6.278963851928710938e+01
3.655462265014648438e+01,1.481012630462646484e+01,5.940388488769531250e+01
3.697478866577148438e+01,1.481012630462646484e+01,5.604326629638671875e+01
3.739495849609375000e+01,1.481012630462646484e+01,5.274399948120117188e+01
3.781512451171875000e+01,1.481012630462646484e+01,4.954219055175781250e+01
3.823529434204101562e+01,1.481012630462646484e+01,4.647251129150390625e+01
3.865546035766601562e+01,1.481012630462646484e+01,4.356663131713867188e+01
3.907563018798828125e+01,1.481012630462646484e+01,4.085088729858398438e+01
3.949580001831054688e+01,1.481012630462646484e+01,3.834497833251953125e+01
3.991596603393554688e+01,1.481012630462646484e+01,3.606080245971679688e+01
4.033613586425781250e+01,1.481012630462646484e+01,3.400226211547851562e+01
4.075630187988281250e+01,1.481012630462646484e+01,3.216609573364257812e+01
4.117647171020507812e+01,1.481012630462646484e+01,3.054298591613769531e+01
4.159663772583007812e+01,1.481012630462646484e+01,2.911930465698242188e+01
4.201680755615234375e+01,1.481012630462646484e+01,2.787853431701660156e+01
4.243697357177734375e+01,1.481012630462646484e+01,2.680275344848632812e+01
4.285714340209960938e+01,1.481012630462646484e+01,2.587370491027832031e+01
4.327730941772460938e+01,1.481012630462646484e+01,2.507357215881347656e+01
4.369747924804687500e+01,1.481012630462646484e+01,2.438557815551757812e+01
4.411764526367187500e+01,1.481012630462646484e+01,2.379421424865722656e+01
4.453781509399414062e+01,1.481012630462646484e+01,2.328538703918457031e+01
4.495798492431640625e+01,1.481012630462646484e+01,2.284643554687500000e+01
4.537815093994140625e+01,1.481012630462646484e+01,2.246610260009765625e+01
4.579832077026367188e+01,1.481012630462646484e+01,2.213436126708984375e+01
4.621848678588867188e+01,1.481012630462646484e+01,2.184239387512207031e+01
4.663865661621093750e+01,1.481012630462646484e+01,2.158245658874511719e+01
4.705882263183593750e+01,1.481012630462646484e+01,2.134774208068847656e+01
4.747899246215820312e+01,1.481012630462646484e+01,2.113230133056640625e+01
4.789915847778320312e+01,1.481012630462646484e+01,2.093101119995117188e+01
4.831932830810546875e+01,1.481012630462646484e+01,2.073945999145507812e+01
4.873949432373046875e+01,1.481012630462646484e+01,2.055391120910644531e+01
4.915966415405273438e+01,1.481012630462646484e+01,2.037126541137695312e+01
4.957983016967773438e+01,1.481012630462646484e+01,2.018903350830078125e+01
5.000000000000000000e+01,1.481012630462646484e+01,2.000532722473144531e+01
0.000000000000000000e+00,1.518987369537353516e+01,1.125548477172851562e+02
4.201680719852447510e-01,1.518987369537353516e+01,1.126112670898437500e+02
8.403361439704895020e-01,1.518987369537353516e+01,1.127798995971679688e+02
1.260504245758056641e+00,1.518987369537353516e+01,1.130538482666015625e+02
1.680672287940979004e+00,1.518987369537353516e+01,1.133896026611328125e+02
2.100840330123901367e+00,1.518987369537353516e+01,1.137033615112304688e+02
2.521008491516113281e+00,1.518987369537353516e+01,1.139198455810546875e+02
2.941176414489746094e+00,1.518987369537353516e+01,1.140253295898437500e+02
3.361344575881958008e+00,1.518987369537353516e+01,1.140586700439453125e+02
3.781512498855590820e+00,1.518987369537353516e+01,1.140592117309570312e+02
4.201680660247802734e+00,1.518987369537353516e+01,1.140394134521484375e+02
4.621848583221435547e+00,1.518987369537353516e+01,1.139945602416992188e+02
5.042016983032226562e+00,1.518987369537353516e+01,1.139185409545898438e+02
5.462184906005859375e+00,1.518987369537353516e+01,1.138070220947265625e+02
5.882352828979492188e+00,1.518987369537353516e+01,1.136528472900390625e+02
6.302521228790283203e+00,1.518987369537353516e+01,1.134424438476562500e+02
6.722689151763916016e+00,1.518987369537353516e+01,1.131549224853515625e+02
7.142857074737548828e+00,1.518987369537353516e+01,1.127668304443359375e+02
7.563024997711181641e+00,1.518987369537353516e+01,1.122665252685546875e+02
7.983193397521972656e+00,1.518987369537353516e+01,1.116745758056640625e+02
8.403361320495605469e+00,1.518987369537353516e+01,1.110512084960937500e+02
8.823529243469238281e+00,1.518987369537353516e+01,1.104698257446289062e+02
9.243697166442871094e+00,1.518987369537353516e+01,1.099761962890625000e+02
9.663865089416503906e+00,1.518987369537353516e+01,1.095732498168945312e+02
1.008403396606445312e+01,1.518987369537353516e+01,1.092366638183593750e+02
1.050420188903808594e+01,1.518987369537353516e+01,1.089350738525390625e+02
1.092436981201171875e+01,1.518987369537353516e+01,1.086409454345703125e+02
1.134453773498535156e+01,1.518987369537353516e+01,1.083322143554687500e+02
1.176470565795898438e+01,1.518987369537353516e+01,1.079910964965820312e+02
1.218487358093261719e+01,1.518987369537353516e+01,1.076017837524414062e+02
1.260504245758056641e+01,1.518987369537353516e+01,1.071495819091796875e+02
1.302521038055419922e+01,1.518987369537353516e+01,1.066220245361328125e+02
1.344537830352783203e+01,1.518987369537353516e+01,1.060114898681640625e+02
1.386554622650146484e+01,1.518987369537353516e+01,1.053180007934570312e+02
1.428571414947509766e+01,1.518987369537353516e+01,1.045499420166015625e+02
1.470588207244873047e+01,1.518987369537353516e+01,1.037217407226562500e+02
1.512604999542236328e+01,1.518987369537353516e+01,1.028512344360351562e+02
1.554621887207031250e+01,1.518987369537353516e+01,1.019573059082031250e+02
1.596638679504394531e+01,1.518987369537353516e+01,1.010550537109375000e+02
1.638655471801757812e+01,1.518987369537353516e+01,1.001498413085937500e+02
1.680672264099121094e+01,1.518987369537353516e+01,9.923949432373046875e+01
1.722689056396484375e+01,1.518987369537353516e+01,9.833020019531250000e+01
1.764705848693847656e+01,1.518987369537353516e+01,9.745391082763671875e+01
1.806722640991210938e+01,1.518987369537353516e+01,9.666297149658203125e+01
1.848739433288574219e+01,1.518987369537353516e+01,9.599803161621093750e+01
1.890756225585937500e+01,1.518987369537353516e+01,9.545926666259765625e+01
1.932773017883300781e+01,1.518987369537353516e+01,9.501141357421875000e+01
1.974790000915527344e+01,1.518987369537353516e+01,9.461207580566406250e+01
2.016806793212890625e+01,1.518987369537353516e+01,9.423418426513671875e+01
2.058823585510253906e+01,1.518987369537353516e+01,9.387033843994140625e+01
2.100840377807617188e+01,1.518987369537353516e+01,9.352635955810546875e+01
2.142857170104980469e+01,1.518987369537353516e+01,9.321309661865234375e+01
2.184873962402343750e+01,1.518987369537353516e+01,9.294147491455078125e+01
2.226890754699707031e+01,1.518987369537353516e+01,9.272001647949218750e+01
2.268907546997070312e+01,1.518987369537353516e+01,9.255455017089843750e+01
2.310924339294433594e+01,1.518987369537353516e+01,9.244793701171875000e+01
2.352941131591796875e+01,1.518987369537353516e+01,9.240060424804687500e+01
2.394957923889160156e+01,1.518987369537353516e+01,9.241117858886718750e+01
2.436974716186523438e+01,1.518987369537353516e+01,9.247624206542968750e+01
2.478991508483886719e+01,1.518987369537353516e+01,9.259136199951171875e+01
2.521008491516113281e+01,1.518987369537353516e+01,9.275079345703125000e+01
2.563025283813476562e+01,1.518987369537353516e+01,9.294817352294921875e+01
2.605042076110839844e+01,1.518987369537353516e+01,9.317639160156250000e+01
2.647058868408203125e+01,1.518987369537353516e+01,9.342784881591796875e+01
2.689075660705566406e+01,1.518987369537353516e+01,9.369401550292968750e+01
2.731092453002929688e+01,1.518987369537353516e+01,9.396541595458984375e+01
2.773109245300292969e+01,1.518987369537353516e+01,9.423135375976562500e+01
2.815126037597656250e+01,1.518987369537353516e+01,9.447957611083984375e+01
2.857142829895019531e+01,1.518987369537353516e+01,9.469557952880859375e+01
2.899159622192382812e+01,1.518987369537353516e+01,9.486279296875000000e+01
2.941176414489746094e+01,1.518987369537353516e+01,9.496195220947265625e+01
2.983193206787109375e+01,1.518987369537353516e+01,9.497109985351562500e+01
3.025209999084472656e+01,1.518987369537353516e+01,9.486569213867187500e+01
3.067226982116699219e+01,1.518987369537353516e+01,9.461879730224609375e+01
3.109243774414062500e+01,1.518987369537353516e+01,9.420197296142578125e+01
3.151260566711425781e+01,1.518987369537353516e+01,9.358613586425781250e+01
3.193277359008789062e+01,1.518987369537353516e+01,9.274367523193359375e+01
3.235293960571289062e+01,1.518987369537353516e+01,9.165055084228515625e+01
3.277310943603515625e+01,1.518987369537353516e+01,9.028860473632812500e+01
3.319327545166015625e+01,1.518987369537353516e+01,8.864800262451171875e+01
3.361344528198242188e+01,1.518987369537353516e+01,8.672881317138671875e+01
3.403361511230468750e+01,1.518987369537353516e+01,8.454133605957031250e+01
3.445378112792968750e+01,1.518987369537353516e+01,8.210516357421875000e+01
3.487395095825195312e+01,1.518987369537353516e+01,7.944771575927734375e+01
3.529411697387695312e+01,1.518987369537353516e+01,7.660082244873046875e+01
3.571428680419921875e+01,1.518987369537353516e+01,7.359852600097656250e+01
3.613445281982421875e+01,1.518987369537353516e+01,7.047510528564453125e+01
3.655462265014648438e+01,1.518987369537353516e+01,6.726359558105468750e+01
3.697478866577148438e+01,1.518987369537353516e+01,6.399603271484375000e+01
3.739495849609375000e+01,1.518987369537353516e+01,6.070358657836914062e+01
3.781512451171875000e+01,1.518987369537353516e+01,5.741786193847656250e+01
3.823529434204101562e+01,1.518987369537353516e+01,5.417132568359375000e+01
3.865546035766601562e+01,1.518987369537353516e+01,5.099734878540039062e+01
3.907563018798828125e+01,1.518987369537353516e+01,4.792983245849609375e+01
3.949580001831054688e+01,1.518987369537353516e+01,4.500119400024414062e+01
3.991596603393554688e+01,1.518987369537353516e+01,4.224077606201171875e+01
4.033613586425781250e+01,1.518987369537353516e+01,3.967227554321289062e+01
4.075630187988281250e+01,1.518987369537353516e+01,3.731261062622070312e+01
4.117647171020507812e+01,1.518987369537353516e+01,3.517072296142578125e+01
4.159663772583007812e+01,1.518987369537353516e+01,3.324810791015625000e+01
4.201680755615234375e+01,1.518987369537353516e+01,3.153930664062500000e+01
4.243697357177734375e+01,1.518987369537353516e+01,3.003370857238769531e+01
4.285714340209960938e+01,1.518987369537353516e+01,2.871678924560546875e+01
4.327730941772460938e+01,1.518987369537353516e+01,2.757181167602539062e+01
4.369747924804687500e+01,1.518987369537353516e+01,2.658099937438964844e+01
4.411764526367187500e+01,1.518987369537353516e+01,2.572664260864257812e+01
4.453781509399414062e+01,1.518987369537353516e+01,2.499165725708007812e+01
4.495798492431640625e+01,1.518987369537353516e+01,2.436004447937011719e+01
4.537815093994140625e+01,1.518987369537353516e+01,2.381722259521484375e+01
4.579832077026367188e+01,1.518987369537353516e+01,2.334988021850585938e+01
4.621848678588867188e+01,1.518987369537353516e+01,2.294619178771972656e+01
4.663865661621093750e+01,1.518987369537353516e+01,2.259558296203613281e+01
4.705882263183593750e+01,1.518987369537353516e+01,2.228873443603515625e+01
4.747899246215820312e+01,1.518987369537353516e+01,2.201744270324707031e+01
4.789915847778320312e+01,1.518987369537353516e+01,2.177443695068359375e+01
4.831932830810546875e+01,1.518987369537353516e+01,2.155342483520507812e+01
4.873949432373046875e+01,1.518987369537353516e+01,2.134886169433593750e+01
4.915966415405273438e+01,1.518987369537353516e+01,2.115594291687011719e+01
4.957983016967773438e+01,1.518987369537353516e+01,2.097059822082519531e+01
5.000000000000000000e+01,1.518987369537353516e+01,2.078931427001953125e+01
0.000000000000000000e+00,1.556962013244628906e+01,1.129441452026367188e+02
4.201680719852447510e-01,1.556962013244628906e+01,1.130101394653320312e+02
8.403361439704895020e-01,1.556962013244628906e+01,1.131894607543945312e+02
1.260504245758056641e+00,1.556962013244628906e+01,1.134771728515625000e+02
1.680672287940979004e+00,1.556962013244628906e+01,1.138298721313476562e+02
2.100840330123901367e+00,1.556962013244628906e+01,1.141607971191406250e+02
2.521008491516113281e+00,1.556962013244628906e+01,1.143874206542968750e+02
2.941176414489746094e+00,1.556962013244628906e+01,1.144911575317382812e+02
3.361344575881958008e+00,1.556962013244628906e+01,1.145140380859375000e+02
3.781512498855590820e+00,1.556962013244628906e+01,1.145042648315429688e+02
4.201680660247802734e+00,1.556962013244628906e+01,1.144802398681640625e+02
4.621848583221435547e+00,1.556962013244628906e+01,1.144377212524414062e+02
5.042016983032226562e+00,1.556962013244628906e+01,1.143686065673828125e+02
5.462184906005859375e+00,1.556962013244628906e+01,1.142678680419921875e+02
5.882352828979492188e+00,1.556962013244628906e+01,1.141299362182617188e+02
6.302521228790283203e+00,1.556962013244628906e+01,1.139439697265625000e+02
6.722689151763916016e+00,1.556962013244628906e+01,1.136915435791015625e+02
7.142857074737548828e+00,1.556962013244628906e+01,1.133485717773437500e+02
7.563024997711181641e+00,1.556962013244628906e+01,1.128950424194335938e+02
7.983193397521972656e+00,1.556962013244628906e+01,1.123339462280273438e+02
8.403361320495605469e+00,1.556962013244628906e+01,1.117086029052734375e+02
8.823529243469238281e+00,1.556962013244628906e+01,1.110929489135742188e+02
9.243697166442871094e+00,1.556962013244628906e+01,1.105509796142578125e+02
9.663865089416503906e+00,1.556962013244628906e+01,1.101059112548828125e+02
1.008403396606445312e+01,1.556962013244628906e+01,1.097435073852539062e+02
1.050420188903808594e+01,1.556962013244628906e+01,1.094335784912109375e+02
1.092436981201171875e+01,1.556962013244628906e+01,1.091461715698242188e+02
1.134453773498535156e+01,1.556962013244628906e+01,1.088569259643554688e+02
1.176470565795898438e+01,1.556962013244628906e+01,1.085469131469726562e+02
1.218487358093261719e+01,1.556962013244628906e+01,1.082002639770507812e+02
1.260504245758056641e+01,1.556962013244628906e+01,1.078023834228515625e+02
1.302521038055419922e+01,1.556962013244628906e+01,1.073395614624023438e+02
1.344537830352783203e+01,1.556962013244628906e+01,1.068006744384765625e+02
1.386554622650146484e+01,1.556962013244628906e+01,1.061795043945312500e+02
1.428571414947509766e+01,1.556962013244628906e+01,1.054777145385742188e+02
1.470588207244873047e+01,1.556962013244628906e+01,1.047047042846679688e+02
1.512604999542236328e+01,1.556962013244628906e+01,1.038749237060546875e+02
1.554621887207031250e+01,1.556962013244628906e+01,1.030049514770507812e+02
1.596638679504394531e+01,1.556962013244628906e+01,1.021120758056640625e+02
1.638655471801757812e+01,1.556962013244628906e+01,1.012100906372070312e+02
1.680672264099121094e+01,1.556962013244628906e+01,1.003032531738281250e+02
1.722689056396484375e+01,1.556962013244628906e+01,9.938871765136718750e+01
1.764705848693847656e+01,1.556962013244628906e+01,9.847237396240234375e+01
1.806722640991210938e+01,1.556962013244628906e+01,9.758723449707031250e+01
1.848739433288574219e+01,1.556962013244628906e+01,9.678837585449218750e+01
1.890756225585937500e+01,1.556962013244628906e+01,9.612028503417968750e+01
1.932773017883300781e+01,1.556962013244628906e+01,9.558561706542968750e+01
1.974790000915527344e+01,1.556962013244628906e+01,9.514901733398437500e+01
2.016806793212890625e+01,1.556962013244628906e+01,9.476491546630859375e+01
2.058823585510253906e+01,1.556962013244628906e+01,9.440248107910156250e+01
2.100840377807617188e+01,1.556962013244628906e+01,9.405162048339843750e+01
2.142857170104980469e+01,1.556962013244628906e+01,9.371675872802734375e+01
2.184873962402343750e+01,1.556962013244628906e+01,9.340847015380859375e+01
2.226890754699707031e+01,1.556962013244628906e+01,9.313796997070312500e+01
2.268907546997070312e+01,1.556962013244628906e+01,9.291426849365234375e+01
2.310924339294433594e+01,1.556962013244628906e+01,9.274372100830078125e+01
2.352941131591796875e+01,1.556962013244628906e+01,9.262982940673828125e+01
2.394957923889160156e+01,1.556962013244628906e+01,9.257370758056640625e+01
2.436974716186523438e+01,1.556962013244628906e+01,9.257453918457031250e+01
2.478991508483886719e+01,1.556962013244628906e+01,9.262973785400390625e+01
2.521008491516113281e+01,1.556962013244628906e+01,9.273527526855468750e+01
2.563025283813476562e+01,1.556962013244628906e+01,9.288609313964843750e+01
2.605042076110839844e+01,1.556962013244628906e+01,9.307630157470703125e+01
2.647058868408203125e+01,1.556962013244628906e+01,9.329936981201171875e+01
2.689075660705566406e+01,1.556962013244628906e+01,9.354803466796875000e+01
2.731092453002929688e+01,1.556962013244628906e+01,9.381445312500000000e+01
2.773109245300292969e+01,1.556962013244628906e+01,9.409010314941406250e+01
2.815126037597656250e+01,1.556962013244628906e+01,9.436531066894531250e+01
2.857142829895019531e+01,1.556962013244628906e+01,9.462926483154296875e+01
2.899159622192382812e+01,1.556962013244628906e+01,9.486962890625000000e+01
2.941176414489746094e+01,1.556962013244628906e+01,9.507232666015625000e+01
2.983193206787109375e+01,1.556962013244628906e+01,9.522113800048828125e+01
3.025209999084472656e+01,1.556962013244628906e+01,9.529790496826171875e+01
3.067226982116699219e+01,1.556962013244628906e+01,9.528199768066406250e+01
3.109243774414062500e+01,1.556962013244628906e+01,9.515060424804687500e+01
3.151260566711425781e+01,1.556962013244628906e+01,9.487894439697265625e+01
3.193277359008789062e+01,1.556962013244628906e+01,9.444088745117187500e+01
3.235293960571289062e+01,1.556962013244628906e+01,9.381024169921875000e+01
3.277310943603515625e+01,1.556962013244628906e+01,9.296213531494140625e+01
3.319327545166015625e+01,1.556962013244628906e+01,9.187514495849609375e+01
3.361344528198242188e+01,1.556962013244628906e+01,9.053334808349609375e+01
3.403361511230468750e+01,1.556962013244628906e+01,8.892857360839843750e+01
3.445378112792968750e+01,1.556962013244628906e+01,8.706157684326171875e+01
3.487395095825195312e+01,1.556962013244628906e+01,8.494242858886718750e+01
3.529411697387695312e+01,1.556962013244628906e+01,8.258955383300781250e+01
3.571428680419921875e+01,1.556962013244628906e+01,8.002777862548828125e+01
3.613445281982421875e+01,1.556962013244628906e+01,7.728624725341796875e+01
3.655462265014648438e+01,1.556962013244628906e+01,7.439538574218750000e+01
3.697478866577148438e+01,1.556962013244628906e+01,7.138552093505859375e+01
3.739495849609375000e+01,1.556962013244628906e+01,6.828545379638671875e+01
3.781512451171875000e+01,1.556962013244628906e+01,6.512271118164062500e+01
3.823529434204101562e+01,1.556962013244628906e+01,6.192400360107421875e+01
3.865546035766601562e+01,1.556962013244628906e+01,5.871654129028320312e+01
3.907563018798828125e+01,1.556962013244628906e+01,5.552872848510742188e+01
3.949580001831054688e+01,1.556962013244628906e+01,5.239114761352539062e+01
3.991596603393554688e+01,1.556962013244628906e+01,4.933580780029296875e+01
4.033613586425781250e+01,1.556962013244628906e+01,4.639534759521484375e+01
4.075630187988281250e+01,1.556962013244628906e+01,4.360071563720703125e+01
4.117647171020507812e+01,1.556962013244628906e+01,4.097896575927734375e+01
4.159663772583007812e+01,1.556962013244628906e+01,3.855148696899414062e+01
4.201680755615234375e+01,1.556962013244628906e+01,3.633200454711914062e+01
4.243697357177734375e+01,1.556962013244628906e+01,3.432673263549804688e+01
4.285714340209960938e+01,1.556962013244628906e+01,3.253443527221679688e+01
4.327730941772460938e+01,1.556962013244628906e+01,3.094771385192871094e+01
4.369747924804687500e+01,1.556962013244628906e+01,2.955439186096191406e+01
4.411764526367187500e+01,1.556962013244628906e+01,2.833926582336425781e+01
4.453781509399414062e+01,1.556962013244628906e+01,2.728537178039550781e+01
4.495798492431640625e+01,1.556962013244628906e+01,2.637520027160644531e+01
4.537815093994140625e+01,1.556962013244628906e+01,2.559156608581542969e+01
4.579832077026367188e+01,1.556962013244628906e+01,2.491809654235839844e+01
4.621848678588867188e+01,1.556962013244628906e+01,2.433966255187988281e+01
4.663865661621093750e+01,1.556962013244628906e+01,2.384244918823242188e+01
4.705882263183593750e+01,1.556962013244628906e+01,2.341403961181640625e+01
4.747899246215820312e+01,1.556962013244628906e+01,2.304333496093750000e+01
4.789915847778320312e+01,1.556962013244628906e+01,2.272052764892578125e+01
4.831932830810546875e+01,1.556962013244628906e+01,2.243691825866699219e+01
4.873949432373046875e+01,1.556962013244628906e+01,2.218486976623535156e+01
4.915966415405273438e+01,1.556962013244628906e+01,2.195766639709472656e+01
4.957983016967773438e+01,1.556962013244628906e+01,2.174940109252929688e+01
5.000000000000000000e+01,1.556962013244628906e+01,2.155494499206542969e+01
0.000000000000000000e+00,1.594936752319335938e+01,1.133162612915039062e+02
4.201680719852447510e-01,1.594936752319335938e+01,1.133906326293945312e+02
8.403361439704895020e-01,1.594936752319335938e+01,1.135798110961914062e+02
1.260504245758056641e+00,1.594936752319335938e+01,1.138807983398437500e+02
1.680672287940979004e+00,1.594936752319335938e+01,1.142511978149414062e+02
2.100840330123901367e+00,1.594936752319335938e+01,1.146013793945312500e+02
2.521008491516113281e+00,1.594936752319335938e+01,1.148414764404296875e+02
2.941176414489746094e+00,1.594936752319335938e+01,1.149462814331054688e+02
3.361344575881958008e+00,1.594936752319335938e+01,1.149593276977539062e+02
3.781512498855590820e+00,1.594936752319335938e+01,1.149377288818359375e+02
4.201680660247802734e+00,1.594936752319335938e+01,1.149073715209960938e+02
4.621848583221435547e+00,1.594936752319335938e+01,1.148652954101562500e+02
5.042016983032226562e+00,1.594936752319335938e+01,1.148015594482421875e+02
5.462184906005859375e+00,1.594936752319335938e+01,1.147097396850585938e+02
5.882352828979492188e+00,1.594936752319335938e+01,1.145851516723632812e+02
6.302521228790283203e+00,1.594936752319335938e+01,1.144193344116210938e+02
6.722689151763916016e+00,1.594936752319335938e+01,1.141969528198242188e+02
7.142857074737548828e+00,1.594936752319335938e+01,1.138952407836914062e+02
7.563024997711181641e+00,1.594936752319335938e+01,1.134897842407226562e+02
7.983193397521972656e+00,1.594936752319335938e+01,1.129697875976562500e+02
8.403361320495605469e+00,1.594936752319335938e+01,1.123589630126953125e+02
8.823529243469238281e+00,1.594936752319335938e+01,1.117216033935546875e+02
9.243697166442871094e+00,1.594936752319335938e+01,1.111334228515625000e+02
9.663865089416503906e+00,1.594936752319335938e+01,1.106393127441406250e+02
1.008403396606445312e+01,1.594936752319335938e+01,1.102408218383789062e+02
1.050420188903808594e+01,1.594936752319335938e+01,1.099124526977539062e+02
1.092436981201171875e+01,1.594936752319335938e+01,1.096225814819335938e+02
1.134453773498535156e+01,1.594936752319335938e+01,1.093442764282226562e+02
1.176470565795898438e+01,1.594936752319335938e+01,1.090565872192382812e+02
1.218487358093261719e+01,1.594936752319335938e+01,1.087430496215820312e+02
1.260504245758056641e+01,1.594936752319335938e+01,1.083893661499023438e+02
1.302521038055419922e+01,1.594936752319335938e+01,1.079819335937500000e+02
1.344537830352783203e+01,1.594936752319335938e+01,1.075079345703125000e+02
1.386554622650146484e+01,1.594936752319335938e+01,1.069573364257812500e+02
1.428571414947509766e+01,1.594936752319335938e+01,1.063255691528320312e+02
1.470588207244873047e+01,1.594936752319335938e+01,1.056159210205078125e+02
1.512604999542236328e+01,1.594936752319335938e+01,1.048386917114257812e+02
1.554621887207031250e+01,1.594936752319335938e+01,1.040079040527343750e+02
1.596638679504394531e+01,1.594936752319335938e+01,1.031389312744140625e+02
1.638655471801757812e+01,1.594936752319335938e+01,1.022475204467773438e+02
1.680672264099121094e+01,1.594936752319335938e+01,1.013464202880859375e+02
1.722689056396484375e+01,1.594936752319335938e+01,1.004388961791992188e+02
1.764705848693847656e+01,1.594936752319335938e+01,9.952108001708984375e+01
1.806722640991210938e+01,1.594936752319335938e+01,9.859876251220703125e+01
1.848739433288574219e+01,1.594936752319335938e+01,9.770568084716796875e+01
1.890756225585937500e+01,1.594936752319335938e+01,9.689943695068359375e+01
1.932773017883300781e+01,1.594936752319335938e+01,9.622805786132812500e+01
1.974790000915527344e+01,1.594936752319335938e+01,9.569721221923828125e+01
2.016806793212890625e+01,1.594936752319335938e+01,9.527154541015625000e+01
2.058823585510253906e+01,1.594936752319335938e+01,9.490292358398437500e+01
2.100840377807617188e+01,1.594936752319335938e+01,9.455673980712890625e+01
2.142857170104980469e+01,1.594936752319335938e+01,9.421998596191406250e+01
2.184873962402343750e+01,1.594936752319335938e+01,9.389554595947265625e+01
2.226890754699707031e+01,1.594936752319335938e+01,9.359358978271484375e+01
2.268907546997070312e+01,1.594936752319335938e+01,9.332543945312500000e+01
2.310924339294433594e+01,1.594936752319335938e+01,9.310062408447265625e+01
2.352941131591796875e+01,1.594936752319335938e+01,9.292605590820312500e+01
2.394957923889160156e+01,1.594936752319335938e+01,9.280570220947265625e+01
2.436974716186523438e+01,1.594936752319335938e+01,9.274137878417968750e+01
2.478991508483886719e+01,1.594936752319335938e+01,9.273284149169921875e+01
2.521008491516113281e+01,1.594936752319335938e+01,9.277809143066406250e+01
2.563025283813476562e+01,1.594936752319335938e+01,9.287369537353515625e+01
2.605042076110839844e+01,1.594936752319335938e+01,9.301525115966796875e+01
2.647058868408203125e+01,1.594936752319335938e+01,9.319736480712890625e+01
2.689075660705566406e+01,1.594936752319335938e+01,9.341386413574218750e+01
2.731092453002929688e+01,1.594936752319335938e+01,9.365801239013671875e+01
2.773109245300292969e+01,1.594936752319335938e+01,9.392259216308593750e+01
2.815126037597656250e+01,1.594936752319335938e+01,9.419950866699218750e+01
2.857142829895019531e+01,1.594936752319335938e+01,9.448002624511718750e+01
2.899159622192382812e+01,1.594936752319335938e+01,9.475469970703125000e+01
2.941176414489746094e+01,1.594936752319335938e+01,9.501250457763671875e+01
2.983193206787109375e+01,1.594936752319335938e+01,9.524134063720703125e+01
3.025209999084472656e+01,1.594936752319335938e+01,9.542763519287109375e+01
3.067226982116699219e+01,1.594936752319335938e+01,9.555599212646484375e+01
3.109243774414062500e+01,1.594936752319335938e+01,9.560904693603515625e+01
3.151260566711425781e+01,1.594936752319335938e+01,9.556765747070312500e+01
3.193277359008789062e+01,1.594936752319335938e+01,9.541065979003906250e+01
3.235293960571289062e+01,1.594936752319335938e+01,9.511512756347656250e+01
3.277310943603515625e+01,1.594936752319335938e+01,9.465724945068359375e+01
3.319327545166015625e+01,1.594936752319335938e+01,9.401309967041015625e+01
3.361344528198242188e+01,1.594936752319335938e+01,9.316004180908203125e+01
3.403361511230468750e+01,1.594936752319335938e+01,9.207900238037109375e+01
3.445378112792968750e+01,1.594936752319335938e+01,9.075602722167968750e+01
3.487395095825195312e+01,1.594936752319335938e+01,8.918434143066406250e+01
3.529411697387695312e+01,1.594936752319335938e+01,8.736528778076171875e+01
3.571428680419921875e+01,1.594936752319335938e+01,8.530883789062500000e+01
3.613445281982421875e+01,1.594936752319335938e+01,8.303236389160156250e+01
3.655462265014648438e+01,1.594936752319335938e+01,8.055896759033203125e+01
3.697478866577148438e+01,1.594936752319335938e+01,7.791526031494140625e+01
3.739495849609375000e+01,1.594936752319335938e+01,7.512860870361328125e+01
3.781512451171875000e+01,1.594936752319335938e+01,7.222608947753906250e+01
3.823529434204101562e+01,1.594936752319335938e+01,6.923274993896484375e+01
3.865546035766601562e+01,1.594936752319335938e+01,6.617215728759765625e+01
3.907563018798828125e+01,1.594936752319335938e+01,6.306692886352539062e+01
3.949580001831054688e+01,1.594936752319335938e+01,5.993995285034179688e+01
3.991596603393554688e+01,1.594936752319335938e+01,5.681604385375976562e+01
4.033613586425781250e+01,1.594936752319335938e+01,5.372211456298828125e+01
4.075630187988281250e+01,1.594936752319335938e+01,5.068821716308593750e+01
4.117647171020507812e+01,1.594936752319335938e+01,4.774596405029296875e+01
4.159663772583007812e+01,1.594936752319335938e+01,4.492731094360351562e+01
4.201680755615234375e+01,1.594936752319335938e+01,4.226179885864257812e+01
4.243697357177734375e+01,1.594936752319335938e+01,3.977447509765625000e+01
4.285714340209960938e+01,1.594936752319335938e+01,3.748364639282226562e+01
4.327730941772460938e+01,1.594936752319335938e+01,3.540012741088867188e+01
4.369747924804687500e+01,1.594936752319335938e+01,3.352698898315429688e+01
4.411764526367187500e+01,1.594936752319335938e+01,3.186036682128906250e+01
4.453781509399414062e+01,1.594936752319335938e+01,3.039081573486328125e+01
4.495798492431640625e+01,1.594936752319335938e+01,2.910491561889648438e+01
4.537815093994140625e+01,1.594936752319335938e+01,2.798678779602050781e+01
4.579832077026367188e+01,1.594936752319335938e+01,2.701937866210937500e+01
4.621848678588867188e+01,1.594936752319335938e+01,2.618550682067871094e+01
4.663865661621093750e+01,1.594936752319335938e+01,2.546856307983398438e+01
4.705882263183593750e+01,1.594936752319335938e+01,2.485294914245605469e+01
4.747899246215820312e+01,1.594936752319335938e+01,2.432438087463378906e+01
4.789915847778320312e+01,1.594936752319335938e+01,2.386984634399414062e+01
4.831932830810546875e+01,1.594936752319335938e+01,2.347778129577636719e+01
4.873949432373046875e+01,1.594936752319335938e+01,2.313783073425292969e+01
4.915966415405273438e+01,1.594936752319335938e+01,2.284088134765625000e+01
4.957983016967773438e+01,1.594936752319335938e+01,2.257885742187500000e+01
5.000000000000000000e+01,1.594936752319335938e+01,2.234468269348144531e+01
0.000000000000000000e+00,1.632911300659179688e+01,1.136720275878906250e+02
4.201680719852447510e-01,1.632911300659179688e+01,1.137537994384765625e+02
8.403361439704895020e-01,1.632911300659179688e+01,1.139517364501953125e+02
1.260504245758056641e+00,1.632911300659179688e+01,1.142653656005859375e+02
1.680672287940979004e+00,1.632911300659179688e+01,1.146538009643554688e+02
2.100840330123901367e+00,1.632911300659179688e+01,1.150252380371093750e+02
2.521008491516113281e+00,1.632911300659179688e+01,1.152819900512695312e+02
2.941176414489746094e+00,1.632911300659179688e+01,1.153908309936523438e+02
3.361344575881958008e+00,1.632911300659179688e+01,1.153952865600585938e+02
3.781512498855590820e+00,1.632911300659179688e+01,1.153606262207031250e+02
4.201680660247802734e+00,1.632911300659179688e+01,1.153216857910156250e+02
4.621848583221435547e+00,1.632911300659179688e+01,1.152782516479492188e+02
5.042016983032226562e+00,1.632911300659179688e+01,1.152183532714843750e+02
5.462184906005859375e+00,1.632911300659179688e+01,1.151338882446289062e+02
5.882352828979492188e+00,1.632911300659179688e+01,1.150203552246093750e+02
6.302521228790283203e+00,1.632911300659179688e+01,1.148711013793945312e+02
6.722689151763916016e+00,1.632911300659179688e+01,1.146739730834960938e+02
7.142857074737548828e+00,1.632911300659179688e+01,1.144085845947265625e+02
7.563024997711181641e+00,1.632911300659179688e+01,1.140495834350585938e+02
7.983193397521972656e+00,1.632911300659179688e+01,1.135767822265625000e+02
8.403361320495605469e+00,1.632911300659179688e+01,1.129953765869140625e+02
8.823529243469238281e+00,1.632911300659179688e+01,1.123527450561523438e+02
9.243697166442871094e+00,1.632911300659179688e+01,1.117259750366210938e+02
9.663865089416503906e+00,1.632911300659179688e+01,1.111798553466796875e+02
1.008403396606445312e+01,1.632911300659179688e+01,1.107361068725585938e+02
1.050420188903808594e+01,1.632911300659179688e+01,1.103789443969726562e+02
1.092436981201171875e+01,1.632911300659179688e+01,1.100774536132812500e+02
1.134453773498535156e+01,1.632911300659179688e+01,1.098018188476562500e+02
1.176470565795898438e+01,1.632911300659179688e+01,1.095285339355468750e+02
1.218487358093261719e+01,1.632911300659179688e+01,1.092396850585937500e+02
1.260504245758056641e+01,1.632911300659179688e+01,1.089208908081054688e+02
1.302521038055419922e+01,1.632911300659179688e+01,1.085589218139648438e+02
1.344537830352783203e+01,1.632911300659179688e+01,1.081411514282226562e+02
1.386554622650146484e+01,1.632911300659179688e+01,1.076554641723632812e+02
1.428571414947509766e+01,1.632911300659179688e+01,1.070929870605468750e+02
1.470588207244873047e+01,1.632911300659179688e+01,1.064507751464843750e+02
1.512604999542236328e+01,1.632911300659179688e+01,1.057337341308593750e+02
1.554621887207031250e+01,1.632911300659179688e+01,1.049528808593750000e+02
1.596638679504394531e+01,1.632911300659179688e+01,1.041216812133789062e+02
1.638655471801757812e+01,1.632911300659179688e+01,1.032541732788085938e+02
1.680672264099121094e+01,1.632911300659179688e+01,1.023647994995117188e+02
1.722689056396484375e+01,1.632911300659179688e+01,1.014651336669921875e+02
1.764705848693847656e+01,1.632911300659179688e+01,1.005575485229492188e+02
1.806722640991210938e+01,1.632911300659179688e+01,9.963741302490234375e+01
1.848739433288574219e+01,1.632911300659179688e+01,9.871015930175781250e+01
1.890756225585937500e+01,1.632911300659179688e+01,9.781005096435546875e+01
1.932773017883300781e+01,1.632911300659179688e+01,9.699697875976562500e+01
1.974790000915527344e+01,1.632911300659179688e+01,9.632225799560546875e+01
2.016806793212890625e+01,1.632911300659179688e+01,9.579482269287109375e+01
2.058823585510253906e+01,1.632911300659179688e+01,9.537973022460937500e+01
2.100840377807617188e+01,1.632911300659179688e+01,9.502668762207031250e+01
2.142857170104980469e+01,1.632911300659179688e+01,9.469742584228515625e+01
2.184873962402343750e+01,1.632911300659179688e+01,9.437570190429687500e+01
2.226890754699707031e+01,1.632911300659179688e+01,9.406287384033203125e+01
2.268907546997070312e+01,1.632911300659179688e+01,9.376838684082031250e+01
2.310924339294433594e+01,1.632911300659179688e+01,9.350388336181640625e+01
2.352941131591796875e+01,1.632911300659179688e+01,9.327908325195312500e+01
2.394957923889160156e+01,1.632911300659179688e+01,9.310142517089843750e+01
2.436974716186523438e+01,1.632911300659179688e+01,9.297547912597656250e+01
2.478991508483886719e+01,1.632911300659179688e+01,9.290359497070312500e+01
2.521008491516113281e+01,1.632911300659179688e+01,9.288609313964843750e+01
2.563025283813476562e+01,1.632911300659179688e+01,9.292153930664062500e+01
2.605042076110839844e+01,1.632911300659179688e+01,9.300717926025390625e+01
2.647058868408203125e+01,1.632911300659179688e+01,9.313903808593750000e+01
2.689075660705566406e+01,1.632911300659179688e+01,9.331227111816406250e+01
2.731092453002929688e+01,1.632911300659179688e+01,9.352118682861328125e+01
2.773109245300292969e+01,1.632911300659179688e+01,9.375944519042968750e+01
2.815126037597656250e+01,1.632911300659179688e+01,9.402027130126953125e+01
2.857142829895019531e+01,1.632911300659179688e+01,9.429626464843750000e+01
2.899159622192382812e+01,1.632911300659179688e+01,9.457919311523437500e+01
2.941176414489746094e+01,1.632911300659179688e+01,9.486058044433593750e+01
2.983193206787109375e+01,1.632911300659179688e+01,9.513050842285156250e+01
3.025209999084472656e+01,1.632911300659179688e+01,9.537854766845703125e+01
3.067226982116699219e+01,1.632911300659179688e+01,9.559291076660156250e+01
3.109243774414062500e+01,1.632911300659179688e+01,9.576043701171875000e+01
3.151260566711425781e+01,1.632911300659179688e+01,9.586666107177734375e+01
3.193277359008789062e+01,1.632911300659179688e+01,9.589532470703125000e+01
3.235293960571289062e+01,1.632911300659179688e+01,9.582849884033203125e+01
3.277310943603515625e+01,1.632911300659179688e+01,9.564662170410156250e+01
3.319327545166015625e+01,1.632911300659179688e+01,9.532835388183593750e+01
3.361344528198242188e+01,1.632911300659179688e+01,9.485189056396484375e+01
3.403361511230468750e+01,1.632911300659179688e+01,9.419514465332031250e+01
3.445378112792968750e+01,1.632911300659179688e+01,9.333772277832031250e+01
3.487395095825195312e+01,1.632911300659179688e+01,9.226227569580078125e+01
3.529411697387695312e+01,1.632911300659179688e+01,9.095661926269531250e+01
3.571428680419921875e+01,1.632911300659179688e+01,8.941522216796875000e+01
3.613445281982421875e+01,1.632911300659179688e+01,8.764012908935546875e+01
3.655462265014648438e+01,1.632911300659179688e+01,8.564105224609375000e+01
3.697478866577148438e+01,1.632911300659179688e+01,8.343484497070312500e+01
3.739495849609375000e+01,1.632911300659179688e+01,8.104300689697265625e+01
3.781512451171875000e+01,1.632911300659179688e+01,7.849008178710937500e+01
3.823529434204101562e+01,1.632911300659179688e+01,7.580108642578125000e+01
3.865546035766601562e+01,1.632911300659179688e+01,7.299990844726562500e+01
3.907563018798828125e+01,1.632911300659179688e+01,7.010861968994140625e+01
3.949580001831054688e+01,1.632911300659179688e+01,6.714720153808593750e+01
3.991596603393554688e+01,1.632911300659179688e+01,6.413454437255859375e+01
4.033613586425781250e+01,1.632911300659179688e+01,6.108970260620117188e+01
4.075630187988281250e+01,1.632911300659179688e+01,5.803349685668945312e+01
4.117647171020507812e+01,1.632911300659179688e+01,5.498962020874023438e+01
4.159663772583007812e+01,1.632911300659179688e+01,5.198526763916015625e+01
4.201680755615234375e+01,1.632911300659179688e+01,4.905070114135742188e+01
4.243697357177734375e+01,1.632911300659179688e+01,4.621781921386718750e+01
4.285714340209960938e+01,1.632911300659179688e+01,4.351787948608398438e+01
4.327730941772460938e+01,1.632911300659179688e+01,4.097894668579101562e+01
4.369747924804687500e+01,1.632911300659179688e+01,3.862343215942382812e+01
4.411764526367187500e+01,1.632911300659179688e+01,3.646659851074218750e+01
4.453781509399414062e+01,1.632911300659179688e+01,3.451578140258789062e+01
4.495798492431640625e+01,1.632911300659179688e+01,3.277093505859375000e+01
4.537815093994140625e+01,1.632911300659179688e+01,3.122570800781250000e+01
4.579832077026367188e+01,1.632911300659179688e+01,2.986866760253906250e+01
4.621848678588867188e+01,1.632911300659179688e+01,2.868535995483398438e+01
4.663865661621093750e+01,1.632911300659179688e+01,2.765941810607910156e+01
4.705882263183593750e+01,1.632911300659179688e+01,2.677383995056152344e+01
4.747899246215820312e+01,1.632911300659179688e+01,2.601184654235839844e+01
4.789915847778320312e+01,1.632911300659179688e+01,2.535754585266113281e+01
4.831932830810546875e+01,1.632911300659179688e+01,2.479608917236328125e+01
4.873949432373046875e+01,1.632911300659179688e+01,2.431405448913574219e+01
4.915966415405273438e+01,1.632911300659179688e+01,2.389929199218750000e+01
4.957983016967773438e+01,1.632911300659179688e+01,2.354100608825683594e+01
5.000000000000000000e+01,1.632911300659179688e+01,2.322957038879394531e+01
0.000000000000000000e+00,1.670886039733886719e+01,1.140121765136718750e+02
4.201680719852447510e-01,1.670886039733886719e+01,1.141003875732421875e+02
8.403361439704895020e-01,1.670886039733886719e+01,1.143062362670898438e+02
1.260504245758056641e+00,1.670886039733886719e+01,1.146317138671875000e+02
1.680672287940979004e+00,1.670886039733886719e+01,1.150381774902343750e+02
2.100840330123901367e+00,1.670886039733886719e+01,1.154322662353515625e+02
2.521008491516113281e+00,1.670886039733886719e+01,1.157086944580078125e+02
2.941176414489746094e+00,1.670886039733886719e+01,1.158249435424804688e+02
3.361344575881958008e+00,1.670886039733886719e+01,1.158222961425781250e+02
3.781512498855590820e+00,1.670886039733886719e+01,1.157738189697265625e+02
4.201680660247802734e+00,1.670886039733886719e+01,1.157241439819335938e+02
4.621848583221435547e+00,1.670886039733886719e+01,1.156772460937500000e+02
5.042016983032226562e+00,1.670886039733886719e+01,1.156199493408203125e+02
5.462184906005859375e+00,1.670886039733886719e+01,1.155415267944335938e+02
5.882352828979492188e+00,1.670886039733886719e+01,1.154371109008789062e+02
6.302521228790283203e+00,1.670886039733886719e+01,1.153015060424804688e+02
6.722689151763916016e+00,1.670886039733886719e+01,1.151251525878906250e+02
7.142857074737548828e+00,1.670886039733886719e+01,1.148910446166992188e+02
7.563024997711181641e+00,1.670886039733886719e+01,1.145747146606445312e+02
7.983193397521972656e+00,1.670886039733886719e+01,1.141512756347656250e+02
8.403361320495605469e+00,1.670886039733886719e+01,1.136106872558593750e+02
8.823529243469238281e+00,1.670886039733886719e+01,1.129802398681640625e+02
9.243697166442871094e+00,1.670886039733886719e+01,1.123281555175781250e+02
9.663865089416503906e+00,1.670886039733886719e+01,1.117319946289062500e+02
1.008403396606445312e+01,1.670886039733886719e+01,1.112361755371093750e+02
1.050420188903808594e+01,1.670886039733886719e+01,1.108403396606445312e+02
1.092436981201171875e+01,1.670886039733886719e+01,1.105176162719726562e+02
1.134453773498535156e+01,1.670886039733886719e+01,1.102364578247070312e+02
1.176470565795898438e+01,1.670886039733886719e+01,1.099700622558593750e+02
1.218487358093261719e+01,1.670886039733886719e+01,1.096984024047851562e+02
1.260504245758056641e+01,1.670886039733886719e+01,1.094062881469726562e+02
1.302521038055419922e+01,1.670886039733886719e+01,1.090807189941406250e+02
1.344537830352783203e+01,1.670886039733886719e+01,1.087096557617187500e+02
1.386554622650146484e+01,1.670886039733886719e+01,1.082807769775390625e+02
1.428571414947509766e+01,1.670886039733886719e+01,1.077830581665039062e+02
1.470588207244873047e+01,1.670886039733886719e+01,1.072086639404296875e+02
1.512604999542236328e+01,1.670886039733886719e+01,1.065563049316406250e+02
1.554621887207031250e+01,1.670886039733886719e+01,1.058323898315429688e+02
1.596638679504394531e+01,1.670886039733886719e+01,1.050485153198242188e+02
1.638655471801757812e+01,1.670886039733886719e+01,1.042173538208007812e+02
1.680672264099121094e+01,1.670886039733886719e+01,1.033517608642578125e+02
1.722689056396484375e+01,1.670886039733886719e+01,1.024648132324218750e+02
1.764705848693847656e+01,1.670886039733886719e+01,1.015671234130859375e+02
1.806722640991210938e+01,1.670886039733886719e+01,1.006601638793945312e+02
1.848739433288574219e+01,1.670886039733886719e+01,9.973856353759765625e+01
1.890756225585937500e+01,1.670886039733886719e+01,9.880735778808593750e+01
1.932773017883300781e+01,1.670886039733886719e+01,9.790118408203125000e+01
1.974790000915527344e+01,1.670886039733886719e+01,9.708184051513671875e+01
2.016806793212890625e+01,1.670886039733886719e+01,9.640396118164062500e+01
2.058823585510253906e+01,1.670886039733886719e+01,9.587931823730468750e+01
2.100840377807617188e+01,1.670886039733886719e+01,9.547438049316406250e+01
2.142857170104980469e+01,1.670886039733886719e+01,9.513671875000000000e+01
2.184873962402343750e+01,1.670886039733886719e+01,9.482476043701171875e+01
2.226890754699707031e+01,1.670886039733886719e+01,9.451900482177734375e+01
2.268907546997070312e+01,1.670886039733886719e+01,9.421881866455078125e+01
2.310924339294433594e+01,1.670886039733886719e+01,9.393302917480468750e+01
2.352941131591796875e+01,1.670886039733886719e+01,9.367319488525390625e+01
2.394957923889160156e+01,1.670886039733886719e+01,9.344950103759765625e+01
2.436974716186523438e+01,1.670886039733886719e+01,9.326974487304687500e+01
2.478991508483886719e+01,1.670886039733886719e+01,9.313907623291015625e+01
2.521008491516113281e+01,1.670886039733886719e+01,9.306032562255859375e+01
2.563025283813476562e+01,1.670886039733886719e+01,9.303437042236328125e+01
2.605042076110839844e+01,1.670886039733886719e+01,9.306032562255859375e+01
2.647058868408203125e+01,1.670886039733886719e+01,9.313601684570312500e+01
2.689075660705566406e+01,1.670886039733886719e+01,9.325795745849609375e+01
2.731092453002929688e+01,1.670886039733886719e+01,9.342179107666015625e+01
2.773109245300292969e+01,1.670886039733886719e+01,9.362233734130859375e+01
2.815126037597656250e+01,1.670886039733886719e+01,9.385364532470703125e+01
2.857142829895019531e+01,1.670886039733886719e+01,9.410944366455078125e+01
2.899159622192382812e+01,1.670886039733886719e+01,9.438259124755859375e+01
2.941176414489746094e+01,1.670886039733886719e+01,9.466564178466796875e+01
2.983193206787109375e+01,1.670886039733886719e+01,9.495063781738281250e+01
3.025209999084472656e+01,1.670886039733886719e+01,9.522867584228515625e+01
3.067226982116699219e+01,1.670886039733886719e+01,9.549049377441406250e+01
3.109243774414062500e+01,1.670886039733886719e+01,9.572564697265625000e+01
3.151260566711425781e+01,1.670886039733886719e+01,9.592294311523437500e+01
3.193277359008789062e+01,1.670886039733886719e+01,9.607006835937500000e+01
3.235293960571289062e+01,1.670886039733886719e+01,9.615315246582031250e+01
3.277310943603515625e+01,1.670886039733886719e+01,9.615714263916015625e+01
3.319327545166015625e+01,1.670886039733886719e+01,9.606529998779296875e+01
3.361344528198242188e+01,1.670886039733886719e+01,9.585939025878906250e+01
3.403361511230468750e+01,1.670886039733886719e+01,9.551955413818359375e+01
3.445378112792968750e+01,1.670886039733886719e+01,9.502564239501953125e+01
3.487395095825195312e+01,1.670886039733886719e+01,9.435725402832031250e+01
3.529411697387695312e+01,1.670886039733886719e+01,9.349568176269531250e+01
3.571428680419921875e+01,1.670886039733886719e+01,9.242536926269531250e+01
3.613445281982421875e+01,1.670886039733886719e+01,9.113548278808593750e+01
3.655462265014648438e+01,1.670886039733886719e+01,8.962164306640625000e+01
3.697478866577148438e+01,1.670886039733886719e+01,8.788661193847656250e+01
3.739495849609375000e+01,1.670886039733886719e+01,8.594021606445312500e+01
3.781512451171875000e+01,1.670886039733886719e+01,8.379851531982421875e+01
3.823529434204101562e+01,1.670886039733886719e+01,8.148199462890625000e+01
3.865546035766601562e+01,1.670886039733886719e+01,7.901347351074218750e+01
3.907563018798828125e+01,1.670886039733886719e+01,7.641574859619140625e+01
3.949580001831054688e+01,1.670886039733886719e+01,7.371035003662109375e+01
3.991596603393554688e+01,1.670886039733886719e+01,7.091650390625000000e+01
4.033613586425781250e+01,1.670886039733886719e+01,6.805115509033203125e+01
4.075630187988281250e+01,1.670886039733886719e+01,6.512976074218750000e+01
4.117647171020507812e+01,1.670886039733886719e+01,6.216778945922851562e+01
4.159663772583007812e+01,1.670886039733886719e+01,5.918242263793945312e+01
4.201680755615234375e+01,1.670886039733886719e+01,5.619386672973632812e+01
4.243697357177734375e+01,1.670886039733886719e+01,5.322629928588867188e+01
4.285714340209960938e+01,1.670886039733886719e+01,5.030796051025390625e+01
4.327730941772460938e+01,1.670886039733886719e+01,4.747015762329101562e+01
4.369747924804687500e+01,1.670886039733886719e+01,4.474495315551757812e+01
4.411764526367187500e+01,1.670886039733886719e+01,4.216276931762695312e+01
4.453781509399414062e+01,1.670886039733886719e+01,3.974951553344726562e+01
4.495798492431640625e+01,1.670886039733886719e+01,3.752463531494140625e+01
4.537815093994140625e+01,1.670886039733886719e+01,3.549982070922851562e+01
4.579832077026367188e+01,1.670886039733886719e+01,3.367896270751953125e+01
4.621848678588867188e+01,1.670886039733886719e+01,3.205886077880859375e+01
4.663865661621093750e+01,1.670886039733886719e+01,3.063067817687988281e+01
4.705882263183593750e+01,1.670886039733886719e+01,2.938147544860839844e+01
4.747899246215820312e+01,1.670886039733886719e+01,2.829579925537109375e+01
4.789915847778320312e+01,1.670886039733886719e+01,2.735710906982421875e+01
4.831932830810546875e+01,1.670886039733886719e+01,2.654859733581542969e+01
4.873949432373046875e+01,1.670886039733886719e+01,2.585404777526855469e+01
4.915966415405273438e+01,1.670886039733886719e+01,2.525827598571777344e+01
4.957983016967773438e+01,1.670886039733886719e+01,2.474729919433593750e+01
5.000000000000000000e+01,1.670886039733886719e+01,2.430850791931152344e+01
0.000000000000000000e+00,1.708860778808593750e+01,1.143375244140625000e+02
4.201680719852447510e-01,1.708860778808593750e+01,1.144311752319335938e+02
8.403361439704895020e-01,1.708860778808593750e+01,1.146439590454101562e+02
1.260504245758056641e+00,1.708860778808593750e+01,1.149804840087890625e+02
1.680672287940979004e+00,1.708860778808593750e+01,1.154048080444335938e+02
2.100840330123901367e+00,1.708860778808593750e+01,1.158225173950195312e+02
2.521008491516113281e+00,1.708860778808593750e+01,1.161213531494140625e+02
2.941176414489746094e+00,1.708860778808593750e+01,1.162483367919921875e+02
3.361344575881958008e+00,1.708860778808593750e+01,1.162410202026367188e+02
3.781512498855590820e+00,1.708860778808593750e+01,1.161782913208007812e+02
4.201680660247802734e+00,1.708860778808593750e+01,1.161156539916992188e+02
4.621848583221435547e+00,1.708860778808593750e+01,1.160632324218750000e+02
5.042016983032226562e+00,1.708860778808593750e+01,1.160070190429687500e+02
5.462184906005859375e+00,1.708860778808593750e+01,1.159335784912109375e+02
5.882352828979492188e+00,1.708860778808593750e+01,1.158366546630859375e+02
6.302521228790283203e+00,1.708860778808593750e+01,1.157122802734375000e+02
6.722689151763916016e+00,1.708860778808593750e+01,1.155530929565429688e+02
7.142857074737548828e+00,1.708860778808593750e+01,1.153451156616210938e+02
7.563024997711181641e+00,1.708860778808593750e+01,1.150668182373046875e+02
7.983193397521972656e+00,1.708860778808593750e+01,1.146914215087890625e+02
8.403361320495605469e+00,1.708860778808593750e+01,1.141988525390625000e+02
8.823529243469238281e+00,1.708860778808593750e+01,1.135967102050781250e+02
9.243697166442871094e+00,1.708860778808593750e+01,1.129362869262695312e+02
9.663865089416503906e+00,1.708860778808593750e+01,1.122979583740234375e+02
1.008403396606445312e+01,1.708860778808593750e+01,1.117468566894531250e+02
1.050420188903808594e+01,1.708860778808593750e+01,1.113032379150390625e+02
1.092436981201171875e+01,1.708860778808593750e+01,1.109495849609375000e+02
1.134453773498535156e+01,1.708860778808593750e+01,1.106542434692382812e+02
1.176470565795898438e+01,1.708860778808593750e+01,1.103874206542968750e+02
1.218487358093261719e+01,1.708860778808593750e+01,1.101261215209960938e+02
1.260504245758056641e+01,1.708860778808593750e+01,1.098535537719726562e+02
1.302521038055419922e+01,1.708860778808593750e+01,1.095564270019531250e+02
1.344537830352783203e+01,1.708860778808593750e+01,1.092231216430664062e+02
1.386554622650146484e+01,1.708860778808593750e+01,1.088420257568359375e+02
1.428571414947509766e+01,1.708860778808593750e+01,1.084016647338867188e+02
1.470588207244873047e+01,1.708860778808593750e+01,1.078915557861328125e+02
1.512604999542236328e+01,1.708860778808593750e+01,1.073052749633789062e+02
1.554621887207031250e+01,1.708860778808593750e+01,1.066431198120117188e+02
1.596638679504394531e+01,1.708860778808593750e+01,1.059129180908203125e+02
1.638655471801757812e+01,1.708860778808593750e+01,1.051265335083007812e+02
1.680672264099121094e+01,1.708860778808593750e+01,1.042960968017578125e+02
1.722689056396484375e+01,1.708860778808593750e+01,1.034327621459960938e+02
1.764705848693847656e+01,1.708860778808593750e+01,1.025485916137695312e+02
1.806722640991210938e+01,1.708860778808593750e+01,1.016533660888671875e+02
1.848739433288574219e+01,1.708860778808593750e+01,1.007477035522460938e+02
1.890756225585937500e+01,1.708860778808593750e+01,9.982553863525390625e+01
1.932773017883300781e+01,1.708860778808593750e+01,9.889134979248046875e+01
1.974790000915527344e+01,1.708860778808593750e+01,9.798011016845703125e+01
2.016806793212890625e+01,1.708860778808593750e+01,9.715505981445312500e+01
2.058823585510253906e+01,1.708860778808593750e+01,9.647389984130859375e+01
2.100840377807617188e+01,1.708860778808593750e+01,9.595172119140625000e+01
2.142857170104980469e+01,1.708860778808593750e+01,9.555626678466796875e+01
2.184873962402343750e+01,1.708860778808593750e+01,9.523384857177734375e+01
2.226890754699707031e+01,1.708860778808593750e+01,9.493940734863281250e+01
2.268907546997070312e+01,1.708860778808593750e+01,9.465029907226562500e+01
2.310924339294433594e+01,1.708860778808593750e+01,9.436363983154296875e+01
2.352941131591796875e+01,1.708860778808593750e+01,9.408754730224609375e+01
2.394957923889160156e+01,1.708860778808593750e+01,9.383346557617187500e+01
2.436974716186523438e+01,1.708860778808593750e+01,9.361188507080078125e+01
2.478991508483886719e+01,1.708860778808593750e+01,9.343101501464843750e+01
2.521008491516113281e+01,1.708860778808593750e+01,9.329652404785156250e+01
2.563025283813476562e+01,1.708860778808593750e+01,9.321163177490234375e+01
2.605042076110839844e+01,1.708860778808593750e+01,9.317772674560546875e+01
2.647058868408203125e+01,1.708860778808593750e+01,9.319461059570312500e+01
2.689075660705566406e+01,1.708860778808593750e+01,9.326045227050781250e+01
2.731092453002929688e+01,1.708860778808593750e+01,9.337240600585937500e+01
2.773109245300292969e+01,1.708860778808593750e+01,9.352653503417968750e+01
2.815126037597656250e+01,1.708860778808593750e+01,9.371813964843750000e+01
2.857142829895019531e+01,1.708860778808593750e+01,9.394171905517578125e+01
2.899159622192382812e+01,1.708860778808593750e+01,9.419128417968750000e+01
2.941176414489746094e+01,1.708860778808593750e+01,9.446020507812500000e+01
2.983193206787109375e+01,1.708860778808593750e+01,9.474155426025390625e+01
3.025209999084472656e+01,1.708860778808593750e+01,9.502777099609375000e+01
3.067226982116699219e+01,1.708860778808593750e+01,9.531080627441406250e+01
3.109243774414062500e+01,1.708860778808593750e+01,9.558215332031250000e+01
3.151260566711425781e+01,1.708860778808593750e+01,9.583270263671875000e+01
3.193277359008789062e+01,1.708860778808593750e+01,9.605247497558593750e+01
3.235293960571289062e+01,1.708860778808593750e+01,9.623094940185546875e+01
3.277310943603515625e+01,1.708860778808593750e+01,9.635634613037109375e+01
3.319327545166015625e+01,1.708860778808593750e+01,9.641581726074218750e+01
3.361344528198242188e+01,1.708860778808593750e+01,9.639531707763671875e+01
3.403361511230468750e+01,1.708860778808593750e+01,9.627909088134765625e+01
3.445378112792968750e+01,1.708860778808593750e+01,9.605004882812500000e+01
3.487395095825195312e+01,1.708860778808593750e+01,9.568981933593750000e+01
3.529411697387695312e+01,1.708860778808593750e+01,9.517937469482421875e+01
3.571428680419921875e+01,1.708860778808593750e+01,9.450003051757812500e+01
3.613445281982421875e+01,1.708860778808593750e+01,9.363442993164062500e+01
3.655462265014648438e+01,1.708860778808593750e+01,9.256854248046875000e+01
3.697478866577148438e+01,1.708860778808593750e+01,9.129293060302734375e+01
3.739495849609375000e+01,1.708860778808593750e+01,8.980418395996093750e+01
3.781512451171875000e+01,1.708860778808593750e+01,8.810569000244140625e+01
3.823529434204101562e+01,1.708860778808593750e+01,8.620736694335937500e+01
3.865546035766601562e+01,1.708860778808593750e+01,8.412504577636718750e+01
3.907563018798828125e+01,1.708860778808593750e+01,8.187813568115234375e+01
3.949580001831054688e+01,1.708860778808593750e+01,7.948796081542968750e+01
3.991596603393554688e+01,1.708860778808593750e+01,7.697576141357421875e+01
4.033613586425781250e+01,1.708860778808593750e+01,7.436083984375000000e+01
4.075630187988281250e+01,1.708860778808593750e+01,7.165995788574218750e+01
4.117647171020507812e+01,1.708860778808593750e+01,6.888737487792968750e+01
4.159663772583007812e+01,1.708860778808593750e+01,6.605557250976562500e+01
4.201680755615234375e+01,1.708860778808593750e+01,6.317669677734375000e+01
4.243697357177734375e+01,1.708860778808593750e+01,6.026445770263671875e+01
4.285714340209960938e+01,1.708860778808593750e+01,5.733548355102539062e+01
4.327730941772460938e+01,1.708860778808593750e+01,5.441102218627929688e+01
4.369747924804687500e+01,1.708860778808593750e+01,5.151675796508789062e+01
4.411764526367187500e+01,1.708860778808593750e+01,4.868271255493164062e+01
4.453781509399414062e+01,1.708860778808593750e+01,4.594112396240234375e+01
4.495798492431640625e+01,1.708860778808593750e+01,4.332395935058593750e+01
4.537815093994140625e+01,1.708860778808593750e+01,4.086017990112304688e+01
4.579832077026367188e+01,1.708860778808593750e+01,3.857294845581054688e+01
4.621848678588867188e+01,1.708860778808593750e+01,3.647822189331054688e+01
4.663865661621093750e+01,1.708860778808593750e+01,3.458390426635742188e+01
4.705882263183593750e+01,1.708860778808593750e+01,3.289022445678710938e+01
4.747899246215820312e+01,1.708860778808593750e+01,3.139109230041503906e+01
4.789915847778320312e+01,1.708860778808593750e+01,3.007546997070312500e+01
4.831932830810546875e+01,1.708860778808593750e+01,2.892913246154785156e+01
4.873949432373046875e+01,1.708860778808593750e+01,2.793603515625000000e+01
4.915966415405273438e+01,1.708860778808593750e+01,2.707954216003417969e+01
4.957983016967773438e+01,1.708860778808593750e+01,2.634327507019042969e+01
5.000000000000000000e+01,1.708860778808593750e+01,2.571169281005859375e+01
0.000000000000000000e+00,1.746835517883300781e+01,1.146486053466796875e+02
4.201680719852447510e-01,1.746835517883300781e+01,1.147469406127929688e+02
8.403361439704895020e-01,1.746835517883300781e+01,1.149657363891601562e+02
1.260504245758056641e+00,1.746835517883300781e+01,1.153124465942382812e+02
1.680672287940979004e+00,1.746835517883300781e+01,1.157540512084960938e+02
2.100840330123901367e+00,1.746835517883300781e+01,1.161962432861328125e+02
2.521008491516113281e+00,1.746835517883300781e+01,1.165197677612304688e+02
2.941176414489746094e+00,1.746835517883300781e+01,1.166609802246093750e+02
3.361344575881958008e+00,1.746835517883300781e+01,1.166513519287109375e+02
3.781512498855590820e+00,1.746835517883300781e+01,1.165746231079101562e+02
4.201680660247802734e+00,1.746835517883300781e+01,1.164972152709960938e+02
4.621848583221435547e+00,1.746835517883300781e+01,1.164369583129882812e+02
5.042016983032226562e+00,1.746835517883300781e+01,1.163801727294921875e+02
5.462184906005859375e+00,1.746835517883300781e+01,1.163106002807617188e+02
5.882352828979492188e+00,1.746835517883300781e+01,1.162200698852539062e+02
6.302521228790283203e+00,1.746835517883300781e+01,1.161049652099609375e+02
6.722689151763916016e+00,1.746835517883300781e+01,1.159597320556640625e+02
7.142857074737548828e+00,1.746835517883300781e+01,1.157735977172851562e+02
7.563024997711181641e+00,1.746835517883300781e+01,1.155278625488281250e+02
7.983193397521972656e+00,1.746835517883300781e+01,1.151970901489257812e+02
8.403361320495605469e+00,1.746835517883300781e+01,1.147553100585937500e+02
8.823529243469238281e+00,1.746835517883300781e+01,1.141940612792968750e+02
9.243697166442871094e+00,1.746835517883300781e+01,1.135438079833984375e+02
9.663865089416503906e+00,1.746835517883300781e+01,1.128768463134765625e+02
1.008403396606445312e+01,1.746835517883300781e+01,1.122725219726562500e+02
1.050420188903808594e+01,1.746835517883300781e+01,1.117742462158203125e+02
1.092436981201171875e+01,1.746835517883300781e+01,1.113798446655273438e+02
1.134453773498535156e+01,1.746835517883300781e+01,1.110612716674804688e+02
1.176470565795898438e+01,1.746835517883300781e+01,1.107864990234375000e+02
1.218487358093261719e+01,1.746835517883300781e+01,1.105289993286132812e+02
1.260504245758056641e+01,1.746835517883300781e+01,1.102695770263671875e+02
1.302521038055419922e+01,1.746835517883300781e+01,1.099939270019531250e+02
1.344537830352783203e+01,1.746835517883300781e+01,1.096905593872070312e+02
1.386554622650146484e+01,1.746835517883300781e+01,1.093485031127929688e+02
1.428571414947509766e+01,1.746835517883300781e+01,1.089568939208984375e+02
1.470588207244873047e+01,1.746835517883300781e+01,1.085044784545898438e+02
1.512604999542236328e+01,1.746835517883300781e+01,1.079818267822265625e+02
1.554621887207031250e+01,1.746835517883300781e+01,1.073837356567382812e+02
1.596638679504394531e+01,1.746835517883300781e+01,1.067122497558593750e+02
1.638655471801757812e+01,1.746835517883300781e+01,1.059763641357421875e+02
1.680672264099121094e+01,1.746835517883300781e+01,1.051882095336914062e+02
1.722689056396484375e+01,1.746835517883300781e+01,1.043586807250976562e+02
1.764705848693847656e+01,1.746835517883300781e+01,1.034980773925781250e+02
1.806722640991210938e+01,1.746835517883300781e+01,1.026170730590820312e+02
1.848739433288574219e+01,1.746835517883300781e+01,1.017247467041015625e+02
1.890756225585937500e+01,1.746835517883300781e+01,1.008210830688476562e+02
1.932773017883300781e+01,1.746835517883300781e+01,9.989915466308593750e+01
1.974790000915527344e+01,1.746835517883300781e+01,9.896286773681640625e+01
2.016806793212890625e+01,1.746835517883300781e+01,9.804740905761718750e+01
2.058823585510253906e+01,1.746835517883300781e+01,9.721734619140625000e+01
2.100840377807617188e+01,1.746835517883300781e+01,9.653303527832031250e+01
2.142857170104980469e+01,1.746835517883300781e+01,9.601287078857421875e+01
2.184873962402343750e+01,1.746835517883300781e+01,9.562628173828125000e+01
2.226890754699707031e+01,1.746835517883300781e+01,9.531862640380859375e+01
2.268907546997070312e+01,1.746835517883300781e+01,9.504186248779296875e+01
2.310924339294433594e+01,1.746835517883300781e+01,9.476988220214843750e+01
2.352941131591796875e+01,1.746835517883300781e+01,9.449760437011718750e+01
2.394957923889160156e+01,1.746835517883300781e+01,9.423220825195312500e+01
2.436974716186523438e+01,1.746835517883300781e+01,9.398477172851562500e+01
2.478991508483886719e+01,1.746835517883300781e+01,9.376623535156250000e+01
2.521008491516113281e+01,1.746835517883300781e+01,9.358519744873046875e+01
2.563025283813476562e+01,1.746835517883300781e+01,9.344763183593750000e+01
2.605042076110839844e+01,1.746835517883300781e+01,9.335739898681640625e+01
2.647058868408203125e+01,1.746835517883300781e+01,9.331618499755859375e+01
2.689075660705566406e+01,1.746835517883300781e+01,9.332441711425781250e+01
2.731092453002929688e+01,1.746835517883300781e+01,9.338072967529296875e+01
2.773109245300292969e+01,1.746835517883300781e+01,9.348274993896484375e+01
2.815126037597656250e+01,1.746835517883300781e+01,9.362702178955078125e+01
2.857142829895019531e+01,1.746835517883300781e+01,9.380925750732421875e+01
2.899159622192382812e+01,1.746835517883300781e+01,9.402449035644531250e+01
2.941176414489746094e+01,1.746835517883300781e+01,9.426695251464843750e+01
2.983193206787109375e+01,1.746835517883300781e+01,9.453059387207031250e+01
3.025209999084472656e+01,1.746835517883300781e+01,9.480875396728515625e+01
3.067226982116699219e+01,1.746835517883300781e+01,9.509426879882812500e+01
3.109243774414062500e+01,1.746835517883300781e+01,9.537982177734375000e+01
3.151260566711425781e+01,1.746835517883300781e+01,9.565752410888671875e+01
3.193277359008789062e+01,1.746835517883300781e+01,9.591910552978515625e+01
3.235293960571289062e+01,1.746835517883300781e+01,9.615576934814453125e+01
3.277310943603515625e+01,1.746835517883300781e+01,9.635827636718750000e+01
3.319327545166015625e+01,1.746835517883300781e+01,9.651641845703125000e+01
3.361344528198242188e+01,1.746835517883300781e+01,9.661946868896484375e+01
3.403361511230468750e+01,1.746835517883300781e+01,9.665527343750000000e+01
3.445378112792968750e+01,1.746835517883300781e+01,9.661062622070312500e+01
3.487395095825195312e+01,1.746835517883300781e+01,9.647081756591796875e+01
3.529411697387695312e+01,1.746835517883300781e+01,9.621970367431640625e+01
3.571428680419921875e+01,1.746835517883300781e+01,9.584005737304687500e+01
3.613445281982421875e+01,1.746835517883300781e+01,9.531407928466796875e+01
3.655462265014648438e+01,1.746835517883300781e+01,9.462421417236328125e+01
3.697478866577148438e+01,1.746835517883300781e+01,9.375466156005859375e+01
3.739495849609375000e+01,1.746835517883300781e+01,9.269248199462890625e+01
3.781512451171875000e+01,1.746835517883300781e+01,9.142963409423828125e+01
3.823529434204101562e+01,1.746835517883300781e+01,8.996349334716796875e+01
3.865546035766601562e+01,1.746835517883300781e+01,8.829827117919921875e+01
3.907563018798828125e+01,1.746835517883300781e+01,8.644405364990234375e+01
3.949580001831054688e+01,1.746835517883300781e+01,8.441622161865234375e+01
3.991596603393554688e+01,1.746835517883300781e+01,8.223360443115234375e+01
4.033613586425781250e+01,1.746835517883300781e+01,7.991650390625000000e+01
4.075630187988281250e+01,1.746835517883300781e+01,7.748440551757812500e+01
4.117647171020507812e+01,1.746835517883300781e+01,7.495488739013671875e+01
4.159663772583007812e+01,1.746835517883300781e+01,7.234265899658203125e+01
4.201680755615234375e+01,1.746835517883300781e+01,6.965949249267578125e+01
4.243697357177734375e+01,1.746835517883300781e+01,6.691534423828125000e+01
4.285714340209960938e+01,1.746835517883300781e+01,6.411922454833984375e+01
4.327730941772460938e+01,1.746835517883300781e+01,6.128155899047851562e+01
4.369747924804687500e+01,1.746835517883300781e+01,5.841582870483398438e+01
4.411764526367187500e+01,1.746835517883300781e+01,5.553979873657226562e+01
4.453781509399414062e+01,1.746835517883300781e+01,5.267658996582031250e+01
4.495798492431640625e+01,1.746835517883300781e+01,4.985435104370117188e+01
4.537815093994140625e+01,1.746835517883300781e+01,4.710485076904296875e+01
4.579832077026367188e+01,1.746835517883300781e+01,4.446093750000000000e+01
4.621848678588867188e+01,1.746835517883300781e+01,4.195391464233398438e+01
4.663865661621093750e+01,1.746835517883300781e+01,3.961040878295898438e+01
4.705882263183593750e+01,1.746835517883300781e+01,3.745023727416992188e+01
4.747899246215820312e+01,1.746835517883300781e+01,3.548538208007812500e+01
4.789915847778320312e+01,1.746835517883300781e+01,3.371976852416992188e+01
4.831932830810546875e+01,1.746835517883300781e+01,3.215020751953125000e+01
4.873949432373046875e+01,1.746835517883300781e+01,3.076791572570800781e+01
4.915966415405273438e+01,1.746835517883300781e+01,2.956004333496093750e+01
4.957983016967773438e+01,1.746835517883300781e+01,2.851134872436523438e+01
5.000000000000000000e+01,1.746835517883300781e+01,2.760554122924804688e+01
0.000000000000000000e+00,1.784810066223144531e+01,1.149461669921875000e+02
4.201680719852447510e-01,1.784810066223144531e+01,1.150483856201171875e+02
8.403361439704895020e-01,1.784810066223144531e+01,1.152723159790039062e+02
1.260504245758056641e+00,1.784810066223144531e+01,1.156281661987304688e+02
1.680672287940979004e+00,1.784810066223144531e+01,1.160864791870117188e+02
2.100840330123901367e+00,1.784810066223144531e+01,1.165533905029296875e+02
2.521008491516113281e+00,1.784810066223144531e+01,1.169036560058593750e+02
2.941176414489746094e+00,1.784810066223144531e+01,1.170624160766601562e+02
3.361344575881958008e+00,1.784810066223144531e+01,1.170534286499023438e+02
3.781512498855590820e+00,1.784810066223144531e+01,1.169634857177734375e+02
4.201680660247802734e+00,1.784810066223144531e+01,1.168696594238281250e+02
4.621848583221435547e+00,1.784810066223144531e+01,1.167990722656250000e+02
5.042016983032226562e+00,1.784810066223144531e+01,1.167400512695312500e+02
5.462184906005859375e+00,1.784810066223144531e+01,1.166733245849609375e+02
5.882352828979492188e+00,1.784810066223144531e+01,1.165882949829101562e+02
6.302521228790283203e+00,1.784810066223144531e+01,1.164807128906250000e+02
6.722689151763916016e+00,1.784810066223144531e+01,1.163469314575195312e+02
7.142857074737548828e+00,1.784810066223144531e+01,1.161786270141601562e+02
7.563024997711181641e+00,1.784810066223144531e+01,1.159605026245117188e+02
7.983193397521972656e+00,1.784810066223144531e+01,1.156693572998046875e+02
8.403361320495605469e+00,1.784810066223144531e+01,1.152775955200195312e+02
8.823529243469238281e+00,1.784810066223144531e+01,1.147652740478515625e+02
9.243697166442871094e+00,1.784810066223144531e+01,1.141424026489257812e+02
9.663865089416503906e+00,1.784810066223144531e+01,1.134645156860351562e+02
1.008403396606445312e+01,1.784810066223144531e+01,1.128148574829101562e+02
1.050420188903808594e+01,1.784810066223144531e+01,1.122587661743164062e+02
1.092436981201171875e+01,1.784810066223144531e+01,1.118146591186523438e+02
1.134453773498535156e+01,1.784810066223144531e+01,1.114634246826171875e+02
1.176470565795898438e+01,1.784810066223144531e+01,1.111725387573242188e+02
1.218487358093261719e+01,1.784810066223144531e+01,1.109123458862304688e+02
1.260504245758056641e+01,1.784810066223144531e+01,1.106602020263671875e+02
1.302521038055419922e+01,1.784810066223144531e+01,1.104000549316406250e+02
1.344537830352783203e+01,1.784810066223144531e+01,1.101197204589843750e+02
1.386554622650146484e+01,1.784810066223144531e+01,1.098089370727539062e+02
1.428571414947509766e+01,1.784810066223144531e+01,1.094574737548828125e+02
1.470588207244873047e+01,1.784810066223144531e+01,1.090547103881835938e+02
1.512604999542236328e+01,1.784810066223144531e+01,1.085900878906250000e+02
1.554621887207031250e+01,1.784810066223144531e+01,1.080547637939453125e+02
1.596638679504394531e+01,1.784810066223144531e+01,1.074450988769531250e+02
1.638655471801757812e+01,1.784810066223144531e+01,1.067646789550781250e+02
1.680672264099121094e+01,1.784810066223144531e+01,1.060237808227539062e+02
1.722689056396484375e+01,1.784810066223144531e+01,1.052343139648437500e+02
1.764705848693847656e+01,1.784810066223144531e+01,1.044064102172851562e+02
1.806722640991210938e+01,1.784810066223144531e+01,1.035487289428710938e+02
1.848739433288574219e+01,1.784810066223144531e+01,1.026712036132812500e+02
1.890756225585937500e+01,1.784810066223144531e+01,1.017822875976562500e+02
1.932773017883300781e+01,1.784810066223144531e+01,1.008811492919921875e+02
1.974790000915527344e+01,1.784810066223144531e+01,9.996024322509765625e+01
2.016806793212890625e+01,1.784810066223144531e+01,9.902281188964843750e+01
2.058823585510253906e+01,1.784810066223144531e+01,9.810399627685546875e+01
2.100840377807617188e+01,1.784810066223144531e+01,9.726950836181640625e+01
2.142857170104980469e+01,1.784810066223144531e+01,9.658229827880859375e+01
2.184873962402343750e+01,1.784810066223144531e+01,9.606365203857421875e+01
2.226890754699707031e+01,1.784810066223144531e+01,9.568516540527343750e+01
2.268907546997070312e+01,1.784810066223144531e+01,9.539183044433593750e+01
2.310924339294433594e+01,1.784810066223144531e+01,9.513263702392578125e+01
2.352941131591796875e+01,1.784810066223144531e+01,9.487821960449218750e+01
2.394957923889160156e+01,1.784810066223144531e+01,9.462105560302734375e+01
2.436974716186523438e+01,1.784810066223144531e+01,9.436711120605468750e+01
2.478991508483886719e+01,1.784810066223144531e+01,9.412730407714843750e+01
2.521008491516113281e+01,1.784810066223144531e+01,9.391273498535156250e+01
2.563025283813476562e+01,1.784810066223144531e+01,9.373235321044921875e+01
2.605042076110839844e+01,1.784810066223144531e+01,9.359260559082031250e+01
2.647058868408203125e+01,1.784810066223144531e+01,9.349764251708984375e+01
2.689075660705566406e+01,1.784810066223144531e+01,9.344985961914062500e+01
2.731092453002929688e+01,1.784810066223144531e+01,9.344985961914062500e+01
2.773109245300292969e+01,1.784810066223144531e+01,9.349692535400390625e+01
2.815126037597656250e+01,1.784810066223144531e+01,9.358917236328125000e+01
2.857142829895019531e+01,1.784810066223144531e+01,9.372350311279296875e+01
2.899159622192382812e+01,1.784810066223144531e+01,9.389626312255859375e+01
2.941176414489746094e+01,1.784810066223144531e+01,9.410262298583984375e+01
2.983193206787109375e+01,1.784810066223144531e+01,9.433737182617187500e+01
3.025209999084472656e+01,1.784810066223144531e+01,9.459480285644531250e+01
3.067226982116699219e+01,1.784810066223144531e+01,9.486853790283203125e+01
3.109243774414062500e+01,1.784810066223144531e+01,9.515196228027343750e+01
3.151260566711425781e+01,1.784810066223144531e+01,9.543805694580078125e+01
3.193277359008789062e+01,1.784810066223144531e+01,9.571952819824218750e+01
3.235293960571289062e+01,1.784810066223144531e+01,9.598892211914062500e+01
3.277310943603515625e+01,1.784810066223144531e+01,9.623805999755859375e+01
3.319327545166015625e+01,1.784810066223144531e+01,9.645886230468750000e+01
3.361344528198242188e+01,1.784810066223144531e+01,9.664255523681640625e+01
3.403361511230468750e+01,1.784810066223144531e+01,9.677960968017578125e+01
3.445378112792968750e+01,1.784810066223144531e+01,9.685998535156250000e+01
3.487395095825195312e+01,1.784810066223144531e+01,9.687236785888671875e+01
3.529411697387695312e+01,1.784810066223144531e+01,9.680416107177734375e+01
3.571428680419921875e+01,1.784810066223144531e+01,9.664163208007812500e+01
3.613445281982421875e+01,1.784810066223144531e+01,9.636948394775390625e+01
3.655462265014648438e+01,1.784810066223144531e+01,9.597135162353515625e+01
3.697478866577148438e+01,1.784810066223144531e+01,9.543059539794921875e+01
3.739495849609375000e+01,1.784810066223144531e+01,9.473075866699218750e+01
3.781512451171875000e+01,1.784810066223144531e+01,9.385704803466796875e+01
3.823529434204101562e+01,1.784810066223144531e+01,9.279791259765625000e+01
3.865546035766601562e+01,1.784810066223144531e+01,9.154620361328125000e+01
3.907563018798828125e+01,1.784810066223144531e+01,9.010052490234375000e+01
3.949580001831054688e+01,1.784810066223144531e+01,8.846541595458984375e+01
3.991596603393554688e+01,1.784810066223144531e+01,8.665147399902343750e+01
4.033613586425781250e+01,1.784810066223144531e+01,8.467390441894531250e+01
4.075630187988281250e+01,1.784810066223144531e+01,8.255088806152343750e+01
4.117647171020507812e+01,1.784810066223144531e+01,8.030170440673828125e+01
4.159663772583007812e+01,1.784810066223144531e+01,7.794476318359375000e+01
4.201680755615234375e+01,1.784810066223144531e+01,7.549591827392578125e+01
4.243697357177734375e+01,1.784810066223144531e+01,7.296813201904296875e+01
4.285714340209960938e+01,1.784810066223144531e+01,7.037113952636718750e+01
4.327730941772460938e+01,1.784810066223144531e+01,6.771238708496093750e+01
4.369747924804687500e+01,1.784810066223144531e+01,6.499824523925781250e+01
4.411764526367187500e+01,1.784810066223144531e+01,6.223618698120117188e+01
4.453781509399414062e+01,1.784810066223144531e+01,5.943629837036132812e+01
4.495798492431640625e+01,1.784810066223144531e+01,5.661330032348632812e+01
4.537815093994140625e+01,1.784810066223144531e+01,5.378738784790039062e+01
4.579832077026367188e+01,1.784810066223144531e+01,5.098436737060546875e+01
4.621848678588867188e+01,1.784810066223144531e+01,4.823497390747070312e+01
4.663865661621093750e+01,1.784810066223144531e+01,4.557240295410156250e+01
4.705882263183593750e+01,1.784810066223144531e+01,4.302950668334960938e+01
4.747899246215820312e+01,1.784810066223144531e+01,4.063588714599609375e+01
4.789915847778320312e+01,1.784810066223144531e+01,3.841515350341796875e+01
4.831932830810546875e+01,1.784810066223144531e+01,3.638313293457031250e+01
4.873949432373046875e+01,1.784810066223144531e+01,3.454752731323242188e+01
4.915966415405273438e+01,1.784810066223144531e+01,3.290839767456054688e+01
4.957983016967773438e+01,1.784810066223144531e+01,3.145937728881835938e+01
5.000000000000000000e+01,1.784810066223144531e+01,3.018930244445800781e+01
0.000000000000000000e+00,1.822784805297851562e+01,1.152307128906250000e+02
4.201680719852447510e-01,1.822784805297851562e+01,1.153361511230468750e+02
8.403361439704895020e-01,1.822784805297851562e+01,1.155643386840820312e+02
1.260504245758056641e+00,1.822784805297851562e+01,1.159284973144531250e+02
1.680672287940979004e+00,1.822784805297851562e+01,1.164025344848632812e+02
2.100840330123901367e+00,1.822784805297851562e+01,1.168941802978515625e+02
2.521008491516113281e+00,1.822784805297851562e+01,1.172727661132812500e+02
2.941176414489746094e+00,1.822784805297851562e+01,1.174522933959960938e+02
3.361344575881958008e+00,1.822784805297851562e+01,1.174472503662109375e+02
3.781512498855590820e+00,1.822784805297851562e+01,1.173453674316406250e+02
4.201680660247802734e+00,1.822784805297851562e+01,1.172337951660156250e+02
4.621848583221435547e+00,1.822784805297851562e+01,1.171504745483398438e+02
5.042016983032226562e+00,1.822784805297851562e+01,1.170871429443359375e+02
5.462184906005859375e+00,1.822784805297851562e+01,1.170222320556640625e+02
5.882352828979492188e+00,1.822784805297851562e+01,1.169417343139648438e+02
6.302521228790283203e+00,1.822784805297851562e+01,1.168407440185546875e+02
6.722689151763916016e+00,1.822784805297851562e+01,1.167163391113281250e+02
7.142857074737548828e+00,1.822784805297851562e+01,1.165625000000000000e+02
7.563024997711181641e+00,1.822784805297851562e+01,1.163672409057617188e+02
7.983193397521972656e+00,1.822784805297851562e+01,1.161103897094726562e+02
8.403361320495605469e+00,1.822784805297851562e+01,1.157650909423828125e+02
8.823529243469238281e+00,1.822784805297851562e+01,1.153052444458007812e+02
9.243697166442871094e+00,1.822784805297851562e+01,1.147235260009765625e+02
9.663865089416503906e+00,1.822784805297851562e+01,1.140540466308593750e+02
1.008403396606445312e+01,1.822784805297851562e+01,1.133728485107421875e+02
1.050420188903808594e+01,1.822784805297851562e+01,1.127607574462890625e+02
1.092436981201171875e+01,1.822784805297851562e+01,1.122599945068359375e+02
1.134453773498535156e+01,1.822784805297851562e+01,1.118663864135742188e+02
1.176470565795898438e+01,1.822784805297851562e+01,1.115509414672851562e+02
1.218487358093261719e+01,1.822784805297851562e+01,1.112809448242187500e+02
1.260504245758056641e+01,1.822784805297851562e+01,1.110303497314453125e+02
1.302521038055419922e+01,1.822784805297851562e+01,1.107802124023437500e+02
1.344537830352783203e+01,1.822784805297851562e+01,1.105173492431640625e+02
1.386554622650146484e+01,1.822784805297851562e+01,1.102311477661132812e+02
1.428571414947509766e+01,1.822784805297851562e+01,1.099121322631835938e+02
1.470588207244873047e+01,1.822784805297851562e+01,1.095506820678710938e+02
1.512604999542236328e+01,1.822784805297851562e+01,1.091363830566406250e+02
1.554621887207031250e+01,1.822784805297851562e+01,1.086591796875000000e+02
1.596638679504394531e+01,1.822784805297851562e+01,1.081112518310546875e+02
1.638655471801757812e+01,1.822784805297851562e+01,1.074901962280273438e+02
1.680672264099121094e+01,1.822784805297851562e+01,1.068013839721679688e+02
1.722689056396484375e+01,1.822784805297851562e+01,1.060560913085937500e+02
1.764705848693847656e+01,1.822784805297851562e+01,1.052660369873046875e+02
1.806722640991210938e+01,1.822784805297851562e+01,1.044400253295898438e+02
1.848739433288574219e+01,1.822784805297851562e+01,1.035856704711914062e+02
1.890756225585937500e+01,1.822784805297851562e+01,1.027120437622070312e+02
1.932773017883300781e+01,1.822784805297851562e+01,1.018268966674804688e+02
1.974790000915527344e+01,1.822784805297851562e+01,1.009288787841796875e+02
2.016806793212890625e+01,1.822784805297851562e+01,1.000096893310546875e+02
2.058823585510253906e+01,1.822784805297851562e+01,9.907192993164062500e+01
2.100840377807617188e+01,1.822784805297851562e+01,9.815069580078125000e+01
2.142857170104980469e+01,1.822784805297851562e+01,9.731251525878906250e+01
2.184873962402343750e+01,1.822784805297851562e+01,9.662246704101562500e+01
2.226890754699707031e+01,1.822784805297851562e+01,9.610498046875000000e+01
2.268907546997070312e+01,1.822784805297851562e+01,9.573395538330078125e+01
2.310924339294433594e+01,1.822784805297851562e+01,9.545417022705078125e+01
2.352941131591796875e+01,1.822784805297851562e+01,9.521232604980468750e+01
2.394957923889160156e+01,1.822784805297851562e+01,9.497581481933593750e+01
2.436974716186523438e+01,1.822784805297851562e+01,9.473432922363281250e+01
2.478991508483886719e+01,1.822784805297851562e+01,9.449255371093750000e+01
2.521008491516113281e+01,1.822784805297851562e+01,9.426124572753906250e+01
2.563025283813476562e+01,1.822784805297851562e+01,9.405143737792968750e+01
2.605042076110839844e+01,1.822784805297851562e+01,9.387253570556640625e+01
2.647058868408203125e+01,1.822784805297851562e+01,9.373132324218750000e+01
2.689075660705566406e+01,1.822784805297851562e+01,9.363246917724609375e+01
2.731092453002929688e+01,1.822784805297851562e+01,9.357872772216796875e+01
2.773109245300292969e+01,1.822784805297851562e+01,9.357105255126953125e+01
2.815126037597656250e+01,1.822784805297851562e+01,9.360925292968750000e+01
2.857142829895019531e+01,1.822784805297851562e+01,9.369187164306640625e+01
2.899159622192382812e+01,1.822784805297851562e+01,9.381642150878906250e+01
2.941176414489746094e+01,1.822784805297851562e+01,9.397948455810546875e+01
2.983193206787109375e+01,1.822784805297851562e+01,9.417668914794921875e+01
3.025209999084472656e+01,1.822784805297851562e+01,9.440328979492187500e+01
3.067226982116699219e+01,1.822784805297851562e+01,9.465377044677734375e+01
3.109243774414062500e+01,1.822784805297851562e+01,9.492215728759765625e+01
3.151260566711425781e+01,1.822784805297851562e+01,9.520224761962890625e+01
3.193277359008789062e+01,1.822784805297851562e+01,9.548735046386718750e+01
3.235293960571289062e+01,1.822784805297851562e+01,9.577066040039062500e+01
3.277310943603515625e+01,1.822784805297851562e+01,9.604505920410156250e+01
3.319327545166015625e+01,1.822784805297851562e+01,9.630342864990234375e+01
3.361344528198242188e+01,1.822784805297851562e+01,9.653813934326171875e+01
3.403361511230468750e+01,1.822784805297851562e+01,9.674154663085937500e+01
3.445378112792968750e+01,1.822784805297851562e+01,9.690535736083984375e+01
3.487395095825195312e+01,1.822784805297851562e+01,9.702094268798828125e+01
3.529411697387695312e+01,1.822784805297851562e+01,9.707865142822265625e+01
3.571428680419921875e+01,1.822784805297851562e+01,9.706800079345703125e+01
3.613445281982421875e+01,1.822784805297851562e+01,9.697705078125000000e+01
3.655462265014648438e+01,1.822784805297851562e+01,9.679276275634765625e+01
3.697478866577148438e+01,1.822784805297851562e+01,9.650054168701171875e+01
3.739495849609375000e+01,1.822784805297851562e+01,9.608490753173828125e+01
3.781512451171875000e+01,1.822784805297851562e+01,9.552993774414062500e+01
3.823529434204101562e+01,1.822784805297851562e+01,9.482032775878906250e+01
3.865546035766601562e+01,1.822784805297851562e+01,9.394234466552734375e+01
3.907563018798828125e+01,1.822784805297851562e+01,9.288539123535156250e+01
3.949580001831054688e+01,1.822784805297851562e+01,9.164351654052734375e+01
3.991596603393554688e+01,1.822784805297851562e+01,9.021613311767578125e+01
4.033613586425781250e+01,1.822784805297851562e+01,8.860844421386718750e+01
4.075630187988281250e+01,1.822784805297851562e+01,8.683139801025390625e+01
4.117647171020507812e+01,1.822784805297851562e+01,8.490007019042968750e+01
4.159663772583007812e+01,1.822784805297851562e+01,8.283226776123046875e+01
4.201680755615234375e+01,1.822784805297851562e+01,8.064648437500000000e+01
4.243697357177734375e+01,1.822784805297851562e+01,7.836001586914062500e+01
4.285714340209960938e+01,1.822784805297851562e+01,7.598745727539062500e+01
4.327730941772460938e+01,1.822784805297851562e+01,7.354011535644531250e+01
4.369747924804687500e+01,1.822784805297851562e+01,7.102591705322265625e+01
4.411764526367187500e+01,1.822784805297851562e+01,6.845024108886718750e+01
4.453781509399414062e+01,1.822784805297851562e+01,6.581700134277343750e+01
4.495798492431640625e+01,1.822784805297851562e+01,6.313089370727539062e+01
4.537815093994140625e+01,1.822784805297851562e+01,6.039906311035156250e+01
4.579832077026367188e+01,1.822784805297851562e+01,5.763283157348632812e+01
4.621848678588867188e+01,1.822784805297851562e+01,5.484954452514648438e+01
4.663865661621093750e+01,1.822784805297851562e+01,5.207249832153320312e+01
4.705882263183593750e+01,1.822784805297851562e+01,4.933079910278320312e+01
4.747899246215820312e+01,1.822784805297851562e+01,4.665722656250000000e+01
4.789915847778320312e+01,1.822784805297851562e+01,4.408586502075195312e+01
4.831932830810546875e+01,1.822784805297851562e+01,4.164861297607421875e+01
4.873949432373046875e+01,1.822784805297851562e+01,3.937238693237304688e+01
4.915966415405273438e+01,1.822784805297851562e+01,3.727688217163085938e+01
4.957983016967773438e+01,1.822784805297851562e+01,3.537367248535156250e+01
5.000000000000000000e+01,1.822784805297851562e+01,3.366607666015625000e+01
0.000000000000000000e+00,1.860759544372558594e+01,1.155028533935546875e+02
4.201680719852447510e-01,1.860759544372558594e+01,1.156108551025390625e+02
8.403361439704895020e-01,1.860759544372558594e+01,1.158426208496093750e+02
1.260504245758056641e+00,1.860759544372558594e+01,1.162139739990234375e+02
1.680672287940979004e+00,1.860759544372558594e+01,1.167027053833007812e+02
2.100840330123901367e+00,1.860759544372558594e+01,1.172187576293945312e+02
2.521008491516113281e+00,1.860759544372558594e+01,1.176270446777343750e+02
2.941176414489746094e+00,1.860759544372558594e+01,1.178301544189453125e+02
3.361344575881958008e+00,1.860759544372558594e+01,1.178325653076171875e+02
3.781512498855590820e+00,1.860759544372558594e+01,1.177205276489257812e+02
4.201680660247802734e+00,1.860759544372558594e+01,1.175904846191406250e+02
4.621848583221435547e+00,1.860759544372558594e+01,1.174920043945312500e+02
5.042016983032226562e+00,1.860759544372558594e+01,1.174221649169921875e+02
5.462184906005859375e+00,1.860759544372558594e+01,1.173576812744140625e+02
5.882352828979492188e+00,1.860759544372558594e+01,1.172811508178710938e+02
6.302521228790283203e+00,1.860759544372558594e+01,1.171857833862304688e+02
6.722689151763916016e+00,1.860759544372558594e+01,1.170690536499023438e+02
7.142857074737548828e+00,1.860759544372558594e+01,1.169271316528320312e+02
7.563024997711181641e+00,1.860759544372558594e+01,1.167504043579101562e+02
7.983193397521972656e+00,1.860759544372558594e+01,1.165225982666015625e+02
8.403361320495605469e+00,1.860759544372558594e+01,1.162189636230468750e+02
8.823529243469238281e+00,1.860759544372558594e+01,1.158110275268554688e+02
9.243697166442871094e+00,1.860759544372558594e+01,1.152793502807617188e+02
9.663865089416503906e+00,1.860759544372558594e+01,1.146364669799804688e+02
1.008403396606445312e+01,1.860759544372558594e+01,1.139419021606445312e+02
1.050420188903808594e+01,1.860759544372558594e+01,1.132817382812500000e+02
1.092436981201171875e+01,1.860759544372558594e+01,1.127209701538085938e+02
1.134453773498535156e+01,1.860759544372558594e+01,1.122762680053710938e+02
1.176470565795898438e+01,1.860759544372558594e+01,1.119268951416015625e+02
1.218487358093261719e+01,1.860759544372558594e+01,1.116394882202148438e+02
1.260504245758056641e+01,1.860759544372558594e+01,1.113844146728515625e+02
1.302521038055419922e+01,1.860759544372558594e+01,1.111393051147460938e+02
1.344537830352783203e+01,1.860759544372558594e+01,1.108887634277343750e+02
1.386554622650146484e+01,1.860759544372558594e+01,1.106216430664062500e+02
1.428571414947509766e+01,1.860759544372558594e+01,1.103284835815429688e+02
1.470588207244873047e+01,1.860759544372558594e+01,1.100006408691406250e+02
1.512604999542236328e+01,1.860759544372558594e+01,1.096287002563476562e+02
1.554621887207031250e+01,1.860759544372558594e+01,1.092024993896484375e+02
1.596638679504394531e+01,1.860759544372558594e+01,1.087125625610351562e+02
1.638655471801757812e+01,1.860759544372558594e+01,1.081519317626953125e+02
1.680672264099121094e+01,1.860759544372558594e+01,1.075199279785156250e+02
1.722689056396484375e+01,1.860759544372558594e+01,1.068233871459960938e+02
1.764705848693847656e+01,1.860759544372558594e+01,1.060743484497070312e+02
1.806722640991210938e+01,1.860759544372558594e+01,1.052841567993164062e+02
1.848739433288574219e+01,1.860759544372558594e+01,1.044605407714843750e+02
1.890756225585937500e+01,1.860759544372558594e+01,1.036097717285156250e+02
1.932773017883300781e+01,1.860759544372558594e+01,1.027403106689453125e+02
1.974790000915527344e+01,1.860759544372558594e+01,1.018593368530273438e+02
2.016806793212890625e+01,1.860759544372558594e+01,1.009650802612304688e+02
2.058823585510253906e+01,1.860759544372558594e+01,1.000483245849609375e+02
2.100840377807617188e+01,1.860759544372558594e+01,9.911115264892578125e+01
2.142857170104980469e+01,1.860759544372558594e+01,9.818828582763671875e+01
2.184873962402343750e+01,1.860759544372558594e+01,9.734704589843750000e+01
2.226890754699707031e+01,1.860759544372558594e+01,9.665444946289062500e+01
2.268907546997070312e+01,1.860759544372558594e+01,9.613779449462890625e+01
2.310924339294433594e+01,1.860759544372558594e+01,9.577331542968750000e+01
2.352941131591796875e+01,1.860759544372558594e+01,9.550634002685546875e+01
2.394957923889160156e+01,1.860759544372558594e+01,9.528163146972656250e+01
2.436974716186523438e+01,1.860759544372558594e+01,9.506303405761718750e+01
2.478991508483886719e+01,1.860759544372558594e+01,9.483773803710937500e+01
2.521008491516113281e+01,1.860759544372558594e+01,9.460887145996093750e+01
2.563025283813476562e+01,1.860759544372558594e+01,9.438672637939453125e+01
2.605042076110839844e+01,1.860759544372558594e+01,9.418252563476562500e+01
2.647058868408203125e+01,1.860759544372558594e+01,9.400583648681640625e+01
2.689075660705566406e+01,1.860759544372558594e+01,9.386398315429687500e+01
2.731092453002929688e+01,1.860759544372558594e+01,9.376194763183593750e+01
2.773109245300292969e+01,1.860759544372558594e+01,9.370277404785156250e+01
2.815126037597656250e+01,1.860759544372558594e+01,9.368802642822265625e+01
2.857142829895019531e+01,1.860759544372558594e+01,9.371782684326171875e+01
2.899159622192382812e+01,1.860759544372558594e+01,9.379119110107421875e+01
2.941176414489746094e+01,1.860759544372558594e+01,9.390602111816406250e+01
2.983193206787109375e+01,1.860759544372558594e+01,9.405928802490234375e+01
3.025209999084472656e+01,1.860759544372558594e+01,9.424717712402343750e+01
3.067226982116699219e+01,1.860759544372558594e+01,9.446516418457031250e+01
3.109243774414062500e+01,1.860759544372558594e+01,9.470817565917968750e+01
3.151260566711425781e+01,1.860759544372558594e+01,9.497055816650390625e+01
3.193277359008789062e+01,1.860759544372558594e+01,9.524629211425781250e+01
3.235293960571289062e+01,1.860759544372558594e+01,9.552920532226562500e+01
3.277310943603515625e+01,1.860759544372558594e+01,9.581272888183593750e+01
3.319327545166015625e+01,1.860759544372558594e+01,9.609022521972656250e+01
3.361344528198242188e+01,1.860759544372558594e+01,9.635496520996093750e+01
3.403361511230468750e+01,1.860759544372558594e+01,9.660016632080078125e+01
3.445378112792968750e+01,1.860759544372558594e+01,9.681874847412109375e+01
3.487395095825195312e+01,1.860759544372558594e+01,9.700359344482421875e+01
3.529411697387695312e+01,1.860759544372558594e+01,9.714699554443359375e+01
3.571428680419921875e+01,1.860759544372558594e+01,9.724094390869140625e+01
3.613445281982421875e+01,1.860759544372558594e+01,9.727637481689453125e+01
3.655462265014648438e+01,1.860759544372558594e+01,9.724330902099609375e+01
3.697478866577148438e+01,1.860759544372558594e+01,9.713046264648437500e+01
3.739495849609375000e+01,1.860759544372558594e+01,9.692527008056640625e+01
3.781512451171875000e+01,1.860759544372558594e+01,9.661399078369140625e+01
3.823529434204101562e+01,1.860759544372558594e+01,9.618158721923828125e+01
3.865546035766601562e+01,1.860759544372558594e+01,9.561305999755859375e+01
3.907563018798828125e+01,1.860759544372558594e+01,9.489387512207031250e+01
3.949580001831054688e+01,1.860759544372558594e+01,9.401130676269531250e+01
3.991596603393554688e+01,1.860759544372558594e+01,9.295584106445312500e+01
4.033613586425781250e+01,1.860759544372558594e+01,9.172238159179687500e+01
4.075630187988281250e+01,1.860759544372558594e+01,9.031129455566406250e+01
4.117647171020507812e+01,1.860759544372558594e+01,8.872852325439453125e+01
4.159663772583007812e+01,1.860759544372558594e+01,8.698518371582031250e+01
4.201680755615234375e+01,1.860759544372558594e+01,8.509655761718750000e+01
4.243697357177734375e+01,1.860759544372558594e+01,8.308004760742187500e+01
4.285714340209960938e+01,1.860759544372558594e+01,8.095347595214843750e+01
4.327730941772460938e+01,1.860759544372558594e+01,7.873316955566406250e+01
4.369747924804687500e+01,1.860759544372558594e+01,7.643273162841796875e+01
4.411764526367187500e+01,1.860759544372558594e+01,7.406203460693359375e+01
4.453781509399414062e+01,1.860759544372558594e+01,7.162736511230468750e+01
4.495798492431640625e+01,1.860759544372558594e+01,6.913226318359375000e+01
4.537815093994140625e+01,1.860759544372558594e+01,6.657860565185546875e+01
4.579832077026367188e+01,1.860759544372558594e+01,6.396839141845703125e+01
4.621848678588867188e+01,1.860759544372558594e+01,6.130596542358398438e+01
4.663865661621093750e+01,1.860759544372558594e+01,5.859968185424804688e+01
4.705882263183593750e+01,1.860759544372558594e+01,5.586373138427734375e+01
4.747899246215820312e+01,1.860759544372558594e+01,5.311872100830078125e+01
4.789915847778320312e+01,1.860759544372558594e+01,5.039170074462890625e+01
4.831932830810546875e+01,1.860759544372558594e+01,4.771466064453125000e+01
4.873949432373046875e+01,1.860759544372558594e+01,4.512207031250000000e+01
4.915966415405273438e+01,1.860759544372558594e+01,4.264764785766601562e+01
4.957983016967773438e+01,1.860759544372558594e+01,4.032132720947265625e+01
5.000000000000000000e+01,1.860759544372558594e+01,3.816641998291015625e+01
0.000000000000000000e+00,1.898734092712402344e+01,1.157631072998046875e+02
4.201680719852447510e-01,1.898734092712402344e+01,1.158731155395507812e+02
8.403361439704895020e-01,1.898734092712402344e+01,1.161075134277343750e+02
1.260504245758056641e+00,1.898734092712402344e+01,1.164850463867187500e+02
1.680672287940979004e+00,1.898734092712402344e+01,1.169875793457031250e+02
2.100840330123901367e+00,1.898734092712402344e+01,1.175275268554687500e+02
2.521008491516113281e+00,1.898734092712402344e+01,1.179662017822265625e+02
2.941176414489746094e+00,1.898734092712402344e+01,1.181957015991210938e+02
3.361344575881958008e+00,1.898734092712402344e+01,1.182089996337890625e+02
3.781512498855590820e+00,1.898734092712402344e+01,1.180892257690429688e+02
4.201680660247802734e+00,1.898734092712402344e+01,1.179405517578125000e+02
4.621848583221435547e+00,1.898734092712402344e+01,1.178244781494140625e+02
5.042016983032226562e+00,1.898734092712402344e+01,1.177457885742187500e+02
5.462184906005859375e+00,1.898734092712402344e+01,1.176803436279296875e+02
5.882352828979492188e+00,1.898734092712402344e+01,1.176069717407226562e+02
6.302521228790283203e+00,1.898734092712402344e+01,1.175164337158203125e+02
6.722689151763916016e+00,1.898734092712402344e+01,1.174062652587890625e+02
7.142857074737548828e+00,1.898734092712402344e+01,1.172738800048828125e+02
7.563024997711181641e+00,1.898734092712402344e+01,1.171123809814453125e+02
7.983193397521972656e+00,1.898734092712402344e+01,1.169085083007812500e+02
8.403361320495605469e+00,1.898734092712402344e+01,1.166410064697265625e+02
8.823529243469238281e+00,1.898734092712402344e+01,1.162817687988281250e+02
9.243697166442871094e+00,1.898734092712402344e+01,1.158041839599609375e+02
9.663865089416503906e+00,1.898734092712402344e+01,1.152026977539062500e+02
1.008403396606445312e+01,1.898734092712402344e+01,1.145148544311523438e+02
1.050420188903808594e+01,1.898734092712402344e+01,1.138204269409179688e+02
1.092436981201171875e+01,1.898734092712402344e+01,1.132013854980468750e+02
1.134453773498535156e+01,1.898734092712402344e+01,1.126985626220703125e+02
1.176470565795898438e+01,1.898734092712402344e+01,1.123057708740234375e+02
1.218487358093261719e+01,1.898734092712402344e+01,1.119927749633789062e+02
1.260504245758056641e+01,1.898734092712402344e+01,1.117266082763671875e+02
1.302521038055419922e+01,1.898734092712402344e+01,1.114812850952148438e+02
1.344537830352783203e+01,1.898734092712402344e+01,1.112386093139648438e+02
1.386554622650146484e+01,1.898734092712402344e+01,1.109856185913085938e+02
1.428571414947509766e+01,1.898734092712402344e+01,1.107128829956054688e+02
1.470588207244873047e+01,1.898734092712402344e+01,1.104121093750000000e+02
1.512604999542236328e+01,1.898734092712402344e+01,1.100748825073242188e+02
1.554621887207031250e+01,1.898734092712402344e+01,1.096920242309570312e+02
1.596638679504394531e+01,1.898734092712402344e+01,1.092537460327148438e+02
1.638655471801757812e+01,1.898734092712402344e+01,1.087509307861328125e+02
1.680672264099121094e+01,1.898734092712402344e+01,1.081777725219726562e+02
1.722689056396484375e+01,1.898734092712402344e+01,1.075352096557617188e+02
1.764705848693847656e+01,1.898734092712402344e+01,1.068315429687500000e+02
1.806722640991210938e+01,1.898734092712402344e+01,1.060794525146484375e+02
1.848739433288574219e+01,1.898734092712402344e+01,1.052897796630859375e+02
1.890756225585937500e+01,1.898734092712402344e+01,1.044688644409179688e+02
1.932773017883300781e+01,1.898734092712402344e+01,1.036219787597656250e+02
1.974790000915527344e+01,1.898734092712402344e+01,1.027570114135742188e+02
2.016806793212890625e+01,1.898734092712402344e+01,1.018806152343750000e+02
2.058823585510253906e+01,1.898734092712402344e+01,1.009906005859375000e+02
2.100840377807617188e+01,1.898734092712402344e+01,1.000769042968750000e+02
2.142857170104980469e+01,1.898734092712402344e+01,9.914102172851562500e+01
2.184873962402343750e+01,1.898734092712402344e+01,9.821745300292968750e+01
2.226890754699707031e+01,1.898734092712402344e+01,9.737378692626953125e+01
2.268907546997070312e+01,1.898734092712402344e+01,9.667897033691406250e+01
2.310924339294433594e+01,1.898734092712402344e+01,9.616278839111328125e+01
2.352941131591796875e+01,1.898734092712402344e+01,9.580414581298828125e+01
2.394957923889160156e+01,1.898734092712402344e+01,9.554925537109375000e+01
2.436974716186523438e+01,1.898734092712402344e+01,9.534107971191406250e+01
2.478991508483886719e+01,1.898734092712402344e+01,9.514044189453125000e+01
2.521008491516113281e+01,1.898734092712402344e+01,9.493170928955078125e+01
2.563025283813476562e+01,1.898734092712402344e+01,9.471630096435546875e+01
2.605042076110839844e+01,1.898734092712402344e+01,9.450399780273437500e+01
2.647058868408203125e+01,1.898734092712402344e+01,9.430606842041015625e+01
2.689075660705566406e+01,1.898734092712402344e+01,9.413233184814453125e+01
2.731092453002929688e+01,1.898734092712402344e+01,9.399055480957031250e+01
2.773109245300292969e+01,1.898734092712402344e+01,9.388596343994140625e+01
2.815126037597656250e+01,1.898734092712402344e+01,9.382214355468750000e+01
2.857142829895019531e+01,1.898734092712402344e+01,9.380084991455078125e+01
2.899159622192382812e+01,1.898734092712402344e+01,9.382268524169921875e+01
2.941176414489746094e+01,1.898734092712402344e+01,9.388712310791015625e+01
2.983193206787109375e+01,1.898734092712402344e+01,9.399239349365234375e+01
3.025209999084472656e+01,1.898734092712402344e+01,9.413600921630859375e+01
3.067226982116699219e+01,1.898734092712402344e+01,9.431447601318359375e+01
3.109243774414062500e+01,1.898734092712402344e+01,9.452365112304687500e+01
3.151260566711425781e+01,1.898734092712402344e+01,9.475876617431640625e+01
3.193277359008789062e+01,1.898734092712402344e+01,9.501449584960937500e+01
3.235293960571289062e+01,1.898734092712402344e+01,9.528517913818359375e+01
3.277310943603515625e+01,1.898734092712402344e+01,9.556483459472656250e+01
3.319327545166015625e+01,1.898734092712402344e+01,9.584722900390625000e+01
3.361344528198242188e+01,1.898734092712402344e+01,9.612615203857421875e+01
3.403361511230468750e+01,1.898734092712402344e+01,9.639522552490234375e+01
3.445378112792968750e+01,1.898734092712402344e+01,9.664817810058593750e+01
3.487395095825195312e+01,1.898734092712402344e+01,9.687850952148437500e+01
3.529411697387695312e+01,1.898734092712402344e+01,9.707975769042968750e+01
3.571428680419921875e+01,1.898734092712402344e+01,9.724534606933593750e+01
3.613445281982421875e+01,1.898734092712402344e+01,9.736811828613281250e+01
3.655462265014648438e+01,1.898734092712402344e+01,9.744048309326171875e+01
3.697478866577148438e+01,1.898734092712402344e+01,9.745409393310546875e+01
3.739495849609375000e+01,1.898734092712402344e+01,9.739936828613281250e+01
3.781512451171875000e+01,1.898734092712402344e+01,9.726551818847656250e+01
3.823529434204101562e+01,1.898734092712402344e+01,9.704051208496093750e+01
3.865546035766601562e+01,1.898734092712402344e+01,9.671087646484375000e+01
3.907563018798828125e+01,1.898734092712402344e+01,9.626247406005859375e+01
3.949580001831054688e+01,1.898734092712402344e+01,9.568078613281250000e+01
3.991596603393554688e+01,1.898734092712402344e+01,9.495217132568359375e+01
4.033613586425781250e+01,1.898734092712402344e+01,9.406471252441406250e+01
4.075630187988281250e+01,1.898734092712402344e+01,9.300988769531250000e+01
4.117647171020507812e+01,1.898734092712402344e+01,9.178363037109375000e+01
4.159663772583007812e+01,1.898734092712402344e+01,9.038711547851562500e+01
4.201680755615234375e+01,1.898734092712402344e+01,8.882685852050781250e+01
4.243697357177734375e+01,1.898734092712402344e+01,8.711448669433593750e+01
4.285714340209960938e+01,1.898734092712402344e+01,8.526520538330078125e+01
4.327730941772460938e+01,1.898734092712402344e+01,8.329631042480468750e+01
4.369747924804687500e+01,1.898734092712402344e+01,8.122507476806640625e+01
4.411764526367187500e+01,1.898734092712402344e+01,7.906714630126953125e+01
4.453781509399414062e+01,1.898734092712402344e+01,7.683490753173828125e+01
4.495798492431640625e+01,1.898734092712402344e+01,7.453713226318359375e+01
4.537815093994140625e+01,1.898734092712402344e+01,7.217885589599609375e+01
4.579832077026367188e+01,1.898734092712402344e+01,6.976187133789062500e+01
4.621848678588867188e+01,1.898734092712402344e+01,6.728610992431640625e+01
4.663865661621093750e+01,1.898734092712402344e+01,6.475138854980468750e+01
4.705882263183593750e+01,1.898734092712402344e+01,6.215934371948242188e+01
4.747899246215820312e+01,1.898734092712402344e+01,5.951545333862304688e+01
4.789915847778320312e+01,1.898734092712402344e+01,5.683081054687500000e+01
4.831932830810546875e+01,1.898734092712402344e+01,5.412322616577148438e+01
4.873949432373046875e+01,1.898734092712402344e+01,5.141738891601562500e+01
4.915966415405273438e+01,1.898734092712402344e+01,4.874396514892578125e+01
4.957983016967773438e+01,1.898734092712402344e+01,4.613722991943359375e+01
5.000000000000000000e+01,1.898734092712402344e+01,4.363228607177734375e+01
0.000000000000000000e+00,1.936708831787109375e+01,1.160119934082031250e+02
4.201680719852447510e-01,1.936708831787109375e+01,1.161234588623046875e+02
8.403361439704895020e-01,1.936708831787109375e+01,1.163598632812500000e+02
1.260504245758056641e+00,1.936708831787109375e+01,1.167426147460937500e+02
1.680672287940979004e+00,1.936708831787109375e+01,1.172576675415039062e+02
2.100840330123901367e+00,1.936708831787109375e+01,1.178207092285156250e+02
2.521008491516113281e+00,1.936708831787109375e+01,1.182902526855468750e+02
2.941176414489746094e+00,1.936708831787109375e+01,1.185483627319335938e+02
3.361344575881958008e+00,1.936708831787109375e+01,1.185761795043945312e+02
3.781512498855590820e+00,1.936708831787109375e+01,1.184516296386718750e+02
4.201680660247802734e+00,1.936708831787109375e+01,1.182844467163085938e+02
4.621848583221435547e+00,1.936708831787109375e+01,1.181489334106445312e+02
5.042016983032226562e+00,1.936708831787109375e+01,1.180587158203125000e+02
5.462184906005859375e+00,1.936708831787109375e+01,1.179906158447265625e+02
5.882352828979492188e+00,1.936708831787109375e+01,1.179195175170898438e+02
6.302521228790283203e+00,1.936708831787109375e+01,1.178333511352539062e+02
6.722689151763916016e+00,1.936708831787109375e+01,1.177287826538085938e+02
7.142857074737548828e+00,1.936708831787109375e+01,1.176042175292968750e+02
7.563024997711181641e+00,1.936708831787109375e+01,1.174550323486328125e+02
7.983193397521972656e+00,1.936708831787109375e+01,1.172708587646484375e+02
8.403361320495605469e+00,1.936708831787109375e+01,1.170337829589843750e+02
8.823529243469238281e+00,1.936708831787109375e+01,1.167181777954101562e+02
9.243697166442871094e+00,1.936708831787109375e+01,1.162946853637695312e+02
9.663865089416503906e+00,1.936708831787109375e+01,1.157443389892578125e+02
1.008403396606445312e+01,1.936708831787109375e+01,1.150823974609375000e+02
1.050420188903808594e+01,1.936708831787109375e+01,1.143723678588867188e+02
1.092436981201171875e+01,1.936708831787109375e+01,1.137027130126953125e+02
1.134453773498535156e+01,1.936708831787109375e+01,1.131381988525390625e+02
1.176470565795898438e+01,1.936708831787109375e+01,1.126932449340820312e+02
1.218487358093261719e+01,1.936708831787109375e+01,1.123455123901367188e+02
1.260504245758056641e+01,1.936708831787109375e+01,1.120610961914062500e+02
1.302521038055419922e+01,1.936708831787109375e+01,1.118100738525390625e+02
1.344537830352783203e+01,1.936708831787109375e+01,1.115706253051757812e+02
1.386554622650146484e+01,1.936708831787109375e+01,1.113276519775390625e+02
1.428571414947509766e+01,1.936708831787109375e+01,1.110707550048828125e+02
1.470588207244873047e+01,1.936708831787109375e+01,1.107916183471679688e+02
1.512604999542236328e+01,1.936708831787109375e+01,1.104825744628906250e+02
1.554621887207031250e+01,1.936708831787109375e+01,1.101355285644531250e+02
1.596638679504394531e+01,1.936708831787109375e+01,1.097414627075195312e+02
1.638655471801757812e+01,1.936708831787109375e+01,1.092908477783203125e+02
1.680672264099121094e+01,1.936708831787109375e+01,1.087749938964843750e+02
1.722689056396484375e+01,1.936708831787109375e+01,1.081895294189453125e+02
1.764705848693847656e+01,1.936708831787109375e+01,1.075368499755859375e+02
1.806722640991210938e+01,1.936708831787109375e+01,1.068267517089843750e+02
1.848739433288574219e+01,1.936708831787109375e+01,1.060723190307617188e+02
1.890756225585937500e+01,1.936708831787109375e+01,1.052835540771484375e+02
1.932773017883300781e+01,1.936708831787109375e+01,1.044657211303710938e+02
1.974790000915527344e+01,1.936708831787109375e+01,1.036230163574218750e+02
2.016806793212890625e+01,1.936708831787109375e+01,1.027627944946289062e+02
2.058823585510253906e+01,1.936708831787109375e+01,1.018915023803710938e+02
2.100840377807617188e+01,1.936708831787109375e+01,1.010061569213867188e+02
2.142857170104980469e+01,1.936708831787109375e+01,1.000963287353515625e+02
2.184873962402343750e+01,1.936708831787109375e+01,9.916253662109375000e+01
2.226890754699707031e+01,1.936708831787109375e+01,9.823890686035156250e+01
2.268907546997070312e+01,1.936708831787109375e+01,9.739361572265625000e+01
2.310924339294433594e+01,1.936708831787109375e+01,9.669676208496093750e+01
2.352941131591796875e+01,1.936708831787109375e+01,9.618080902099609375e+01
2.394957923889160156e+01,1.936708831787109375e+01,9.582730865478515625e+01
2.436974716186523438e+01,1.936708831787109375e+01,9.558351898193359375e+01
2.478991508483886719e+01,1.936708831787109375e+01,9.539123535156250000e+01
2.521008491516113281e+01,1.936708831787109375e+01,9.520846557617187500e+01
2.563025283813476562e+01,1.936708831787109375e+01,9.501657867431640625e+01
2.605042076110839844e+01,1.936708831787109375e+01,9.481522369384765625e+01
2.647058868408203125e+01,1.936708831787109375e+01,9.461338806152343750e+01
2.689075660705566406e+01,1.936708831787109375e+01,9.442229461669921875e+01
2.731092453002929688e+01,1.936708831787109375e+01,9.425229644775390625e+01
2.773109245300292969e+01,1.936708831787109375e+01,9.411119079589843750e+01
2.815126037597656250e+01,1.936708831787109375e+01,9.400476074218750000e+01
2.857142829895019531e+01,1.936708831787109375e+01,9.393683624267578125e+01
2.899159622192382812e+01,1.936708831787109375e+01,9.390956115722656250e+01
2.941176414489746094e+01,1.936708831787109375e+01,9.392398071289062500e+01
2.983193206787109375e+01,1.936708831787109375e+01,9.397984313964843750e+01
3.025209999084472656e+01,1.936708831787109375e+01,9.407588195800781250e+01
3.067226982116699219e+01,1.936708831787109375e+01,9.420992279052734375e+01
3.109243774414062500e+01,1.936708831787109375e+01,9.437894439697265625e+01
3.151260566711425781e+01,1.936708831787109375e+01,9.457910156250000000e+01
3.193277359008789062e+01,1.936708831787109375e+01,9.480595397949218750e+01
3.235293960571289062e+01,1.936708831787109375e+01,9.505455780029296875e+01
3.277310943603515625e+01,1.936708831787109375e+01,9.531953430175781250e+01
3.319327545166015625e+01,1.936708831787109375e+01,9.559510040283203125e+01
3.361344528198242188e+01,1.936708831787109375e+01,9.587543487548828125e+01
3.403361511230468750e+01,1.936708831787109375e+01,9.615448760986328125e+01
3.445378112792968750e+01,1.936708831787109375e+01,9.642620849609375000e+01
3.487395095825195312e+01,1.936708831787109375e+01,9.668468475341796875e+01
3.529411697387695312e+01,1.936708831787109375e+01,9.692393493652343750e+01
3.571428680419921875e+01,1.936708831787109375e+01,9.713810729980468750e+01
3.613445281982421875e+01,1.936708831787109375e+01,9.732114410400390625e+01
3.655462265014648438e+01,1.936708831787109375e+01,9.746706390380859375e+01
3.697478866577148438e+01,1.936708831787109375e+01,9.756922149658203125e+01
3.739495849609375000e+01,1.936708831787109375e+01,9.762055206298828125e+01
3.781512451171875000e+01,1.936708831787109375e+01,9.761296844482421875e+01
3.823529434204101562e+01,1.936708831787109375e+01,9.753740692138671875e+01
3.865546035766601562e+01,1.936708831787109375e+01,9.738344573974609375e+01
3.907563018798828125e+01,1.936708831787109375e+01,9.713940429687500000e+01
3.949580001831054688e+01,1.936708831787109375e+01,9.679235076904296875e+01
3.991596603393554688e+01,1.936708831787109375e+01,9.632850646972656250e+01
4.033613586425781250e+01,1.936708831787109375e+01,9.573404693603515625e+01
4.075630187988281250e+01,1.936708831787109375e+01,9.499600982666015625e+01
4.117647171020507812e+01,1.936708831787109375e+01,9.410334014892578125e+01
4.159663772583007812e+01,1.936708831787109375e+01,9.304847717285156250e+01
4.201680755615234375e+01,1.936708831787109375e+01,9.182815551757812500e+01
4.243697357177734375e+01,1.936708831787109375e+01,9.044450378417968750e+01
4.285714340209960938e+01,1.936708831787109375e+01,8.890470123291015625e+01
4.327730941772460938e+01,1.936708831787109375e+01,8.722064208984375000e+01
4.369747924804687500e+01,1.936708831787109375e+01,8.540786743164062500e+01
4.411764526367187500e+01,1.936708831787109375e+01,8.348336029052734375e+01
4.453781509399414062e+01,1.936708831787109375e+01,8.146396636962890625e+01
4.495798492431640625e+01,1.936708831787109375e+01,7.936464691162109375e+01
4.537815093994140625e+01,1.936708831787109375e+01,7.719704437255859375e+01
4.579832077026367188e+01,1.936708831787109375e+01,7.496878814697265625e+01
4.621848678588867188e+01,1.936708831787109375e+01,7.268376159667968750e+01
4.663865661621093750e+01,1.936708831787109375e+01,7.034232330322265625e+01
4.705882263183593750e+01,1.936708831787109375e+01,6.794272613525390625e+01
4.747899246215820312e+01,1.936708831787109375e+01,6.548273468017578125e+01
4.789915847778320312e+01,1.936708831787109375e+01,6.296152114868164062e+01
4.831932830810546875e+01,1.936708831787109375e+01,6.038193130493164062e+01
4.873949432373046875e+01,1.936708831787109375e+01,5.775200653076171875e+01
4.915966415405273438e+01,1.936708831787109375e+01,5.508656692504882812e+01
4.957983016967773438e+01,1.936708831787109375e+01,5.240784835815429688e+01
5.000000000000000000e+01,1.936708831787109375e+01,4.974465560913085938e+01
0.000000000000000000e+00,1.974683570861816406e+01,1.162500000000000000e+02
4.201680719852447510e-01,1.974683570861816406e+01,1.163623580932617188e+02
8.403361439704895020e-01,1.974683570861816406e+01,1.166000823974609375e+02
1.260504245758056641e+00,1.974683570861816406e+01,1.169871368408203125e+02
1.680672287940979004e+00,1.974683570861816406e+01,1.175135192871093750e+02
2.100840330123901367e+00,1.974683570861816406e+01,1.180986328125000000e+02
2.521008491516113281e+00,1.974683570861816406e+01,1.185991363525390625e+02
2.941176414489746094e+00,1.974683570861816406e+01,1.188878479003906250e+02
3.361344575881958008e+00,1.974683570861816406e+01,1.189336090087890625e+02
3.781512498855590820e+00,1.974683570861816406e+01,1.188074340820312500e+02
4.201680660247802734e+00,1.974683570861816406e+01,1.186228942871093750e+02
4.621848583221435547e+00,1.974683570861816406e+01,1.184662017822265625e+02
5.042016983032226562e+00,1.974683570861816406e+01,1.183617401123046875e+02
5.462184906005859375e+00,1.974683570861816406e+01,1.182889556884765625e+02
5.882352828979492188e+00,1.974683570861816406e+01,1.182193756103515625e+02
6.302521228790283203e+00,1.974683570861816406e+01,1.181369857788085938e+02
6.722689151763916016e+00,1.974683570861816406e+01,1.180372619628906250e+02
7.142857074737548828e+00,1.974683570861816406e+01,1.179191818237304688e+02
7.563024997711181641e+00,1.974683570861816406e+01,1.177799911499023438e+02
7.983193397521972656e+00,1.974683570861816406e+01,1.176116790771484375e+02
8.403361320495605469e+00,1.974683570861816406e+01,1.173999404907226562e+02
8.823529243469238281e+00,1.974683570861816406e+01,1.171222686767578125e+02
9.243697166442871094e+00,1.974683570861816406e+01,1.167496261596679688e+02
9.663865089416503906e+00,1.974683570861816406e+01,1.162551574707031250e+02
1.008403396606445312e+01,1.974683570861816406e+01,1.156347808837890625e+02
1.050420188903808594e+01,1.974683570861816406e+01,1.149298400878906250e+02
1.092436981201171875e+01,1.974683570861816406e+01,1.142236328125000000e+02
1.134453773498535156e+01,1.974683570861816406e+01,1.135988235473632812e+02
1.176470565795898438e+01,1.974683570861816406e+01,1.130945053100585938e+02
1.218487358093261719e+01,1.974683570861816406e+01,1.127028045654296875e+02
1.260504245758056641e+01,1.974683570861816406e+01,1.123920745849609375e+02
1.302521038055419922e+01,1.974683570861816406e+01,1.121291885375976562e+02
1.344537830352783203e+01,1.974683570861816406e+01,1.118882598876953125e+02
1.386554622650146484e+01,1.974683570861816406e+01,1.116514129638671875e+02
1.428571414947509766e+01,1.974683570861816406e+01,1.114063568115234375e+02
1.470588207244873047e+01,1.974683570861816406e+01,1.111443405151367188e+02
1.512604999542236328e+01,1.974683570861816406e+01,1.108579940795898438e+02
1.554621887207031250e+01,1.974683570861816406e+01,1.105402221679687500e+02
1.596638679504394531e+01,1.974683570861816406e+01,1.101829605102539062e+02
1.638655471801757812e+01,1.974683570861816406e+01,1.097774200439453125e+02
1.680672264099121094e+01,1.974683570861816406e+01,1.093141937255859375e+02
1.722689056396484375e+01,1.974683570861816406e+01,1.087855224609375000e+02
1.764705848693847656e+01,1.974683570861816406e+01,1.081879882812500000e+02
1.806722640991210938e+01,1.974683570861816406e+01,1.075257186889648438e+02
1.848739433288574219e+01,1.974683570861816406e+01,1.068098449707031250e+02
1.890756225585937500e+01,1.974683570861816406e+01,1.060537109375000000e+02
1.932773017883300781e+01,1.974683570861816406e+01,1.052664871215820312e+02
1.974790000915527344e+01,1.974683570861816406e+01,1.044520797729492188e+02
2.016806793212890625e+01,1.974683570861816406e+01,1.036138763427734375e+02
2.058823585510253906e+01,1.974683570861816406e+01,1.027586822509765625e+02
2.100840377807617188e+01,1.974683570861816406e+01,1.018928070068359375e+02
2.142857170104980469e+01,1.974683570861816406e+01,1.010126571655273438e+02
2.184873962402343750e+01,1.974683570861816406e+01,1.001071624755859375e+02
2.226890754699707031e+01,1.974683570861816406e+01,9.917620086669921875e+01
2.268907546997070312e+01,1.974683570861816406e+01,9.825333404541015625e+01
2.310924339294433594e+01,1.974683570861816406e+01,9.740703582763671875e+01
2.352941131591796875e+01,1.974683570861816406e+01,9.670857238769531250e+01
2.394957923889160156e+01,1.974683570861816406e+01,9.619264221191406250e+01
2.436974716186523438e+01,1.974683570861816406e+01,9.584348297119140625e+01
2.478991508483886719e+01,1.974683570861816406e+01,9.560991668701171875e+01
2.521008491516113281e+01,1.974683570861816406e+01,9.543286895751953125e+01
2.563025283813476562e+01,1.974683570861816406e+01,9.526763916015625000e+01
2.605042076110839844e+01,1.974683570861816406e+01,9.509281921386718750e+01
2.647058868408203125e+01,1.974683570861816406e+01,9.490582275390625000e+01
2.689075660705566406e+01,1.974683570861816406e+01,9.471504211425781250e+01
2.731092453002929688e+01,1.974683570861816406e+01,9.453153991699218750e+01
2.773109245300292969e+01,1.974683570861816406e+01,9.436576080322265625e+01
2.815126037597656250e+01,1.974683570861816406e+01,9.422601318359375000e+01
2.857142829895019531e+01,1.974683570861816406e+01,9.411833190917968750e+01
2.899159622192382812e+01,1.974683570861816406e+01,9.404690551757812500e+01
2.941176414489746094e+01,1.974683570861816406e+01,9.401426696777343750e+01
2.983193206787109375e+01,1.974683570861816406e+01,9.402170562744140625e+01
3.025209999084472656e+01,1.974683570861816406e+01,9.406946563720703125e+01
3.067226982116699219e+01,1.974683570861816406e+01,9.415652465820312500e+01
3.109243774414062500e+01,1.974683570861816406e+01,9.428120422363281250e+01
3.151260566711425781e+01,1.974683570861816406e+01,9.444075012207031250e+01
3.193277359008789062e+01,1.974683570861816406e+01,9.463184356689453125e+01
3.235293960571289062e+01,1.974683570861816406e+01,9.485021972656250000e+01
3.277310943603515625e+01,1.974683570861816406e+01,9.509136962890625000e+01
3.319327545166015625e+01,1.974683570861816406e+01,9.535008239746093750e+01
3.361344528198242188e+01,1.974683570861816406e+01,9.562099456787109375e+01
3.403361511230468750e+01,1.974683570861816406e+01,9.589833831787109375e+01
3.445378112792968750e+01,1.974683570861816406e+01,9.617636108398437500e+01
3.487395095825195312e+01,1.974683570861816406e+01,9.644938659667968750e+01
3.529411697387695312e+01,1.974683570861816406e+01,9.671170806884765625e+01
3.571428680419921875e+01,1.974683570861816406e+01,9.695767211914062500e+01
3.613445281982421875e+01,1.974683570861816406e+01,9.718183898925781250e+01
3.655462265014648438e+01,1.974683570861816406e+01,9.737889099121093750e+01
3.697478866577148438e+01,1.974683570861816406e+01,9.754340362548828125e+01
3.739495849609375000e+01,1.974683570861816406e+01,9.766953277587890625e+01
3.781512451171875000e+01,1.974683570861816406e+01,9.775135040283203125e+01
3.823529434204101562e+01,1.974683570861816406e+01,9.778207397460937500e+01
3.865546035766601562e+01,1.974683570861816406e+01,9.775405883789062500e+01
3.907563018798828125e+01,1.974683570861816406e+01,9.765854644775390625e+01
3.949580001831054688e+01,1.974683570861816406e+01,9.748537445068359375e+01
3.991596603393554688e+01,1.974683570861816406e+01,9.722313690185546875e+01
4.033613586425781250e+01,1.974683570861816406e+01,9.685929870605468750e+01
4.075630187988281250e+01,1.974683570861816406e+01,9.638056182861328125e+01
4.117647171020507812e+01,1.974683570861816406e+01,9.577362823486328125e+01
4.159663772583007812e+01,1.974683570861816406e+01,9.502609252929687500e+01
4.201680755615234375e+01,1.974683570861816406e+01,9.412797546386718750e+01
4.243697357177734375e+01,1.974683570861816406e+01,9.307231140136718750e+01
4.285714340209960938e+01,1.974683570861816406e+01,9.185692596435546875e+01
4.327730941772460938e+01,1.974683570861816406e+01,9.048453521728515625e+01
4.369747924804687500e+01,1.974683570861816406e+01,8.896322631835937500e+01
4.411764526367187500e+01,1.974683570861816406e+01,8.730519104003906250e+01
4.453781509399414062e+01,1.974683570861816406e+01,8.552621459960937500e+01
4.495798492431640625e+01,1.974683570861816406e+01,8.364306640625000000e+01
4.537815093994140625e+01,1.974683570861816406e+01,8.167236328125000000e+01
4.579832077026367188e+01,1.974683570861816406e+01,7.962832641601562500e+01
4.621848678588867188e+01,1.974683570861816406e+01,7.752191162109375000e+01
4.663865661621093750e+01,1.974683570861816406e+01,7.536000061035156250e+01
4.705882263183593750e+01,1.974683570861816406e+01,7.314521026611328125e+01
4.747899246215820312e+01,1.974683570861816406e+01,7.087674713134765625e+01
4.789915847778320312e+01,1.974683570861816406e+01,6.855140686035156250e+01
4.831932830810546875e+01,1.974683570861816406e+01,6.616509246826171875e+01
4.873949432373046875e+01,1.974683570861816406e+01,6.371490097045898438e+01
4.915966415405273438e+01,1.974683570861816406e+01,6.120087432861328125e+01
4.957983016967773438e+01,1.974683570861816406e+01,5.862841415405273438e+01
5.000000000000000000e+01,1.974683570861816406e+01,5.600931167602539062e+01
0.000000000000000000e+00,2.012658309936523438e+01,1.164775466918945312e+02
4.201680719852447510e-01,2.012658309936523438e+01,1.165904083251953125e+02
8.403361439704895020e-01,2.012658309936523438e+01,1.168288192749023438e+02
1.260504245758056641e+00,2.012658309936523438e+01,1.172191467285156250e+02
1.680672287940979004e+00,2.012658309936523438e+01,1.177556762695312500e+02
2.100840330123901367e+00,2.012658309936523438e+01,1.183616256713867188e+02
2.521008491516113281e+00,2.012658309936523438e+01,1.188930053710937500e+02
2.941176414489746094e+00,2.012658309936523438e+01,1.192138671875000000e+02
3.361344575881958008e+00,2.012658309936523438e+01,1.192807312011718750e+02
3.781512498855590820e+00,2.012658309936523438e+01,1.191565246582031250e+02
4.201680660247802734e+00,2.012658309936523438e+01,1.189562377929687500e+02
4.621848583221435547e+00,2.012658309936523438e+01,1.187771301269531250e+02
5.042016983032226562e+00,2.012658309936523438e+01,1.186558151245117188e+02
5.462184906005859375e+00,2.012658309936523438e+01,1.185761184692382812e+02
5.882352828979492188e+00,2.012658309936523438e+01,1.185067672729492188e+02
6.302521228790283203e+00,2.012658309936523438e+01,1.184277954101562500e+02
6.722689151763916016e+00,2.012658309936523438e+01,1.183323974609375000e+02
7.142857074737548828e+00,2.012658309936523438e+01,1.182198791503906250e+02
7.563024997711181641e+00,2.012658309936523438e+01,1.180886611938476562e+02
7.983193397521972656e+00,2.012658309936523438e+01,1.179332427978515625e+02
8.403361320495605469e+00,2.012658309936523438e+01,1.177421951293945312e+02
8.823529243469238281e+00,2.012658309936523438e+01,1.174966583251953125e+02
9.243697166442871094e+00,2.012658309936523438e+01,1.171696929931640625e+02
9.663865089416503906e+00,2.012658309936523438e+01,1.167313690185546875e+02
1.008403396606445312e+01,2.012658309936523438e+01,1.161632232666015625e+02
1.050420188903808594e+01,2.012658309936523438e+01,1.154834671020507812e+02
1.092436981201171875e+01,2.012658309936523438e+01,1.147595291137695312e+02
1.134453773498535156e+01,2.012658309936523438e+01,1.140818405151367188e+02
1.176470565795898438e+01,2.012658309936523438e+01,1.135145187377929688e+02
1.218487358093261719e+01,2.012658309936523438e+01,1.130698623657226562e+02
1.260504245758056641e+01,2.012658309936523438e+01,1.127239837646484375e+02
1.302521038055419922e+01,2.012658309936523438e+01,1.124422531127929688e+02
1.344537830352783203e+01,2.012658309936523438e+01,1.121948165893554688e+02
1.386554622650146484e+01,2.012658309936523438e+01,1.119600448608398438e+02
1.428571414947509766e+01,2.012658309936523438e+01,1.117232055664062500e+02
1.470588207244873047e+01,2.012658309936523438e+01,1.114745864868164062e+02
1.512604999542236328e+01,2.012658309936523438e+01,1.112065277099609375e+02
1.554621887207031250e+01,2.012658309936523438e+01,1.109125061035156250e+02
1.596638679504394531e+01,2.012658309936523438e+01,1.105855636596679688e+02
1.638655471801757812e+01,2.012658309936523438e+01,1.102178497314453125e+02
1.680672264099121094e+01,2.012658309936523438e+01,1.098006134033203125e+02
1.722689056396484375e+01,2.012658309936523438e+01,1.093247222900390625e+02
1.764705848693847656e+01,2.012658309936523438e+01,1.087831878662109375e+02
1.806722640991210938e+01,2.012658309936523438e+01,1.081737976074218750e+02
1.848739433288574219e+01,2.012658309936523438e+01,1.075025482177734375e+02
1.890756225585937500e+01,2.012658309936523438e+01,1.067816772460937500e+02
1.932773017883300781e+01,2.012658309936523438e+01,1.060245361328125000e+02
1.974790000915527344e+01,2.012658309936523438e+01,1.052392807006835938e+02
2.016806793212890625e+01,2.012658309936523438e+01,1.044286727905273438e+02
2.058823585510253906e+01,2.012658309936523438e+01,1.035950546264648438e+02
2.100840377807617188e+01,2.012658309936523438e+01,1.027453079223632812e+02
2.142857170104980469e+01,2.012658309936523438e+01,1.018852310180664062e+02
2.184873962402343750e+01,2.012658309936523438e+01,1.010108261108398438e+02
2.226890754699707031e+01,2.012658309936523438e+01,1.001102600097656250e+02
2.268907546997070312e+01,2.012658309936523438e+01,9.918277740478515625e+01
2.310924339294433594e+01,2.012658309936523438e+01,9.826139831542968750e+01
2.352941131591796875e+01,2.012658309936523438e+01,9.741469573974609375e+01
2.394957923889160156e+01,2.012658309936523438e+01,9.671493530273437500e+01
2.436974716186523438e+01,2.012658309936523438e+01,9.619901275634765625e+01
2.478991508483886719e+01,2.012658309936523438e+01,9.585349273681640625e+01
2.521008491516113281e+01,2.012658309936523438e+01,9.562911224365234375e+01
2.563025283813476562e+01,2.012658309936523438e+01,9.546649932861328125e+01
2.605042076110839844e+01,2.012658309936523438e+01,9.531853485107421875e+01
2.647058868408203125e+01,2.012658309936523438e+01,9.516076660156250000e+01
2.689075660705566406e+01,2.012658309936523438e+01,9.498858642578125000e+01
2.731092453002929688e+01,2.012658309936523438e+01,9.480929565429687500e+01
2.773109245300292969e+01,2.012658309936523438e+01,9.463387298583984375e+01
2.815126037597656250e+01,2.012658309936523438e+01,9.447290802001953125e+01
2.857142829895019531e+01,2.012658309936523438e+01,9.433516693115234375e+01
2.899159622192382812e+01,2.012658309936523438e+01,9.422686767578125000e+01
2.941176414489746094e+01,2.012658309936523438e+01,9.415253448486328125e+01
2.983193206787109375e+01,2.012658309936523438e+01,9.411505126953125000e+01
3.025209999084472656e+01,2.012658309936523438e+01,9.411608123779296875e+01
3.067226982116699219e+01,2.012658309936523438e+01,9.415603637695312500e+01
3.109243774414062500e+01,2.012658309936523438e+01,9.423445892333984375e+01
3.151260566711425781e+01,2.012658309936523438e+01,9.435001373291015625e+01
3.193277359008789062e+01,2.012658309936523438e+01,9.450021362304687500e+01
3.235293960571289062e+01,2.012658309936523438e+01,9.468216705322265625e+01
3.277310943603515625e+01,2.012658309936523438e+01,9.489197540283203125e+01
3.319327545166015625e+01,2.012658309936523438e+01,9.512533569335937500e+01
3.361344528198242188e+01,2.012658309936523438e+01,9.537741088867187500e+01
3.403361511230468750e+01,2.012658309936523438e+01,9.564297485351562500e+01
3.445378112792968750e+01,2.012658309936523438e+01,9.591663360595703125e+01
3.487395095825195312e+01,2.012658309936523438e+01,9.619282531738281250e+01
3.529411697387695312e+01,2.012658309936523438e+01,9.646603393554687500e+01
3.571428680419921875e+01,2.012658309936523438e+01,9.673075103759765625e+01
3.613445281982421875e+01,2.012658309936523438e+01,9.698167419433593750e+01
3.655462265014648438e+01,2.012658309936523438e+01,9.721372985839843750e+01
3.697478866577148438e+01,2.012658309936523438e+01,9.742189788818359375e+01
3.739495849609375000e+01,2.012658309936523438e+01,9.760128784179687500e+01
3.781512451171875000e+01,2.012658309936523438e+01,9.774687957763671875e+01
3.823529434204101562e+01,2.012658309936523438e+01,9.785348510742187500e+01
3.865546035766601562e+01,2.012658309936523438e+01,9.791537475585937500e+01
3.907563018798828125e+01,2.012658309936523438e+01,9.792620849609375000e+01
3.949580001831054688e+01,2.012658309936523438e+01,9.787859344482421875e+01
3.991596603393554688e+01,2.012658309936523438e+01,9.776393890380859375e+01
4.033613586425781250e+01,2.012658309936523438e+01,9.757234191894531250e+01
4.075630187988281250e+01,2.012658309936523438e+01,9.729270172119140625e+01
4.117647171020507812e+01,2.012658309936523438e+01,9.691275024414062500e+01
4.159663772583007812e+01,2.012658309936523438e+01,9.641958618164062500e+01
4.201680755615234375e+01,2.012658309936523438e+01,9.580035400390625000e+01
4.243697357177734375e+01,2.012658309936523438e+01,9.504340362548828125e+01
4.285714340209960938e+01,2.012658309936523438e+01,9.413928985595703125e+01
4.327730941772460938e+01,2.012658309936523438e+01,9.308216094970703125e+01
4.369747924804687500e+01,2.012658309936523438e+01,9.187059020996093750e+01
4.411764526367187500e+01,2.012658309936523438e+01,9.050817871093750000e+01
4.453781509399414062e+01,2.012658309936523438e+01,8.900353240966796875e+01
4.495798492431640625e+01,2.012658309936523438e+01,8.736953735351562500e+01
4.537815093994140625e+01,2.012658309936523438e+01,8.562190246582031250e+01
4.579832077026367188e+01,2.012658309936523438e+01,8.377750396728515625e+01
4.621848678588867188e+01,2.012658309936523438e+01,8.185248565673828125e+01
4.663865661621093750e+01,2.012658309936523438e+01,7.986065673828125000e+01
4.705882263183593750e+01,2.012658309936523438e+01,7.781233978271484375e+01
4.747899246215820312e+01,2.012658309936523438e+01,7.571359252929687500e+01
4.789915847778320312e+01,2.012658309936523438e+01,7.356617736816406250e+01
4.831932830810546875e+01,2.012658309936523438e+01,7.136815643310546875e+01
4.873949432373046875e+01,2.012658309936523438e+01,6.911512756347656250e+01
4.915966415405273438e+01,2.012658309936523438e+01,6.680127716064453125e+01
4.957983016967773438e+01,2.012658309936523438e+01,6.442173004150390625e+01
5.000000000000000000e+01,2.012658309936523438e+01,6.197428131103515625e+01
0.000000000000000000e+00,2.050632858276367188e+01,1.166949691772460938e+02
4.201680719852447510e-01,2.050632858276367188e+01,1.168080368041992188e+02
8.403361439704895020e-01,2.050632858276367188e+01,1.170465087890625000e+02
1.260504245758056641e+00,2.050632858276367188e+01,1.174392395019531250e+02
1.680672287940979004e+00,2.050632858276367188e+01,1.179845352172851562e+02
2.100840330123901367e+00,2.050632858276367188e+01,1.186102218627929688e+02
2.521008491516113281e+00,2.050632858276367188e+01,1.191719818115234375e+02
2.941176414489746094e+00,2.050632858276367188e+01,1.195260696411132812e+02
3.361344575881958008e+00,2.050632858276367188e+01,1.196170654296875000e+02
3.781512498855590820e+00,2.050632858276367188e+01,1.194984283447265625e+02
4.201680660247802734e+00,2.050632858276367188e+01,1.192847137451171875e+02
4.621848583221435547e+00,2.050632858276367188e+01,1.190826263427734375e+02
5.042016983032226562e+00,2.050632858276367188e+01,1.189417724609375000e+02
5.462184906005859375e+00,2.050632858276367188e+01,1.188526458740234375e+02
5.882352828979492188e+00,2.050632858276367188e+01,1.187822799682617188e+02
6.302521228790283203e+00,2.050632858276367188e+01,1.187060699462890625e+02
6.722689151763916016e+00,2.050632858276367188e+01,1.186146850585937500e+02
7.142857074737548828e+00,2.050632858276367188e+01,1.185069885253906250e+02
7.563024997711181641e+00,2.050632858276367188e+01,1.183822860717773438e+02
7.983193397521972656e+00,2.050632858276367188e+01,1.182371902465820312e+02
8.403361320495605469e+00,2.050632858276367188e+01,1.180629882812500000e+02
8.823529243469238281e+00,2.050632858276367188e+01,1.178440856933593750e+02
9.243697166442871094e+00,2.050632858276367188e+01,1.175569534301757812e+02
9.663865089416503906e+00,2.050632858276367188e+01,1.171715927124023438e+02
1.008403396606445312e+01,2.050632858276367188e+01,1.166609191894531250e+02
1.050420188903808594e+01,2.050632858276367188e+01,1.160229492187500000e+02
1.092436981201171875e+01,2.050632858276367188e+01,1.153024978637695312e+02
1.134453773498535156e+01,2.050632858276367188e+01,1.145859680175781250e+02
1.176470565795898438e+01,2.050632858276367188e+01,1.139566268920898438e+02
1.218487358093261719e+01,2.050632858276367188e+01,1.134519119262695312e+02
1.260504245758056641e+01,2.050632858276367188e+01,1.130616149902343750e+02
1.302521038055419922e+01,2.050632858276367188e+01,1.127532272338867188e+02
1.344537830352783203e+01,2.050632858276367188e+01,1.124934158325195312e+02
1.386554622650146484e+01,2.050632858276367188e+01,1.122563552856445312e+02
1.428571414947509766e+01,2.050632858276367188e+01,1.120243911743164062e+02
1.470588207244873047e+01,2.050632858276367188e+01,1.117858123779296875e+02
1.512604999542236328e+01,2.050632858276367188e+01,1.115324325561523438e+02
1.554621887207031250e+01,2.050632858276367188e+01,1.112577056884765625e+02
1.596638679504394531e+01,2.050632858276367188e+01,1.109555130004882812e+02
1.638655471801757812e+01,2.050632858276367188e+01,1.106190032958984375e+02
1.680672264099121094e+01,2.050632858276367188e+01,1.102406616210937500e+02
1.722689056396484375e+01,2.050632858276367188e+01,1.098115005493164062e+02
1.764705848693847656e+01,2.050632858276367188e+01,1.093228454589843750e+02
1.806722640991210938e+01,2.050632858276367188e+01,1.087684555053710938e+02
1.848739433288574219e+01,2.050632858276367188e+01,1.081477508544921875e+02
1.890756225585937500e+01,2.050632858276367188e+01,1.074681549072265625e+02
1.932773017883300781e+01,2.050632858276367188e+01,1.067429885864257812e+02
1.974790000915527344e+01,2.050632858276367188e+01,1.059854660034179688e+02
2.016806793212890625e+01,2.050632858276367188e+01,1.052027053833007812e+02
2.058823585510253906e+01,2.050632858276367188e+01,1.043961563110351562e+02
2.100840377807617188e+01,2.050632858276367188e+01,1.035675888061523438e+02
2.142857170104980469e+01,2.050632858276367188e+01,1.027235031127929688e+02
2.184873962402343750e+01,2.050632858276367188e+01,1.018695907592773438e+02
2.226890754699707031e+01,2.050632858276367188e+01,1.010013885498046875e+02
2.268907546997070312e+01,2.050632858276367188e+01,1.001063461303710938e+02
2.310924339294433594e+01,2.050632858276367188e+01,9.918286895751953125e+01
2.352941131591796875e+01,2.050632858276367188e+01,9.826374053955078125e+01
2.394957923889160156e+01,2.050632858276367188e+01,9.741720581054687500e+01
2.436974716186523438e+01,2.050632858276367188e+01,9.671659088134765625e+01
2.478991508483886719e+01,2.050632858276367188e+01,9.620043945312500000e+01
2.521008491516113281e+01,2.050632858276367188e+01,9.585801696777343750e+01
2.563025283813476562e+01,2.050632858276367188e+01,9.564187622070312500e+01
2.605042076110839844e+01,2.050632858276367188e+01,9.549277496337890625e+01
2.647058868408203125e+01,2.050632858276367188e+01,9.536163330078125000e+01
2.689075660705566406e+01,2.050632858276367188e+01,9.522086334228515625e+01
2.731092453002929688e+01,2.050632858276367188e+01,9.506375885009765625e+01
2.773109245300292969e+01,2.050632858276367188e+01,9.489636230468750000e+01
2.815126037597656250e+01,2.050632858276367188e+01,9.472949218750000000e+01
2.857142829895019531e+01,2.050632858276367188e+01,9.457396697998046875e+01
2.899159622192382812e+01,2.050632858276367188e+01,9.443868255615234375e+01
2.941176414489746094e+01,2.050632858276367188e+01,9.433035278320312500e+01
2.983193206787109375e+01,2.050632858276367188e+01,9.425369262695312500e+01
3.025209999084472656e+01,2.050632858276367188e+01,9.421199035644531250e+01
3.067226982116699219e+01,2.050632858276367188e+01,9.420705413818359375e+01
3.109243774414062500e+01,2.050632858276367188e+01,9.423971557617187500e+01
3.151260566711425781e+01,2.050632858276367188e+01,9.430989074707031250e+01
3.193277359008789062e+01,2.050632858276367188e+01,9.441648101806640625e+01
3.235293960571289062e+01,2.050632858276367188e+01,9.455754852294921875e+01
3.277310943603515625e+01,2.050632858276367188e+01,9.473035430908203125e+01
3.319327545166015625e+01,2.050632858276367188e+01,9.493144226074218750e+01
3.361344528198242188e+01,2.050632858276367188e+01,9.515686798095703125e+01
3.403361511230468750e+01,2.050632858276367188e+01,9.540193176269531250e+01
3.445378112792968750e+01,2.050632858276367188e+01,9.566176605224609375e+01
3.487395095825195312e+01,2.050632858276367188e+01,9.593113708496093750e+01
3.529411697387695312e+01,2.050632858276367188e+01,9.620465850830078125e+01
3.571428680419921875e+01,2.050632858276367188e+01,9.647716522216796875e+01
3.613445281982421875e+01,2.050632858276367188e+01,9.674316406250000000e+01
3.655462265014648438e+01,2.050632858276367188e+01,9.699762725830078125e+01
3.697478866577148438e+01,2.050632858276367188e+01,9.723574829101562500e+01
3.739495849609375000e+01,2.050632858276367188e+01,9.745275115966796875e+01
3.781512451171875000e+01,2.050632858276367188e+01,9.764415740966796875e+01
3.823529434204101562e+01,2.050632858276367188e+01,9.780552673339843750e+01
3.865546035766601562e+01,2.050632858276367188e+01,9.793237304687500000e+01
3.907563018798828125e+01,2.050632858276367188e+01,9.801973724365234375e+01
3.949580001831054688e+01,2.050632858276367188e+01,9.806232452392578125e+01
3.991596603393554688e+01,2.050632858276367188e+01,9.805395507812500000e+01
4.033613586425781250e+01,2.050632858276367188e+01,9.798754119873046875e+01
4.075630187988281250e+01,2.050632858276367188e+01,9.785460662841796875e+01
4.117647171020507812e+01,2.050632858276367188e+01,9.764541625976562500e+01
4.159663772583007812e+01,2.050632858276367188e+01,9.734913635253906250e+01
4.201680755615234375e+01,2.050632858276367188e+01,9.695355987548828125e+01
4.243697357177734375e+01,2.050632858276367188e+01,9.644635009765625000e+01
4.285714340209960938e+01,2.050632858276367188e+01,9.581497192382812500e+01
4.327730941772460938e+01,2.050632858276367188e+01,9.504843902587890625e+01
4.369747924804687500e+01,2.050632858276367188e+01,9.413807678222656250e+01
4.411764526367187500e+01,2.050632858276367188e+01,9.307887268066406250e+01
4.453781509399414062e+01,2.050632858276367188e+01,9.187015533447265625e+01
4.495798492431640625e+01,2.050632858276367188e+01,9.051642608642578125e+01
4.537815093994140625e+01,2.050632858276367188e+01,8.902692413330078125e+01
4.579832077026367188e+01,2.050632858276367188e+01,8.741500091552734375e+01
4.621848678588867188e+01,2.050632858276367188e+01,8.569653320312500000e+01
4.663865661621093750e+01,2.050632858276367188e+01,8.388831329345703125e+01
4.705882263183593750e+01,2.050632858276367188e+01,8.200633239746093750e+01
4.747899246215820312e+01,2.050632858276367188e+01,8.006392669677734375e+01
4.789915847778320312e+01,2.050632858276367188e+01,7.807074737548828125e+01
4.831932830810546875e+01,2.050632858276367188e+01,7.603229522705078125e+01
4.873949432373046875e+01,2.050632858276367188e+01,7.394942474365234375e+01
4.915966415405273438e+01,2.050632858276367188e+01,7.181940460205078125e+01
4.957983016967773438e+01,2.050632858276367188e+01,6.963657379150390625e+01
5.000000000000000000e+01,2.050632858276367188e+01,6.739380645751953125e+01
0.000000000000000000e+00,2.088607597351074219e+01,1.169028778076171875e+02
4.201680719852447510e-01,2.088607597351074219e+01,1.170155868530273438e+02
8.403361439704895020e-01,2.088607597351074219e+01,1.172536392211914062e+02
1.260504245758056641e+00,2.088607597351074219e+01,1.176479110717773438e+02
1.680672287940979004e+00,2.088607597351074219e+01,1.182008285522460938e+02
2.100840330123901367e+00,2.088607597351074219e+01,1.188447723388671875e+02
2.521008491516113281e+00,2.088607597351074219e+01,1.194361724853515625e+02
2.941176414489746094e+00,2.088607597351074219e+01,1.198243560791015625e+02
3.361344575881958008e+00,2.088607597351074219e+01,1.199421691894531250e+02
3.781512498855590820e+00,2.088607597351074219e+01,1.198329238891601562e+02
4.201680660247802734e+00,2.088607597351074219e+01,1.196083984375000000e+02
4.621848583221435547e+00,2.088607597351074219e+01,1.193833847045898438e+02
5.042016983032226562e+00,2.088607597351074219e+01,1.192206878662109375e+02
5.462184906005859375e+00,2.088607597351074219e+01,1.191194229125976562e+02
5.882352828979492188e+00,2.088607597351074219e+01,1.190463485717773438e+02
6.302521228790283203e+00,2.088607597351074219e+01,1.189722900390625000e+02
6.722689151763916016e+00,2.088607597351074219e+01,1.188846130371093750e+02
7.142857074737548828e+00,2.088607597351074219e+01,1.187811508178710938e+02
7.563024997711181641e+00,2.088607597351074219e+01,1.186619262695312500e+02
7.983193397521972656e+00,2.088607597351074219e+01,1.185251312255859375e+02
8.403361320495605469e+00,2.088607597351074219e+01,1.183643341064453125e+02
8.823529243469238281e+00,2.088607597351074219e+01,1.181672973632812500e+02
9.243697166442871094e+00,2.088607597351074219e+01,1.179140090942382812e+02
9.663865089416503906e+00,2.088607597351074219e+01,1.175763549804687500e+02
1.008403396606445312e+01,2.088607597351074219e+01,1.171238861083984375e+02
1.050420188903808594e+01,2.088607597351074219e+01,1.165390472412109375e+02
1.092436981201171875e+01,2.088607597351074219e+01,1.158429565429687500e+02
1.134453773498535156e+01,2.088607597351074219e+01,1.151065444946289062e+02
1.176470565795898438e+01,2.088607597351074219e+01,1.144225006103515625e+02
1.218487358093261719e+01,2.088607597351074219e+01,1.138535919189453125e+02
1.260504245758056641e+01,2.088607597351074219e+01,1.134099884033203125e+02
1.302521038055419922e+01,2.088607597351074219e+01,1.130662536621093750e+02
1.344537830352783203e+01,2.088607597351074219e+01,1.127873229980468750e+02
1.386554622650146484e+01,2.088607597351074219e+01,1.125432052612304688e+02
1.428571414947509766e+01,2.088607597351074219e+01,1.123124160766601562e+02
1.470588207244873047e+01,2.088607597351074219e+01,1.120808105468750000e+02
1.512604999542236328e+01,2.088607597351074219e+01,1.118390274047851562e+02
1.554621887207031250e+01,2.088607597351074219e+01,1.115800933837890625e+02
1.596638679504394531e+01,2.088607597351074219e+01,1.112981414794921875e+02
1.638655471801757812e+01,2.088607597351074219e+01,1.109873657226562500e+02
1.680672264099121094e+01,2.088607597351074219e+01,1.106412658691406250e+02
1.722689056396484375e+01,2.088607597351074219e+01,1.102519149780273438e+02
1.764705848693847656e+01,2.088607597351074219e+01,1.098107147216796875e+02
1.806722640991210938e+01,2.088607597351074219e+01,1.093092956542968750e+02
1.848739433288574219e+01,2.088607597351074219e+01,1.087422180175781250e+02
1.890756225585937500e+01,2.088607597351074219e+01,1.081106338500976562e+02
1.932773017883300781e+01,2.088607597351074219e+01,1.074232788085937500e+02
1.974790000915527344e+01,2.088607597351074219e+01,1.066945953369140625e+02
2.016806793212890625e+01,2.088607597351074219e+01,1.059373092651367188e+02
2.058823585510253906e+01,2.088607597351074219e+01,1.051575164794921875e+02
2.100840377807617188e+01,2.088607597351074219e+01,1.043553009033203125e+02
2.142857170104980469e+01,2.088607597351074219e+01,1.035319442749023438e+02
2.184873962402343750e+01,2.088607597351074219e+01,1.026938247680664062e+02
2.226890754699707031e+01,2.088607597351074219e+01,1.018464660644531250e+02
2.268907546997070312e+01,2.088607597351074219e+01,1.009849166870117188e+02
2.310924339294433594e+01,2.088607597351074219e+01,1.000958938598632812e+02
2.352941131591796875e+01,2.088607597351074219e+01,9.917714691162109375e+01
2.394957923889160156e+01,2.088607597351074219e+01,9.826078796386718750e+01
2.436974716186523438e+01,2.088607597351074219e+01,9.741516113281250000e+01
2.478991508483886719e+01,2.088607597351074219e+01,9.671410369873046875e+01
2.521008491516113281e+01,2.088607597351074219e+01,9.619768524169921875e+01
2.563025283813476562e+01,2.088607597351074219e+01,9.585765075683593750e+01
2.605042076110839844e+01,2.088607597351074219e+01,9.564881134033203125e+01
2.647058868408203125e+01,2.088607597351074219e+01,9.551235198974609375e+01
2.689075660705566406e+01,2.088607597351074219e+01,9.539728546142578125e+01
2.731092453002929688e+01,2.088607597351074219e+01,9.527346038818359375e+01
2.773109245300292969e+01,2.088607597351074219e+01,9.513163757324218750e+01
2.815126037597656250e+01,2.088607597351074219e+01,9.497658538818359375e+01
2.857142829895019531e+01,2.088607597351074219e+01,9.481879425048828125e+01
2.899159622192382812e+01,2.088607597351074219e+01,9.466912078857421875e+01
2.941176414489746094e+01,2.088607597351074219e+01,9.453685760498046875e+01
2.983193206787109375e+01,2.088607597351074219e+01,9.442900085449218750e+01
3.025209999084472656e+01,2.088607597351074219e+01,9.435054779052734375e+01
3.067226982116699219e+01,2.088607597351074219e+01,9.430503082275390625e+01
3.109243774414062500e+01,2.088607597351074219e+01,9.429468536376953125e+01
3.151260566711425781e+01,2.088607597351074219e+01,9.432050323486328125e+01
3.193277359008789062e+01,2.088607597351074219e+01,9.438285827636718750e+01
3.235293960571289062e+01,2.088607597351074219e+01,9.448079681396484375e+01
3.277310943603515625e+01,2.088607597351074219e+01,9.461284637451171875e+01
3.319327545166015625e+01,2.088607597351074219e+01,9.477666473388671875e+01
3.361344528198242188e+01,2.088607597351074219e+01,9.496901702880859375e+01
3.403361511230468750e+01,2.088607597351074219e+01,9.518627166748046875e+01
3.445378112792968750e+01,2.088607597351074219e+01,9.542408752441406250e+01
3.487395095825195312e+01,2.088607597351074219e+01,9.567781829833984375e+01
3.529411697387695312e+01,2.088607597351074219e+01,9.594234466552734375e+01
3.571428680419921875e+01,2.088607597351074219e+01,9.621268463134765625e+01
3.613445281982421875e+01,2.088607597351074219e+01,9.648361206054687500e+01
3.655462265014648438e+01,2.088607597351074219e+01,9.674993896484375000e+01
3.697478866577148438e+01,2.088607597351074219e+01,9.700683593750000000e+01
3.739495849609375000e+01,2.088607597351074219e+01,9.724951934814453125e+01
3.781512451171875000e+01,2.088607597351074219e+01,9.747348022460937500e+01
3.823529434204101562e+01,2.088607597351074219e+01,9.767470550537109375e+01
3.865546035766601562e+01,2.088607597351074219e+01,9.784900665283203125e+01
3.907563018798828125e+01,2.088607597351074219e+01,9.799234771728515625e+01
3.949580001831054688e+01,2.088607597351074219e+01,9.810063171386718750e+01
3.991596603393554688e+01,2.088607597351074219e+01,9.816931915283203125e+01
4.033613586425781250e+01,2.088607597351074219e+01,9.819329071044921875e+01
4.075630187988281250e+01,2.088607597351074219e+01,9.816651153564453125e+01
4.117647171020507812e+01,2.088607597351074219e+01,9.808210754394531250e+01
4.159663772583007812e+01,2.088607597351074219e+01,9.793162536621093750e+01
4.201680755615234375e+01,2.088607597351074219e+01,9.770568084716796875e+01
4.243697357177734375e+01,2.088607597351074219e+01,9.739324188232421875e+01
4.285714340209960938e+01,2.088607597351074219e+01,9.698264312744140625e+01
4.327730941772460938e+01,2.088607597351074219e+01,9.646152496337890625e+01
4.369747924804687500e+01,2.088607597351074219e+01,9.581816864013671875e+01
4.411764526367187500e+01,2.088607597351074219e+01,9.504195404052734375e+01
4.453781509399414062e+01,2.088607597351074219e+01,9.412496948242187500e+01
4.495798492431640625e+01,2.088607597351074219e+01,9.306298828125000000e+01
4.537815093994140625e+01,2.088607597351074219e+01,9.185630798339843750e+01
4.579832077026367188e+01,2.088607597351074219e+01,9.051012420654296875e+01
4.621848678588867188e+01,2.088607597351074219e+01,8.903434753417968750e+01
4.663865661621093750e+01,2.088607597351074219e+01,8.744276428222656250e+01
4.705882263183593750e+01,2.088607597351074219e+01,8.575146484375000000e+01
4.747899246215820312e+01,2.088607597351074219e+01,8.397731781005859375e+01
4.789915847778320312e+01,2.088607597351074219e+01,8.213598632812500000e+01
4.831932830810546875e+01,2.088607597351074219e+01,8.024034881591796875e+01
4.873949432373046875e+01,2.088607597351074219e+01,7.829965972900390625e+01
4.915966415405273438e+01,2.088607597351074219e+01,7.631870269775390625e+01
4.957983016967773438e+01,2.088607597351074219e+01,7.429775238037109375e+01
5.000000000000000000e+01,2.088607597351074219e+01,7.223325347900390625e+01
0.000000000000000000e+00,2.126582336425781250e+01,1.171015472412109375e+02
4.201680719852447510e-01,2.126582336425781250e+01,1.172136688232421875e+02
8.403361439704895020e-01,2.126582336425781250e+01,1.174507217407226562e+02
1.260504245758056641e+00,2.126582336425781250e+01,1.178456573486328125e+02
1.680672287940979004e+00,2.126582336425781250e+01,1.184049835205078125e+02
2.100840330123901367e+00,2.126582336425781250e+01,1.190658187866210938e+02
2.521008491516113281e+00,2.126582336425781250e+01,1.196858215332031250e+02
2.941176414489746094e+00,2.126582336425781250e+01,1.201086044311523438e+02
3.361344575881958008e+00,2.126582336425781250e+01,1.202555923461914062e+02
3.781512498855590820e+00,2.126582336425781250e+01,1.201593017578125000e+02
4.201680660247802734e+00,2.126582336425781250e+01,1.199272460937500000e+02
4.621848583221435547e+00,2.126582336425781250e+01,1.196800003051757812e+02
5.042016983032226562e+00,2.126582336425781250e+01,1.194934158325195312e+02
5.462184906005859375e+00,2.126582336425781250e+01,1.193772354125976562e+02
5.882352828979492188e+00,2.126582336425781250e+01,1.192994461059570312e+02
6.302521228790283203e+00,2.126582336425781250e+01,1.192268295288085938e+02
6.722689151763916016e+00,2.126582336425781250e+01,1.191425476074218750e+02
7.142857074737548828e+00,2.126582336425781250e+01,1.190428848266601562e+02
7.563024997711181641e+00,2.126582336425781250e+01,1.189283294677734375e+02
7.983193397521972656e+00,2.126582336425781250e+01,1.187983093261718750e+02
8.403361320495605469e+00,2.126582336425781250e+01,1.186483459472656250e+02
8.823529243469238281e+00,2.126582336425781250e+01,1.184689102172851562e+02
9.243697166442871094e+00,2.126582336425781250e+01,1.182436141967773438e+02
9.663865089416503906e+00,2.126582336425781250e+01,1.179477539062500000e+02
1.008403396606445312e+01,2.126582336425781250e+01,1.175503387451171875e+02
1.050420188903808594e+01,2.126582336425781250e+01,1.170245742797851562e+02
1.092436981201171875e+01,2.126582336425781250e+01,1.163701858520507812e+02
1.134453773498535156e+01,2.126582336425781250e+01,1.156357727050781250e+02
1.176470565795898438e+01,2.126582336425781250e+01,1.149107131958007812e+02
1.218487358093261719e+01,2.126582336425781250e+01,1.142783279418945312e+02
1.260504245758056641e+01,2.126582336425781250e+01,1.137740859985351562e+02
1.302521038055419922e+01,2.126582336425781250e+01,1.133858184814453125e+02
1.344537830352783203e+01,2.126582336425781250e+01,1.130801620483398438e+02
1.386554622650146484e+01,2.126582336425781250e+01,1.128233566284179688e+02
1.428571414947509766e+01,2.126582336425781250e+01,1.125897903442382812e+02
1.470588207244873047e+01,2.126582336425781250e+01,1.123621749877929688e+02
1.512604999542236328e+01,2.126582336425781250e+01,1.121291885375976562e+02
1.554621887207031250e+01,2.126582336425781250e+01,1.118830337524414062e+02
1.596638679504394531e+01,2.126582336425781250e+01,1.116177673339843750e+02
1.638655471801757812e+01,2.126582336425781250e+01,1.113282394409179688e+02
1.680672264099121094e+01,2.126582336425781250e+01,1.110086441040039062e+02
1.722689056396484375e+01,2.126582336425781250e+01,1.106525573730468750e+02
1.764705848693847656e+01,2.126582336425781250e+01,1.102521743774414062e+02
1.806722640991210938e+01,2.126582336425781250e+01,1.097987289428710938e+02
1.848739433288574219e+01,2.126582336425781250e+01,1.092844848632812500e+02
1.890756225585937500e+01,2.126582336425781250e+01,1.087050476074218750e+02
1.932773017883300781e+01,2.126582336425781250e+01,1.080629043579101562e+02
1.974790000915527344e+01,2.126582336425781250e+01,1.073685836791992188e+02
2.016806793212890625e+01,2.126582336425781250e+01,1.066371231079101562e+02
2.058823585510253906e+01,2.126582336425781250e+01,1.058808517456054688e+02
2.100840377807617188e+01,2.126582336425781250e+01,1.051043777465820312e+02
2.142857170104980469e+01,2.126582336425781250e+01,1.043067932128906250e+02
2.184873962402343750e+01,2.126582336425781250e+01,1.034889984130859375e+02
2.226890754699707031e+01,2.126582336425781250e+01,1.026571044921875000e+02
2.268907546997070312e+01,2.126582336425781250e+01,1.018166580200195312e+02
2.310924339294433594e+01,2.126582336425781250e+01,1.009621887207031250e+02
2.352941131591796875e+01,2.126582336425781250e+01,1.000796661376953125e+02
2.394957923889160156e+01,2.126582336425781250e+01,9.916617584228515625e+01
2.436974716186523438e+01,2.126582336425781250e+01,9.825324249267578125e+01
2.478991508483886719e+01,2.126582336425781250e+01,9.740903472900390625e+01
2.521008491516113281e+01,2.126582336425781250e+01,9.670787811279296875e+01
2.563025283813476562e+01,2.126582336425781250e+01,9.619130706787109375e+01
2.605042076110839844e+01,2.126582336425781250e+01,9.585317230224609375e+01
2.647058868408203125e+01,2.126582336425781250e+01,9.565058898925781250e+01
2.689075660705566406e+01,2.126582336425781250e+01,9.552570343017578125e+01
2.731092453002929688e+01,2.126582336425781250e+01,9.542613220214843750e+01
2.773109245300292969e+01,2.126582336425781250e+01,9.531899261474609375e+01
2.815126037597656250e+01,2.126582336425781250e+01,9.519258117675781250e+01
2.857142829895019531e+01,2.126582336425781250e+01,9.505020141601562500e+01
2.899159622192382812e+01,2.126582336425781250e+01,9.490184020996093750e+01
2.941176414489746094e+01,2.126582336425781250e+01,9.475849914550781250e+01
2.983193206787109375e+01,2.126582336425781250e+01,9.462976074218750000e+01
3.025209999084472656e+01,2.126582336425781250e+01,9.452283477783203125e+01
3.067226982116699219e+01,2.126582336425781250e+01,9.444318389892578125e+01
3.109243774414062500e+01,2.126582336425781250e+01,9.439442443847656250e+01
3.151260566711425781e+01,2.126582336425781250e+01,9.437907409667968750e+01
3.193277359008789062e+01,2.126582336425781250e+01,9.439856719970703125e+01
3.235293960571289062e+01,2.126582336425781250e+01,9.445336151123046875e+01
3.277310943603515625e+01,2.126582336425781250e+01,9.454302978515625000e+01
3.319327545166015625e+01,2.126582336425781250e+01,9.466627502441406250e+01
3.361344528198242188e+01,2.126582336425781250e+01,9.482114410400390625e+01
3.403361511230468750e+01,2.126582336425781250e+01,9.500479888916015625e+01
3.445378112792968750e+01,2.126582336425781250e+01,9.521382904052734375e+01
3.487395095825195312e+01,2.126582336425781250e+01,9.544415283203125000e+01
3.529411697387695312e+01,2.126582336425781250e+01,9.569142150878906250e+01
3.571428680419921875e+01,2.126582336425781250e+01,9.595080566406250000e+01
3.613445281982421875e+01,2.126582336425781250e+01,9.621736907958984375e+01
3.655462265014648438e+01,2.126582336425781250e+01,9.648609161376953125e+01
3.697478866577148438e+01,2.126582336425781250e+01,9.675192260742187500e+01
3.739495849609375000e+01,2.126582336425781250e+01,9.701016235351562500e+01
3.781512451171875000e+01,2.126582336425781250e+01,9.725629425048828125e+01
3.823529434204101562e+01,2.126582336425781250e+01,9.748588562011718750e+01
3.865546035766601562e+01,2.126582336425781250e+01,9.769496917724609375e+01
3.907563018798828125e+01,2.126582336425781250e+01,9.787989807128906250e+01
3.949580001831054688e+01,2.126582336425781250e+01,9.803688812255859375e+01
3.991596603393554688e+01,2.126582336425781250e+01,9.816239166259765625e+01
4.033613586425781250e+01,2.126582336425781250e+01,9.825258636474609375e+01
4.075630187988281250e+01,2.126582336425781250e+01,9.830310821533203125e+01
4.117647171020507812e+01,2.126582336425781250e+01,9.830915069580078125e+01
4.159663772583007812e+01,2.126582336425781250e+01,9.826481628417968750e+01
4.201680755615234375e+01,2.126582336425781250e+01,9.816314697265625000e+01
4.243697357177734375e+01,2.126582336425781250e+01,9.799608612060546875e+01
4.285714340209960938e+01,2.126582336425781250e+01,9.775386810302734375e+01
4.327730941772460938e+01,2.126582336425781250e+01,9.742598724365234375e+01
4.369747924804687500e+01,2.126582336425781250e+01,9.700067901611328125e+01
4.411764526367187500e+01,2.126582336425781250e+01,9.646603393554687500e+01
4.453781509399414062e+01,2.126582336425781250e+01,9.581063079833984375e+01
4.495798492431640625e+01,2.126582336425781250e+01,9.502455139160156250e+01
4.537815093994140625e+01,2.126582336425781250e+01,9.410069274902343750e+01
4.579832077026367188e+01,2.126582336425781250e+01,9.303539276123046875e+01
4.621848678588867188e+01,2.126582336425781250e+01,9.182985687255859375e+01
4.663865661621093750e+01,2.126582336425781250e+01,9.049018859863281250e+01
4.705882263183593750e+01,2.126582336425781250e+01,8.902692413330078125e+01
4.747899246215820312e+01,2.126582336425781250e+01,8.745410919189453125e+01
4.789915847778320312e+01,2.126582336425781250e+01,8.578827667236328125e+01
4.831932830810546875e+01,2.126582336425781250e+01,8.404618072509765625e+01
4.873949432373046875e+01,2.126582336425781250e+01,8.224317169189453125e+01
4.915966415405273438e+01,2.126582336425781250e+01,8.039189147949218750e+01
4.957983016967773438e+01,2.126582336425781250e+01,7.850115966796875000e+01
5.000000000000000000e+01,2.126582336425781250e+01,7.657514953613281250e+01
0.000000000000000000e+00,2.164556884765625000e+01,1.172912750244140625e+02
4.201680719852447510e-01,2.164556884765625000e+01,1.174025726318359375e+02
8.403361439704895020e-01,2.164556884765625000e+01,1.176381530761718750e+02
1.260504245758056641e+00,2.164556884765625000e+01,1.180329895019531250e+02
1.680672287940979004e+00,2.164556884765625000e+01,1.185974426269531250e+02
2.100840330123901367e+00,2.164556884765625000e+01,1.192736816406250000e+02
2.521008491516113281e+00,2.164556884765625000e+01,1.199213562011718750e+02
2.941176414489746094e+00,2.164556884765625000e+01,1.203787155151367188e+02
3.361344575881958008e+00,2.164556884765625000e+01,1.205567932128906250e+02
3.781512498855590820e+00,2.164556884765625000e+01,1.204770278930664062e+02
4.201680660247802734e+00,2.164556884765625000e+01,1.202411499023437500e+02
4.621848583221435547e+00,2.164556884765625000e+01,1.199730606079101562e+02
5.042016983032226562e+00,2.164556884765625000e+01,1.197611236572265625e+02
5.462184906005859375e+00,2.164556884765625000e+01,1.196269378662109375e+02
5.882352828979492188e+00,2.164556884765625000e+01,1.195423126220703125e+02
6.302521228790283203e+00,2.164556884765625000e+01,1.194700622558593750e+02
6.722689151763916016e+00,2.164556884765625000e+01,1.193888549804687500e+02
7.142857074737548828e+00,2.164556884765625000e+01,1.192927932739257812e+02
7.563024997711181641e+00,2.164556884765625000e+01,1.191823196411132812e+02
7.983193397521972656e+00,2.164556884765625000e+01,1.190577545166015625e+02
8.403361320495605469e+00,2.164556884765625000e+01,1.189164810180664062e+02
8.823529243469238281e+00,2.164556884765625000e+01,1.187512435913085938e+02
9.243697166442871094e+00,2.164556884765625000e+01,1.185489273071289062e+02
9.663865089416503906e+00,2.164556884765625000e+01,1.182883911132812500e+02
1.008403396606445312e+01,2.164556884765625000e+01,1.179408874511718750e+02
1.050420188903808594e+01,2.164556884765625000e+01,1.174751434326171875e+02
1.092436981201171875e+01,2.164556884765625000e+01,1.168747329711914062e+02
1.134453773498535156e+01,2.164556884765625000e+01,1.161637268066406250e+02
1.176470565795898438e+01,2.164556884765625000e+01,1.154167480468750000e+02
1.218487358093261719e+01,2.164556884765625000e+01,1.147279586791992188e+02
1.260504245758056641e+01,2.164556884765625000e+01,1.141586227416992188e+02
1.302521038055419922e+01,2.164556884765625000e+01,1.137169189453125000e+02
1.344537830352783203e+01,2.164556884765625000e+01,1.133758697509765625e+02
1.386554622650146484e+01,2.164556884765625000e+01,1.130998992919921875e+02
1.428571414947509766e+01,2.164556884765625000e+01,1.128589782714843750e+02
1.470588207244873047e+01,2.164556884765625000e+01,1.126319961547851562e+02
1.512604999542236328e+01,2.164556884765625000e+01,1.124050979614257812e+02
1.554621887207031250e+01,2.164556884765625000e+01,1.121691360473632812e+02
1.596638679504394531e+01,2.164556884765625000e+01,1.119177169799804688e+02
1.638655471801757812e+01,2.164556884765625000e+01,1.116457672119140625e+02
1.680672264099121094e+01,2.164556884765625000e+01,1.113482513427734375e+02
1.722689056396484375e+01,2.164556884765625000e+01,1.110196533203125000e+02
1.764705848693847656e+01,2.164556884765625000e+01,1.106535034179687500e+02
1.806722640991210938e+01,2.164556884765625000e+01,1.102417678833007812e+02
1.848739433288574219e+01,2.164556884765625000e+01,1.097761077880859375e+02
1.890756225585937500e+01,2.164556884765625000e+01,1.092490615844726562e+02
1.932773017883300781e+01,2.164556884765625000e+01,1.086574172973632812e+02
1.974790000915527344e+01,2.164556884765625000e+01,1.080053100585937500e+02
2.016806793212890625e+01,2.164556884765625000e+01,1.073048095703125000e+02
2.058823585510253906e+01,2.164556884765625000e+01,1.065713958740234375e+02
2.100840377807617188e+01,2.164556884765625000e+01,1.058165512084960938e+02
2.142857170104980469e+01,2.164556884765625000e+01,1.050438537597656250e+02
2.184873962402343750e+01,2.164556884765625000e+01,1.042512512207031250e+02
2.226890754699707031e+01,2.164556884765625000e+01,1.034391708374023438e+02
2.268907546997070312e+01,2.164556884765625000e+01,1.026139450073242188e+02
2.310924339294433594e+01,2.164556884765625000e+01,1.017807846069335938e+02
2.352941131591796875e+01,2.164556884765625000e+01,1.009337921142578125e+02
2.394957923889160156e+01,2.164556884765625000e+01,1.000582885742187500e+02
2.436974716186523438e+01,2.164556884765625000e+01,9.915047454833984375e+01
2.478991508483886719e+01,2.164556884765625000e+01,9.824148559570312500e+01
2.521008491516113281e+01,2.164556884765625000e+01,9.739927673339843750e+01
2.563025283813476562e+01,2.164556884765625000e+01,9.669847106933593750e+01
2.605042076110839844e+01,2.164556884765625000e+01,9.618172454833984375e+01
2.647058868408203125e+01,2.164556884765625000e+01,9.584503936767578125e+01
2.689075660705566406e+01,2.164556884765625000e+01,9.564785003662109375e+01
2.731092453002929688e+01,2.164556884765625000e+01,9.553344726562500000e+01
2.773109245300292969e+01,2.164556884765625000e+01,9.544861602783203125e+01
2.815126037597656250e+01,2.164556884765625000e+01,9.535785675048828125e+01
2.857142829895019531e+01,2.164556884765625000e+01,9.524693298339843750e+01
2.899159622192382812e+01,2.164556884765625000e+01,9.511748504638671875e+01
2.941176414489746094e+01,2.164556884765625000e+01,9.497888946533203125e+01
2.983193206787109375e+01,2.164556884765625000e+01,9.484239959716796875e+01
3.025209999084472656e+01,2.164556884765625000e+01,9.471752166748046875e+01
3.067226982116699219e+01,2.164556884765625000e+01,9.461207580566406250e+01
3.109243774414062500e+01,2.164556884765625000e+01,9.453162384033203125e+01
3.151260566711425781e+01,2.164556884765625000e+01,9.448011779785156250e+01
3.193277359008789062e+01,2.164556884765625000e+01,9.446034240722656250e+01
3.235293960571289062e+01,2.164556884765625000e+01,9.447389984130859375e+01
3.277310943603515625e+01,2.164556884765625000e+01,9.452157592773437500e+01
3.319327545166015625e+01,2.164556884765625000e+01,9.460327911376953125e+01
3.361344528198242188e+01,2.164556884765625000e+01,9.471801757812500000e+01
3.403361511230468750e+01,2.164556884765625000e+01,9.486410522460937500e+01
3.445378112792968750e+01,2.164556884765625000e+01,9.503905487060546875e+01
3.487395095825195312e+01,2.164556884765625000e+01,9.523984527587890625e+01
3.529411697387695312e+01,2.164556884765625000e+01,9.546253967285156250e+01
3.571428680419921875e+01,2.164556884765625000e+01,9.570310211181640625e+01
3.613445281982421875e+01,2.164556884765625000e+01,9.595689392089843750e+01
3.655462265014648438e+01,2.164556884765625000e+01,9.621920013427734375e+01
3.697478866577148438e+01,2.164556884765625000e+01,9.648517608642578125e+01
3.739495849609375000e+01,2.164556884765625000e+01,9.674989318847656250e+01
3.781512451171875000e+01,2.164556884765625000e+01,9.700872802734375000e+01
3.823529434204101562e+01,2.164556884765625000e+01,9.725717163085937500e+01
3.865546035766601562e+01,2.164556884765625000e+01,9.749114227294921875e+01
3.907563018798828125e+01,2.164556884765625000e+01,9.770671081542968750e+01
3.949580001831054688e+01,2.164556884765625000e+01,9.790034484863281250e+01
3.991596603393554688e+01,2.164556884765625000e+01,9.806868743896484375e+01
4.033613586425781250e+01,2.164556884765625000e+01,9.820855712890625000e+01
4.075630187988281250e+01,2.164556884765625000e+01,9.831651306152343750e+01
4.117647171020507812e+01,2.164556884765625000e+01,9.838906097412109375e+01
4.159663772583007812e+01,2.164556884765625000e+01,9.842218780517578125e+01
4.201680755615234375e+01,2.164556884765625000e+01,9.841107177734375000e+01
4.243697357177734375e+01,2.164556884765625000e+01,9.834989929199218750e+01
4.285714340209960938e+01,2.164556884765625000e+01,9.823188018798828125e+01
4.327730941772460938e+01,2.164556884765625000e+01,9.804872131347656250e+01
4.369747924804687500e+01,2.164556884765625000e+01,9.779097747802734375e+01
4.411764526367187500e+01,2.164556884765625000e+01,9.744801330566406250e+01
4.453781509399414062e+01,2.164556884765625000e+01,9.700840759277343750e+01
4.495798492431640625e+01,2.164556884765625000e+01,9.646042633056640625e+01
4.537815093994140625e+01,2.164556884765625000e+01,9.579304504394531250e+01
4.579832077026367188e+01,2.164556884765625000e+01,9.499700927734375000e+01
4.621848678588867188e+01,2.164556884765625000e+01,9.406574249267578125e+01
4.663865661621093750e+01,2.164556884765625000e+01,9.299662780761718750e+01
4.705882263183593750e+01,2.164556884765625000e+01,9.179164123535156250e+01
4.747899246215820312e+01,2.164556884765625000e+01,9.045752716064453125e+01
4.789915847778320312e+01,2.164556884765625000e+01,8.900553131103515625e+01
4.831932830810546875e+01,2.164556884765625000e+01,8.745018768310546875e+01
4.873949432373046875e+01,2.164556884765625000e+01,8.580819702148437500e+01
4.915966415405273438e+01,2.164556884765625000e+01,8.409625244140625000e+01
4.957983016967773438e+01,2.164556884765625000e+01,8.232961273193359375e+01
5.000000000000000000e+01,2.164556884765625000e+01,8.052052307128906250e+01
0.000000000000000000e+00,2.202531623840332031e+01,1.174725112915039062e+02
4.201680719852447510e-01,2.202531623840332031e+01,1.175826339721679688e+02
8.403361439704895020e-01,2.202531623840332031e+01,1.178163299560546875e+02
1.260504245758056641e+00,2.202531623840332031e+01,1.182104644775390625e+02
1.680672287940979004e+00,2.202531623840332031e+01,1.187788848876953125e+02
2.100840330123901367e+00,2.202531623840332031e+01,1.194690322875976562e+02
2.521008491516113281e+00,2.202531623840332031e+01,1.201430282592773438e+02
2.941176414489746094e+00,2.202531623840332031e+01,1.206349411010742188e+02
3.361344575881958008e+00,2.202531623840332031e+01,1.208455963134765625e+02
3.781512498855590820e+00,2.202531623840332031e+01,1.207856292724609375e+02
4.201680660247802734e+00,2.202531623840332031e+01,1.205496063232421875e+02
4.621848583221435547e+00,2.202531623840332031e+01,1.202628173828125000e+02
5.042016983032226562e+00,2.202531623840332031e+01,1.200245590209960938e+02
5.462184906005859375e+00,2.202531623840332031e+01,1.198696136474609375e+02
5.882352828979492188e+00,2.202531623840332031e+01,1.197755661010742188e+02
6.302521228790283203e+00,2.202531623840332031e+01,1.197023696899414062e+02
6.722689151763916016e+00,2.202531623840332031e+01,1.196239700317382812e+02
7.142857074737548828e+00,2.202531623840332031e+01,1.195313110351562500e+02
7.563024997711181641e+00,2.202531623840332031e+01,1.194244918823242188e+02
7.983193397521972656e+00,2.202531623840332031e+01,1.193045120239257812e+02
8.403361320495605469e+00,2.202531623840332031e+01,1.191701049804687500e+02
8.823529243469238281e+00,2.202531623840332031e+01,1.190162048339843750e+02
9.243697166442871094e+00,2.202531623840332031e+01,1.188324737548828125e+02
9.663865089416503906e+00,2.202531623840332031e+01,1.186015090942382812e+02
1.008403396606445312e+01,2.202531623840332031e+01,1.182975311279296875e+02
1.050420188903808594e+01,2.202531623840332031e+01,1.178888778686523438e+02
1.092436981201171875e+01,2.202531623840332031e+01,1.173490600585937500e+02
1.134453773498535156e+01,2.202531623840332031e+01,1.166796188354492188e+02
1.176470565795898438e+01,2.202531623840332031e+01,1.159328613281250000e+02
1.218487358093261719e+01,2.202531623840332031e+01,1.152009963989257812e+02
1.260504245758056641e+01,2.202531623840332031e+01,1.145670700073242188e+02
1.302521038055419922e+01,2.202531623840332031e+01,1.140643234252929688e+02
1.344537830352783203e+01,2.202531623840332031e+01,1.136788635253906250e+02
1.386554622650146484e+01,2.202531623840332031e+01,1.133761978149414062e+02
1.428571414947509766e+01,2.202531623840332031e+01,1.131225509643554688e+02
1.470588207244873047e+01,2.202531623840332031e+01,1.128924560546875000e+02
1.512604999542236328e+01,2.202531623840332031e+01,1.126688995361328125e+02
1.554621887207031250e+01,2.202531623840332031e+01,1.124407501220703125e+02
1.596638679504394531e+01,2.202531623840332031e+01,1.122008056640625000e+02
1.638655471801757812e+01,2.202531623840332031e+01,1.119435424804687500e+02
1.680672264099121094e+01,2.202531623840332031e+01,1.116644058227539062e+02
1.722689056396484375e+01,2.202531623840332031e+01,1.113586578369140625e+02
1.764705848693847656e+01,2.202531623840332031e+01,1.110209274291992188e+02
1.806722640991210938e+01,2.202531623840332031e+01,1.106444320678710938e+02
1.848739433288574219e+01,2.202531623840332031e+01,1.102213211059570312e+02
1.890756225585937500e+01,2.202531623840332031e+01,1.097432403564453125e+02
1.932773017883300781e+01,2.202531623840332031e+01,1.092034835815429688e+02
1.974790000915527344e+01,2.202531623840332031e+01,1.086000289916992188e+02
2.016806793212890625e+01,2.202531623840332031e+01,1.079385833740234375e+02
2.058823585510253906e+01,2.202531623840332031e+01,1.072326889038085938e+02
2.100840377807617188e+01,2.202531623840332031e+01,1.064979400634765625e+02
2.142857170104980469e+01,2.202531623840332031e+01,1.057452774047851562e+02
2.184873962402343750e+01,2.202531623840332031e+01,1.049766616821289062e+02
2.226890754699707031e+01,2.202531623840332031e+01,1.041892318725585938e+02
2.268907546997070312e+01,2.202531623840332031e+01,1.033832550048828125e+02
2.310924339294433594e+01,2.202531623840332031e+01,1.025649261474609375e+02
2.352941131591796875e+01,2.202531623840332031e+01,1.017393951416015625e+02
2.394957923889160156e+01,2.202531623840332031e+01,1.009002990722656250e+02
2.436974716186523438e+01,2.202531623840332031e+01,1.000321502685546875e+02
2.478991508483886719e+01,2.202531623840332031e+01,9.913062286376953125e+01
2.521008491516113281e+01,2.202531623840332031e+01,9.822616577148437500e+01
2.563025283813476562e+01,2.202531623840332031e+01,9.738641357421875000e+01
2.605042076110839844e+01,2.202531623840332031e+01,9.668630218505859375e+01
2.647058868408203125e+01,2.202531623840332031e+01,9.616952514648437500e+01
2.689075660705566406e+01,2.202531623840332031e+01,9.583383941650390625e+01
2.731092453002929688e+01,2.202531623840332031e+01,9.564110565185546875e+01
2.773109245300292969e+01,2.202531623840332031e+01,9.553617858886718750e+01
2.815126037597656250e+01,2.202531623840332031e+01,9.546522521972656250e+01
2.857142829895019531e+01,2.202531623840332031e+01,9.539046478271484375e+01
2.899159622192382812e+01,2.202531623840332031e+01,9.529494476318359375e+01
2.941176414489746094e+01,2.202531623840332031e+01,9.517864990234375000e+01
2.983193206787109375e+01,2.202531623840332031e+01,9.505029296875000000e+01
3.025209999084472656e+01,2.202531623840332031e+01,9.492084503173828125e+01
3.067226982116699219e+01,2.202531623840332031e+01,9.480043792724609375e+01
3.109243774414062500e+01,2.202531623840332031e+01,9.469688415527343750e+01
3.151260566711425781e+01,2.202531623840332031e+01,9.461609649658203125e+01
3.193277359008789062e+01,2.202531623840332031e+01,9.456228637695312500e+01
3.235293960571289062e+01,2.202531623840332031e+01,9.453843688964843750e+01
3.277310943603515625e+01,2.202531623840332031e+01,9.454654693603515625e+01
3.319327545166015625e+01,2.202531623840332031e+01,9.458753967285156250e+01
3.361344528198242188e+01,2.202531623840332031e+01,9.466158294677734375e+01
3.403361511230468750e+01,2.202531623840332031e+01,9.476807403564453125e+01
3.445378112792968750e+01,2.202531623840332031e+01,9.490554809570312500e+01
3.487395095825195312e+01,2.202531623840332031e+01,9.507196044921875000e+01
3.529411697387695312e+01,2.202531623840332031e+01,9.526437377929687500e+01
3.571428680419921875e+01,2.202531623840332031e+01,9.547938537597656250e+01
3.613445281982421875e+01,2.202531623840332031e+01,9.571300506591796875e+01
3.655462265014648438e+01,2.202531623840332031e+01,9.596096038818359375e+01
3.697478866577148438e+01,2.202531623840332031e+01,9.621869659423828125e+01
3.739495849609375000e+01,2.202531623840332031e+01,9.648135375976562500e+01
3.781512451171875000e+01,2.202531623840332031e+01,9.674436187744140625e+01
3.823529434204101562e+01,2.202531623840332031e+01,9.700304412841796875e+01
3.865546035766601562e+01,2.202531623840332031e+01,9.725308990478515625e+01
3.907563018798828125e+01,2.202531623840332031e+01,9.749039459228515625e+01
3.949580001831054688e+01,2.202531623840332031e+01,9.771118164062500000e+01
3.991596603393554688e+01,2.202531623840332031e+01,9.791206359863281250e+01
4.033613586425781250e+01,2.202531623840332031e+01,9.808986663818359375e+01
4.075630187988281250e+01,2.202531623840332031e+01,9.824162292480468750e+01
4.117647171020507812e+01,2.202531623840332031e+01,9.836453247070312500e+01
4.159663772583007812e+01,2.202531623840332031e+01,9.845547485351562500e+01
4.201680755615234375e+01,2.202531623840332031e+01,9.851107025146484375e+01
4.243697357177734375e+01,2.202531623840332031e+01,9.852746582031250000e+01
4.285714340209960938e+01,2.202531623840332031e+01,9.849993896484375000e+01
4.327730941772460938e+01,2.202531623840332031e+01,9.842270660400390625e+01
4.369747924804687500e+01,2.202531623840332031e+01,9.828899383544921875e+01
4.411764526367187500e+01,2.202531623840332031e+01,9.809052276611328125e+01
4.453781509399414062e+01,2.202531623840332031e+01,9.781774902343750000e+01
4.495798492431640625e+01,2.202531623840332031e+01,9.746018218994140625e+01
4.537815093994140625e+01,2.202531623840332031e+01,9.700650787353515625e+01
4.579832077026367188e+01,2.202531623840332031e+01,9.644524383544921875e+01
4.621848678588867188e+01,2.202531623840332031e+01,9.576591491699218750e+01
4.663865661621093750e+01,2.202531623840332031e+01,9.495973968505859375e+01
4.705882263183593750e+01,2.202531623840332031e+01,9.402081298828125000e+01
4.747899246215820312e+01,2.202531623840332031e+01,9.294741821289062500e+01
4.789915847778320312e+01,2.202531623840332031e+01,9.174224090576171875e+01
4.831932830810546875e+01,2.202531623840332031e+01,9.041284942626953125e+01
4.873949432373046875e+01,2.202531623840332031e+01,8.897111511230468750e+01
4.915966415405273438e+01,2.202531623840332031e+01,8.743209075927734375e+01
4.957983016967773438e+01,2.202531623840332031e+01,8.581241607666015625e+01
5.000000000000000000e+01,2.202531623840332031e+01,8.412905883789062500e+01
0.000000000000000000e+00,2.240506362915039062e+01,1.176455535888671875e+02
4.201680719852447510e-01,2.240506362915039062e+01,1.177542724609375000e+02
8.403361439704895020e-01,2.240506362915039062e+01,1.179857788085937500e+02
1.260504245758056641e+00,2.240506362915039062e+01,1.183783874511718750e+02
1.680672287940979004e+00,2.240506362915039062e+01,1.189498291015625000e+02
2.100840330123901367e+00,2.240506362915039062e+01,1.196522674560546875e+02
2.521008491516113281e+00,2.240506362915039062e+01,1.203512268066406250e+02
2.941176414489746094e+00,2.240506362915039062e+01,1.208771820068359375e+02
3.361344575881958008e+00,2.240506362915039062e+01,1.211216430664062500e+02
3.781512498855590820e+00,2.240506362915039062e+01,1.210845108032226562e+02
4.201680660247802734e+00,2.240506362915039062e+01,1.208522872924804688e+02
4.621848583221435547e+00,2.240506362915039062e+01,1.205495452880859375e+02
5.042016983032226562e+00,2.240506362915039062e+01,1.202846145629882812e+02
5.462184906005859375e+00,2.240506362915039062e+01,1.201062545776367188e+02
5.882352828979492188e+00,2.240506362915039062e+01,1.199999465942382812e+02
6.302521228790283203e+00,2.240506362915039062e+01,1.199243850708007812e+02
6.722689151763916016e+00,2.240506362915039062e+01,1.198481216430664062e+02
7.142857074737548828e+00,2.240506362915039062e+01,1.197588348388671875e+02
7.563024997711181641e+00,2.240506362915039062e+01,1.196553497314453125e+02
7.983193397521972656e+00,2.240506362915039062e+01,1.195392379760742188e+02
8.403361320495605469e+00,2.240506362915039062e+01,1.194104309082031250e+02
8.823529243469238281e+00,2.240506362915039062e+01,1.192656097412109375e+02
9.243697166442871094e+00,2.240506362915039062e+01,1.190968170166015625e+02
9.663865089416503906e+00,2.240506362915039062e+01,1.188898925781250000e+02
1.008403396606445312e+01,2.240506362915039062e+01,1.186230010986328125e+02
1.050420188903808594e+01,2.240506362915039062e+01,1.182662811279296875e+02
1.092436981201171875e+01,2.240506362915039062e+01,1.177881317138671875e+02
1.134453773498535156e+01,2.240506362915039062e+01,1.171733779907226562e+02
1.176470565795898438e+01,2.240506362915039062e+01,1.164489517211914062e+02
1.218487358093261719e+01,2.240506362915039062e+01,1.156931304931640625e+02
1.260504245758056641e+01,2.240506362915039062e+01,1.150011062622070312e+02
1.302521038055419922e+01,2.240506362915039062e+01,1.144327545166015625e+02
1.344537830352783203e+01,2.240506362915039062e+01,1.139937438964843750e+02
1.386554622650146484e+01,2.240506362915039062e+01,1.136559371948242188e+02
1.428571414947509766e+01,2.240506362915039062e+01,1.133832244873046875e+02
1.470588207244873047e+01,2.240506362915039062e+01,1.131456985473632812e+02
1.512604999542236328e+01,2.240506362915039062e+01,1.129223937988281250e+02
1.554621887207031250e+01,2.240506362915039062e+01,1.126997985839843750e+02
1.596638679504394531e+01,2.240506362915039062e+01,1.124690093994140625e+02
1.638655471801757812e+01,2.240506362915039062e+01,1.122241363525390625e+02
1.680672264099121094e+01,2.240506362915039062e+01,1.119606323242187500e+02
1.722689056396484375e+01,2.240506362915039062e+01,1.116741485595703125e+02
1.764705848693847656e+01,2.240506362915039062e+01,1.113599853515625000e+02
1.806722640991210938e+01,2.240506362915039062e+01,1.110127716064453125e+02
1.848739433288574219e+01,2.240506362915039062e+01,1.106258621215820312e+02
1.890756225585937500e+01,2.240506362915039062e+01,1.101912078857421875e+02
1.932773017883300781e+01,2.240506362915039062e+01,1.097007598876953125e+02
1.974790000915527344e+01,2.240506362915039062e+01,1.091483535766601562e+02
2.016806793212890625e+01,2.240506362915039062e+01,1.085334548950195312e+02
2.058823585510253906e+01,2.240506362915039062e+01,1.078633651733398438e+02
2.100840377807617188e+01,2.240506362915039062e+01,1.071527481079101562e+02
2.142857170104980469e+01,2.240506362915039062e+01,1.064174804687500000e+02
2.184873962402343750e+01,2.240506362915039062e+01,1.056674041748046875e+02
2.226890754699707031e+01,2.240506362915039062e+01,1.049032974243164062e+02
2.268907546997070312e+01,2.240506362915039062e+01,1.041214370727539062e+02
2.310924339294433594e+01,2.240506362915039062e+01,1.033217468261718750e+02
2.352941131591796875e+01,2.240506362915039062e+01,1.025106048583984375e+02
2.394957923889160156e+01,2.240506362915039062e+01,1.016931228637695312e+02
2.436974716186523438e+01,2.240506362915039062e+01,1.008622436523437500e+02
2.478991508483886719e+01,2.240506362915039062e+01,1.000019149780273438e+02
2.521008491516113281e+01,2.240506362915039062e+01,9.910699462890625000e+01
2.563025283813476562e+01,2.240506362915039062e+01,9.820752716064453125e+01
2.605042076110839844e+01,2.240506362915039062e+01,9.737076568603515625e+01
2.647058868408203125e+01,2.240506362915039062e+01,9.667177581787109375e+01
2.689075660705566406e+01,2.240506362915039062e+01,9.615508270263671875e+01
2.731092453002929688e+01,2.240506362915039062e+01,9.582009124755859375e+01
2.773109245300292969e+01,2.240506362915039062e+01,9.563107299804687500e+01
2.815126037597656250e+01,2.240506362915039062e+01,9.553444671630859375e+01
2.857142829895019531e+01,2.240506362915039062e+01,9.547647094726562500e+01
2.899159622192382812e+01,2.240506362915039062e+01,9.541712188720703125e+01
2.941176414489746094e+01,2.240506362915039062e+01,9.533699035644531250e+01
2.983193206787109375e+01,2.240506362915039062e+01,9.523403167724609375e+01
3.025209999084472656e+01,2.240506362915039062e+01,9.511612701416015625e+01
3.067226982116699219e+01,2.240506362915039062e+01,9.499424743652343750e+01
3.109243774414062500e+01,2.240506362915039062e+01,9.487849426269531250e+01
3.151260566711425781e+01,2.240506362915039062e+01,9.477729797363281250e+01
3.193277359008789062e+01,2.240506362915039062e+01,9.469652557373046875e+01
3.235293960571289062e+01,2.240506362915039062e+01,9.464095306396484375e+01
3.277310943603515625e+01,2.240506362915039062e+01,9.461356353759765625e+01
3.319327545166015625e+01,2.240506362915039062e+01,9.461663055419921875e+01
3.361344528198242188e+01,2.240506362915039062e+01,9.465129089355468750e+01
3.403361511230468750e+01,2.240506362915039062e+01,9.471810913085937500e+01
3.445378112792968750e+01,2.240506362915039062e+01,9.481661987304687500e+01
3.487395095825195312e+01,2.240506362915039062e+01,9.494574737548828125e+01
3.529411697387695312e+01,2.240506362915039062e+01,9.510365295410156250e+01
3.571428680419921875e+01,2.240506362915039062e+01,9.528781127929687500e+01
3.613445281982421875e+01,2.240506362915039062e+01,9.549495697021484375e+01
3.655462265014648438e+01,2.240506362915039062e+01,9.572153472900390625e+01
3.697478866577148438e+01,2.240506362915039062e+01,9.596334075927734375e+01
3.739495849609375000e+01,2.240506362915039062e+01,9.621603393554687500e+01
3.781512451171875000e+01,2.240506362915039062e+01,9.647509765625000000e+01
3.823529434204101562e+01,2.240506362915039062e+01,9.673582458496093750e+01
3.865546035766601562e+01,2.240506362915039062e+01,9.699378967285156250e+01
3.907563018798828125e+01,2.240506362915039062e+01,9.724469757080078125e+01
3.949580001831054688e+01,2.240506362915039062e+01,9.748449707031250000e+01
3.991596603393554688e+01,2.240506362915039062e+01,9.770950317382812500e+01
4.033613586425781250e+01,2.240506362915039062e+01,9.791640472412109375e+01
4.075630187988281250e+01,2.240506362915039062e+01,9.810212707519531250e+01
4.117647171020507812e+01,2.240506362915039062e+01,9.826402282714843750e+01
4.159663772583007812e+01,2.240506362915039062e+01,9.839942932128906250e+01
4.201680755615234375e+01,2.240506362915039062e+01,9.850581359863281250e+01
4.243697357177734375e+01,2.240506362915039062e+01,9.858024597167968750e+01
4.285714340209960938e+01,2.240506362915039062e+01,9.861954498291015625e+01
4.327730941772460938e+01,2.240506362915039062e+01,9.861997222900390625e+01
4.369747924804687500e+01,2.240506362915039062e+01,9.857676696777343750e+01
4.411764526367187500e+01,2.240506362915039062e+01,9.848429870605468750e+01
4.453781509399414062e+01,2.240506362915039062e+01,9.833550262451171875e+01
4.495798492431640625e+01,2.240506362915039062e+01,9.812224578857421875e+01
4.537815093994140625e+01,2.240506362915039062e+01,9.783491516113281250e+01
4.579832077026367188e+01,2.240506362915039062e+01,9.746311187744140625e+01
4.621848678588867188e+01,2.240506362915039062e+01,9.699559783935546875e+01
4.663865661621093750e+01,2.240506362915039062e+01,9.642124176025390625e+01
4.705882263183593750e+01,2.240506362915039062e+01,9.572988891601562500e+01
4.747899246215820312e+01,2.240506362915039062e+01,9.491324615478515625e+01
4.789915847778320312e+01,2.240506362915039062e+01,9.396644592285156250e+01
4.831932830810546875e+01,2.240506362915039062e+01,9.288822174072265625e+01
4.873949432373046875e+01,2.240506362915039062e+01,9.168232727050781250e+01
4.915966415405273438e+01,2.240506362915039062e+01,9.035695648193359375e+01
4.957983016967773438e+01,2.240506362915039062e+01,8.892462921142578125e+01
5.000000000000000000e+01,2.240506362915039062e+01,8.740074157714843750e+01
0.000000000000000000e+00,2.278481101989746094e+01,1.178108215332031250e+02
4.201680719852447510e-01,2.278481101989746094e+01,1.179178924560546875e+02
8.403361439704895020e-01,2.278481101989746094e+01,1.181467895507812500e+02
1.260504245758056641e+00,2.278481101989746094e+01,1.185372848510742188e+02
1.680672287940979004e+00,2.278481101989746094e+01,1.191105651855468750e+02
2.100840330123901367e+00,2.278481101989746094e+01,1.198240127563476562e+02
2.521008491516113281e+00,2.278481101989746094e+01,1.205463867187500000e+02
2.941176414489746094e+00,2.278481101989746094e+01,1.211056442260742188e+02
3.361344575881958008e+00,2.278481101989746094e+01,1.213848342895507812e+02
3.781512498855590820e+00,2.278481101989746094e+01,1.213731994628906250e+02
4.201680660247802734e+00,2.278481101989746094e+01,1.211485595703125000e+02
4.621848583221435547e+00,2.278481101989746094e+01,1.208330383300781250e+02
5.042016983032226562e+00,2.278481101989746094e+01,1.205420761108398438e+02
5.462184906005859375e+00,2.278481101989746094e+01,1.203379669189453125e+02
5.882352828979492188e+00,2.278481101989746094e+01,1.202163772583007812e+02
6.302521228790283203e+00,2.278481101989746094e+01,1.201364974975585938e+02
6.722689151763916016e+00,2.278481101989746094e+01,1.200617599487304688e+02
7.142857074737548828e+00,2.278481101989746094e+01,1.199756317138671875e+02
7.563024997711181641e+00,2.278481101989746094e+01,1.198754425048828125e+02
7.983193397521972656e+00,2.278481101989746094e+01,1.197627182006835938e+02
8.403361320495605469e+00,2.278481101989746094e+01,1.196384582519531250e+02
8.823529243469238281e+00,2.278481101989746094e+01,1.195008850097656250e+02
9.243697166442871094e+00,2.278481101989746094e+01,1.193440017700195312e+02
9.663865089416503906e+00,2.278481101989746094e+01,1.191566314697265625e+02
1.008403396606445312e+01,2.278481101989746094e+01,1.189205627441406250e+02
1.050420188903808594e+01,2.278481101989746094e+01,1.186092605590820312e+02
1.092436981201171875e+01,2.278481101989746094e+01,1.181902313232421875e+02
1.134453773498535156e+01,2.278481101989746094e+01,1.176371459960937500e+02
1.176470565795898438e+01,2.278481101989746094e+01,1.169540634155273438e+02
1.218487358093261719e+01,2.278481101989746094e+01,1.161966857910156250e+02
1.260504245758056641e+01,2.278481101989746094e+01,1.154596862792968750e+02
1.302521038055419922e+01,2.278481101989746094e+01,1.148256530761718750e+02
1.344537830352783203e+01,2.278481101989746094e+01,1.143255310058593750e+02
1.386554622650146484e+01,2.278481101989746094e+01,1.139434814453125000e+02
1.428571414947509766e+01,2.278481101989746094e+01,1.136442794799804688e+02
1.470588207244873047e+01,2.278481101989746094e+01,1.133940353393554688e+02
1.512604999542236328e+01,2.278481101989746094e+01,1.131675491333007812e+02
1.554621887207031250e+01,2.278481101989746094e+01,1.129478607177734375e+02
1.596638679504394531e+01,2.278481101989746094e+01,1.127243041992187500e+02
1.638655471801757812e+01,2.278481101989746094e+01,1.124898223876953125e+02
1.680672264099121094e+01,2.278481101989746094e+01,1.122395477294921875e+02
1.722689056396484375e+01,2.278481101989746094e+01,1.119692764282226562e+02
1.764705848693847656e+01,2.278481101989746094e+01,1.116750564575195312e+02
1.806722640991210938e+01,2.278481101989746094e+01,1.113523941040039062e+02
1.848739433288574219e+01,2.278481101989746094e+01,1.109956741333007812e+02
1.890756225585937500e+01,2.278481101989746094e+01,1.105981674194335938e+02
1.932773017883300781e+01,2.278481101989746094e+01,1.101518630981445312e+02
1.974790000915527344e+01,2.278481101989746094e+01,1.096489334106445312e+02
2.016806793212890625e+01,2.278481101989746094e+01,1.090841522216796875e+02
2.058823585510253906e+01,2.278481101989746094e+01,1.084581756591796875e+02
2.100840377807617188e+01,2.278481101989746094e+01,1.077800750732421875e+02
2.142857170104980469e+01,2.278481101989746094e+01,1.070656204223632812e+02
2.184873962402343750e+01,2.278481101989746094e+01,1.063305435180664062e+02
2.226890754699707031e+01,2.278481101989746094e+01,1.055836410522460938e+02
2.268907546997070312e+01,2.278481101989746094e+01,1.048243942260742188e+02
2.310924339294433594e+01,2.278481101989746094e+01,1.040483322143554688e+02
2.352941131591796875e+01,2.278481101989746094e+01,1.032552108764648438e+02
2.394957923889160156e+01,2.278481101989746094e+01,1.024516220092773438e+02
2.436974716186523438e+01,2.278481101989746094e+01,1.016424636840820312e+02
2.478991508483886719e+01,2.278481101989746094e+01,1.008201751708984375e+02
2.521008491516113281e+01,2.278481101989746094e+01,9.996806335449218750e+01
2.563025283813476562e+01,2.278481101989746094e+01,9.908015441894531250e+01
2.605042076110839844e+01,2.278481101989746094e+01,9.818608093261718750e+01
2.647058868408203125e+01,2.278481101989746094e+01,9.735279846191406250e+01
2.689075660705566406e+01,2.278481101989746094e+01,9.665527343750000000e+01
2.731092453002929688e+01,2.278481101989746094e+01,9.613880920410156250e+01
2.773109245300292969e+01,2.278481101989746094e+01,9.580428314208984375e+01
2.815126037597656250e+01,2.278481101989746094e+01,9.561807250976562500e+01
2.857142829895019531e+01,2.278481101989746094e+01,9.552879333496093750e+01
2.899159622192382812e+01,2.278481101989746094e+01,9.548275756835937500e+01
2.941176414489746094e+01,2.278481101989746094e+01,9.543828582763671875e+01
2.983193206787109375e+01,2.278481101989746094e+01,9.537332153320312500e+01
3.025209999084472656e+01,2.278481101989746094e+01,9.528381347656250000e+01
3.067226982116699219e+01,2.278481101989746094e+01,9.517665100097656250e+01
3.109243774414062500e+01,2.278481101989746094e+01,9.506262207031250000e+01
3.151260566711425781e+01,2.278481101989746094e+01,9.495199584960937500e+01
3.193277359008789062e+01,2.278481101989746094e+01,9.485343170166015625e+01
3.235293960571289062e+01,2.278481101989746094e+01,9.477323150634765625e+01
3.277310943603515625e+01,2.278481101989746094e+01,9.471621704101562500e+01
3.319327545166015625e+01,2.278481101989746094e+01,9.468577575683593750e+01
3.361344528198242188e+01,2.278481101989746094e+01,9.468419647216796875e+01
3.403361511230468750e+01,2.278481101989746094e+01,9.471295928955078125e+01
3.445378112792968750e+01,2.278481101989746094e+01,9.477286529541015625e+01
3.487395095825195312e+01,2.278481101989746094e+01,9.486370086669921875e+01
3.529411697387695312e+01,2.278481101989746094e+01,9.498468780517578125e+01
3.571428680419921875e+01,2.278481101989746094e+01,9.513426971435546875e+01
3.613445281982421875e+01,2.278481101989746094e+01,9.531017303466796875e+01
3.655462265014648438e+01,2.278481101989746094e+01,9.550948333740234375e+01
3.697478866577148438e+01,2.278481101989746094e+01,9.572884368896484375e+01
3.739495849609375000e+01,2.278481101989746094e+01,9.596430206298828125e+01
3.781512451171875000e+01,2.278481101989746094e+01,9.621172332763671875e+01
3.823529434204101562e+01,2.278481101989746094e+01,9.646672821044921875e+01
3.865546035766601562e+01,2.278481101989746094e+01,9.672480010986328125e+01
3.907563018798828125e+01,2.278481101989746094e+01,9.698149108886718750e+01
3.949580001831054688e+01,2.278481101989746094e+01,9.723259735107421875e+01
3.991596603393554688e+01,2.278481101989746094e+01,9.747417449951171875e+01
4.033613586425781250e+01,2.278481101989746094e+01,9.770251464843750000e+01
4.075630187988281250e+01,2.278481101989746094e+01,9.791444396972656250e+01
4.117647171020507812e+01,2.278481101989746094e+01,9.810689544677734375e+01
4.159663772583007812e+01,2.278481101989746094e+01,9.827742004394531250e+01
4.201680755615234375e+01,2.278481101989746094e+01,9.842346191406250000e+01
4.243697357177734375e+01,2.278481101989746094e+01,9.854283142089843750e+01
4.285714340209960938e+01,2.278481101989746094e+01,9.863309478759765625e+01
4.327730941772460938e+01,2.278481101989746094e+01,9.869161987304687500e+01
4.369747924804687500e+01,2.278481101989746094e+01,9.871538543701171875e+01
4.411764526367187500e+01,2.278481101989746094e+01,9.870056152343750000e+01
4.453781509399414062e+01,2.278481101989746094e+01,9.864250183105468750e+01
4.495798492431640625e+01,2.278481101989746094e+01,9.853540802001953125e+01
4.537815093994140625e+01,2.278481101989746094e+01,9.837217712402343750e+01
4.579832077026367188e+01,2.278481101989746094e+01,9.814460754394531250e+01
4.621848678588867188e+01,2.278481101989746094e+01,9.784322357177734375e+01
4.663865661621093750e+01,2.278481101989746094e+01,9.745739746093750000e+01
4.705882263183593750e+01,2.278481101989746094e+01,9.697621917724609375e+01
4.747899246215820312e+01,2.278481101989746094e+01,9.638878631591796875e+01
4.789915847778320312e+01,2.278481101989746094e+01,9.568530273437500000e+01
4.831932830810546875e+01,2.278481101989746094e+01,9.485822296142578125e+01
4.873949432373046875e+01,2.278481101989746094e+01,9.390306854248046875e+01
4.915966415405273438e+01,2.278481101989746094e+01,9.281977081298828125e+01
4.957983016967773438e+01,2.278481101989746094e+01,9.161257934570312500e+01
5.000000000000000000e+01,2.278481101989746094e+01,9.029062652587890625e+01
0.000000000000000000e+00,2.316455650329589844e+01,1.179685592651367188e+02
4.201680719852447510e-01,2.316455650329589844e+01,1.180737991333007812e+02
8.403361439704895020e-01,2.316455650329589844e+01,1.182997894287109375e+02
1.260504245758056641e+00,2.316455650329589844e+01,1.186875000000000000e+02
1.680672287940979004e+00,2.316455650329589844e+01,1.192616271972656250e+02
2.100840330123901367e+00,2.316455650329589844e+01,1.199846115112304688e+02
2.521008491516113281e+00,2.316455650329589844e+01,1.207290267944335938e+02
2.941176414489746094e+00,2.316455650329589844e+01,1.213207778930664062e+02
3.361344575881958008e+00,2.316455650329589844e+01,1.216350784301757812e+02
3.781512498855590820e+00,2.316455650329589844e+01,1.216511459350585938e+02
4.201680660247802734e+00,2.316455650329589844e+01,1.214379806518554688e+02
4.621848583221435547e+00,2.316455650329589844e+01,1.211132659912109375e+02
5.042016983032226562e+00,2.316455650329589844e+01,1.207973175048828125e+02
5.462184906005859375e+00,2.316455650329589844e+01,1.205657577514648438e+02
5.882352828979492188e+00,2.316455650329589844e+01,1.204258499145507812e+02
6.302521228790283203e+00,2.316455650329589844e+01,1.203393478393554688e+02
6.722689151763916016e+00,2.316455650329589844e+01,1.202653427124023438e+02
7.142857074737548828e+00,2.316455650329589844e+01,1.201822204589843750e+02
7.563024997711181641e+00,2.316455650329589844e+01,1.200850677490234375e+02
7.983193397521972656e+00,2.316455650329589844e+01,1.199755172729492188e+02
8.403361320495605469e+00,2.316455650329589844e+01,1.198550949096679688e+02
8.823529243469238281e+00,2.316455650329589844e+01,1.197232055664062500e+02
9.243697166442871094e+00,2.316455650329589844e+01,1.195757827758789062e+02
9.663865089416503906e+00,2.316455650329589844e+01,1.194041061401367188e+02
1.008403396606445312e+01,2.316455650329589844e+01,1.191933441162109375e+02
1.050420188903808594e+01,2.316455650329589844e+01,1.189206771850585938e+02
1.092436981201171875e+01,2.316455650329589844e+01,1.185554275512695312e+02
1.134453773498535156e+01,2.316455650329589844e+01,1.180658645629882812e+02
1.176470565795898438e+01,2.316455650329589844e+01,1.174377899169921875e+02
1.218487358093261719e+01,2.316455650329589844e+01,1.167015380859375000e+02
1.260504245758056641e+01,2.316455650329589844e+01,1.159385528564453125e+02
1.302521038055419922e+01,2.316455650329589844e+01,1.152448348999023438e+02
1.344537830352783203e+01,2.316455650329589844e+01,1.146786804199218750e+02
1.386554622650146484e+01,2.316455650329589844e+01,1.142433547973632812e+02
1.428571414947509766e+01,2.316455650329589844e+01,1.139092559814453125e+02
1.470588207244873047e+01,2.316455650329589844e+01,1.136401672363281250e+02
1.512604999542236328e+01,2.316455650329589844e+01,1.134061508178710938e+02
1.554621887207031250e+01,2.316455650329589844e+01,1.131865463256835938e+02
1.596638679504394531e+01,2.316455650329589844e+01,1.129681167602539062e+02
1.638655471801757812e+01,2.316455650329589844e+01,1.127422103881835938e+02
1.680672264099121094e+01,2.316455650329589844e+01,1.125032806396484375e+02
1.722689056396484375e+01,2.316455650329589844e+01,1.122470397949218750e+02
1.764705848693847656e+01,2.316455650329589844e+01,1.119697570800781250e+02
1.806722640991210938e+01,2.316455650329589844e+01,1.116677017211914062e+02
1.848739433288574219e+01,2.316455650329589844e+01,1.113363571166992188e+02
1.890756225585937500e+01,2.316455650329589844e+01,1.109700088500976562e+02
1.932773017883300781e+01,2.316455650329589844e+01,1.105617370605468750e+02
1.974790000915527344e+01,2.316455650329589844e+01,1.101037063598632812e+02
2.016806793212890625e+01,2.316455650329589844e+01,1.095884017944335938e+02
2.058823585510253906e+01,2.316455650329589844e+01,1.090112991333007812e+02
2.100840377807617188e+01,2.316455650329589844e+01,1.083747406005859375e+02
2.142857170104980469e+01,2.316455650329589844e+01,1.076893539428710938e+02
2.184873962402343750e+01,2.316455650329589844e+01,1.069718246459960938e+02
2.226890754699707031e+01,2.316455650329589844e+01,1.062376937866210938e+02
2.268907546997070312e+01,2.316455650329589844e+01,1.054945144653320312e+02
2.310924339294433594e+01,2.316455650329589844e+01,1.047404556274414062e+02
2.352941131591796875e+01,2.316455650329589844e+01,1.039704132080078125e+02
2.394957923889160156e+01,2.316455650329589844e+01,1.031841888427734375e+02
2.436974716186523438e+01,2.316455650329589844e+01,1.023885269165039062e+02
2.478991508483886719e+01,2.316455650329589844e+01,1.015879516601562500e+02
2.521008491516113281e+01,2.316455650329589844e+01,1.007746124267578125e+02
2.563025283813476562e+01,2.316455650329589844e+01,9.993093872070312500e+01
2.605042076110839844e+01,2.316455650329589844e+01,9.905053710937500000e+01
2.647058868408203125e+01,2.316455650329589844e+01,9.816220855712890625e+01
2.689075660705566406e+01,2.316455650329589844e+01,9.733270263671875000e+01
2.731092453002929688e+01,2.316455650329589844e+01,9.663711547851562500e+01
2.773109245300292969e+01,2.316455650329589844e+01,9.612101745605468750e+01
2.815126037597656250e+01,2.316455650329589844e+01,9.578674316406250000e+01
2.857142829895019531e+01,2.316455650329589844e+01,9.560275268554687500e+01
2.899159622192382812e+01,2.316455650329589844e+01,9.551963806152343750e+01
2.941176414489746094e+01,2.316455650329589844e+01,9.548457336425781250e+01
2.983193206787109375e+01,2.316455650329589844e+01,9.545429992675781250e+01
3.025209999084472656e+01,2.316455650329589844e+01,9.540425109863281250e+01
3.067226982116699219e+01,2.316455650329589844e+01,9.532826232910156250e+01
3.109243774414062500e+01,2.316455650329589844e+01,9.523212432861328125e+01
3.151260566711425781e+01,2.316455650329589844e+01,9.512619781494140625e+01
3.193277359008789062e+01,2.316455650329589844e+01,9.502106475830078125e+01
3.235293960571289062e+01,2.316455650329589844e+01,9.492550659179687500e+01
3.277310943603515625e+01,2.316455650329589844e+01,9.484619903564453125e+01
3.319327545166015625e+01,2.316455650329589844e+01,9.478818511962890625e+01
3.361344528198242188e+01,2.316455650329589844e+01,9.475502014160156250e+01
3.403361511230468750e+01,2.316455650329589844e+01,9.474928283691406250e+01
3.445378112792968750e+01,2.316455650329589844e+01,9.477255249023437500e+01
3.487395095825195312e+01,2.316455650329589844e+01,9.482588958740234375e+01
3.529411697387695312e+01,2.316455650329589844e+01,9.490935516357421875e+01
3.571428680419921875e+01,2.316455650329589844e+01,9.502246856689453125e+01
3.613445281982421875e+01,2.316455650329589844e+01,9.516384887695312500e+01
3.655462265014648438e+01,2.316455650329589844e+01,9.533162689208984375e+01
3.697478866577148438e+01,2.316455650329589844e+01,9.552310180664062500e+01
3.739495849609375000e+01,2.316455650329589844e+01,9.573513793945312500e+01
3.781512451171875000e+01,2.316455650329589844e+01,9.596411895751953125e+01
3.823529434204101562e+01,2.316455650329589844e+01,9.620603179931640625e+01
3.865546035766601562e+01,2.316455650329589844e+01,9.645655822753906250e+01
3.907563018798828125e+01,2.316455650329589844e+01,9.671151733398437500e+01
3.949580001831054688e+01,2.316455650329589844e+01,9.696650695800781250e+01
3.991596603393554688e+01,2.316455650329589844e+01,9.721734619140625000e+01
4.033613586425781250e+01,2.316455650329589844e+01,9.745999908447265625e+01
4.075630187988281250e+01,2.316455650329589844e+01,9.769105529785156250e+01
4.117647171020507812e+01,2.316455650329589844e+01,9.790706634521484375e+01
4.159663772583007812e+01,2.316455650329589844e+01,9.810526275634765625e+01
4.201680755615234375e+01,2.316455650329589844e+01,9.828304290771484375e+01
4.243697357177734375e+01,2.316455650329589844e+01,9.843824005126953125e+01
4.285714340209960938e+01,2.316455650329589844e+01,9.856872558593750000e+01
4.327730941772460938e+01,2.316455650329589844e+01,9.867241668701171875e+01
4.369747924804687500e+01,2.316455650329589844e+01,9.874720764160156250e+01
4.411764526367187500e+01,2.316455650329589844e+01,9.879058837890625000e+01
4.453781509399414062e+01,2.316455650329589844e+01,9.879953765869140625e+01
4.495798492431640625e+01,2.316455650329589844e+01,9.877014160156250000e+01
4.537815093994140625e+01,2.316455650329589844e+01,9.869783020019531250e+01
4.579832077026367188e+01,2.316455650329589844e+01,9.857671356201171875e+01
4.621848678588867188e+01,2.316455650329589844e+01,9.839971160888671875e+01
4.663865661621093750e+01,2.316455650329589844e+01,9.815837097167968750e+01
4.705882263183593750e+01,2.316455650329589844e+01,9.784322357177734375e+01
4.747899246215820312e+01,2.316455650329589844e+01,9.744364166259765625e+01
4.789915847778320312e+01,2.316455650329589844e+01,9.694893646240234375e+01
4.831932830810546875e+01,2.316455650329589844e+01,9.634844207763671875e+01
4.873949432373046875e+01,2.316455650329589844e+01,9.563275909423828125e+01
4.915966415405273438e+01,2.316455650329589844e+01,9.479496765136718750e+01
4.957983016967773438e+01,2.316455650329589844e+01,9.383135986328125000e+01
5.000000000000000000e+01,2.316455650329589844e+01,9.274252319335937500e+01
0.000000000000000000e+00,2.354430389404296875e+01,1.181190719604492188e+02
4.201680719852447510e-01,2.354430389404296875e+01,1.182223052978515625e+02
8.403361439704895020e-01,2.354430389404296875e+01,1.184450759887695312e+02
1.260504245758056641e+00,2.354430389404296875e+01,1.188296432495117188e+02
1.680672287940979004e+00,2.354430389404296875e+01,1.194035415649414062e+02
2.100840330123901367e+00,2.354430389404296875e+01,1.201346664428710938e+02
2.521008491516113281e+00,2.354430389404296875e+01,1.208995513916015625e+02
2.941176414489746094e+00,2.354430389404296875e+01,1.215227203369140625e+02
3.361344575881958008e+00,2.354430389404296875e+01,1.218722991943359375e+02
3.781512498855590820e+00,2.354430389404296875e+01,1.219180374145507812e+02
4.201680660247802734e+00,2.354430389404296875e+01,1.217198410034179688e+02
4.621848583221435547e+00,2.354430389404296875e+01,1.213898696899414062e+02
5.042016983032226562e+00,2.354430389404296875e+01,1.210510330200195312e+02
5.462184906005859375e+00,2.354430389404296875e+01,1.207906417846679688e+02
5.882352828979492188e+00,2.354430389404296875e+01,1.206293563842773438e+02
6.302521228790283203e+00,2.354430389404296875e+01,1.205336837768554688e+02
6.722689151763916016e+00,2.354430389404296875e+01,1.204591598510742188e+02
7.142857074737548828e+00,2.354430389404296875e+01,1.203788299560546875e+02
7.563024997711181641e+00,2.354430389404296875e+01,1.202848434448242188e+02
7.983193397521972656e+00,2.354430389404296875e+01,1.201780929565429688e+02
8.403361320495605469e+00,2.354430389404296875e+01,1.200610198974609375e+02
8.823529243469238281e+00,2.354430389404296875e+01,1.199337615966796875e+02
9.243697166442871094e+00,2.354430389404296875e+01,1.197938461303710938e+02
9.663865089416503906e+00,2.354430389404296875e+01,1.196346359252929688e+02
1.008403396606445312e+01,2.354430389404296875e+01,1.194443130493164062e+02
1.050420188903808594e+01,2.354430389404296875e+01,1.192038574218750000e+02
1.092436981201171875e+01,2.354430389404296875e+01,1.188858642578125000e+02
1.134453773498535156e+01,2.354430389404296875e+01,1.184571609497070312e+02
1.176470565795898438e+01,2.354430389404296875e+01,1.178919143676757812e+02
1.218487358093261719e+01,2.354430389404296875e+01,1.171964035034179688e+02
1.260504245758056641e+01,2.354430389404296875e+01,1.164300689697265625e+02
1.302521038055419922e+01,2.354430389404296875e+01,1.156896057128906250e+02
1.344537830352783203e+01,2.354430389404296875e+01,1.150567779541015625e+02
1.386554622650146484e+01,2.354430389404296875e+01,1.145602951049804688e+02
1.428571414947509766e+01,2.354430389404296875e+01,1.141823577880859375e+02
1.470588207244873047e+01,2.354430389404296875e+01,1.138870925903320312e+02
1.512604999542236328e+01,2.354430389404296875e+01,1.136405410766601562e+02
1.554621887207031250e+01,2.354430389404296875e+01,1.134176712036132812e+02
1.596638679504394531e+01,2.354430389404296875e+01,1.132019271850585938e+02
1.638655471801757812e+01,2.354430389404296875e+01,1.129828262329101562e+02
1.680672264099121094e+01,2.354430389404296875e+01,1.127534408569335938e+02
1.722689056396484375e+01,2.354430389404296875e+01,1.125093994140625000e+02
1.764705848693847656e+01,2.354430389404296875e+01,1.122468261718750000e+02
1.806722640991210938e+01,2.354430389404296875e+01,1.119624404907226562e+02
1.848739433288574219e+01,2.354430389404296875e+01,1.116523666381835938e+02
1.890756225585937500e+01,2.354430389404296875e+01,1.113121566772460938e+02
1.932773017883300781e+01,2.354430389404296875e+01,1.109360427856445312e+02
1.974790000915527344e+01,2.354430389404296875e+01,1.105169830322265625e+02
2.016806793212890625e+01,2.354430389404296875e+01,1.100471191406250000e+02
2.058823585510253906e+01,2.354430389404296875e+01,1.095193939208984375e+02
2.100840377807617188e+01,2.354430389404296875e+01,1.089302902221679688e+02
2.142857170104980469e+01,2.354430389404296875e+01,1.082837219238281250e+02
2.184873962402343750e+01,2.354430389404296875e+01,1.075918273925781250e+02
2.226890754699707031e+01,2.354430389404296875e+01,1.068720474243164062e+02
2.268907546997070312e+01,2.354430389404296875e+01,1.061395645141601562e+02
2.310924339294433594e+01,2.354430389404296875e+01,1.054004898071289062e+02
2.352941131591796875e+01,2.354430389404296875e+01,1.046519927978515625e+02
2.394957923889160156e+01,2.354430389404296875e+01,1.038882522583007812e+02
2.436974716186523438e+01,2.354430389404296875e+01,1.031092300415039062e+02
2.478991508483886719e+01,2.354430389404296875e+01,1.023216552734375000e+02
2.521008491516113281e+01,2.354430389404296875e+01,1.015300827026367188e+02
2.563025283813476562e+01,2.354430389404296875e+01,1.007260360717773438e+02
2.605042076110839844e+01,2.354430389404296875e+01,9.989115905761718750e+01
2.647058868408203125e+01,2.354430389404296875e+01,9.901837921142578125e+01
2.689075660705566406e+01,2.354430389404296875e+01,9.813618469238281250e+01
2.731092453002929688e+01,2.354430389404296875e+01,9.731093597412109375e+01
2.773109245300292969e+01,2.354430389404296875e+01,9.661758422851562500e+01
2.815126037597656250e+01,2.354430389404296875e+01,9.610214233398437500e+01
2.857142829895019531e+01,2.354430389404296875e+01,9.576792144775390625e+01
2.899159622192382812e+01,2.354430389404296875e+01,9.558547973632812500e+01
2.941176414489746094e+01,2.354430389404296875e+01,9.550756835937500000e+01
2.983193206787109375e+01,2.354430389404296875e+01,9.548229980468750000e+01
3.025209999084472656e+01,2.354430389404296875e+01,9.546549987792968750e+01
3.067226982116699219e+01,2.354430389404296875e+01,9.543013763427734375e+01
3.109243774414062500e+01,2.354430389404296875e+01,9.536768341064453125e+01
3.151260566711425781e+01,2.354430389404296875e+01,9.528267669677734375e+01
3.193277359008789062e+01,2.354430389404296875e+01,9.518518066406250000e+01
3.235293960571289062e+01,2.354430389404296875e+01,9.508583831787109375e+01
3.277310943603515625e+01,2.354430389404296875e+01,9.499365997314453125e+01
3.319327545166015625e+01,2.354430389404296875e+01,9.491559600830078125e+01
3.361344528198242188e+01,2.354430389404296875e+01,9.485695648193359375e+01
3.403361511230468750e+01,2.354430389404296875e+01,9.482145690917968750e+01
3.445378112792968750e+01,2.354430389404296875e+01,9.481192016601562500e+01
3.487395095825195312e+01,2.354430389404296875e+01,9.483013916015625000e+01
3.529411697387695312e+01,2.354430389404296875e+01,9.487731933593750000e+01
3.571428680419921875e+01,2.354430389404296875e+01,9.495371246337890625e+01
3.613445281982421875e+01,2.354430389404296875e+01,9.505918121337890625e+01
3.655462265014648438e+01,2.354430389404296875e+01,9.519262695312500000e+01
3.697478866577148438e+01,2.354430389404296875e+01,9.535231018066406250e+01
3.739495849609375000e+01,2.354430389404296875e+01,9.553594970703125000e+01
3.781512451171875000e+01,2.354430389404296875e+01,9.574061584472656250e+01
3.823529434204101562e+01,2.354430389404296875e+01,9.596292877197265625e+01
3.865546035766601562e+01,2.354430389404296875e+01,9.619905853271484375e+01
3.907563018798828125e+01,2.354430389404296875e+01,9.644496917724609375e+01
3.949580001831054688e+01,2.354430389404296875e+01,9.669639587402343750e+01
3.991596603393554688e+01,2.354430389404296875e+01,9.694921875000000000e+01
4.033613586425781250e+01,2.354430389404296875e+01,9.719921875000000000e+01
4.075630187988281250e+01,2.354430389404296875e+01,9.744252777099609375e+01
4.117647171020507812e+01,2.354430389404296875e+01,9.767554473876953125e+01
4.159663772583007812e+01,2.354430389404296875e+01,9.789501953125000000e+01
4.201680755615234375e+01,2.354430389404296875e+01,9.809809875488281250e+01
4.243697357177734375e+01,2.354430389404296875e+01,9.828220367431640625e+01
4.285714340209960938e+01,2.354430389404296875e+01,9.844528198242187500e+01
4.327730941772460938e+01,2.354430389404296875e+01,9.858531951904296875e+01
4.369747924804687500e+01,2.354430389404296875e+01,9.870056152343750000e+01
4.411764526367187500e+01,2.354430389404296875e+01,9.878916931152343750e+01
4.453781509399414062e+01,2.354430389404296875e+01,9.884911346435546875e+01
4.495798492431640625e+01,2.354430389404296875e+01,9.887791442871093750e+01
4.537815093994140625e+01,2.354430389404296875e+01,9.887268066406250000e+01
4.579832077026367188e+01,2.354430389404296875e+01,9.882959747314453125e+01
4.621848678588867188e+01,2.354430389404296875e+01,9.874372863769531250e+01
4.663865661621093750e+01,2.354430389404296875e+01,9.860919952392578125e+01
4.705882263183593750e+01,2.354430389404296875e+01,9.841886138916015625e+01
4.747899246215820312e+01,2.354430389404296875e+01,9.816407775878906250e+01
4.789915847778320312e+01,2.354430389404296875e+01,9.783547210693359375e+01
4.831932830810546875e+01,2.354430389404296875e+01,9.742236328125000000e+01
4.873949432373046875e+01,2.354430389404296875e+01,9.691417694091796875e+01
4.915966415405273438e+01,2.354430389404296875e+01,9.630058288574218750e+01
4.957983016967773438e+01,2.354430389404296875e+01,9.557266998291015625e+01
5.000000000000000000e+01,2.354430389404296875e+01,9.472398376464843750e+01
0.000000000000000000e+00,2.392405128479003906e+01,1.182626724243164062e+02
4.201680719852447510e-01,2.392405128479003906e+01,1.183638305664062500e+02
8.403361439704895020e-01,2.392405128479003906e+01,1.185830764770507812e+02
1.260504245758056641e+00,2.392405128479003906e+01,1.189639511108398438e+02
1.680672287940979004e+00,2.392405128479003906e+01,1.195368423461914062e+02
2.100840330123901367e+00,2.392405128479003906e+01,1.202746353149414062e+02
2.521008491516113281e+00,2.392405128479003906e+01,1.210584182739257812e+02
2.941176414489746094e+00,2.392405128479003906e+01,1.217119522094726562e+02
3.361344575881958008e+00,2.392405128479003906e+01,1.220967025756835938e+02
3.781512498855590820e+00,2.392405128479003906e+01,1.221735229492187500e+02
4.201680660247802734e+00,2.392405128479003906e+01,1.219936370849609375e+02
4.621848583221435547e+00,2.392405128479003906e+01,1.216623992919921875e+02
5.042016983032226562e+00,2.392405128479003906e+01,1.213031921386718750e+02
5.462184906005859375e+00,2.392405128479003906e+01,1.210135192871093750e+02
5.882352828979492188e+00,2.392405128479003906e+01,1.208280868530273438e+02
6.302521228790283203e+00,2.392405128479003906e+01,1.207204513549804688e+02
6.722689151763916016e+00,2.392405128479003906e+01,1.206437988281250000e+02
7.142857074737548828e+00,2.392405128479003906e+01,1.205657577514648438e+02
7.563024997711181641e+00,2.392405128479003906e+01,1.204749603271484375e+02
7.983193397521972656e+00,2.392405128479003906e+01,1.203710250854492188e+02
8.403361320495605469e+00,2.392405128479003906e+01,1.202567443847656250e+02
8.823529243469238281e+00,2.392405128479003906e+01,1.201332855224609375e+02
9.243697166442871094e+00,2.392405128479003906e+01,1.199993209838867188e+02
9.663865089416503906e+00,2.392405128479003906e+01,1.198500671386718750e+02
1.008403396606445312e+01,2.392405128479003906e+01,1.196762313842773438e+02
1.050420188903808594e+01,2.392405128479003906e+01,1.194621963500976562e+02
1.092436981201171875e+01,2.392405128479003906e+01,1.191844253540039062e+02
1.134453773498535156e+01,2.392405128479003906e+01,1.188113403320312500e+02
1.176470565795898438e+01,2.392405128479003906e+01,1.183110122680664062e+02
1.218487358093261719e+01,2.392405128479003906e+01,1.176708068847656250e+02
1.260504245758056641e+01,2.392405128479003906e+01,1.169242324829101562e+02
1.302521038055419922e+01,2.392405128479003906e+01,1.161556930541992188e+02
1.344537830352783203e+01,2.392405128479003906e+01,1.154618835449218750e+02
1.386554622650146484e+01,2.392405128479003906e+01,1.148989334106445312e+02
1.428571414947509766e+01,2.392405128479003906e+01,1.144680099487304688e+02
1.470588207244873047e+01,2.392405128479003906e+01,1.141383743286132812e+02
1.512604999542236328e+01,2.392405128479003906e+01,1.138732452392578125e+02
1.554621887207031250e+01,2.392405128479003906e+01,1.136429824829101562e+02
1.596638679504394531e+01,2.392405128479003906e+01,1.134272994995117188e+02
1.638655471801757812e+01,2.392405128479003906e+01,1.132129898071289062e+02
1.680672264099121094e+01,2.392405128479003906e+01,1.129917678833007812e+02
1.722689056396484375e+01,2.392405128479003906e+01,1.127581710815429688e+02
1.764705848693847656e+01,2.392405128479003906e+01,1.125085449218750000e+02
1.806722640991210938e+01,2.392405128479003906e+01,1.122393875122070312e+02
1.848739433288574219e+01,2.392405128479003906e+01,1.119476013183593750e+02
1.890756225585937500e+01,2.392405128479003906e+01,1.116294250488281250e+02
1.932773017883300781e+01,2.392405128479003906e+01,1.112802047729492188e+02
1.974790000915527344e+01,2.392405128479003906e+01,1.108942642211914062e+02
2.016806793212890625e+01,2.392405128479003906e+01,1.104642410278320312e+02
2.058823585510253906e+01,2.392405128479003906e+01,1.099825439453125000e+02
2.100840377807617188e+01,2.392405128479003906e+01,1.094424438476562500e+02
2.142857170104980469e+01,2.392405128479003906e+01,1.088417129516601562e+02
2.184873962402343750e+01,2.392405128479003906e+01,1.081856155395507812e+02
2.226890754699707031e+01,2.392405128479003906e+01,1.074879379272460938e+02
2.268907546997070312e+01,2.392405128479003906e+01,1.067667617797851562e+02
2.310924339294433594e+01,2.392405128479003906e+01,1.060365676879882812e+02
2.352941131591796875e+01,2.392405128479003906e+01,1.053020782470703125e+02
2.394957923889160156e+01,2.392405128479003906e+01,1.045594177246093750e+02
2.436974716186523438e+01,2.392405128479003906e+01,1.038023376464843750e+02
2.478991508483886719e+01,2.392405128479003906e+01,1.030306930541992188e+02
2.521008491516113281e+01,2.392405128479003906e+01,1.022515716552734375e+02
2.563025283813476562e+01,2.392405128479003906e+01,1.014693374633789062e+02
2.605042076110839844e+01,2.392405128479003906e+01,1.006748046875000000e+02
2.647058868408203125e+01,2.392405128479003906e+01,9.984906005859375000e+01
2.689075660705566406e+01,2.392405128479003906e+01,9.898429107666015625e+01
2.731092453002929688e+01,2.392405128479003906e+01,9.810848999023437500e+01
2.773109245300292969e+01,2.392405128479003906e+01,9.728773498535156250e+01
2.815126037597656250e+01,2.392405128479003906e+01,9.659694671630859375e+01
2.857142829895019531e+01,2.392405128479003906e+01,9.608225250244140625e+01
2.899159622192382812e+01,2.392405128479003906e+01,9.574806213378906250e+01
2.941176414489746094e+01,2.392405128479003906e+01,9.556665802001953125e+01
2.983193206787109375e+01,2.392405128479003906e+01,9.549295806884765625e+01
3.025209999084472656e+01,2.392405128479003906e+01,9.547647094726562500e+01
3.067226982116699219e+01,2.392405128479003906e+01,9.547228240966796875e+01
3.109243774414062500e+01,2.392405128479003906e+01,9.545116424560546875e+01
3.151260566711425781e+01,2.392405128479003906e+01,9.540219879150390625e+01
3.193277359008789062e+01,2.392405128479003906e+01,9.532858276367187500e+01
3.235293960571289062e+01,2.392405128479003906e+01,9.523975372314453125e+01
3.277310943603515625e+01,2.392405128479003906e+01,9.514643096923828125e+01
3.319327545166015625e+01,2.392405128479003906e+01,9.505795288085937500e+01
3.361344528198242188e+01,2.392405128479003906e+01,9.498152160644531250e+01
3.403361511230468750e+01,2.392405128479003906e+01,9.492256927490234375e+01
3.445378112792968750e+01,2.392405128479003906e+01,9.488518524169921875e+01
3.487395095825195312e+01,2.392405128479003906e+01,9.487220764160156250e+01
3.529411697387695312e+01,2.392405128479003906e+01,9.488573455810546875e+01
3.571428680419921875e+01,2.392405128479003906e+01,9.492704772949218750e+01
3.613445281982421875e+01,2.392405128479003906e+01,9.499678039550781250e+01
3.655462265014648438e+01,2.392405128479003906e+01,9.509485626220703125e+01
3.697478866577148438e+01,2.392405128479003906e+01,9.522058868408203125e+01
3.739495849609375000e+01,2.392405128479003906e+01,9.537236785888671875e+01
3.781512451171875000e+01,2.392405128479003906e+01,9.554824829101562500e+01
3.823529434204101562e+01,2.392405128479003906e+01,9.574550628662109375e+01
3.865546035766601562e+01,2.392405128479003906e+01,9.596100616455078125e+01
3.907563018798828125e+01,2.392405128479003906e+01,9.619116973876953125e+01
3.949580001831054688e+01,2.392405128479003906e+01,9.643214416503906250e+01
3.991596603393554688e+01,2.392405128479003906e+01,9.667979431152343750e+01
4.033613586425781250e+01,2.392405128479003906e+01,9.692998504638671875e+01
4.075630187988281250e+01,2.392405128479003906e+01,9.717877960205078125e+01
4.117647171020507812e+01,2.392405128479003906e+01,9.742218017578125000e+01
4.159663772583007812e+01,2.392405128479003906e+01,9.765668487548828125e+01
4.201680755615234375e+01,2.392405128479003906e+01,9.787896728515625000e+01
4.243697357177734375e+01,2.392405128479003906e+01,9.808612823486328125e+01
4.285714340209960938e+01,2.392405128479003906e+01,9.827573394775390625e+01
4.327730941772460938e+01,2.392405128479003906e+01,9.844566345214843750e+01
4.369747924804687500e+01,2.392405128479003906e+01,9.859401702880859375e+01
4.411764526367187500e+01,2.392405128479003906e+01,9.871924591064453125e+01
4.453781509399414062e+01,2.392405128479003906e+01,9.881970214843750000e+01
4.495798492431640625e+01,2.392405128479003906e+01,9.889380645751953125e+01
4.537815093994140625e+01,2.392405128479003906e+01,9.893950653076171875e+01
4.579832077026367188e+01,2.392405128479003906e+01,9.895455932617187500e+01
4.621848678588867188e+01,2.392405128479003906e+01,9.893587493896484375e+01
4.663865661621093750e+01,2.392405128479003906e+01,9.887960815429687500e+01
4.705882263183593750e+01,2.392405128479003906e+01,9.878079223632812500e+01
4.747899246215820312e+01,2.392405128479003906e+01,9.863346862792968750e+01
4.789915847778320312e+01,2.392405128479003906e+01,9.843012237548828125e+01
4.831932830810546875e+01,2.392405128479003906e+01,9.816239166259765625e+01
4.873949432373046875e+01,2.392405128479003906e+01,9.782054901123046875e+01
4.915966415405273438e+01,2.392405128479003906e+01,9.739402770996093750e+01
4.957983016967773438e+01,2.392405128479003906e+01,9.687245941162109375e+01
5.000000000000000000e+01,2.392405128479003906e+01,9.624572753906250000e+01
0.000000000000000000e+00,2.430379676818847656e+01,1.183996734619140625e+02
4.201680719852447510e-01,2.430379676818847656e+01,1.184985122680664062e+02
8.403361439704895020e-01,2.430379676818847656e+01,1.187141036987304688e+02
1.260504245758056641e+00,2.430379676818847656e+01,1.190908050537109375e+02
1.680672287940979004e+00,2.430379676818847656e+01,1.196617355346679688e+02
2.100840330123901367e+00,2.430379676818847656e+01,1.204049530029296875e+02
2.521008491516113281e+00,2.430379676818847656e+01,1.212061157226562500e+02
2.941176414489746094e+00,2.430379676818847656e+01,1.218888015747070312e+02
3.361344575881958008e+00,2.430379676818847656e+01,1.223082275390625000e+02
3.781512498855590820e+00,2.430379676818847656e+01,1.224174499511718750e+02
4.201680660247802734e+00,2.430379676818847656e+01,1.222586669921875000e+02
4.621848583221435547e+00,2.430379676818847656e+01,1.219303054809570312e+02
5.042016983032226562e+00,2.430379676818847656e+01,1.215537872314453125e+02
5.462184906005859375e+00,2.430379676818847656e+01,1.212350692749023438e+02
5.882352828979492188e+00,2.430379676818847656e+01,1.210228652954101562e+02
6.302521228790283203e+00,2.430379676818847656e+01,1.209002380371093750e+02
6.722689151763916016e+00,2.430379676818847656e+01,1.208197326660156250e+02
7.142857074737548828e+00,2.430379676818847656e+01,1.207435302734375000e+02
7.563024997711181641e+00,2.430379676818847656e+01,1.206557083129882812e+02
7.983193397521972656e+00,2.430379676818847656e+01,1.205546646118164062e+02
8.403361320495605469e+00,2.430379676818847656e+01,1.204429092407226562e+02
8.823529243469238281e+00,2.430379676818847656e+01,1.203227081298828125e+02
9.243697166442871094e+00,2.430379676818847656e+01,1.201934509277343750e+02
9.663865089416503906e+00,2.430379676818847656e+01,1.200520858764648438e+02
1.008403396606445312e+01,2.430379676818847656e+01,1.198912811279296875e+02
1.050420188903808594e+01,2.430379676818847656e+01,1.196986618041992188e+02
1.092436981201171875e+01,2.430379676818847656e+01,1.194544525146484375e+02
1.134453773498535156e+01,2.430379676818847656e+01,1.191303329467773438e+02
1.176470565795898438e+01,2.430379676818847656e+01,1.186925964355468750e+02
1.218487358093261719e+01,2.430379676818847656e+01,1.181161499023437500e+02
1.260504245758056641e+01,2.430379676818847656e+01,1.174095687866210938e+02
1.302521038055419922e+01,2.430379676818847656e+01,1.166356658935546875e+02
1.344537830352783203e+01,2.430379676818847656e+01,1.158932876586914062e+02
1.386554622650146484e+01,2.430379676818847656e+01,1.152630310058593750e+02
1.428571414947509766e+01,2.430379676818847656e+01,1.147710723876953125e+02
1.470588207244873047e+01,2.430379676818847656e+01,1.143979492187500000e+02
1.512604999542236328e+01,2.430379676818847656e+01,1.141070785522460938e+02
1.554621887207031250e+01,2.430379676818847656e+01,1.138645095825195312e+02
1.596638679504394531e+01,2.430379676818847656e+01,1.136455841064453125e+02
1.638655471801757812e+01,2.430379676818847656e+01,1.134338989257812500e+02
1.680672264099121094e+01,2.430379676818847656e+01,1.132190933227539062e+02
1.722689056396484375e+01,2.430379676818847656e+01,1.129946746826171875e+02
1.764705848693847656e+01,2.430379676818847656e+01,1.127563476562500000e+02
1.806722640991210938e+01,2.430379676818847656e+01,1.125007095336914062e+02
1.848739433288574219e+01,2.430379676818847656e+01,1.122248306274414062e+02
1.890756225585937500e+01,2.430379676818847656e+01,1.119255065917968750e+02
1.932773017883300781e+01,2.430379676818847656e+01,1.115990905761718750e+02
1.974790000915527344e+01,2.430379676818847656e+01,1.112408905029296875e+02
2.016806793212890625e+01,2.430379676818847656e+01,1.108448867797851562e+02
2.058823585510253906e+01,2.430379676818847656e+01,1.104039001464843750e+02
2.100840377807617188e+01,2.430379676818847656e+01,1.099102478027343750e+02
2.142857170104980469e+01,2.430379676818847656e+01,1.093578872680664062e+02
2.184873962402343750e+01,2.430379676818847656e+01,1.087457962036132812e+02
2.226890754699707031e+01,2.430379676818847656e+01,1.080808868408203125e+02
2.268907546997070312e+01,2.430379676818847656e+01,1.073783111572265625e+02
2.310924339294433594e+01,2.430379676818847656e+01,1.066565475463867188e+02
2.352941131591796875e+01,2.430379676818847656e+01,1.059291305541992188e+02
2.394957923889160156e+01,2.430379676818847656e+01,1.051997985839843750e+02
2.436974716186523438e+01,2.430379676818847656e+01,1.044632339477539062e+02
2.478991508483886719e+01,2.430379676818847656e+01,1.037129821777343750e+02
2.521008491516113281e+01,2.430379676818847656e+01,1.029490737915039062e+02
2.563025283813476562e+01,2.430379676818847656e+01,1.021787033081054688e+02
2.605042076110839844e+01,2.430379676818847656e+01,1.014060745239257812e+02
2.647058868408203125e+01,2.430379676818847656e+01,1.006213836669921875e+02
2.689075660705566406e+01,2.430379676818847656e+01,9.980493164062500000e+01
2.731092453002929688e+01,2.430379676818847656e+01,9.894842529296875000e+01
2.773109245300292969e+01,2.430379676818847656e+01,9.807929992675781250e+01
2.815126037597656250e+01,2.430379676818847656e+01,9.726343536376953125e+01
2.857142829895019531e+01,2.430379676818847656e+01,9.657548522949218750e+01
2.899159622192382812e+01,2.430379676818847656e+01,9.606182098388671875e+01
2.941176414489746094e+01,2.430379676818847656e+01,9.572756195068359375e+01
2.983193206787109375e+01,2.430379676818847656e+01,9.554660797119140625e+01
3.025209999084472656e+01,2.430379676818847656e+01,9.547633361816406250e+01
3.067226982116699219e+01,2.430379676818847656e+01,9.546750640869140625e+01
3.109243774414062500e+01,2.430379676818847656e+01,9.547505950927734375e+01
3.151260566711425781e+01,2.430379676818847656e+01,9.546764373779296875e+01
3.193277359008789062e+01,2.430379676818847656e+01,9.543213653564453125e+01
3.235293960571289062e+01,2.430379676818847656e+01,9.537000274658203125e+01
3.277310943603515625e+01,2.430379676818847656e+01,9.529008483886718750e+01
3.319327545166015625e+01,2.430379676818847656e+01,9.520306396484375000e+01
3.361344528198242188e+01,2.430379676818847656e+01,9.511857604980468750e+01
3.403361511230468750e+01,2.430379676818847656e+01,9.504403686523437500e+01
3.445378112792968750e+01,2.430379676818847656e+01,9.498518371582031250e+01
3.487395095825195312e+01,2.430379676818847656e+01,9.494619750976562500e+01
3.529411697387695312e+01,2.430379676818847656e+01,9.493017578125000000e+01
3.571428680419921875e+01,2.430379676818847656e+01,9.493940734863281250e+01
3.613445281982421875e+01,2.430379676818847656e+01,9.497526550292968750e+01
3.655462265014648438e+01,2.430379676818847656e+01,9.503860473632812500e+01
3.697478866577148438e+01,2.430379676818847656e+01,9.512964630126953125e+01
3.739495849609375000e+01,2.430379676818847656e+01,9.524774932861328125e+01
3.781512451171875000e+01,2.430379676818847656e+01,9.539183044433593750e+01
3.823529434204101562e+01,2.430379676818847656e+01,9.556000518798828125e+01
3.865546035766601562e+01,2.430379676818847656e+01,9.574988555908203125e+01
3.907563018798828125e+01,2.430379676818847656e+01,9.595849609375000000e+01
3.949580001831054688e+01,2.430379676818847656e+01,9.618254852294921875e+01
3.991596603393554688e+01,2.430379676818847656e+01,9.641830444335937500e+01
4.033613586425781250e+01,2.430379676818847656e+01,9.666181945800781250e+01
4.075630187988281250e+01,2.430379676818847656e+01,9.690909576416015625e+01
4.117647171020507812e+01,2.430379676818847656e+01,9.715626525878906250e+01
4.159663772583007812e+01,2.430379676818847656e+01,9.739932250976562500e+01
4.201680755615234375e+01,2.430379676818847656e+01,9.763470458984375000e+01
4.243697357177734375e+01,2.430379676818847656e+01,9.785926818847656250e+01
4.285714340209960938e+01,2.430379676818847656e+01,9.806994628906250000e+01
4.327730941772460938e+01,2.430379676818847656e+01,9.826435089111328125e+01
4.369747924804687500e+01,2.430379676818847656e+01,9.844026184082031250e+01
4.411764526367187500e+01,2.430379676818847656e+01,9.859599304199218750e+01
4.453781509399414062e+01,2.430379676818847656e+01,9.872993469238281250e+01
4.495798492431640625e+01,2.430379676818847656e+01,9.884072113037109375e+01
4.537815093994140625e+01,2.430379676818847656e+01,9.892691040039062500e+01
4.579832077026367188e+01,2.430379676818847656e+01,9.898712158203125000e+01
4.621848678588867188e+01,2.430379676818847656e+01,9.901931762695312500e+01
4.663865661621093750e+01,2.430379676818847656e+01,9.902120971679687500e+01
4.705882263183593750e+01,2.430379676818847656e+01,9.898976898193359375e+01
4.747899246215820312e+01,2.430379676818847656e+01,9.892096710205078125e+01
4.789915847778320312e+01,2.430379676818847656e+01,9.880980682373046875e+01
4.831932830810546875e+01,2.430379676818847656e+01,9.865007019042968750e+01
4.873949432373046875e+01,2.430379676818847656e+01,9.843424987792968750e+01
4.915966415405273438e+01,2.430379676818847656e+01,9.815373229980468750e+01
4.957983016967773438e+01,2.430379676818847656e+01,9.779881286621093750e+01
5.000000000000000000e+01,2.430379676818847656e+01,9.735911560058593750e+01
0.000000000000000000e+00,2.468354415893554688e+01,1.185302734375000000e+02
4.201680719852447510e-01,2.468354415893554688e+01,1.186268463134765625e+02
8.403361439704895020e-01,2.468354415893554688e+01,1.188385925292968750e+02
1.260504245758056641e+00,2.468354415893554688e+01,1.192105712890625000e+02
1.680672287940979004e+00,2.468354415893554688e+01,1.197788848876953125e+02
2.100840330123901367e+00,2.468354415893554688e+01,1.205262145996093750e+02
2.521008491516113281e+00,2.468354415893554688e+01,1.213432235717773438e+02
2.941176414489746094e+00,2.468354415893554688e+01,1.220536270141601562e+02
3.361344575881958008e+00,2.468354415893554688e+01,1.225074386596679688e+02
3.781512498855590820e+00,2.468354415893554688e+01,1.226495285034179688e+02
4.201680660247802734e+00,2.468354415893554688e+01,1.225146255493164062e+02
4.621848583221435547e+00,2.468354415893554688e+01,1.221929779052734375e+02
5.042016983032226562e+00,2.468354415893554688e+01,1.218028717041015625e+02
5.462184906005859375e+00,2.468354415893554688e+01,1.214561004638671875e+02
5.882352828979492188e+00,2.468354415893554688e+01,1.212150115966796875e+02
6.302521228790283203e+00,2.468354415893554688e+01,1.210741806030273438e+02
6.722689151763916016e+00,2.468354415893554688e+01,1.209876098632812500e+02
7.142857074737548828e+00,2.468354415893554688e+01,1.209123458862304688e+02
7.563024997711181641e+00,2.468354415893554688e+01,1.208276214599609375e+02
7.983193397521972656e+00,2.468354415893554688e+01,1.207293167114257812e+02
8.403361320495605469e+00,2.468354415893554688e+01,1.206201019287109375e+02
8.823529243469238281e+00,2.468354415893554688e+01,1.205024795532226562e+02
9.243697166442871094e+00,2.468354415893554688e+01,1.203771667480468750e+02
9.663865089416503906e+00,2.468354415893554688e+01,1.202420043945312500e+02
1.008403396606445312e+01,2.468354415893554688e+01,1.200915908813476562e+02
1.050420188903808594e+01,2.468354415893554688e+01,1.199161529541015625e+02
1.092436981201171875e+01,2.468354415893554688e+01,1.196994628906250000e+02
1.134453773498535156e+01,2.468354415893554688e+01,1.194170913696289062e+02
1.176470565795898438e+01,2.468354415893554688e+01,1.190367507934570312e+02
1.218487358093261719e+01,2.468354415893554688e+01,1.185265426635742188e+02
1.260504245758056641e+01,2.468354415893554688e+01,1.178753356933593750e+02
1.302521038055419922e+01,2.468354415893554688e+01,1.171196441650390625e+02
1.344537830352783203e+01,2.468354415893554688e+01,1.163471603393554688e+02
1.386554622650146484e+01,2.468354415893554688e+01,1.156546325683593750e+02
1.428571414947509766e+01,2.468354415893554688e+01,1.150960083007812500e+02
1.470588207244873047e+01,2.468354415893554688e+01,1.146703643798828125e+02
1.512604999542236328e+01,2.468354415893554688e+01,1.143454818725585938e+02
1.554621887207031250e+01,2.468354415893554688e+01,1.140847244262695312e+02
1.596638679504394531e+01,2.468354415893554688e+01,1.138585357666015625e+02
1.638655471801757812e+01,2.468354415893554688e+01,1.136468276977539062e+02
1.680672264099121094e+01,2.468354415893554688e+01,1.134367065429687500e+02
1.722689056396484375e+01,2.468354415893554688e+01,1.132201156616210938e+02
1.764705848693847656e+01,2.468354415893554688e+01,1.129918212890625000e+02
1.806722640991210938e+01,2.468354415893554688e+01,1.127481231689453125e+02
1.848739433288574219e+01,2.468354415893554688e+01,1.124862289428710938e+02
1.890756225585937500e+01,2.468354415893554688e+01,1.122034301757812500e+02
1.932773017883300781e+01,2.468354415893554688e+01,1.118964767456054688e+02
1.974790000915527344e+01,2.468354415893554688e+01,1.115617904663085938e+02
2.016806793212890625e+01,2.468354415893554688e+01,1.111943817138671875e+02
2.058823585510253906e+01,2.468354415893554688e+01,1.107883453369140625e+02
2.100840377807617188e+01,2.468354415893554688e+01,1.103362197875976562e+02
2.142857170104980469e+01,2.468354415893554688e+01,1.098306198120117188e+02
2.184873962402343750e+01,2.468354415893554688e+01,1.092661437988281250e+02
2.226890754699707031e+01,2.468354415893554688e+01,1.086431198120117188e+02
2.268907546997070312e+01,2.468354415893554688e+01,1.079699859619140625e+02
2.310924339294433594e+01,2.468354415893554688e+01,1.072633209228515625e+02
2.352941131591796875e+01,2.468354415893554688e+01,1.065417251586914062e+02
2.394957923889160156e+01,2.468354415893554688e+01,1.058178634643554688e+02
2.436974716186523438e+01,2.468354415893554688e+01,1.050939559936523438e+02
2.478991508483886719e+01,2.468354415893554688e+01,1.043639526367187500e+02
2.521008491516113281e+01,2.468354415893554688e+01,1.036208419799804688e+02
2.563025283813476562e+01,2.468354415893554688e+01,1.028648681640625000e+02
2.605042076110839844e+01,2.468354415893554688e+01,1.021035537719726562e+02
2.647058868408203125e+01,2.468354415893554688e+01,1.013407669067382812e+02
2.689075660705566406e+01,2.468354415893554688e+01,1.005661773681640625e+02
2.731092453002929688e+01,2.468354415893554688e+01,9.975920867919921875e+01
2.773109245300292969e+01,2.468354415893554688e+01,9.891115570068359375e+01
2.815126037597656250e+01,2.468354415893554688e+01,9.804895019531250000e+01
2.857142829895019531e+01,2.468354415893554688e+01,9.723820495605468750e+01
2.899159622192382812e+01,2.468354415893554688e+01,9.655338287353515625e+01
2.941176414489746094e+01,2.468354415893554688e+01,9.604093933105468750e+01
2.983193206787109375e+01,2.468354415893554688e+01,9.570656585693359375e+01
3.025209999084472656e+01,2.468354415893554688e+01,9.552583312988281250e+01
3.067226982116699219e+01,2.468354415893554688e+01,9.545799255371093750e+01
3.109243774414062500e+01,2.468354415893554688e+01,9.545571136474609375e+01
3.151260566711425781e+01,2.468354415893554688e+01,9.547410583496093750e+01
3.193277359008789062e+01,2.468354415893554688e+01,9.547993469238281250e+01
3.235293960571289062e+01,2.468354415893554688e+01,9.545771789550781250e+01
3.277310943603515625e+01,2.468354415893554688e+01,9.540711212158203125e+01
3.319327545166015625e+01,2.468354415893554688e+01,9.533634948730468750e+01
3.361344528198242188e+01,2.468354415893554688e+01,9.525592041015625000e+01
3.403361511230468750e+01,2.468354415893554688e+01,9.517565155029296875e+01
3.445378112792968750e+01,2.468354415893554688e+01,9.510334014892578125e+01
3.487395095825195312e+01,2.468354415893554688e+01,9.504480743408203125e+01
3.529411697387695312e+01,2.468354415893554688e+01,9.500462341308593750e+01
3.571428680419921875e+01,2.468354415893554688e+01,9.498590850830078125e+01
3.613445281982421875e+01,2.468354415893554688e+01,9.499111938476562500e+01
3.655462265014648438e+01,2.468354415893554688e+01,9.502192687988281250e+01
3.697478866577148438e+01,2.468354415893554688e+01,9.507921600341796875e+01
3.739495849609375000e+01,2.468354415893554688e+01,9.516344451904296875e+01
3.781512451171875000e+01,2.468354415893554688e+01,9.527427673339843750e+01
3.823529434204101562e+01,2.468354415893554688e+01,9.541075134277343750e+01
3.865546035766601562e+01,2.468354415893554688e+01,9.557130432128906250e+01
3.907563018798828125e+01,2.468354415893554688e+01,9.575386047363281250e+01
3.949580001831054688e+01,2.468354415893554688e+01,9.595552062988281250e+01
3.991596603393554688e+01,2.468354415893554688e+01,9.617337799072265625e+01
4.033613586425781250e+01,2.468354415893554688e+01,9.640367889404296875e+01
4.075630187988281250e+01,2.468354415893554688e+01,9.664282989501953125e+01
4.117647171020507812e+01,2.468354415893554688e+01,9.688691711425781250e+01
4.159663772583007812e+01,2.468354415893554688e+01,9.713198852539062500e+01
4.201680755615234375e+01,2.468354415893554688e+01,9.737425231933593750e+01
4.243697357177734375e+01,2.468354415893554688e+01,9.761022186279296875e+01
4.285714340209960938e+01,2.468354415893554688e+01,9.783645629882812500e+01
4.327730941772460938e+01,2.468354415893554688e+01,9.805011749267578125e+01
4.369747924804687500e+01,2.468354415893554688e+01,9.824864959716796875e+01
4.411764526367187500e+01,2.468354415893554688e+01,9.842993927001953125e+01
4.453781509399414062e+01,2.468354415893554688e+01,9.859208679199218750e+01
4.495798492431640625e+01,2.468354415893554688e+01,9.873374176025390625e+01
4.537815093994140625e+01,2.468354415893554688e+01,9.885353851318359375e+01
4.579832077026367188e+01,2.468354415893554688e+01,9.895036315917968750e+01
4.621848678588867188e+01,2.468354415893554688e+01,9.902295684814453125e+01
4.663865661621093750e+01,2.468354415893554688e+01,9.906985473632812500e+01
4.705882263183593750e+01,2.468354415893554688e+01,9.908922576904296875e+01
4.747899246215820312e+01,2.468354415893554688e+01,9.907873535156250000e+01
4.789915847778320312e+01,2.468354415893554688e+01,9.903508758544921875e+01
4.831932830810546875e+01,2.468354415893554688e+01,9.895436859130859375e+01
4.873949432373046875e+01,2.468354415893554688e+01,9.883139038085937500e+01
4.915966415405273438e+01,2.468354415893554688e+01,9.865962219238281250e+01
4.957983016967773438e+01,2.468354415893554688e+01,9.843171691894531250e+01
5.000000000000000000e+01,2.468354415893554688e+01,9.813866424560546875e+01
0.000000000000000000e+00,2.506329154968261719e+01,1.186548538208007812e+02
4.201680719852447510e-01,2.506329154968261719e+01,1.187489776611328125e+02
8.403361439704895020e-01,2.506329154968261719e+01,1.189566345214843750e+02
1.260504245758056641e+00,2.506329154968261719e+01,1.193236846923828125e+02
1.680672287940979004e+00,2.506329154968261719e+01,1.198885955810546875e+02
2.100840330123901367e+00,2.506329154968261719e+01,1.206387939453125000e+02
2.521008491516113281e+00,2.506329154968261719e+01,1.214701232910156250e+02
2.941176414489746094e+00,2.506329154968261719e+01,1.222069625854492188e+02
3.361344575881958008e+00,2.506329154968261719e+01,1.226943359375000000e+02
3.781512498855590820e+00,2.506329154968261719e+01,1.228699188232421875e+02
4.201680660247802734e+00,2.506329154968261719e+01,1.227607574462890625e+02
4.621848583221435547e+00,2.506329154968261719e+01,1.224497985839843750e+02
5.042016983032226562e+00,2.506329154968261719e+01,1.220500183105468750e+02
5.462184906005859375e+00,2.506329154968261719e+01,1.216768417358398438e+02
5.882352828979492188e+00,2.506329154968261719e+01,1.214054946899414062e+02
6.302521228790283203e+00,2.506329154968261719e+01,1.212432785034179688e+02
6.722689151763916016e+00,2.506329154968261719e+01,1.211481018066406250e+02
7.142857074737548828e+00,2.506329154968261719e+01,1.210727386474609375e+02
7.563024997711181641e+00,2.506329154968261719e+01,1.209907836914062500e+02
7.983193397521972656e+00,2.506329154968261719e+01,1.208954544067382812e+02
8.403361320495605469e+00,2.506329154968261719e+01,1.207886199951171875e+02
8.823529243469238281e+00,2.506329154968261719e+01,1.206733703613281250e+02
9.243697166442871094e+00,2.506329154968261719e+01,1.205511550903320312e+02
9.663865089416503906e+00,2.506329154968261719e+01,1.204209671020507812e+02
1.008403396606445312e+01,2.506329154968261719e+01,1.202787628173828125e+02
1.050420188903808594e+01,2.506329154968261719e+01,1.201170196533203125e+02
1.092436981201171875e+01,2.506329154968261719e+01,1.199226074218750000e+02
1.134453773498535156e+01,2.506329154968261719e+01,1.196751480102539062e+02
1.176470565795898438e+01,2.506329154968261719e+01,1.193453674316406250e+02
1.218487358093261719e+01,2.506329154968261719e+01,1.188994140625000000e+02
1.260504245758056641e+01,2.506329154968261719e+01,1.183125381469726562e+02
1.302521038055419922e+01,2.506329154968261719e+01,1.175960311889648438e+02
1.344537830352783203e+01,2.506329154968261719e+01,1.168162307739257812e+02
1.386554622650146484e+01,2.506329154968261719e+01,1.160733032226562500e+02
1.428571414947509766e+01,2.506329154968261719e+01,1.154468002319335938e+02
1.470588207244873047e+01,2.506329154968261719e+01,1.149602050781250000e+02
1.512604999542236328e+01,2.506329154968261719e+01,1.145924224853515625e+02
1.554621887207031250e+01,2.506329154968261719e+01,1.143063430786132812e+02
1.596638679504394531e+01,2.506329154968261719e+01,1.140681838989257812e+02
1.638655471801757812e+01,2.506329154968261719e+01,1.138533248901367188e+02
1.680672264099121094e+01,2.506329154968261719e+01,1.136456909179687500e+02
1.722689056396484375e+01,2.506329154968261719e+01,1.134353561401367188e+02
1.764705848693847656e+01,2.506329154968261719e+01,1.132159118652343750e+02
1.806722640991210938e+01,2.506329154968261719e+01,1.129829864501953125e+02
1.848739433288574219e+01,2.506329154968261719e+01,1.127337112426757812e+02
1.890756225585937500e+01,2.506329154968261719e+01,1.124654159545898438e+02
1.932773017883300781e+01,2.506329154968261719e+01,1.121754531860351562e+02
1.974790000915527344e+01,2.506329154968261719e+01,1.118608398437500000e+02
2.016806793212890625e+01,2.506329154968261719e+01,1.115177001953125000e+02
2.058823585510253906e+01,2.506329154968261719e+01,1.111411056518554688e+02
2.100840377807617188e+01,2.506329154968261719e+01,1.107248077392578125e+02
2.142857170104980469e+01,2.506329154968261719e+01,1.102614822387695312e+02
2.184873962402343750e+01,2.506329154968261719e+01,1.097439727783203125e+02
2.226890754699707031e+01,2.506329154968261719e+01,1.091676177978515625e+02
2.268907546997070312e+01,2.506329154968261719e+01,1.085340194702148438e+02
2.310924339294433594e+01,2.506329154968261719e+01,1.078534393310546875e+02
2.352941131591796875e+01,2.506329154968261719e+01,1.071435546875000000e+02
2.394957923889160156e+01,2.506329154968261719e+01,1.064229125976562500e+02
2.436974716186523438e+01,2.506329154968261719e+01,1.057030792236328125e+02
2.478991508483886719e+01,2.506329154968261719e+01,1.049850692749023438e+02
2.521008491516113281e+01,2.506329154968261719e+01,1.042617874145507812e+02
2.563025283813476562e+01,2.506329154968261719e+01,1.035261154174804688e+02
2.605042076110839844e+01,2.506329154968261719e+01,1.027784271240234375e+02
2.647058868408203125e+01,2.506329154968261719e+01,1.020264129638671875e+02
2.689075660705566406e+01,2.506329154968261719e+01,1.012737655639648438e+02
2.731092453002929688e+01,2.506329154968261719e+01,1.005094146728515625e+02
2.773109245300292969e+01,2.506329154968261719e+01,9.971221923828125000e+01
2.815126037597656250e+01,2.506329154968261719e+01,9.887277221679687500e+01
2.857142829895019531e+01,2.506329154968261719e+01,9.801763153076171875e+01
2.899159622192382812e+01,2.506329154968261719e+01,9.721224212646484375e+01
2.941176414489746094e+01,2.506329154968261719e+01,9.653073120117187500e+01
2.983193206787109375e+01,2.506329154968261719e+01,9.601978302001953125e+01
3.025209999084472656e+01,2.506329154968261719e+01,9.568544006347656250e+01
3.067226982116699219e+01,2.506329154968261719e+01,9.550447845458984375e+01
3.109243774414062500e+01,2.506329154968261719e+01,9.543824005126953125e+01
3.151260566711425781e+01,2.506329154968261719e+01,9.544160461425781250e+01
3.193277359008789062e+01,2.506329154968261719e+01,9.546973419189453125e+01
3.235293960571289062e+01,2.506329154968261719e+01,9.548822021484375000e+01
3.277310943603515625e+01,2.506329154968261719e+01,9.547906494140625000e+01
3.319327545166015625e+01,2.506329154968261719e+01,9.544014739990234375e+01
3.361344528198242188e+01,2.506329154968261719e+01,9.537863922119140625e+01
3.403361511230468750e+01,2.506329154968261719e+01,9.530508422851562500e+01
3.445378112792968750e+01,2.506329154968261719e+01,9.522921752929687500e+01
3.487395095825195312e+01,2.506329154968261719e+01,9.515940856933593750e+01
3.529411697387695312e+01,2.506329154968261719e+01,9.510161590576171875e+01
3.571428680419921875e+01,2.506329154968261719e+01,9.506049346923828125e+01
3.613445281982421875e+01,2.506329154968261719e+01,9.503950500488281250e+01
3.655462265014648438e+01,2.506329154968261719e+01,9.504104614257812500e+01
3.697478866577148438e+01,2.506329154968261719e+01,9.506706237792968750e+01
3.739495849609375000e+01,2.506329154968261719e+01,9.511866760253906250e+01
3.781512451171875000e+01,2.506329154968261719e+01,9.519639587402343750e+01
3.823529434204101562e+01,2.506329154968261719e+01,9.530017089843750000e+01
3.865546035766601562e+01,2.506329154968261719e+01,9.542922973632812500e+01
3.907563018798828125e+01,2.506329154968261719e+01,9.558238220214843750e+01
3.949580001831054688e+01,2.506329154968261719e+01,9.575751495361328125e+01
3.991596603393554688e+01,2.506329154968261719e+01,9.595231628417968750e+01
4.033613586425781250e+01,2.506329154968261719e+01,9.616374969482421875e+01
4.075630187988281250e+01,2.506329154968261719e+01,9.638846588134765625e+01
4.117647171020507812e+01,2.506329154968261719e+01,9.662301635742187500e+01
4.159663772583007812e+01,2.506329154968261719e+01,9.686354827880859375e+01
4.201680755615234375e+01,2.506329154968261719e+01,9.710624694824218750e+01
4.243697357177734375e+01,2.506329154968261719e+01,9.734736633300781250e+01
4.285714340209960938e+01,2.506329154968261719e+01,9.758332061767578125e+01
4.327730941772460938e+01,2.506329154968261719e+01,9.781093597412109375e+01
4.369747924804687500e+01,2.506329154968261719e+01,9.802703094482421875e+01
4.411764526367187500e+01,2.506329154968261719e+01,9.822916412353515625e+01
4.453781509399414062e+01,2.506329154968261719e+01,9.841515350341796875e+01
4.495798492431640625e+01,2.506329154968261719e+01,9.858310699462890625e+01
4.537815093994140625e+01,2.506329154968261719e+01,9.873162841796875000e+01
4.579832077026367188e+01,2.506329154968261719e+01,9.885948181152343750e+01
4.621848678588867188e+01,2.506329154968261719e+01,9.896559906005859375e+01
4.663865661621093750e+01,2.506329154968261719e+01,9.904897308349609375e+01
4.705882263183593750e+01,2.506329154968261719e+01,9.910855102539062500e+01
4.747899246215820312e+01,2.506329154968261719e+01,9.914282226562500000e+01
4.789915847778320312e+01,2.506329154968261719e+01,9.915010070800781250e+01
4.831932830810546875e+01,2.506329154968261719e+01,9.912773895263671875e+01
4.873949432373046875e+01,2.506329154968261719e+01,9.907259368896484375e+01
4.915966415405273438e+01,2.506329154968261719e+01,9.898046875000000000e+01
4.957983016967773438e+01,2.506329154968261719e+01,9.884604644775390625e+01
5.000000000000000000e+01,2.506329154968261719e+01,9.866272735595703125e+01
0.000000000000000000e+00,2.544303703308105469e+01,1.187736740112304688e+02
4.201680719852447510e-01,2.544303703308105469e+01,1.188651733398437500e+02
8.403361439704895020e-01,2.544303703308105469e+01,1.190686569213867188e+02
1.260504245758056641e+00,2.544303703308105469e+01,1.194304199218750000e+02
1.680672287940979004e+00,2.544303703308105469e+01,1.199911956787109375e+02
2.100840330123901367e+00,2.544303703308105469e+01,1.207431869506835938e+02
2.521008491516113281e+00,2.544303703308105469e+01,1.215873489379882812e+02
2.941176414489746094e+00,2.544303703308105469e+01,1.223491744995117188e+02
3.361344575881958008e+00,2.544303703308105469e+01,1.228693923950195312e+02
3.781512498855590820e+00,2.544303703308105469e+01,1.230785522460937500e+02
4.201680660247802734e+00,2.544303703308105469e+01,1.229969482421875000e+02
4.621848583221435547e+00,2.544303703308105469e+01,1.227000732421875000e+02
5.042016983032226562e+00,2.544303703308105469e+01,1.222948150634765625e+02
5.462184906005859375e+00,2.544303703308105469e+01,1.218977508544921875e+02
5.882352828979492188e+00,2.544303703308105469e+01,1.215951766967773438e+02
6.302521228790283203e+00,2.544303703308105469e+01,1.214085083007812500e+02
6.722689151763916016e+00,2.544303703308105469e+01,1.213020324707031250e+02
7.142857074737548828e+00,2.544303703308105469e+01,1.212250671386718750e+02
7.563024997711181641e+00,2.544303703308105469e+01,1.211456756591796875e+02
7.983193397521972656e+00,2.544303703308105469e+01,1.210533370971679688e+02
8.403361320495605469e+00,2.544303703308105469e+01,1.209489059448242188e+02
8.823529243469238281e+00,2.544303703308105469e+01,1.208358078002929688e+02
9.243697166442871094e+00,2.544303703308105469e+01,1.207162475585937500e+02
9.663865089416503906e+00,2.544303703308105469e+01,1.205899047851562500e+02
1.008403396606445312e+01,2.544303703308105469e+01,1.204542236328125000e+02
1.050420188903808594e+01,2.544303703308105469e+01,1.203033142089843750e+02
1.092436981201171875e+01,2.544303703308105469e+01,1.201268768310546875e+02
1.134453773498535156e+01,2.544303703308105469e+01,1.199080276489257812e+02
1.176470565795898438e+01,2.544303703308105469e+01,1.196215744018554688e+02
1.218487358093261719e+01,2.544303703308105469e+01,1.192345581054687500e+02
1.260504245758056641e+01,2.544303703308105469e+01,1.187151260375976562e+02
1.302521038055419922e+01,2.544303703308105469e+01,1.180538711547851562e+02
1.344537830352783203e+01,2.544303703308105469e+01,1.172904357910156250e+02
1.386554622650146484e+01,2.544303703308105469e+01,1.165153808593750000e+02
1.428571414947509766e+01,2.544303703308105469e+01,1.158253860473632812e+02
1.470588207244873047e+01,2.544303703308105469e+01,1.152721481323242188e+02
1.512604999542236328e+01,2.544303703308105469e+01,1.148522644042968750e+02
1.554621887207031250e+01,2.544303703308105469e+01,1.145327682495117188e+02
1.596638679504394531e+01,2.544303703308105469e+01,1.142767486572265625e+02
1.638655471801757812e+01,2.544303703308105469e+01,1.140549163818359375e+02
1.680672264099121094e+01,2.544303703308105469e+01,1.138473510742187500e+02
1.722689056396484375e+01,2.544303703308105469e+01,1.136415710449218750e+02
1.764705848693847656e+01,2.544303703308105469e+01,1.134295654296875000e+02
1.806722640991210938e+01,2.544303703308105469e+01,1.132062988281250000e+02
1.848739433288574219e+01,2.544303703308105469e+01,1.129684906005859375e+02
1.890756225585937500e+01,2.544303703308105469e+01,1.127133407592773438e+02
1.932773017883300781e+01,2.544303703308105469e+01,1.124383926391601562e+02
1.974790000915527344e+01,2.544303703308105469e+01,1.121412200927734375e+02
2.016806793212890625e+01,2.544303703308105469e+01,1.118188171386718750e+02
2.058823585510253906e+01,2.544303703308105469e+01,1.114672470092773438e+02
2.100840377807617188e+01,2.544303703308105469e+01,1.110812911987304688e+02
2.142857170104980469e+01,2.544303703308105469e+01,1.106546630859375000e+02
2.184873962402343750e+01,2.544303703308105469e+01,1.101801223754882812e+02
2.226890754699707031e+01,2.544303703308105469e+01,1.096506576538085938e+02
2.268907546997070312e+01,2.544303703308105469e+01,1.090626144409179688e+02
2.310924339294433594e+01,2.544303703308105469e+01,1.084189300537109375e+02
2.352941131591796875e+01,2.544303703308105469e+01,1.077316741943359375e+02
2.394957923889160156e+01,2.544303703308105469e+01,1.070193710327148438e+02
2.436974716186523438e+01,2.544303703308105469e+01,1.063004302978515625e+02
2.478991508483886719e+01,2.544303703308105469e+01,1.055853042602539062e+02
2.521008491516113281e+01,2.544303703308105469e+01,1.048735427856445312e+02
2.563025283813476562e+01,2.544303703308105469e+01,1.041572418212890625e+02
2.605042076110839844e+01,2.544303703308105469e+01,1.034292602539062500e+02
2.647058868408203125e+01,2.544303703308105469e+01,1.026902008056640625e+02
2.689075660705566406e+01,2.544303703308105469e+01,1.019477310180664062e+02
2.731092453002929688e+01,2.544303703308105469e+01,1.012054061889648438e+02
2.773109245300292969e+01,2.544303703308105469e+01,1.004515380859375000e+02
2.815126037597656250e+01,2.544303703308105469e+01,9.966420745849609375e+01
2.857142829895019531e+01,2.544303703308105469e+01,9.883351135253906250e+01
2.899159622192382812e+01,2.544303703308105469e+01,9.798571777343750000e+01
2.941176414489746094e+01,2.544303703308105469e+01,9.718572998046875000e+01
2.983193206787109375e+01,2.544303703308105469e+01,9.650790405273437500e+01
3.025209999084472656e+01,2.544303703308105469e+01,9.599853515625000000e+01
3.067226982116699219e+01,2.544303703308105469e+01,9.566432189941406250e+01
3.109243774414062500e+01,2.544303703308105469e+01,9.548284912109375000e+01
3.151260566711425781e+01,2.544303703308105469e+01,9.541767120361328125e+01
3.193277359008789062e+01,2.544303703308105469e+01,9.542540740966796875e+01
3.235293960571289062e+01,2.544303703308105469e+01,9.546240234375000000e+01
3.277310943603515625e+01,2.544303703308105469e+01,9.549277496337890625e+01
3.319327545166015625e+01,2.544303703308105469e+01,9.549645996093750000e+01
3.361344528198242188e+01,2.544303703308105469e+01,9.546918487548828125e+01
3.403361511230468750e+01,2.544303703308105469e+01,9.541716766357421875e+01
3.445378112792968750e+01,2.544303703308105469e+01,9.535063171386718750e+01
3.487395095825195312e+01,2.544303703308105469e+01,9.527958679199218750e+01
3.529411697387695312e+01,2.544303703308105469e+01,9.521250915527343750e+01
3.571428680419921875e+01,2.544303703308105469e+01,9.515563964843750000e+01
3.613445281982421875e+01,2.544303703308105469e+01,9.511395263671875000e+01
3.655462265014648438e+01,2.544303703308105469e+01,9.509082031250000000e+01
3.697478866577148438e+01,2.544303703308105469e+01,9.508914184570312500e+01
3.739495849609375000e+01,2.544303703308105469e+01,9.511077880859375000e+01
3.781512451171875000e+01,2.544303703308105469e+01,9.515691375732421875e+01
3.823529434204101562e+01,2.544303703308105469e+01,9.522849273681640625e+01
3.865546035766601562e+01,2.544303703308105469e+01,9.532543945312500000e+01
3.907563018798828125e+01,2.544303703308105469e+01,9.544743347167968750e+01
3.949580001831054688e+01,2.544303703308105469e+01,9.559313964843750000e+01
3.991596603393554688e+01,2.544303703308105469e+01,9.576107025146484375e+01
4.033613586425781250e+01,2.544303703308105469e+01,9.594883728027343750e+01
4.075630187988281250e+01,2.544303703308105469e+01,9.615384674072265625e+01
4.117647171020507812e+01,2.544303703308105469e+01,9.637288665771484375e+01
4.159663772583007812e+01,2.544303703308105469e+01,9.660251617431640625e+01
4.201680755615234375e+01,2.544303703308105469e+01,9.683920288085937500e+01
4.243697357177734375e+01,2.544303703308105469e+01,9.707920837402343750e+01
4.285714340209960938e+01,2.544303703308105469e+01,9.731882476806640625e+01
4.327730941772460938e+01,2.544303703308105469e+01,9.755447387695312500e+01
4.369747924804687500e+01,2.544303703308105469e+01,9.778286743164062500e+01
4.411764526367187500e+01,2.544303703308105469e+01,9.800104522705078125e+01
4.453781509399414062e+01,2.544303703308105469e+01,9.820630645751953125e+01
4.495798492431640625e+01,2.544303703308105469e+01,9.839647674560546875e+01
4.537815093994140625e+01,2.544303703308105469e+01,9.856966400146484375e+01
4.579832077026367188e+01,2.544303703308105469e+01,9.872432708740234375e+01
4.621848678588867188e+01,2.544303703308105469e+01,9.885939025878906250e+01
4.663865661621093750e+01,2.544303703308105469e+01,9.897381591796875000e+01
4.705882263183593750e+01,2.544303703308105469e+01,9.906673431396484375e+01
4.747899246215820312e+01,2.544303703308105469e+01,9.913729095458984375e+01
4.789915847778320312e+01,2.544303703308105469e+01,9.918443298339843750e+01
4.831932830810546875e+01,2.544303703308105469e+01,9.920680236816406250e+01
4.873949432373046875e+01,2.544303703308105469e+01,9.920249938964843750e+01
4.915966415405273438e+01,2.544303703308105469e+01,9.916891479492187500e+01
4.957983016967773438e+01,2.544303703308105469e+01,9.910283660888671875e+01
5.000000000000000000e+01,2.544303703308105469e+01,9.899977111816406250e+01
0.000000000000000000e+00,2.582278442382812500e+01,1.188868865966796875e+02
4.201680719852447510e-01,2.582278442382812500e+01,1.189758071899414062e+02
8.403361439704895020e-01,2.582278442382812500e+01,1.191748733520507812e+02
1.260504245758056641e+00,2.582278442382812500e+01,1.195311431884765625e+02
1.680672287940979004e+00,2.582278442382812500e+01,1.200871810913085938e+02
2.100840330123901367e+00,2.582278442382812500e+01,1.208398361206054688e+02
2.521008491516113281e+00,2.582278442382812500e+01,1.216954116821289062e+02
2.941176414489746094e+00,2.582278442382812500e+01,1.224808654785156250e+02
3.361344575881958008e+00,2.582278442382812500e+01,1.230327301025390625e+02
3.781512498855590820e+00,2.582278442382812500e+01,1.232755508422851562e+02
4.201680660247802734e+00,2.582278442382812500e+01,1.232229537963867188e+02
4.621848583221435547e+00,2.582278442382812500e+01,1.229431762695312500e+02
5.042016983032226562e+00,2.582278442382812500e+01,1.225367050170898438e+02
5.462184906005859375e+00,2.582278442382812500e+01,1.221187744140625000e+02
5.882352828979492188e+00,2.582278442382812500e+01,1.217849273681640625e+02
6.302521228790283203e+00,2.582278442382812500e+01,1.215711746215820312e+02
6.722689151763916016e+00,2.582278442382812500e+01,1.214501953125000000e+02
7.142857074737548828e+00,2.582278442382812500e+01,1.213699569702148438e+02
7.563024997711181641e+00,2.582278442382812500e+01,1.212925491333007812e+02
7.983193397521972656e+00,2.582278442382812500e+01,1.212032775878906250e+02
8.403361320495605469e+00,2.582278442382812500e+01,1.211013183593750000e+02
8.823529243469238281e+00,2.582278442382812500e+01,1.209903259277343750e+02
9.243697166442871094e+00,2.582278442382812500e+01,1.208728561401367188e+02
9.663865089416503906e+00,2.582278442382812500e+01,1.207496337890625000e+02
1.008403396606445312e+01,2.582278442382812500e+01,1.206191177368164062e+02
1.050420188903808594e+01,2.582278442382812500e+01,1.204769134521484375e+02
1.092436981201171875e+01,2.582278442382812500e+01,1.203147277832031250e+02
1.134453773498535156e+01,2.582278442382812500e+01,1.201190795898437500e+02
1.176470565795898438e+01,2.582278442382812500e+01,1.198686981201171875e+02
1.218487358093261719e+01,2.582278442382812500e+01,1.195338821411132812e+02
1.260504245758056641e+01,2.582278442382812500e+01,1.190801239013671875e+02
1.302521038055419922e+01,2.582278442382812500e+01,1.184836578369140625e+02
1.344537830352783203e+01,2.582278442382812500e+01,1.177583694458007812e+02
1.386554622650146484e+01,2.582278442382812500e+01,1.169738616943359375e+02
1.428571414947509766e+01,2.582278442382812500e+01,1.162318725585937500e+02
1.470588207244873047e+01,2.582278442382812500e+01,1.156101913452148438e+02
1.512604999542236328e+01,2.582278442382812500e+01,1.151297149658203125e+02
1.554621887207031250e+01,2.582278442382812500e+01,1.147678451538085938e+02
1.596638679504394531e+01,2.582278442382812500e+01,1.144870071411132812e+02
1.638655471801757812e+01,2.582278442382812500e+01,1.142534866333007812e+02
1.680672264099121094e+01,2.582278442382812500e+01,1.140429534912109375e+02
1.722689056396484375e+01,2.582278442382812500e+01,1.138396453857421875e+02
1.764705848693847656e+01,2.582278442382812500e+01,1.136337661743164062e+02
1.806722640991210938e+01,2.582278442382812500e+01,1.134190750122070312e+02
1.848739433288574219e+01,2.582278442382812500e+01,1.131916198730468750e+02
1.890756225585937500e+01,2.582278442382812500e+01,1.129483489990234375e+02
1.932773017883300781e+01,2.582278442382812500e+01,1.126870117187500000e+02
1.974790000915527344e+01,2.582278442382812500e+01,1.124053726196289062e+02
2.016806793212890625e+01,2.582278442382812500e+01,1.121009674072265625e+02
2.058823585510253906e+01,2.582278442382812500e+01,1.117707290649414062e+02
2.100840377807617188e+01,2.582278442382812500e+01,1.114104995727539062e+02
2.142857170104980469e+01,2.582278442382812500e+01,1.110152053833007812e+02
2.184873962402343750e+01,2.582278442382812500e+01,1.105782394409179688e+02
2.226890754699707031e+01,2.582278442382812500e+01,1.100923156738281250e+02
2.268907546997070312e+01,2.582278442382812500e+01,1.095509948730468750e+02
2.310924339294433594e+01,2.582278442382812500e+01,1.089514846801757812e+02
2.352941131591796875e+01,2.582278442382812500e+01,1.082983398437500000e+02
2.394957923889160156e+01,2.582278442382812500e+01,1.076051177978515625e+02
2.436974716186523438e+01,2.582278442382812500e+01,1.068912582397460938e+02
2.478991508483886719e+01,2.582278442382812500e+01,1.061747970581054688e+02
2.521008491516113281e+01,2.582278442382812500e+01,1.054648437500000000e+02
2.563025283813476562e+01,2.582278442382812500e+01,1.047597351074218750e+02
2.605042076110839844e+01,2.582278442382812500e+01,1.040507125854492188e+02
2.647058868408203125e+01,2.582278442382812500e+01,1.033306198120117188e+02
2.689075660705566406e+01,2.582278442382812500e+01,1.026003875732421875e+02
2.731092453002929688e+01,2.582278442382812500e+01,1.018678436279296875e+02
2.773109245300292969e+01,2.582278442382812500e+01,1.011360855102539062e+02
2.815126037597656250e+01,2.582278442382812500e+01,1.003928298950195312e+02
2.857142829895019531e+01,2.582278442382812500e+01,9.961550903320312500e+01
2.899159622192382812e+01,2.582278442382812500e+01,9.879360198974609375e+01
2.941176414489746094e+01,2.582278442382812500e+01,9.795320129394531250e+01
2.983193206787109375e+01,2.582278442382812500e+01,9.715895080566406250e+01
3.025209999084472656e+01,2.582278442382812500e+01,9.648489379882812500e+01
3.067226982116699219e+01,2.582278442382812500e+01,9.597739410400390625e+01
3.109243774414062500e+01,2.582278442382812500e+01,9.564324951171875000e+01
3.151260566711425781e+01,2.582278442382812500e+01,9.546126556396484375e+01
3.193277359008789062e+01,2.582278442382812500e+01,9.539633178710937500e+01
3.235293960571289062e+01,2.582278442382812500e+01,9.540766143798828125e+01
3.277310943603515625e+01,2.582278442382812500e+01,9.545234680175781250e+01
3.319327545166015625e+01,2.582278442382812500e+01,9.549395751953125000e+01
3.361344528198242188e+01,2.582278442382812500e+01,9.551007843017578125e+01
3.403361511230468750e+01,2.582278442382812500e+01,9.549441528320312500e+01
3.445378112792968750e+01,2.582278442382812500e+01,9.545207214355468750e+01
3.487395095825195312e+01,2.582278442382812500e+01,9.539273834228515625e+01
3.529411697387695312e+01,2.582278442382812500e+01,9.532671356201171875e+01
3.571428680419921875e+01,2.582278442382812500e+01,9.526260375976562500e+01
3.613445281982421875e+01,2.582278442382812500e+01,9.520697021484375000e+01
3.655462265014648438e+01,2.582278442382812500e+01,9.516493988037109375e+01
3.697478866577148438e+01,2.582278442382812500e+01,9.514016723632812500e+01
3.739495849609375000e+01,2.582278442382812500e+01,9.513549804687500000e+01
3.781512451171875000e+01,2.582278442382812500e+01,9.515296173095703125e+01
3.823529434204101562e+01,2.582278442382812500e+01,9.519407653808593750e+01
3.865546035766601562e+01,2.582278442382812500e+01,9.525973510742187500e+01
3.907563018798828125e+01,2.582278442382812500e+01,9.535021972656250000e+01
3.949580001831054688e+01,2.582278442382812500e+01,9.546517944335937500e+01
3.991596603393554688e+01,2.582278442382812500e+01,9.560375976562500000e+01
4.033613586425781250e+01,2.582278442382812500e+01,9.576445007324218750e+01
4.075630187988281250e+01,2.582278442382812500e+01,9.594526672363281250e+01
4.117647171020507812e+01,2.582278442382812500e+01,9.614376068115234375e+01
4.159663772583007812e+01,2.582278442382812500e+01,9.635694122314453125e+01
4.201680755615234375e+01,2.582278442382812500e+01,9.658151245117187500e+01
4.243697357177734375e+01,2.582278442382812500e+01,9.681413269042968750e+01
4.285714340209960938e+01,2.582278442382812500e+01,9.705110931396484375e+01
4.327730941772460938e+01,2.582278442382812500e+01,9.728884887695312500e+01
4.369747924804687500e+01,2.582278442382812500e+01,9.752378082275390625e+01
4.411764526367187500e+01,2.582278442382812500e+01,9.775265502929687500e+01
4.453781509399414062e+01,2.582278442382812500e+01,9.797254180908203125e+01
4.495798492431640625e+01,2.582278442382812500e+01,9.818046569824218750e+01
4.537815093994140625e+01,2.582278442382812500e+01,9.837438201904296875e+01
4.579832077026367188e+01,2.582278442382812500e+01,9.855218505859375000e+01
4.621848678588867188e+01,2.582278442382812500e+01,9.871251678466796875e+01
4.663865661621093750e+01,2.582278442382812500e+01,9.885401153564453125e+01
4.705882263183593750e+01,2.582278442382812500e+01,9.897589111328125000e+01
4.747899246215820312e+01,2.582278442382812500e+01,9.907731628417968750e+01
4.789915847778320312e+01,2.582278442382812500e+01,9.915756988525390625e+01
4.831932830810546875e+01,2.582278442382812500e+01,9.921593475341796875e+01
4.873949432373046875e+01,2.582278442382812500e+01,9.925132751464843750e+01
4.915966415405273438e+01,2.582278442382812500e+01,9.926240539550781250e+01
4.957983016967773438e+01,2.582278442382812500e+01,9.924711608886718750e+01
5.000000000000000000e+01,2.582278442382812500e+01,9.920297241210937500e+01
0.000000000000000000e+00,2.620253181457519531e+01,1.189947586059570312e+02
4.201680719852447510e-01,2.620253181457519531e+01,1.190810317993164062e+02
8.403361439704895020e-01,2.620253181457519531e+01,1.192757263183593750e+02
1.260504245758056641e+00,2.620253181457519531e+01,1.196260833740234375e+02
1.680672287940979004e+00,2.620253181457519531e+01,1.201767730712890625e+02
2.100840330123901367e+00,2.620253181457519531e+01,1.209290695190429688e+02
2.521008491516113281e+00,2.620253181457519531e+01,1.217946243286132812e+02
2.941176414489746094e+00,2.620253181457519531e+01,1.226024017333984375e+02
3.361344575881958008e+00,2.620253181457519531e+01,1.231851196289062500e+02
3.781512498855590820e+00,2.620253181457519531e+01,1.234611511230468750e+02
4.201680660247802734e+00,2.620253181457519531e+01,1.234383087158203125e+02
4.621848583221435547e+00,2.620253181457519531e+01,1.231785430908203125e+02
5.042016983032226562e+00,2.620253181457519531e+01,1.227749862670898438e+02
5.462184906005859375e+00,2.620253181457519531e+01,1.223397827148437500e+02
5.882352828979492188e+00,2.620253181457519531e+01,1.219754333496093750e+02
6.302521228790283203e+00,2.620253181457519531e+01,1.217321472167968750e+02
6.722689151763916016e+00,2.620253181457519531e+01,1.215934371948242188e+02
7.142857074737548828e+00,2.620253181457519531e+01,1.215078353881835938e+02
7.563024997711181641e+00,2.620253181457519531e+01,1.214316635131835938e+02
7.983193397521972656e+00,2.620253181457519531e+01,1.213453674316406250e+02
8.403361320495605469e+00,2.620253181457519531e+01,1.212461700439453125e+02
8.823529243469238281e+00,2.620253181457519531e+01,1.211371841430664062e+02
9.243697166442871094e+00,2.620253181457519531e+01,1.210216522216796875e+02
9.663865089416503906e+00,2.620253181457519531e+01,1.209010467529296875e+02
1.008403396606445312e+01,2.620253181457519531e+01,1.207746276855468750e+02
1.050420188903808594e+01,2.620253181457519531e+01,1.206391372680664062e+02
1.092436981201171875e+01,2.620253181457519531e+01,1.204882278442382812e+02
1.134453773498535156e+01,2.620253181457519531e+01,1.203112335205078125e+02
1.176470565795898438e+01,2.620253181457519531e+01,1.200905609130859375e+02
1.218487358093261719e+01,2.620253181457519531e+01,1.198004760742187500e+02
1.260504245758056641e+01,2.620253181457519531e+01,1.194072952270507812e+02
1.302521038055419922e+01,2.620253181457519531e+01,1.188792877197265625e+02
1.344537830352783203e+01,2.620253181457519531e+01,1.182087783813476562e+02
1.386554622650146484e+01,2.620253181457519531e+01,1.174389648437500000e+02
1.428571414947509766e+01,2.620253181457519531e+01,1.166626434326171875e+02
1.470588207244873047e+01,2.620253181457519531e+01,1.159764862060546875e+02
1.512604999542236328e+01,2.620253181457519531e+01,1.154294052124023438e+02
1.554621887207031250e+01,2.620253181457519531e+01,1.150159072875976562e+02
1.596638679504394531e+01,2.620253181457519531e+01,1.147021942138671875e+02
1.638655471801757812e+01,2.620253181457519531e+01,1.144512023925781250e+02
1.680672264099121094e+01,2.620253181457519531e+01,1.142338714599609375e+02
1.722689056396484375e+01,2.620253181457519531e+01,1.140307693481445312e+02
1.764705848693847656e+01,2.620253181457519531e+01,1.138294372558593750e+02
1.806722640991210938e+01,2.620253181457519531e+01,1.136221237182617188e+02
1.848739433288574219e+01,2.620253181457519531e+01,1.134039306640625000e+02
1.890756225585937500e+01,2.620253181457519531e+01,1.131716461181640625e+02
1.932773017883300781e+01,2.620253181457519531e+01,1.129227676391601562e+02
1.974790000915527344e+01,2.620253181457519531e+01,1.126552047729492188e+02
2.016806793212890625e+01,2.620253181457519531e+01,1.123667831420898438e+02
2.058823585510253906e+01,2.620253181457519531e+01,1.120550003051757812e+02
2.100840377807617188e+01,2.620253181457519531e+01,1.117167587280273438e+02
2.142857170104980469e+01,2.620253181457519531e+01,1.113478775024414062e+02
2.184873962402343750e+01,2.620253181457519531e+01,1.109430770874023438e+02
2.226890754699707031e+01,2.620253181457519531e+01,1.104955902099609375e+02
2.268907546997070312e+01,2.620253181457519531e+01,1.099983825683593750e+02
2.310924339294433594e+01,2.620253181457519531e+01,1.094452133178710938e+02
2.352941131591796875e+01,2.620253181457519531e+01,1.088345565795898438e+02
2.394957923889160156e+01,2.620253181457519531e+01,1.081725082397460938e+02
2.436974716186523438e+01,2.620253181457519531e+01,1.074742050170898438e+02
2.478991508483886719e+01,2.620253181457519531e+01,1.067596893310546875e+02
2.521008491516113281e+01,2.620253181457519531e+01,1.060463256835937500e+02
2.563025283813476562e+01,2.620253181457519531e+01,1.053420562744140625e+02
2.605042076110839844e+01,2.620253181457519531e+01,1.046439056396484375e+02
2.647058868408203125e+01,2.620253181457519531e+01,1.039425582885742188e+02
2.689075660705566406e+01,2.620253181457519531e+01,1.032306442260742188e+02
2.731092453002929688e+01,2.620253181457519531e+01,1.025094833374023438e+02
2.773109245300292969e+01,2.620253181457519531e+01,1.017870483398437500e+02
2.815126037597656250e+01,2.620253181457519531e+01,1.010660400390625000e+02
2.857142829895019531e+01,2.620253181457519531e+01,1.003335876464843750e+02
2.899159622192382812e+01,2.620253181457519531e+01,9.956636047363281250e+01
2.941176414489746094e+01,2.620253181457519531e+01,9.875342559814453125e+01
2.983193206787109375e+01,2.620253181457519531e+01,9.792041778564453125e+01
3.025209999084472656e+01,2.620253181457519531e+01,9.713198852539062500e+01
3.067226982116699219e+01,2.620253181457519531e+01,9.646189880371093750e+01
3.109243774414062500e+01,2.620253181457519531e+01,9.595643615722656250e+01
3.151260566711425781e+01,2.620253181457519531e+01,9.562254333496093750e+01
3.193277359008789062e+01,2.620253181457519531e+01,9.543974304199218750e+01
3.235293960571289062e+01,2.620253181457519531e+01,9.537472534179687500e+01
3.277310943603515625e+01,2.620253181457519531e+01,9.538855743408203125e+01
3.319327545166015625e+01,2.620253181457519531e+01,9.543996429443359375e+01
3.361344528198242188e+01,2.620253181457519531e+01,9.549195098876953125e+01
3.403361511230468750e+01,2.620253181457519531e+01,9.552018737792968750e+01
3.445378112792968750e+01,2.620253181457519531e+01,9.551609039306640625e+01
3.487395095825195312e+01,2.620253181457519531e+01,9.548348236083984375e+01
3.529411697387695312e+01,2.620253181457519531e+01,9.543159484863281250e+01
3.571428680419921875e+01,2.620253181457519531e+01,9.537081909179687500e+01
3.613445281982421875e+01,2.620253181457519531e+01,9.530989837646484375e+01
3.655462265014648438e+01,2.620253181457519531e+01,9.525582885742187500e+01
3.697478866577148438e+01,2.620253181457519531e+01,9.521369171142578125e+01
3.739495849609375000e+01,2.620253181457519531e+01,9.518745422363281250e+01
3.781512451171875000e+01,2.620253181457519531e+01,9.518009948730468750e+01
3.823529434204101562e+01,2.620253181457519531e+01,9.519385528564453125e+01
3.865546035766601562e+01,2.620253181457519531e+01,9.523017120361328125e+01
3.907563018798828125e+01,2.620253181457519531e+01,9.529022216796875000e+01
3.949580001831054688e+01,2.620253181457519531e+01,9.537445831298828125e+01
3.991596603393554688e+01,2.620253181457519531e+01,9.548262023925781250e+01
4.033613586425781250e+01,2.620253181457519531e+01,9.561419677734375000e+01
4.075630187988281250e+01,2.620253181457519531e+01,9.576782989501953125e+01
4.117647171020507812e+01,2.620253181457519531e+01,9.594179534912109375e+01
4.159663772583007812e+01,2.620253181457519531e+01,9.613372039794921875e+01
4.201680755615234375e+01,2.620253181457519531e+01,9.634091186523437500e+01
4.243697357177734375e+01,2.620253181457519531e+01,9.656028747558593750e+01
4.285714340209960938e+01,2.620253181457519531e+01,9.678856658935546875e+01
4.327730941772460938e+01,2.620253181457519531e+01,9.702219390869140625e+01
4.369747924804687500e+01,2.620253181457519531e+01,9.725777435302734375e+01
4.411764526367187500e+01,2.620253181457519531e+01,9.749169921875000000e+01
4.453781509399414062e+01,2.620253181457519531e+01,9.772068786621093750e+01
4.495798492431640625e+01,2.620253181457519531e+01,9.794166564941406250e+01
4.537815093994140625e+01,2.620253181457519531e+01,9.815190887451171875e+01
4.579832077026367188e+01,2.620253181457519531e+01,9.834909820556640625e+01
4.621848678588867188e+01,2.620253181457519531e+01,9.853118133544921875e+01
4.663865661621093750e+01,2.620253181457519531e+01,9.869660186767578125e+01
4.705882263183593750e+01,2.620253181457519531e+01,9.884401702880859375e+01
4.747899246215820312e+01,2.620253181457519531e+01,9.897267913818359375e+01
4.789915847778320312e+01,2.620253181457519531e+01,9.908175659179687500e+01
4.831932830810546875e+01,2.620253181457519531e+01,9.917071533203125000e+01
4.873949432373046875e+01,2.620253181457519531e+01,9.923892974853515625e+01
4.915966415405273438e+01,2.620253181457519531e+01,9.928564453125000000e+01
4.957983016967773438e+01,2.620253181457519531e+01,9.930993652343750000e+01
5.000000000000000000e+01,2.620253181457519531e+01,9.931026458740234375e+01
0.000000000000000000e+00,2.658227920532226562e+01,1.190975570678710938e+02
4.201680719852447510e-01,2.658227920532226562e+01,1.191811828613281250e+02
8.403361439704895020e-01,2.658227920532226562e+01,1.193713150024414062e+02
1.260504245758056641e+00,2.658227920532226562e+01,1.197156143188476562e+02
1.680672287940979004e+00,2.658227920532226562e+01,1.202605285644531250e+02
2.100840330123901367e+00,2.658227920532226562e+01,1.210114974975585938e+02
2.521008491516113281e+00,2.658227920532226562e+01,1.218856658935546875e+02
2.941176414489746094e+00,2.658227920532226562e+01,1.227142333984375000e+02
3.361344575881958008e+00,2.658227920532226562e+01,1.233267059326171875e+02
3.781512498855590820e+00,2.658227920532226562e+01,1.236354141235351562e+02
4.201680660247802734e+00,2.658227920532226562e+01,1.236431350708007812e+02
4.621848583221435547e+00,2.658227920532226562e+01,1.234056472778320312e+02
5.042016983032226562e+00,2.658227920532226562e+01,1.230089111328125000e+02
5.462184906005859375e+00,2.658227920532226562e+01,1.225605468750000000e+02
5.882352828979492188e+00,2.658227920532226562e+01,1.221671142578125000e+02
6.302521228790283203e+00,2.658227920532226562e+01,1.218925781250000000e+02
6.722689151763916016e+00,2.658227920532226562e+01,1.217329025268554688e+02
7.142857074737548828e+00,2.658227920532226562e+01,1.216394805908203125e+02
7.563024997711181641e+00,2.658227920532226562e+01,1.215636444091796875e+02
7.983193397521972656e+00,2.658227920532226562e+01,1.214802551269531250e+02
8.403361320495605469e+00,2.658227920532226562e+01,1.213837280273437500e+02
8.823529243469238281e+00,2.658227920532226562e+01,1.212768173217773438e+02
9.243697166442871094e+00,2.658227920532226562e+01,1.211630630493164062e+02
9.663865089416503906e+00,2.658227920532226562e+01,1.210445632934570312e+02
1.008403396606445312e+01,2.658227920532226562e+01,1.209213409423828125e+02
1.050420188903808594e+01,2.658227920532226562e+01,1.207912139892578125e+02
1.092436981201171875e+01,2.658227920532226562e+01,1.206493225097656250e+02
1.134453773498535156e+01,2.658227920532226562e+01,1.204871368408203125e+02
1.176470565795898438e+01,2.658227920532226562e+01,1.202905807495117188e+02
1.218487358093261719e+01,2.658227920532226562e+01,1.200378952026367188e+02
1.260504245758056641e+01,2.658227920532226562e+01,1.196983795166015625e+02
1.302521038055419922e+01,2.658227920532226562e+01,1.192374038696289062e+02
1.344537830352783203e+01,2.658227920532226562e+01,1.186320571899414062e+02
1.386554622650146484e+01,2.658227920532226562e+01,1.178990554809570312e+02
1.428571414947509766e+01,2.658227920532226562e+01,1.171110992431640625e+02
1.470588207244873047e+01,2.658227920532226562e+01,1.163711242675781250e+02
1.512604999542236328e+01,2.658227920532226562e+01,1.157551574707031250e+02
1.554621887207031250e+01,2.658227920532226562e+01,1.152816085815429688e+02
1.596638679504394531e+01,2.658227920532226562e+01,1.149261093139648438e+02
1.638655471801757812e+01,2.658227920532226562e+01,1.146507949829101562e+02
1.680672264099121094e+01,2.658227920532226562e+01,1.144220657348632812e+02
1.722689056396484375e+01,2.658227920532226562e+01,1.142161712646484375e+02
1.764705848693847656e+01,2.658227920532226562e+01,1.140173950195312500e+02
1.806722640991210938e+01,2.658227920532226562e+01,1.138160858154296875e+02
1.848739433288574219e+01,2.658227920532226562e+01,1.136063537597656250e+02
1.890756225585937500e+01,2.658227920532226562e+01,1.133840866088867188e+02
1.932773017883300781e+01,2.658227920532226562e+01,1.131466674804687500e+02
1.974790000915527344e+01,2.658227920532226562e+01,1.128919754028320312e+02
2.016806793212890625e+01,2.658227920532226562e+01,1.126179275512695312e+02
2.058823585510253906e+01,2.658227920532226562e+01,1.123225860595703125e+02
2.100840377807617188e+01,2.658227920532226562e+01,1.120034561157226562e+02
2.142857170104980469e+01,2.658227920532226562e+01,1.116571655273437500e+02
2.184873962402343750e+01,2.658227920532226562e+01,1.112795715332031250e+02
2.226890754699707031e+01,2.658227920532226562e+01,1.108651809692382812e+02
2.268907546997070312e+01,2.658227920532226562e+01,1.104071578979492188e+02
2.310924339294433594e+01,2.658227920532226562e+01,1.098985137939453125e+02
2.352941131591796875e+01,2.658227920532226562e+01,1.093336944580078125e+02
2.394957923889160156e+01,2.658227920532226562e+01,1.087122497558593750e+02
2.436974716186523438e+01,2.658227920532226562e+01,1.080418853759765625e+02
2.478991508483886719e+01,2.658227920532226562e+01,1.073393020629882812e+02
2.521008491516113281e+01,2.658227920532226562e+01,1.066249694824218750e+02
2.563025283813476562e+01,2.658227920532226562e+01,1.059154891967773438e+02
2.605042076110839844e+01,2.658227920532226562e+01,1.052174072265625000e+02
2.647058868408203125e+01,2.658227920532226562e+01,1.045264663696289062e+02
2.689075660705566406e+01,2.658227920532226562e+01,1.038330307006835938e+02
2.731092453002929688e+01,2.658227920532226562e+01,1.031295852661132812e+02
2.773109245300292969e+01,2.658227920532226562e+01,1.024177246093750000e+02
2.815126037597656250e+01,2.658227920532226562e+01,1.017056350708007812e+02
2.857142829895019531e+01,2.658227920532226562e+01,1.009956054687500000e+02
2.899159622192382812e+01,2.658227920532226562e+01,1.002739868164062500e+02
2.941176414489746094e+01,2.658227920532226562e+01,9.951694488525390625e+01
2.983193206787109375e+01,2.658227920532226562e+01,9.871302795410156250e+01
3.025209999084472656e+01,2.658227920532226562e+01,9.788755035400390625e+01
3.067226982116699219e+01,2.658227920532226562e+01,9.710504150390625000e+01
3.109243774414062500e+01,2.658227920532226562e+01,9.643904113769531250e+01
3.151260566711425781e+01,2.658227920532226562e+01,9.593575286865234375e+01
3.193277359008789062e+01,2.658227920532226562e+01,9.560230255126953125e+01
3.235293960571289062e+01,2.658227920532226562e+01,9.541857910156250000e+01
3.277310943603515625e+01,2.658227920532226562e+01,9.535295104980468750e+01
3.319327545166015625e+01,2.658227920532226562e+01,9.536845397949218750e+01
3.361344528198242188e+01,2.658227920532226562e+01,9.542559051513671875e+01
3.403361511230468750e+01,2.658227920532226562e+01,9.548712921142578125e+01
3.445378112792968750e+01,2.658227920532226562e+01,9.552693176269531250e+01
3.487395095825195312e+01,2.658227920532226562e+01,9.553430938720703125e+01
3.529411697387695312e+01,2.658227920532226562e+01,9.551153564453125000e+01
3.571428680419921875e+01,2.658227920532226562e+01,9.546727752685546875e+01
3.613445281982421875e+01,2.658227920532226562e+01,9.541193389892578125e+01
3.655462265014648438e+01,2.658227920532226562e+01,9.535444641113281250e+01
3.697478866577148438e+01,2.658227920532226562e+01,9.530204010009765625e+01
3.739495849609375000e+01,2.658227920532226562e+01,9.526010131835937500e+01
3.781512451171875000e+01,2.658227920532226562e+01,9.523275756835937500e+01
3.823529434204101562e+01,2.658227920532226562e+01,9.522304534912109375e+01
3.865546035766601562e+01,2.658227920532226562e+01,9.523330688476562500e+01
3.907563018798828125e+01,2.658227920532226562e+01,9.526514434814453125e+01
3.949580001831054688e+01,2.658227920532226562e+01,9.531994628906250000e+01
3.991596603393554688e+01,2.658227920532226562e+01,9.539810943603515625e+01
4.033613586425781250e+01,2.658227920532226562e+01,9.549978637695312500e+01
4.075630187988281250e+01,2.658227920532226562e+01,9.562454986572265625e+01
4.117647171020507812e+01,2.658227920532226562e+01,9.577125549316406250e+01
4.159663772583007812e+01,2.658227920532226562e+01,9.593831634521484375e+01
4.201680755615234375e+01,2.658227920532226562e+01,9.612368011474609375e+01
4.243697357177734375e+01,2.658227920532226562e+01,9.632482910156250000e+01
4.285714340209960938e+01,2.658227920532226562e+01,9.653887939453125000e+01
4.327730941772460938e+01,2.658227920532226562e+01,9.676258087158203125e+01
4.369747924804687500e+01,2.658227920532226562e+01,9.699272918701171875e+01
4.411764526367187500e+01,2.658227920532226562e+01,9.722568511962890625e+01
4.453781509399414062e+01,2.658227920532226562e+01,9.745823669433593750e+01
4.495798492431640625e+01,2.658227920532226562e+01,9.768695831298828125e+01
4.537815093994140625e+01,2.658227920532226562e+01,9.790883636474609375e+01
4.579832077026367188e+01,2.658227920532226562e+01,9.812102508544921875e+01
4.621848678588867188e+01,2.658227920532226562e+01,9.832110595703125000e+01
4.663865661621093750e+01,2.658227920532226562e+01,9.850694274902343750e+01
4.705882263183593750e+01,2.658227920532226562e+01,9.867703247070312500e+01
4.747899246215820312e+01,2.658227920532226562e+01,9.882997894287109375e+01
4.789915847778320312e+01,2.658227920532226562e+01,9.896479797363281250e+01
4.831932830810546875e+01,2.658227920532226562e+01,9.908090972900390625e+01
4.873949432373046875e+01,2.658227920532226562e+01,9.917761993408203125e+01
4.915966415405273438e+01,2.658227920532226562e+01,9.925463867187500000e+01
4.957983016967773438e+01,2.658227920532226562e+01,9.931130981445312500e+01
5.000000000000000000e+01,2.658227920532226562e+01,9.934706878662109375e+01
0.000000000000000000e+00,2.696202468872070312e+01,1.191955032348632812e+02
4.201680719852447510e-01,2.696202468872070312e+01,1.192764129638671875e+02
8.403361439704895020e-01,2.696202468872070312e+01,1.194619674682617188e+02
1.260504245758056641e+00,2.696202468872070312e+01,1.198000183105468750e+02
1.680672287940979004e+00,2.696202468872070312e+01,1.203385391235351562e+02
2.100840330123901367e+00,2.696202468872070312e+01,1.210872879028320312e+02
2.521008491516113281e+00,2.696202468872070312e+01,1.219688034057617188e+02
2.941176414489746094e+00,2.696202468872070312e+01,1.228169097900390625e+02
3.361344575881958008e+00,2.696202468872070312e+01,1.234579772949218750e+02
3.781512498855590820e+00,2.696202468872070312e+01,1.237988815307617188e+02
4.201680660247802734e+00,2.696202468872070312e+01,1.238373184204101562e+02
4.621848583221435547e+00,2.696202468872070312e+01,1.236240997314453125e+02
5.042016983032226562e+00,2.696202468872070312e+01,1.232379379272460938e+02
5.462184906005859375e+00,2.696202468872070312e+01,1.227804870605468750e+02
5.882352828979492188e+00,2.696202468872070312e+01,1.223603210449218750e+02
6.302521228790283203e+00,2.696202468872070312e+01,1.220533981323242188e+02
6.722689151763916016e+00,2.696202468872070312e+01,1.218696212768554688e+02
7.142857074737548828e+00,2.696202468872070312e+01,1.217655334472656250e+02
7.563024997711181641e+00,2.696202468872070312e+01,1.216886825561523438e+02
7.983193397521972656e+00,2.696202468872070312e+01,1.216079330444335938e+02
8.403361320495605469e+00,2.696202468872070312e+01,1.215143814086914062e+02
8.823529243469238281e+00,2.696202468872070312e+01,1.214096069335937500e+02
9.243697166442871094e+00,2.696202468872070312e+01,1.212975234985351562e+02
9.663865089416503906e+00,2.696202468872070312e+01,1.211807403564453125e+02
1.008403396606445312e+01,2.696202468872070312e+01,1.210601501464843750e+02
1.050420188903808594e+01,2.696202468872070312e+01,1.209341430664062500e+02
1.092436981201171875e+01,2.696202468872070312e+01,1.207993392944335938e+02
1.134453773498535156e+01,2.696202468872070312e+01,1.206490325927734375e+02
1.176470565795898438e+01,2.696202468872070312e+01,1.204718551635742188e+02
1.218487358093261719e+01,2.696202468872070312e+01,1.202498626708984375e+02
1.260504245758056641e+01,2.696202468872070312e+01,1.199564132690429688e+02
1.302521038055419922e+01,2.696202468872070312e+01,1.195574798583984375e+02
1.344537830352783203e+01,2.696202468872070312e+01,1.190214309692382812e+02
1.386554622650146484e+01,2.696202468872070312e+01,1.183426055908203125e+02
1.428571414947509766e+01,2.696202468872070312e+01,1.175673828125000000e+02
1.470588207244873047e+01,2.696202468872070312e+01,1.167911682128906250e+02
1.512604999542236328e+01,2.696202468872070312e+01,1.161096191406250000e+02
1.554621887207031250e+01,2.696202468872070312e+01,1.155695190429687500e+02
1.596638679504394531e+01,2.696202468872070312e+01,1.151630401611328125e+02
1.638655471801757812e+01,2.696202468872070312e+01,1.148554382324218750e+02
1.680672264099121094e+01,2.696202468872070312e+01,1.146096878051757812e+02
1.722689056396484375e+01,2.696202468872070312e+01,1.143971862792968750e+02
1.764705848693847656e+01,2.696202468872070312e+01,1.141986923217773438e+02
1.806722640991210938e+01,2.696202468872070312e+01,1.140019531250000000e+02
1.848739433288574219e+01,2.696202468872070312e+01,1.137994232177734375e+02
1.890756225585937500e+01,2.696202468872070312e+01,1.135863113403320312e+02
1.932773017883300781e+01,2.696202468872070312e+01,1.133595504760742188e+02
1.974790000915527344e+01,2.696202468872070312e+01,1.131167297363281250e+02
2.016806793212890625e+01,2.696202468872070312e+01,1.128560180664062500e+02
2.058823585510253906e+01,2.696202468872070312e+01,1.125755157470703125e+02
2.100840377807617188e+01,2.696202468872070312e+01,1.122732162475585938e+02
2.142857170104980469e+01,2.696202468872070312e+01,1.119465332031250000e+02
2.184873962402343750e+01,2.696202468872070312e+01,1.115922241210937500e+02
2.226890754699707031e+01,2.696202468872070312e+01,1.112058334350585938e+02
2.268907546997070312e+01,2.696202468872070312e+01,1.107816848754882812e+02
2.310924339294433594e+01,2.696202468872070312e+01,1.103130722045898438e+02
2.352941131591796875e+01,2.696202468872070312e+01,1.097930221557617188e+02
2.394957923889160156e+01,2.696202468872070312e+01,1.092166595458984375e+02
2.436974716186523438e+01,2.696202468872070312e+01,1.085848007202148438e+02
2.478991508483886719e+01,2.696202468872070312e+01,1.079069366455078125e+02
2.521008491516113281e+01,2.696202468872070312e+01,1.072008895874023438e+02
2.563025283813476562e+01,2.696202468872070312e+01,1.064875259399414062e+02
2.605042076110839844e+01,2.696202468872070312e+01,1.057826004028320312e+02
2.647058868408203125e+01,2.696202468872070312e+01,1.050911026000976562e+02
2.689075660705566406e+01,2.696202468872070312e+01,1.044078063964843750e+02
2.731092453002929688e+01,2.696202468872070312e+01,1.037224807739257812e+02
2.773109245300292969e+01,2.696202468872070312e+01,1.030277481079101562e+02
2.815126037597656250e+01,2.696202468872070312e+01,1.023254623413085938e+02
2.857142829895019531e+01,2.696202468872070312e+01,1.016239013671875000e+02
2.899159622192382812e+01,2.696202468872070312e+01,1.009249343872070312e+02
2.941176414489746094e+01,2.696202468872070312e+01,1.002143859863281250e+02
2.983193206787109375e+01,2.696202468872070312e+01,9.946755981445312500e+01
3.025209999084472656e+01,2.696202468872070312e+01,9.867260742187500000e+01
3.067226982116699219e+01,2.696202468872070312e+01,9.785469818115234375e+01
3.109243774414062500e+01,2.696202468872070312e+01,9.707809448242187500e+01
3.151260566711425781e+01,2.696202468872070312e+01,9.641641998291015625e+01
3.193277359008789062e+01,2.696202468872070312e+01,9.591548919677734375e+01
3.235293960571289062e+01,2.696202468872070312e+01,9.558247375488281250e+01
3.277310943603515625e+01,2.696202468872070312e+01,9.539792633056640625e+01
3.319327545166015625e+01,2.696202468872070312e+01,9.533126068115234375e+01
3.361344528198242188e+01,2.696202468872070312e+01,9.534771728515625000e+01
3.403361511230468750e+01,2.696202468872070312e+01,9.540939331054687500e+01
3.445378112792968750e+01,2.696202468872070312e+01,9.547961425781250000e+01
3.487395095825195312e+01,2.696202468872070312e+01,9.553047943115234375e+01
3.529411697387695312e+01,2.696202468872070312e+01,9.554925537109375000e+01
3.571428680419921875e+01,2.696202468872070312e+01,9.553636169433593750e+01
3.613445281982421875e+01,2.696202468872070312e+01,9.549996948242187500e+01
3.655462265014648438e+01,2.696202468872070312e+01,9.545016479492187500e+01
3.697478866577148438e+01,2.696202468872070312e+01,9.539637756347656250e+01
3.739495849609375000e+01,2.696202468872070312e+01,9.534590148925781250e+01
3.781512451171875000e+01,2.696202468872070312e+01,9.530439758300781250e+01
3.823529434204101562e+01,2.696202468872070312e+01,9.527618408203125000e+01
3.865546035766601562e+01,2.696202468872070312e+01,9.526437377929687500e+01
3.907563018798828125e+01,2.696202468872070312e+01,9.527136993408203125e+01
3.949580001831054688e+01,2.696202468872070312e+01,9.529912567138671875e+01
3.991596603393554688e+01,2.696202468872070312e+01,9.534880828857421875e+01
4.033613586425781250e+01,2.696202468872070312e+01,9.542131042480468750e+01
4.075630187988281250e+01,2.696202468872070312e+01,9.551672363281250000e+01
4.117647171020507812e+01,2.696202468872070312e+01,9.563485717773437500e+01
4.159663772583007812e+01,2.696202468872070312e+01,9.577472686767578125e+01
4.201680755615234375e+01,2.696202468872070312e+01,9.593502044677734375e+01
4.243697357177734375e+01,2.696202468872070312e+01,9.611386871337890625e+01
4.285714340209960938e+01,2.696202468872070312e+01,9.630884552001953125e+01
4.327730941772460938e+01,2.696202468872070312e+01,9.651738739013671875e+01
4.369747924804687500e+01,2.696202468872070312e+01,9.673642730712890625e+01
4.411764526367187500e+01,2.696202468872070312e+01,9.696271514892578125e+01
4.453781509399414062e+01,2.696202468872070312e+01,9.719291687011718750e+01
4.495798492431640625e+01,2.696202468872070312e+01,9.742375946044921875e+01
4.537815093994140625e+01,2.696202468872070312e+01,9.765184020996093750e+01
4.579832077026367188e+01,2.696202468872070312e+01,9.787410736083984375e+01
4.621848678588867188e+01,2.696202468872070312e+01,9.808786010742187500e+01
4.663865661621093750e+01,2.696202468872070312e+01,9.829045104980468750e+01
4.705882263183593750e+01,2.696202468872070312e+01,9.847984313964843750e+01
4.747899246215820312e+01,2.696202468872070312e+01,9.865416717529296875e+01
4.789915847778320312e+01,2.696202468872070312e+01,9.881216430664062500e+01
4.831932830810546875e+01,2.696202468872070312e+01,9.895276641845703125e+01
4.873949432373046875e+01,2.696202468872070312e+01,9.907524108886718750e+01
4.915966415405273438e+01,2.696202468872070312e+01,9.917913055419921875e+01
4.957983016967773438e+01,2.696202468872070312e+01,9.926406097412109375e+01
5.000000000000000000e+01,2.696202468872070312e+01,9.932958984375000000e+01
0.000000000000000000e+00,2.734177207946777344e+01,1.192888107299804688e+02
4.201680719852447510e-01,2.734177207946777344e+01,1.193669891357421875e+02
8.403361439704895020e-01,2.734177207946777344e+01,1.195479583740234375e+02
1.260504245758056641e+00,2.734177207946777344e+01,1.198795623779296875e+02
1.680672287940979004e+00,2.734177207946777344e+01,1.204113235473632812e+02
2.100840330123901367e+00,2.734177207946777344e+01,1.211570510864257812e+02
2.521008491516113281e+00,2.734177207946777344e+01,1.220445480346679688e+02
2.941176414489746094e+00,2.734177207946777344e+01,1.229107666015625000e+02
3.361344575881958008e+00,2.734177207946777344e+01,1.235792999267578125e+02
3.781512498855590820e+00,2.734177207946777344e+01,1.239516906738281250e+02
4.201680660247802734e+00,2.734177207946777344e+01,1.240211029052734375e+02
4.621848583221435547e+00,2.734177207946777344e+01,1.238334197998046875e+02
5.042016983032226562e+00,2.734177207946777344e+01,1.234612121582031250e+02
5.462184906005859375e+00,2.734177207946777344e+01,1.229990615844726562e+02
5.882352828979492188e+00,2.734177207946777344e+01,1.225551757812500000e+02
6.302521228790283203e+00,2.734177207946777344e+01,1.222154159545898438e+02
6.722689151763916016e+00,2.734177207946777344e+01,1.220045166015625000e+02
7.142857074737548828e+00,2.734177207946777344e+01,1.218868255615234375e+02
7.563024997711181641e+00,2.734177207946777344e+01,1.218073425292968750e+02
7.983193397521972656e+00,2.734177207946777344e+01,1.217288436889648438e+02
8.403361320495605469e+00,2.734177207946777344e+01,1.216382064819335938e+02
8.823529243469238281e+00,2.734177207946777344e+01,1.215357055664062500e+02
9.243697166442871094e+00,2.734177207946777344e+01,1.214253005981445312e+02
9.663865089416503906e+00,2.734177207946777344e+01,1.213101272583007812e+02
1.008403396606445312e+01,2.734177207946777344e+01,1.211916046142578125e+02
1.050420188903808594e+01,2.734177207946777344e+01,1.210689239501953125e+02
1.092436981201171875e+01,2.734177207946777344e+01,1.209396820068359375e+02
1.134453773498535156e+01,2.734177207946777344e+01,1.207987060546875000e+02
1.176470565795898438e+01,2.734177207946777344e+01,1.206369552612304688e+02
1.218487358093261719e+01,2.734177207946777344e+01,1.204399185180664062e+02
1.260504245758056641e+01,2.734177207946777344e+01,1.201850814819335938e+02
1.302521038055419922e+01,2.734177207946777344e+01,1.198412628173828125e+02
1.344537830352783203e+01,2.734177207946777344e+01,1.193734817504882812e+02
1.386554622650146484e+01,2.734177207946777344e+01,1.187598571777343750e+02
1.428571414947509766e+01,2.734177207946777344e+01,1.180200424194335938e+02
1.470588207244873047e+01,2.734177207946777344e+01,1.172298812866210938e+02
1.512604999542236328e+01,2.734177207946777344e+01,1.164931030273437500e+02
1.554621887207031250e+01,2.734177207946777344e+01,1.158837280273437500e+02
1.596638679504394531e+01,2.734177207946777344e+01,1.154175186157226562e+02
1.638655471801757812e+01,2.734177207946777344e+01,1.150687942504882812e+02
1.680672264099121094e+01,2.734177207946777344e+01,1.147992630004882812e+02
1.722689056396484375e+01,2.734177207946777344e+01,1.145758132934570312e+02
1.764705848693847656e+01,2.734177207946777344e+01,1.143746032714843750e+02
1.806722640991210938e+01,2.734177207946777344e+01,1.141804504394531250e+02
1.848739433288574219e+01,2.734177207946777344e+01,1.139839096069335938e+02
1.890756225585937500e+01,2.734177207946777344e+01,1.137790756225585938e+02
1.932773017883300781e+01,2.734177207946777344e+01,1.135621566772460938e+02
1.974790000915527344e+01,2.734177207946777344e+01,1.133304138183593750e+02
2.016806793212890625e+01,2.734177207946777344e+01,1.130819931030273438e+02
2.058823585510253906e+01,2.734177207946777344e+01,1.128151855468750000e+02
2.100840377807617188e+01,2.734177207946777344e+01,1.125280685424804688e+02
2.142857170104980469e+01,2.734177207946777344e+01,1.122187347412109375e+02
2.184873962402343750e+01,2.734177207946777344e+01,1.118845214843750000e+02
2.226890754699707031e+01,2.734177207946777344e+01,1.115220642089843750e+02
2.268907546997070312e+01,2.734177207946777344e+01,1.111267471313476562e+02
2.310924339294433594e+01,2.734177207946777344e+01,1.106929244995117188e+02
2.352941131591796875e+01,2.734177207946777344e+01,1.102135925292968750e+02
2.394957923889160156e+01,2.734177207946777344e+01,1.096820831298828125e+02
2.436974716186523438e+01,2.734177207946777344e+01,1.090943450927734375e+02
2.478991508483886719e+01,2.734177207946777344e+01,1.084525909423828125e+02
2.521008491516113281e+01,2.734177207946777344e+01,1.077678985595703125e+02
2.563025283813476562e+01,2.734177207946777344e+01,1.070592880249023438e+02
2.605042076110839844e+01,2.734177207946777344e+01,1.063477783203125000e+02
2.647058868408203125e+01,2.734177207946777344e+01,1.056479568481445312e+02
2.689075660705566406e+01,2.734177207946777344e+01,1.049635467529296875e+02
2.731092453002929688e+01,2.734177207946777344e+01,1.042881393432617188e+02
2.773109245300292969e+01,2.734177207946777344e+01,1.036112060546875000e+02
2.815126037597656250e+01,2.734177207946777344e+01,1.029254150390625000e+02
2.857142829895019531e+01,2.734177207946777344e+01,1.022329940795898438e+02
2.899159622192382812e+01,2.734177207946777344e+01,1.015421371459960938e+02
2.941176414489746094e+01,2.734177207946777344e+01,1.008544082641601562e+02
2.983193206787109375e+01,2.734177207946777344e+01,1.001548614501953125e+02
3.025209999084472656e+01,2.734177207946777344e+01,9.941829681396484375e+01
3.067226982116699219e+01,2.734177207946777344e+01,9.863238525390625000e+01
3.109243774414062500e+01,2.734177207946777344e+01,9.782204437255859375e+01
3.151260566711425781e+01,2.734177207946777344e+01,9.705148315429687500e+01
3.193277359008789062e+01,2.734177207946777344e+01,9.639402770996093750e+01
3.235293960571289062e+01,2.734177207946777344e+01,9.589564514160156250e+01
3.277310943603515625e+01,2.734177207946777344e+01,9.556328582763671875e+01
3.319327545166015625e+01,2.734177207946777344e+01,9.537786865234375000e+01
3.361344528198242188e+01,2.734177207946777344e+01,9.530989837646484375e+01
3.403361511230468750e+01,2.734177207946777344e+01,9.532653045654296875e+01
3.445378112792968750e+01,2.734177207946777344e+01,9.539187622070312500e+01
3.487395095825195312e+01,2.734177207946777344e+01,9.546973419189453125e+01
3.529411697387695312e+01,2.734177207946777344e+01,9.553112030029296875e+01
3.571428680419921875e+01,2.734177207946777344e+01,9.556100463867187500e+01
3.613445281982421875e+01,2.734177207946777344e+01,9.555809020996093750e+01
3.655462265014648438e+01,2.734177207946777344e+01,9.552957153320312500e+01
3.697478866577148438e+01,2.734177207946777344e+01,9.548567199707031250e+01
3.739495849609375000e+01,2.734177207946777344e+01,9.543569183349609375e+01
3.781512451171875000e+01,2.734177207946777344e+01,9.538737487792968750e+01
3.823529434204101562e+01,2.734177207946777344e+01,9.534658050537109375e+01
3.865546035766601562e+01,2.734177207946777344e+01,9.531771850585937500e+01
3.907563018798828125e+01,2.734177207946777344e+01,9.530403900146484375e+01
3.949580001831054688e+01,2.734177207946777344e+01,9.530817413330078125e+01
3.991596603393554688e+01,2.734177207946777344e+01,9.533203125000000000e+01
4.033613586425781250e+01,2.734177207946777344e+01,9.537700653076171875e+01
4.075630187988281250e+01,2.734177207946777344e+01,9.544406127929687500e+01
4.117647171020507812e+01,2.734177207946777344e+01,9.553348541259765625e+01
4.159663772583007812e+01,2.734177207946777344e+01,9.564507293701171875e+01
4.201680755615234375e+01,2.734177207946777344e+01,9.577833557128906250e+01
4.243697357177734375e+01,2.734177207946777344e+01,9.593191528320312500e+01
4.285714340209960938e+01,2.734177207946777344e+01,9.610424804687500000e+01
4.327730941772460938e+01,2.734177207946777344e+01,9.629305267333984375e+01
4.369747924804687500e+01,2.734177207946777344e+01,9.649603271484375000e+01
4.411764526367187500e+01,2.734177207946777344e+01,9.671018218994140625e+01
4.453781509399414062e+01,2.734177207946777344e+01,9.693238830566406250e+01
4.495798492431640625e+01,2.734177207946777344e+01,9.715950775146484375e+01
4.537815093994140625e+01,2.734177207946777344e+01,9.738827514648437500e+01
4.579832077026367188e+01,2.734177207946777344e+01,9.761543273925781250e+01
4.621848678588867188e+01,2.734177207946777344e+01,9.783789825439453125e+01
4.663865661621093750e+01,2.734177207946777344e+01,9.805283355712890625e+01
4.705882263183593750e+01,2.734177207946777344e+01,9.825755310058593750e+01
4.747899246215820312e+01,2.734177207946777344e+01,9.845002746582031250e+01
4.789915847778320312e+01,2.734177207946777344e+01,9.862829589843750000e+01
4.831932830810546875e+01,2.734177207946777344e+01,9.879096221923828125e+01
4.873949432373046875e+01,2.734177207946777344e+01,9.893691253662109375e+01
4.915966415405273438e+01,2.734177207946777344e+01,9.906531524658203125e+01
4.957983016967773438e+01,2.734177207946777344e+01,9.917581939697265625e+01
5.000000000000000000e+01,2.734177207946777344e+01,9.926799011230468750e+01
0.000000000000000000e+00,2.772151947021484375e+01,1.193778076171875000e+02
4.201680719852447510e-01,2.772151947021484375e+01,1.194532012939453125e+02
8.403361439704895020e-01,2.772151947021484375e+01,1.196294479370117188e+02
1.260504245758056641e+00,2.772151947021484375e+01,1.199544677734375000e+02
1.680672287940979004e+00,2.772151947021484375e+01,1.204791488647460938e+02
2.100840330123901367e+00,2.772151947021484375e+01,1.212209091186523438e+02
2.521008491516113281e+00,2.772151947021484375e+01,1.221132965087890625e+02
2.941176414489746094e+00,2.772151947021484375e+01,1.229962997436523438e+02
3.361344575881958008e+00,2.772151947021484375e+01,1.236913146972656250e+02
3.781512498855590820e+00,2.772151947021484375e+01,1.240943374633789062e+02
4.201680660247802734e+00,2.772151947021484375e+01,1.241943817138671875e+02
4.621848583221435547e+00,2.772151947021484375e+01,1.240335235595703125e+02
5.042016983032226562e+00,2.772151947021484375e+01,1.236781616210937500e+02
5.462184906005859375e+00,2.772151947021484375e+01,1.232156677246093750e+02
5.882352828979492188e+00,2.772151947021484375e+01,1.227514495849609375e+02
6.302521228790283203e+00,2.772151947021484375e+01,1.223793411254882812e+02
6.722689151763916016e+00,2.772151947021484375e+01,1.221389236450195312e+02
7.142857074737548828e+00,2.772151947021484375e+01,1.220042266845703125e+02
7.563024997711181641e+00,2.772151947021484375e+01,1.219200744628906250e+02
7.983193397521972656e+00,2.772151947021484375e+01,1.218431243896484375e+02
8.403361320495605469e+00,2.772151947021484375e+01,1.217555465698242188e+02
8.823529243469238281e+00,2.772151947021484375e+01,1.216555557250976562e+02
9.243697166442871094e+00,2.772151947021484375e+01,1.215468292236328125e+02
9.663865089416503906e+00,2.772151947021484375e+01,1.214330596923828125e+02
1.008403396606445312e+01,2.772151947021484375e+01,1.213162078857421875e+02
1.050420188903808594e+01,2.772151947021484375e+01,1.211962280273437500e+02
1.092436981201171875e+01,2.772151947021484375e+01,1.210713500976562500e+02
1.134453773498535156e+01,2.772151947021484375e+01,1.209377136230468750e+02
1.176470565795898438e+01,2.772151947021484375e+01,1.207882232666015625e+02
1.218487358093261719e+01,2.772151947021484375e+01,1.206111831665039062e+02
1.260504245758056641e+01,2.772151947021484375e+01,1.203881301879882812e+02
1.302521038055419922e+01,2.772151947021484375e+01,1.200917053222656250e+02
1.344537830352783203e+01,2.772151947021484375e+01,1.196873016357421875e+02
1.386554622650146484e+01,2.772151947021484375e+01,1.191437988281250000e+02
1.428571414947509766e+01,2.772151947021484375e+01,1.184573898315429688e+02
1.470588207244873047e+01,2.772151947021484375e+01,1.176778182983398438e+02
1.512604999542236328e+01,2.772151947021484375e+01,1.169026565551757812e+02
1.554621887207031250e+01,2.772151947021484375e+01,1.162268295288085938e+02
1.596638679504394531e+01,2.772151947021484375e+01,1.156942901611328125e+02
1.638655471801757812e+01,2.772151947021484375e+01,1.152952423095703125e+02
1.680672264099121094e+01,2.772151947021484375e+01,1.149940872192382812e+02
1.722689056396484375e+01,2.772151947021484375e+01,1.147538909912109375e+02
1.764705848693847656e+01,2.772151947021484375e+01,1.145464172363281250e+02
1.806722640991210938e+01,2.772151947021484375e+01,1.143526840209960938e+02
1.848739433288574219e+01,2.772151947021484375e+01,1.141606903076171875e+02
1.890756225585937500e+01,2.772151947021484375e+01,1.139629821777343750e+02
1.932773017883300781e+01,2.772151947021484375e+01,1.137550430297851562e+02
1.974790000915527344e+01,2.772151947021484375e+01,1.135337371826171875e+02
2.016806793212890625e+01,2.772151947021484375e+01,1.132968063354492188e+02
2.058823585510253906e+01,2.772151947021484375e+01,1.130426406860351562e+02
2.100840377807617188e+01,2.772151947021484375e+01,1.127695770263671875e+02
2.142857170104980469e+01,2.772151947021484375e+01,1.124758224487304688e+02
2.184873962402343750e+01,2.772151947021484375e+01,1.121594009399414062e+02
2.226890754699707031e+01,2.772151947021484375e+01,1.118175888061523438e+02
2.268907546997070312e+01,2.772151947021484375e+01,1.114469451904296875e+02
2.310924339294433594e+01,2.772151947021484375e+01,1.110426864624023438e+02
2.352941131591796875e+01,2.772151947021484375e+01,1.105989608764648438e+02
2.394957923889160156e+01,2.772151947021484375e+01,1.101088485717773438e+02
2.436974716186523438e+01,2.772151947021484375e+01,1.095659332275390625e+02
2.478991508483886719e+01,2.772151947021484375e+01,1.089671783447265625e+02
2.521008491516113281e+01,2.772151947021484375e+01,1.083158950805664062e+02
2.563025283813476562e+01,2.772151947021484375e+01,1.076251831054687500e+02
2.605042076110839844e+01,2.772151947021484375e+01,1.069149093627929688e+02
2.647058868408203125e+01,2.772151947021484375e+01,1.062060394287109375e+02
2.689075660705566406e+01,2.772151947021484375e+01,1.055119247436523438e+02
2.731092453002929688e+01,2.772151947021484375e+01,1.048348922729492188e+02
2.773109245300292969e+01,2.772151947021484375e+01,1.041677703857421875e+02
2.815126037597656250e+01,2.772151947021484375e+01,1.034995117187500000e+02
2.857142829895019531e+01,2.772151947021484375e+01,1.028229904174804688e+02
2.899159622192382812e+01,2.772151947021484375e+01,1.021405105590820312e+02
2.941176414489746094e+01,2.772151947021484375e+01,1.014605331420898438e+02
2.983193206787109375e+01,2.772151947021484375e+01,1.007841720581054688e+02
3.025209999084472656e+01,2.772151947021484375e+01,1.000957489013671875e+02
3.067226982116699219e+01,2.772151947021484375e+01,9.936943054199218750e+01
3.109243774414062500e+01,2.772151947021484375e+01,9.859246826171875000e+01
3.151260566711425781e+01,2.772151947021484375e+01,9.778962707519531250e+01
3.193277359008789062e+01,2.772151947021484375e+01,9.702510833740234375e+01
3.235293960571289062e+01,2.772151947021484375e+01,9.637206268310546875e+01
3.277310943603515625e+01,2.772151947021484375e+01,9.587630462646484375e+01
3.319327545166015625e+01,2.772151947021484375e+01,9.554469299316406250e+01
3.361344528198242188e+01,2.772151947021484375e+01,9.535854339599609375e+01
3.403361511230468750e+01,2.772151947021484375e+01,9.528903961181640625e+01
3.445378112792968750e+01,2.772151947021484375e+01,9.530517578125000000e+01
3.487395095825195312e+01,2.772151947021484375e+01,9.537318420410156250e+01
3.529411697387695312e+01,2.772151947021484375e+01,9.545785522460937500e+01
3.571428680419921875e+01,2.772151947021484375e+01,9.552902221679687500e+01
3.613445281982421875e+01,2.772151947021484375e+01,9.556975555419921875e+01
3.655462265014648438e+01,2.772151947021484375e+01,9.557677459716796875e+01
3.697478866577148438e+01,2.772151947021484375e+01,9.555644989013671875e+01
3.739495849609375000e+01,2.772151947021484375e+01,9.551850128173828125e+01
3.781512451171875000e+01,2.772151947021484375e+01,9.547260284423828125e+01
3.823529434204101562e+01,2.772151947021484375e+01,9.542663574218750000e+01
3.865546035766601562e+01,2.772151947021484375e+01,9.538673400878906250e+01
3.907563018798828125e+01,2.772151947021484375e+01,9.535736083984375000e+01
3.949580001831054688e+01,2.772151947021484375e+01,9.534217071533203125e+01
3.991596603393554688e+01,2.772151947021484375e+01,9.534362792968750000e+01
4.033613586425781250e+01,2.772151947021484375e+01,9.536390686035156250e+01
4.075630187988281250e+01,2.772151947021484375e+01,9.540447998046875000e+01
4.117647171020507812e+01,2.772151947021484375e+01,9.546627807617187500e+01
4.159663772583007812e+01,2.772151947021484375e+01,9.554988861083984375e+01
4.201680755615234375e+01,2.772151947021484375e+01,9.565533447265625000e+01
4.243697357177734375e+01,2.772151947021484375e+01,9.578203582763671875e+01
4.285714340209960938e+01,2.772151947021484375e+01,9.592907714843750000e+01
4.327730941772460938e+01,2.772151947021484375e+01,9.609494781494140625e+01
4.369747924804687500e+01,2.772151947021484375e+01,9.627762603759765625e+01
4.411764526367187500e+01,2.772151947021484375e+01,9.647486877441406250e+01
4.453781509399414062e+01,2.772151947021484375e+01,9.668389892578125000e+01
4.495798492431640625e+01,2.772151947021484375e+01,9.690193176269531250e+01
4.537815093994140625e+01,2.772151947021484375e+01,9.712569427490234375e+01
4.579832077026367188e+01,2.772151947021484375e+01,9.735214996337890625e+01
4.621848678588867188e+01,2.772151947021484375e+01,9.757801818847656250e+01
4.663865661621093750e+01,2.772151947021484375e+01,9.780030822753906250e+01
4.705882263183593750e+01,2.772151947021484375e+01,9.801604461669921875e+01
4.747899246215820312e+01,2.772151947021484375e+01,9.822261047363281250e+01
4.789915847778320312e+01,2.772151947021484375e+01,9.841782379150390625e+01
4.831932830810546875e+01,2.772151947021484375e+01,9.859970855712890625e+01
4.873949432373046875e+01,2.772151947021484375e+01,9.876670837402343750e+01
4.915966415405273438e+01,2.772151947021484375e+01,9.891767120361328125e+01
4.957983016967773438e+01,2.772151947021484375e+01,9.905162048339843750e+01
5.000000000000000000e+01,2.772151947021484375e+01,9.916825866699218750e+01
0.000000000000000000e+00,2.810126495361328125e+01,1.194624252319335938e+02
4.201680719852447510e-01,2.810126495361328125e+01,1.195351333618164062e+02
8.403361439704895020e-01,2.810126495361328125e+01,1.197066497802734375e+02
1.260504245758056641e+00,2.810126495361328125e+01,1.200250701904296875e+02
1.680672287940979004e+00,2.810126495361328125e+01,1.205422439575195312e+02
2.100840330123901367e+00,2.810126495361328125e+01,1.212793579101562500e+02
2.521008491516113281e+00,2.810126495361328125e+01,1.221754455566406250e+02
2.941176414489746094e+00,2.810126495361328125e+01,1.230739212036132812e+02
3.361344575881958008e+00,2.810126495361328125e+01,1.237942199707031250e+02
3.781512498855590820e+00,2.810126495361328125e+01,1.242271881103515625e+02
4.201680660247802734e+00,2.810126495361328125e+01,1.243575210571289062e+02
4.621848583221435547e+00,2.810126495361328125e+01,1.242241744995117188e+02
5.042016983032226562e+00,2.810126495361328125e+01,1.238881149291992188e+02
5.462184906005859375e+00,2.810126495361328125e+01,1.234293670654296875e+02
5.882352828979492188e+00,2.810126495361328125e+01,1.229489212036132812e+02
6.302521228790283203e+00,2.810126495361328125e+01,1.225457611083984375e+02
6.722689151763916016e+00,2.810126495361328125e+01,1.222736434936523438e+02
7.142857074737548828e+00,2.810126495361328125e+01,1.221187744140625000e+02
7.563024997711181641e+00,2.810126495361328125e+01,1.220274963378906250e+02
7.983193397521972656e+00,2.810126495361328125e+01,1.219512939453125000e+02
8.403361320495605469e+00,2.810126495361328125e+01,1.218666610717773438e+02
8.823529243469238281e+00,2.810126495361328125e+01,1.217693023681640625e+02
9.243697166442871094e+00,2.810126495361328125e+01,1.216623992919921875e+02
9.663865089416503906e+00,2.810126495361328125e+01,1.215500183105468750e+02
1.008403396606445312e+01,2.810126495361328125e+01,1.214345626831054688e+02
1.050420188903808594e+01,2.810126495361328125e+01,1.213166122436523438e+02
1.092436981201171875e+01,2.810126495361328125e+01,1.211951904296875000e+02
1.134453773498535156e+01,2.810126495361328125e+01,1.210673065185546875e+02
1.176470565795898438e+01,2.810126495361328125e+01,1.209275131225585938e+02
1.218487358093261719e+01,2.810126495361328125e+01,1.207665100097656250e+02
1.260504245758056641e+01,2.810126495361328125e+01,1.205692062377929688e+02
1.302521038055419922e+01,2.810126495361328125e+01,1.203126068115234375e+02
1.344537830352783203e+01,2.810126495361328125e+01,1.199646453857421875e+02
1.386554622650146484e+01,2.810126495361328125e+01,1.194904556274414062e+02
1.428571414947509766e+01,2.810126495361328125e+01,1.188693084716796875e+02
1.470588207244873047e+01,2.810126495361328125e+01,1.181234664916992188e+02
1.512604999542236328e+01,2.810126495361328125e+01,1.173321685791015625e+02
1.554621887207031250e+01,2.810126495361328125e+01,1.165994720458984375e+02
1.596638679504394531e+01,2.810126495361328125e+01,1.159973907470703125e+02
1.638655471801757812e+01,2.810126495361328125e+01,1.155392074584960938e+02
1.680672264099121094e+01,2.810126495361328125e+01,1.151975860595703125e+02
1.722689056396484375e+01,2.810126495361328125e+01,1.149341125488281250e+02
1.764705848693847656e+01,2.810126495361328125e+01,1.147159194946289062e+02
1.806722640991210938e+01,2.810126495361328125e+01,1.145196609497070312e+02
1.848739433288574219e+01,2.810126495361328125e+01,1.143303298950195312e+02
1.890756225585937500e+01,2.810126495361328125e+01,1.141387023925781250e+02
1.932773017883300781e+01,2.810126495361328125e+01,1.139388580322265625e+02
1.974790000915527344e+01,2.810126495361328125e+01,1.137272262573242188e+02
2.016806793212890625e+01,2.810126495361328125e+01,1.135011520385742188e+02
2.058823585510253906e+01,2.810126495361328125e+01,1.132589416503906250e+02
2.100840377807617188e+01,2.810126495361328125e+01,1.129988784790039062e+02
2.142857170104980469e+01,2.810126495361328125e+01,1.127194137573242188e+02
2.184873962402343750e+01,2.810126495361328125e+01,1.124189300537109375e+02
2.226890754699707031e+01,2.810126495361328125e+01,1.120953521728515625e+02
2.268907546997070312e+01,2.810126495361328125e+01,1.117458953857421875e+02
2.310924339294433594e+01,2.810126495361328125e+01,1.113669967651367188e+02
2.352941131591796875e+01,2.810126495361328125e+01,1.109537124633789062e+02
2.394957923889160156e+01,2.810126495361328125e+01,1.105000152587890625e+02
2.436974716186523438e+01,2.810126495361328125e+01,1.099991226196289062e+02
2.478991508483886719e+01,2.810126495361328125e+01,1.094449005126953125e+02
2.521008491516113281e+01,2.810126495361328125e+01,1.088351745605468750e+02
2.563025283813476562e+01,2.810126495361328125e+01,1.081751403808593750e+02
2.605042076110839844e+01,2.810126495361328125e+01,1.074791259765625000e+02
2.647058868408203125e+01,2.810126495361328125e+01,1.067681350708007812e+02
2.689075660705566406e+01,2.810126495361328125e+01,1.060626602172851562e+02
2.731092453002929688e+01,2.810126495361328125e+01,1.053748626708984375e+02
2.773109245300292969e+01,2.810126495361328125e+01,1.047056503295898438e+02
2.815126037597656250e+01,2.810126495361328125e+01,1.040470428466796875e+02
2.857142829895019531e+01,2.810126495361328125e+01,1.033875885009765625e+02
2.899159622192382812e+01,2.810126495361328125e+01,1.027204666137695312e+02
2.941176414489746094e+01,2.810126495361328125e+01,1.020483551025390625e+02
2.983193206787109375e+01,2.810126495361328125e+01,1.013793869018554688e+02
3.025209999084472656e+01,2.810126495361328125e+01,1.007144622802734375e+02
3.067226982116699219e+01,2.810126495361328125e+01,1.000371551513671875e+02
3.109243774414062500e+01,2.810126495361328125e+01,9.932101440429687500e+01
3.151260566711425781e+01,2.810126495361328125e+01,9.855298614501953125e+01
3.193277359008789062e+01,2.810126495361328125e+01,9.775764465332031250e+01
3.235293960571289062e+01,2.810126495361328125e+01,9.699915313720703125e+01
3.277310943603515625e+01,2.810126495361328125e+01,9.635060119628906250e+01
3.319327545166015625e+01,2.810126495361328125e+01,9.585751342773437500e+01
3.361344528198242188e+01,2.810126495361328125e+01,9.552688598632812500e+01
3.403361511230468750e+01,2.810126495361328125e+01,9.533989715576171875e+01
3.445378112792968750e+01,2.810126495361328125e+01,9.526877593994140625e+01
3.487395095825195312e+01,2.810126495361328125e+01,9.528385925292968750e+01
3.529411697387695312e+01,2.810126495361328125e+01,9.535363006591796875e+01
3.571428680419921875e+01,2.810126495361328125e+01,9.544406127929687500e+01
3.613445281982421875e+01,2.810126495361328125e+01,9.552442169189453125e+01
3.655462265014648438e+01,2.810126495361328125e+01,9.557563781738281250e+01
3.697478866577148438e+01,2.810126495361328125e+01,9.559263610839843750e+01
3.739495849609375000e+01,2.810126495361328125e+01,9.558051300048828125e+01
3.781512451171875000e+01,2.810126495361328125e+01,9.554875183105468750e+01
3.823529434204101562e+01,2.810126495361328125e+01,9.550716400146484375e+01
3.865546035766601562e+01,2.810126495361328125e+01,9.546372222900390625e+01
3.907563018798828125e+01,2.810126495361328125e+01,9.542485809326171875e+01
3.949580001831054688e+01,2.810126495361328125e+01,9.539533233642578125e+01
3.991596603393554688e+01,2.810126495361328125e+01,9.537873077392578125e+01
4.033613586425781250e+01,2.810126495361328125e+01,9.537786865234375000e+01
4.075630187988281250e+01,2.810126495361328125e+01,9.539482879638671875e+01
4.117647171020507812e+01,2.810126495361328125e+01,9.543113708496093750e+01
4.159663772583007812e+01,2.810126495361328125e+01,9.548803710937500000e+01
4.201680755615234375e+01,2.810126495361328125e+01,9.556610870361328125e+01
4.243697357177734375e+01,2.810126495361328125e+01,9.566550445556640625e+01
4.285714340209960938e+01,2.810126495361328125e+01,9.578591918945312500e+01
4.327730941772460938e+01,2.810126495361328125e+01,9.592651367187500000e+01
4.369747924804687500e+01,2.810126495361328125e+01,9.608591461181640625e+01
4.411764526367187500e+01,2.810126495361328125e+01,9.626247406005859375e+01
4.453781509399414062e+01,2.810126495361328125e+01,9.645394134521484375e+01
4.495798492431640625e+01,2.810126495361328125e+01,9.665785980224609375e+01
4.537815093994140625e+01,2.810126495361328125e+01,9.687144470214843750e+01
4.579832077026367188e+01,2.810126495361328125e+01,9.709165954589843750e+01
4.621848678588867188e+01,2.810126495361328125e+01,9.731548309326171875e+01
4.663865661621093750e+01,2.810126495361328125e+01,9.753977966308593750e+01
4.705882263183593750e+01,2.810126495361328125e+01,9.776151275634765625e+01
4.747899246215820312e+01,2.810126495361328125e+01,9.797772216796875000e+01
4.789915847778320312e+01,2.810126495361328125e+01,9.818579864501953125e+01
4.831932830810546875e+01,2.810126495361328125e+01,9.838348388671875000e+01
4.873949432373046875e+01,2.810126495361328125e+01,9.856858825683593750e+01
4.915966415405273438e+01,2.810126495361328125e+01,9.873963165283203125e+01
4.957983016967773438e+01,2.810126495361328125e+01,9.889521789550781250e+01
5.000000000000000000e+01,2.810126495361328125e+01,9.903447723388671875e+01
0.000000000000000000e+00,2.848101234436035156e+01,1.195432281494140625e+02
4.201680719852447510e-01,2.848101234436035156e+01,1.196131362915039062e+02
8.403361439704895020e-01,2.848101234436035156e+01,1.197799072265625000e+02
1.260504245758056641e+00,2.848101234436035156e+01,1.200915374755859375e+02
1.680672287940979004e+00,2.848101234436035156e+01,1.206009445190429688e+02
2.100840330123901367e+00,2.848101234436035156e+01,1.213326950073242188e+02
2.521008491516113281e+00,2.848101234436035156e+01,1.222313232421875000e+02
2.941176414489746094e+00,2.848101234436035156e+01,1.231441268920898438e+02
3.361344575881958008e+00,2.848101234436035156e+01,1.238885879516601562e+02
3.781512498855590820e+00,2.848101234436035156e+01,1.243505249023437500e+02
4.201680660247802734e+00,2.848101234436035156e+01,1.245107803344726562e+02
4.621848583221435547e+00,2.848101234436035156e+01,1.244053268432617188e+02
5.042016983032226562e+00,2.848101234436035156e+01,1.240906677246093750e+02
5.462184906005859375e+00,2.848101234436035156e+01,1.236396636962890625e+02
5.882352828979492188e+00,2.848101234436035156e+01,1.231470031738281250e+02
6.302521228790283203e+00,2.848101234436035156e+01,1.227149353027343750e+02
6.722689151763916016e+00,2.848101234436035156e+01,1.224097442626953125e+02
7.142857074737548828e+00,2.848101234436035156e+01,1.222313232421875000e+02
7.563024997711181641e+00,2.848101234436035156e+01,1.221303558349609375e+02
7.983193397521972656e+00,2.848101234436035156e+01,1.220536270141601562e+02
8.403361320495605469e+00,2.848101234436035156e+01,1.219717712402343750e+02
8.823529243469238281e+00,2.848101234436035156e+01,1.218771743774414062e+02
9.243697166442871094e+00,2.848101234436035156e+01,1.217722625732421875e+02
9.663865089416503906e+00,2.848101234436035156e+01,1.216611785888671875e+02
1.008403396606445312e+01,2.848101234436035156e+01,1.215469512939453125e+02
1.050420188903808594e+01,2.848101234436035156e+01,1.214306793212890625e+02
1.092436981201171875e+01,2.848101234436035156e+01,1.213119812011718750e+02
1.134453773498535156e+01,2.848101234436035156e+01,1.211887130737304688e+02
1.176470565795898438e+01,2.848101234436035156e+01,1.210565719604492188e+02
1.218487358093261719e+01,2.848101234436035156e+01,1.209081954956054688e+02
1.260504245758056641e+01,2.848101234436035156e+01,1.207316131591796875e+02
1.302521038055419922e+01,2.848101234436035156e+01,1.205077056884765625e+02
1.344537830352783203e+01,2.848101234436035156e+01,1.202084655761718750e+02
1.386554622650146484e+01,2.848101234436035156e+01,1.197989883422851562e+02
1.428571414947509766e+01,2.848101234436035156e+01,1.192483215332031250e+02
1.470588207244873047e+01,2.848101234436035156e+01,1.185550308227539062e+02
1.512604999542236328e+01,2.848101234436035156e+01,1.177721252441406250e+02
1.554621887207031250e+01,2.848101234436035156e+01,1.169990768432617188e+02
1.596638679504394531e+01,2.848101234436035156e+01,1.163297958374023438e+02
1.638655471801757812e+01,2.848101234436035156e+01,1.158053970336914062e+02
1.680672264099121094e+01,2.848101234436035156e+01,1.154140472412109375e+02
1.722689056396484375e+01,2.848101234436035156e+01,1.151196136474609375e+02
1.764705848693847656e+01,2.848101234436035156e+01,1.148851242065429688e+02
1.806722640991210938e+01,2.848101234436035156e+01,1.146828308105468750e+02
1.848739433288574219e+01,2.848101234436035156e+01,1.144939956665039062e+02
1.890756225585937500e+01,2.848101234436035156e+01,1.143068923950195312e+02
1.932773017883300781e+01,2.848101234436035156e+01,1.141142120361328125e+02
1.974790000915527344e+01,2.848101234436035156e+01,1.139114227294921875e+02
2.016806793212890625e+01,2.848101234436035156e+01,1.136956100463867188e+02
2.058823585510253906e+01,2.848101234436035156e+01,1.134646224975585938e+02
2.100840377807617188e+01,2.848101234436035156e+01,1.132167739868164062e+02
2.142857170104980469e+01,2.848101234436035156e+01,1.129506683349609375e+02
2.184873962402343750e+01,2.848101234436035156e+01,1.126648712158203125e+02
2.226890754699707031e+01,2.848101234436035156e+01,1.123575668334960938e+02
2.268907546997070312e+01,2.848101234436035156e+01,1.120268478393554688e+02
2.310924339294433594e+01,2.848101234436035156e+01,1.116696777343750000e+02
2.352941131591796875e+01,2.848101234436035156e+01,1.112824325561523438e+02
2.394957923889160156e+01,2.848101234436035156e+01,1.108600006103515625e+02
2.436974716186523438e+01,2.848101234436035156e+01,1.103963165283203125e+02
2.478991508483886719e+01,2.848101234436035156e+01,1.098845748901367188e+02
2.521008491516113281e+01,2.848101234436035156e+01,1.093191452026367188e+02
2.563025283813476562e+01,2.848101234436035156e+01,1.086989288330078125e+02
2.605042076110839844e+01,2.848101234436035156e+01,1.080305480957031250e+02
2.647058868408203125e+01,2.848101234436035156e+01,1.073301391601562500e+02
2.689075660705566406e+01,2.848101234436035156e+01,1.066193237304687500e+02
2.731092453002929688e+01,2.848101234436035156e+01,1.059179687500000000e+02
2.773109245300292969e+01,2.848101234436035156e+01,1.052369232177734375e+02
2.815126037597656250e+01,2.848101234436035156e+01,1.045759658813476562e+02
2.857142829895019531e+01,2.848101234436035156e+01,1.039261550903320312e+02
2.899159622192382812e+01,2.848101234436035156e+01,1.032758407592773438e+02
2.941176414489746094e+01,2.848101234436035156e+01,1.026183471679687500e+02
2.983193206787109375e+01,2.848101234436035156e+01,1.019565734863281250e+02
3.025209999084472656e+01,2.848101234436035156e+01,1.012988357543945312e+02
3.067226982116699219e+01,2.848101234436035156e+01,1.006453781127929688e+02
3.109243774414062500e+01,2.848101234436035156e+01,9.997921752929687500e+01
3.151260566711425781e+01,2.848101234436035156e+01,9.927319335937500000e+01
3.193277359008789062e+01,2.848101234436035156e+01,9.851403045654296875e+01
3.235293960571289062e+01,2.848101234436035156e+01,9.772618865966796875e+01
3.277310943603515625e+01,2.848101234436035156e+01,9.697367095947265625e+01
3.319327545166015625e+01,2.848101234436035156e+01,9.632955932617187500e+01
3.361344528198242188e+01,2.848101234436035156e+01,9.583937072753906250e+01
3.403361511230468750e+01,2.848101234436035156e+01,9.550975799560546875e+01
3.445378112792968750e+01,2.848101234436035156e+01,9.532217407226562500e+01
3.487395095825195312e+01,2.848101234436035156e+01,9.524919891357421875e+01
3.529411697387695312e+01,2.848101234436035156e+01,9.526282501220703125e+01
3.571428680419921875e+01,2.848101234436035156e+01,9.533348846435546875e+01
3.613445281982421875e+01,2.848101234436035156e+01,9.542868041992187500e+01
3.655462265014648438e+01,2.848101234436035156e+01,9.551745605468750000e+01
3.697478866577148438e+01,2.848101234436035156e+01,9.557882690429687500e+01
3.739495849609375000e+01,2.848101234436035156e+01,9.560572052001953125e+01
3.781512451171875000e+01,2.848101234436035156e+01,9.560193634033203125e+01
3.823529434204101562e+01,2.848101234436035156e+01,9.557659149169921875e+01
3.865546035766601562e+01,2.848101234436035156e+01,9.553936767578125000e+01
3.907563018798828125e+01,2.848101234436035156e+01,9.549860382080078125e+01
3.949580001831054688e+01,2.848101234436035156e+01,9.546108245849609375e+01
3.991596603393554688e+01,2.848101234436035156e+01,9.543159484863281250e+01
4.033613586425781250e+01,2.848101234436035156e+01,9.541384887695312500e+01
4.075630187988281250e+01,2.848101234436035156e+01,9.541084289550781250e+01
4.117647171020507812e+01,2.848101234436035156e+01,9.542462921142578125e+01
4.159663772583007812e+01,2.848101234436035156e+01,9.545707702636718750e+01
4.201680755615234375e+01,2.848101234436035156e+01,9.550934600830078125e+01
4.243697357177734375e+01,2.848101234436035156e+01,9.558206176757812500e+01
4.285714340209960938e+01,2.848101234436035156e+01,9.567572021484375000e+01
4.327730941772460938e+01,2.848101234436035156e+01,9.578998565673828125e+01
4.369747924804687500e+01,2.848101234436035156e+01,9.592422485351562500e+01
4.411764526367187500e+01,2.848101234436035156e+01,9.607735443115234375e+01
4.453781509399414062e+01,2.848101234436035156e+01,9.624774169921875000e+01
4.495798492431640625e+01,2.848101234436035156e+01,9.643342590332031250e+01
4.537815093994140625e+01,2.848101234436035156e+01,9.663204956054687500e+01
4.579832077026367188e+01,2.848101234436035156e+01,9.684101104736328125e+01
4.621848678588867188e+01,2.848101234436035156e+01,9.705744934082031250e+01
4.663865661621093750e+01,2.848101234436035156e+01,9.727841186523437500e+01
4.705882263183593750e+01,2.848101234436035156e+01,9.750080871582031250e+01
4.747899246215820312e+01,2.848101234436035156e+01,9.772166442871093750e+01
4.789915847778320312e+01,2.848101234436035156e+01,9.793807220458984375e+01
4.831932830810546875e+01,2.848101234436035156e+01,9.814736938476562500e+01
4.873949432373046875e+01,2.848101234436035156e+01,9.834708404541015625e+01
4.915966415405273438e+01,2.848101234436035156e+01,9.853517150878906250e+01
4.957983016967773438e+01,2.848101234436035156e+01,9.870987701416015625e+01
5.000000000000000000e+01,2.848101234436035156e+01,9.886989593505859375e+01
0.000000000000000000e+00,2.886075973510742188e+01,1.196200942993164062e+02
4.201680719852447510e-01,2.886075973510742188e+01,1.196872482299804688e+02
8.403361439704895020e-01,2.886075973510742188e+01,1.198493804931640625e+02
1.260504245758056641e+00,2.886075973510742188e+01,1.201540832519531250e+02
1.680672287940979004e+00,2.886075973510742188e+01,1.206554183959960938e+02
2.100840330123901367e+00,2.886075973510742188e+01,1.213811874389648438e+02
2.521008491516113281e+00,2.886075973510742188e+01,1.222814559936523438e+02
2.941176414489746094e+00,2.886075973510742188e+01,1.232073287963867188e+02
3.361344575881958008e+00,2.886075973510742188e+01,1.239747467041015625e+02
3.781512498855590820e+00,2.886075973510742188e+01,1.244648361206054688e+02
4.201680660247802734e+00,2.886075973510742188e+01,1.246543045043945312e+02
4.621848583221435547e+00,2.886075973510742188e+01,1.245769424438476562e+02
5.042016983032226562e+00,2.886075973510742188e+01,1.242853775024414062e+02
5.462184906005859375e+00,2.886075973510742188e+01,1.238454666137695312e+02
5.882352828979492188e+00,2.886075973510742188e+01,1.233452911376953125e+02
6.302521228790283203e+00,2.886075973510742188e+01,1.228869094848632812e+02
6.722689151763916016e+00,2.886075973510742188e+01,1.225479888916015625e+02
7.142857074737548828e+00,2.886075973510742188e+01,1.223430480957031250e+02
7.563024997711181641e+00,2.886075973510742188e+01,1.222292861938476562e+02
7.983193397521972656e+00,2.886075973510742188e+01,1.221506271362304688e+02
8.403361320495605469e+00,2.886075973510742188e+01,1.220711441040039062e+02
8.823529243469238281e+00,2.886075973510742188e+01,1.219794464111328125e+02
9.243697166442871094e+00,2.886075973510742188e+01,1.218765945434570312e+02
9.663865089416503906e+00,2.886075973510742188e+01,1.217669219970703125e+02
1.008403396606445312e+01,2.886075973510742188e+01,1.216538085937500000e+02
1.050420188903808594e+01,2.886075973510742188e+01,1.215389480590820312e+02
1.092436981201171875e+01,2.886075973510742188e+01,1.214222869873046875e+02
1.134453773498535156e+01,2.886075973510742188e+01,1.213026123046875000e+02
1.176470565795898438e+01,2.886075973510742188e+01,1.211764678955078125e+02
1.218487358093261719e+01,2.886075973510742188e+01,1.210381622314453125e+02
1.260504245758056641e+01,2.886075973510742188e+01,1.208781051635742188e+02
1.302521038055419922e+01,2.886075973510742188e+01,1.206807937622070312e+02
1.344537830352783203e+01,2.886075973510742188e+01,1.204225234985351562e+02
1.386554622650146484e+01,2.886075973510742188e+01,1.200708084106445312e+02
1.428571414947509766e+01,2.886075973510742188e+01,1.195904922485351562e+02
1.470588207244873047e+01,2.886075973510742188e+01,1.189621887207031250e+02
1.512604999542236328e+01,2.886075973510742188e+01,1.182112579345703125e+02
1.554621887207031250e+01,2.886075973510742188e+01,1.174196472167968750e+02
1.596638679504394531e+01,2.886075973510742188e+01,1.166920242309570312e+02
1.638655471801757812e+01,2.886075973510742188e+01,1.160979919433593750e+02
1.680672264099121094e+01,2.886075973510742188e+01,1.156480178833007812e+02
1.722689056396484375e+01,2.886075973510742188e+01,1.153137664794921875e+02
1.764705848693847656e+01,2.886075973510742188e+01,1.150566101074218750e+02
1.806722640991210938e+01,2.886075973510742188e+01,1.148438262939453125e+02
1.848739433288574219e+01,2.886075973510742188e+01,1.146526489257812500e+02
1.890756225585937500e+01,2.886075973510742188e+01,1.144682312011718750e+02
1.932773017883300781e+01,2.886075973510742188e+01,1.142815475463867188e+02
1.974790000915527344e+01,2.886075973510742188e+01,1.140868453979492188e+02
2.016806793212890625e+01,2.886075973510742188e+01,1.138805770874023438e+02
2.058823585510253906e+01,2.886075973510742188e+01,1.136602172851562500e+02
2.100840377807617188e+01,2.886075973510742188e+01,1.134240493774414062e+02
2.142857170104980469e+01,2.886075973510742188e+01,1.131705169677734375e+02
2.184873962402343750e+01,2.886075973510742188e+01,1.128983230590820312e+02
2.226890754699707031e+01,2.886075973510742188e+01,1.126060638427734375e+02
2.268907546997070312e+01,2.886075973510742188e+01,1.122920074462890625e+02
2.310924339294433594e+01,2.886075973510742188e+01,1.119540100097656250e+02
2.352941131591796875e+01,2.886075973510742188e+01,1.115890884399414062e+02
2.394957923889160156e+01,2.886075973510742188e+01,1.111934280395507812e+02
2.436974716186523438e+01,2.886075973510742188e+01,1.107618255615234375e+02
2.478991508483886719e+01,2.886075973510742188e+01,1.102880325317382812e+02
2.521008491516113281e+01,2.886075973510742188e+01,1.097653808593750000e+02
2.563025283813476562e+01,2.886075973510742188e+01,1.091888580322265625e+02
2.605042076110839844e+01,2.886075973510742188e+01,1.085584030151367188e+02
2.647058868408203125e+01,2.886075973510742188e+01,1.078824462890625000e+02
2.689075660705566406e+01,2.886075973510742188e+01,1.071785049438476562e+02
2.731092453002929688e+01,2.886075973510742188e+01,1.064686889648437500e+02
2.773109245300292969e+01,2.886075973510742188e+01,1.057722549438476562e+02
2.815126037597656250e+01,2.886075973510742188e+01,1.050985641479492188e+02
2.857142829895019531e+01,2.886075973510742188e+01,1.044461975097656250e+02
2.899159622192382812e+01,2.886075973510742188e+01,1.038053054809570312e+02
2.941176414489746094e+01,2.886075973510742188e+01,1.031643600463867188e+02
2.983193206787109375e+01,2.886075973510742188e+01,1.025167160034179688e+02
3.025209999084472656e+01,2.886075973510742188e+01,1.018655548095703125e+02
3.067226982116699219e+01,2.886075973510742188e+01,1.012191162109375000e+02
3.109243774414062500e+01,2.886075973510742188e+01,1.005772094726562500e+02
3.151260566711425781e+01,2.886075973510742188e+01,9.992207336425781250e+01
3.193277359008789062e+01,2.886075973510742188e+01,9.922620391845703125e+01
3.235293960571289062e+01,2.886075973510742188e+01,9.847575378417968750e+01
3.277310943603515625e+01,2.886075973510742188e+01,9.769529724121093750e+01
3.319327545166015625e+01,2.886075973510742188e+01,9.694870758056640625e+01
3.361344528198242188e+01,2.886075973510742188e+01,9.630917358398437500e+01
3.403361511230468750e+01,2.886075973510742188e+01,9.582182312011718750e+01
3.445378112792968750e+01,2.886075973510742188e+01,9.549340820312500000e+01
3.487395095825195312e+01,2.886075973510742188e+01,9.530517578125000000e+01
3.529411697387695312e+01,2.886075973510742188e+01,9.523040008544921875e+01
3.571428680419921875e+01,2.886075973510742188e+01,9.524224853515625000e+01
3.613445281982421875e+01,2.886075973510742188e+01,9.531298828125000000e+01
3.655462265014648438e+01,2.886075973510742188e+01,9.541202545166015625e+01
3.697478866577148438e+01,2.886075973510742188e+01,9.550834655761718750e+01
3.739495849609375000e+01,2.886075973510742188e+01,9.557942199707031250e+01
3.781512451171875000e+01,2.886075973510742188e+01,9.561615753173828125e+01
3.823529434204101562e+01,2.886075973510742188e+01,9.562081146240234375e+01
3.865546035766601562e+01,2.886075973510742188e+01,9.560193634033203125e+01
3.907563018798828125e+01,2.886075973510742188e+01,9.556929779052734375e+01
3.949580001831054688e+01,2.886075973510742188e+01,9.553157806396484375e+01
3.991596603393554688e+01,2.886075973510742188e+01,9.549541473388671875e+01
4.033613586425781250e+01,2.886075973510742188e+01,9.546614074707031250e+01
4.075630187988281250e+01,2.886075973510742188e+01,9.544752502441406250e+01
4.117647171020507812e+01,2.886075973510742188e+01,9.544251251220703125e+01
4.159663772583007812e+01,2.886075973510742188e+01,9.545357513427734375e+01
4.201680755615234375e+01,2.886075973510742188e+01,9.548234558105468750e+01
4.243697357177734375e+01,2.886075973510742188e+01,9.553016662597656250e+01
4.285714340209960938e+01,2.886075973510742188e+01,9.559783172607421875e+01
4.327730941772460938e+01,2.886075973510742188e+01,9.568589782714843750e+01
4.369747924804687500e+01,2.886075973510742188e+01,9.579422760009765625e+01
4.411764526367187500e+01,2.886075973510742188e+01,9.592235565185546875e+01
4.453781509399414062e+01,2.886075973510742188e+01,9.606924438476562500e+01
4.495798492431640625e+01,2.886075973510742188e+01,9.623347473144531250e+01
4.537815093994140625e+01,2.886075973510742188e+01,9.641333770751953125e+01
4.579832077026367188e+01,2.886075973510742188e+01,9.660662078857421875e+01
4.621848678588867188e+01,2.886075973510742188e+01,9.681085968017578125e+01
4.663865661621093750e+01,2.886075973510742188e+01,9.702330017089843750e+01
4.705882263183593750e+01,2.886075973510742188e+01,9.724108123779296875e+01
4.747899246215820312e+01,2.886075973510742188e+01,9.746134948730468750e+01
4.789915847778320312e+01,2.886075973510742188e+01,9.768099212646484375e+01
4.831932830810546875e+01,2.886075973510742188e+01,9.789726257324218750e+01
4.873949432373046875e+01,2.886075973510742188e+01,9.810736846923828125e+01
4.915966415405273438e+01,2.886075973510742188e+01,9.830891418457031250e+01
4.957983016967773438e+01,2.886075973510742188e+01,9.849961090087890625e+01
5.000000000000000000e+01,2.886075973510742188e+01,9.867782592773437500e+01
0.000000000000000000e+00,2.924050712585449219e+01,1.196932983398437500e+02
4.201680719852447510e-01,2.924050712585449219e+01,1.197577514648437500e+02
8.403361439704895020e-01,2.924050712585449219e+01,1.199152374267578125e+02
1.260504245758056641e+00,2.924050712585449219e+01,1.202129974365234375e+02
1.680672287940979004e+00,2.924050712585449219e+01,1.207060012817382812e+02
2.100840330123901367e+00,2.924050712585449219e+01,1.214252395629882812e+02
2.521008491516113281e+00,2.924050712585449219e+01,1.223260726928710938e+02
2.941176414489746094e+00,2.924050712585449219e+01,1.232637405395507812e+02
3.361344575881958008e+00,2.924050712585449219e+01,1.240532226562500000e+02
3.781512498855590820e+00,2.924050712585449219e+01,1.245705871582031250e+02
4.201680660247802734e+00,2.924050712585449219e+01,1.247886505126953125e+02
4.621848583221435547e+00,2.924050712585449219e+01,1.247391586303710938e+02
5.042016983032226562e+00,2.924050712585449219e+01,1.244718399047851562e+02
5.462184906005859375e+00,2.924050712585449219e+01,1.240462951660156250e+02
5.882352828979492188e+00,2.924050712585449219e+01,1.235428924560546875e+02
6.302521228790283203e+00,2.924050712585449219e+01,1.230617141723632812e+02
6.722689151763916016e+00,2.924050712585449219e+01,1.226891860961914062e+02
7.142857074737548828e+00,2.924050712585449219e+01,1.224548721313476562e+02
7.563024997711181641e+00,2.924050712585449219e+01,1.223252563476562500e+02
7.983193397521972656e+00,2.924050712585449219e+01,1.222425155639648438e+02
8.403361320495605469e+00,2.924050712585449219e+01,1.221649551391601562e+02
8.823529243469238281e+00,2.924050712585449219e+01,1.220762100219726562e+02
9.243697166442871094e+00,2.924050712585449219e+01,1.219757232666015625e+02
9.663865089416503906e+00,2.924050712585449219e+01,1.218675308227539062e+02
1.008403396606445312e+01,2.924050712585449219e+01,1.217554321289062500e+02
1.050420188903808594e+01,2.924050712585449219e+01,1.216417465209960938e+02
1.092436981201171875e+01,2.924050712585449219e+01,1.215267791748046875e+02
1.134453773498535156e+01,2.924050712585449219e+01,1.214097824096679688e+02
1.176470565795898438e+01,2.924050712585449219e+01,1.212883834838867188e+02
1.218487358093261719e+01,2.924050712585449219e+01,1.211579742431640625e+02
1.260504245758056641e+01,2.924050712585449219e+01,1.210110931396484375e+02
1.302521038055419922e+01,2.924050712585449219e+01,1.208352279663085938e+02
1.344537830352783203e+01,2.924050712585449219e+01,1.206106643676757812e+02
1.386554622650146484e+01,2.924050712585449219e+01,1.203088760375976562e+02
1.428571414947509766e+01,2.924050712585449219e+01,1.198944244384765625e+02
1.470588207244873047e+01,2.924050712585449219e+01,1.193370590209960938e+02
1.512604999542236328e+01,2.924050712585449219e+01,1.186374816894531250e+02
1.554621887207031250e+01,2.924050712585449219e+01,1.178520660400390625e+02
1.596638679504394531e+01,2.924050712585449219e+01,1.170820083618164062e+02
1.638655471801757812e+01,2.924050712585449219e+01,1.164199142456054688e+02
1.680672264099121094e+01,2.924050712585449219e+01,1.159041748046875000e+02
1.722689056396484375e+01,2.924050712585449219e+01,1.155209197998046875e+02
1.764705848693847656e+01,2.924050712585449219e+01,1.152332992553710938e+02
1.806722640991210938e+01,2.924050712585449219e+01,1.150047225952148438e+02
1.848739433288574219e+01,2.924050712585449219e+01,1.148076934814453125e+02
1.890756225585937500e+01,2.924050712585449219e+01,1.146239013671875000e+02
1.932773017883300781e+01,2.924050712585449219e+01,1.144417037963867188e+02
1.974790000915527344e+01,2.924050712585449219e+01,1.142541427612304688e+02
2.016806793212890625e+01,2.924050712585449219e+01,1.140566558837890625e+02
2.058823585510253906e+01,2.924050712585449219e+01,1.138463211059570312e+02
2.100840377807617188e+01,2.924050712585449219e+01,1.136212005615234375e+02
2.142857170104980469e+01,2.924050712585449219e+01,1.133796005249023438e+02
2.184873962402343750e+01,2.924050712585449219e+01,1.131203384399414062e+02
2.226890754699707031e+01,2.924050712585449219e+01,1.128419723510742188e+02
2.268907546997070312e+01,2.924050712585449219e+01,1.125432052612304688e+02
2.310924339294433594e+01,2.924050712585449219e+01,1.122222061157226562e+02
2.352941131591796875e+01,2.924050712585449219e+01,1.118769454956054688e+02
2.394957923889160156e+01,2.924050712585449219e+01,1.115041961669921875e+02
2.436974716186523438e+01,2.924050712585449219e+01,1.111000976562500000e+02
2.478991508483886719e+01,2.924050712585449219e+01,1.106592025756835938e+02
2.521008491516113281e+01,2.924050712585449219e+01,1.101752319335937500e+02
2.563025283813476562e+01,2.924050712585449219e+01,1.096417160034179688e+02
2.605042076110839844e+01,2.924050712585449219e+01,1.090542449951171875e+02
2.647058868408203125e+01,2.924050712585449219e+01,1.084140701293945312e+02
2.689075660705566406e+01,2.924050712585449219e+01,1.077312088012695312e+02
2.731092453002929688e+01,2.924050712585449219e+01,1.070245819091796875e+02
2.773109245300292969e+01,2.924050712585449219e+01,1.063166961669921875e+02
2.815126037597656250e+01,2.924050712585449219e+01,1.056257934570312500e+02
2.857142829895019531e+01,2.924050712585449219e+01,1.049599380493164062e+02
2.899159622192382812e+01,2.924050712585449219e+01,1.043163909912109375e+02
2.941176414489746094e+01,2.924050712585449219e+01,1.036848983764648438e+02
2.983193206787109375e+01,2.924050712585449219e+01,1.030534439086914062e+02
3.025209999084472656e+01,2.924050712585449219e+01,1.024157714843750000e+02
3.067226982116699219e+01,2.924050712585449219e+01,1.017753982543945312e+02
3.109243774414062500e+01,2.924050712585449219e+01,1.011403274536132812e+02
3.151260566711425781e+01,2.924050712585449219e+01,1.005099945068359375e+02
3.193277359008789062e+01,2.924050712585449219e+01,9.986591339111328125e+01
3.235293960571289062e+01,2.924050712585449219e+01,9.918007659912109375e+01
3.277310943603515625e+01,2.924050712585449219e+01,9.843829345703125000e+01
3.319327545166015625e+01,2.924050712585449219e+01,9.766497039794921875e+01
3.361344528198242188e+01,2.924050712585449219e+01,9.692439270019531250e+01
3.403361511230468750e+01,2.924050712585449219e+01,9.628928375244140625e+01
3.445378112792968750e+01,2.924050712585449219e+01,9.580491638183593750e+01
3.487395095825195312e+01,2.924050712585449219e+01,9.547774505615234375e+01
3.529411697387695312e+01,2.924050712585449219e+01,9.528917694091796875e+01
3.571428680419921875e+01,2.924050712585449219e+01,9.521260070800781250e+01
3.613445281982421875e+01,2.924050712585449219e+01,9.522218322753906250e+01
3.655462265014648438e+01,2.924050712585449219e+01,9.529240417480468750e+01
3.697478866577148438e+01,2.924050712585449219e+01,9.539419555664062500e+01
3.739495849609375000e+01,2.924050712585449219e+01,9.549732971191406250e+01
3.781512451171875000e+01,2.924050712585449219e+01,9.557769012451171875e+01
3.823529434204101562e+01,2.924050712585449219e+01,9.562404632568359375e+01
3.865546035766601562e+01,2.924050712585449219e+01,9.563718414306640625e+01
3.907563018798828125e+01,2.924050712585449219e+01,9.562500762939453125e+01
3.949580001831054688e+01,2.924050712585449219e+01,9.559719085693359375e+01
3.991596603393554688e+01,2.924050712585449219e+01,9.556246185302734375e+01
4.033613586425781250e+01,2.924050712585449219e+01,9.552802276611328125e+01
4.075630187988281250e+01,2.924050712585449219e+01,9.549905395507812500e+01
4.117647171020507812e+01,2.924050712585449219e+01,9.547975158691406250e+01
4.159663772583007812e+01,2.924050712585449219e+01,9.547310638427734375e+01
4.201680755615234375e+01,2.924050712585449219e+01,9.548157501220703125e+01
4.243697357177734375e+01,2.924050712585449219e+01,9.550684356689453125e+01
4.285714340209960938e+01,2.924050712585449219e+01,9.555048370361328125e+01
4.327730941772460938e+01,2.924050712585449219e+01,9.561342620849609375e+01
4.369747924804687500e+01,2.924050712585449219e+01,9.569607543945312500e+01
4.411764526367187500e+01,2.924050712585449219e+01,9.579866027832031250e+01
4.453781509399414062e+01,2.924050712585449219e+01,9.592075347900390625e+01
4.495798492431640625e+01,2.924050712585449219e+01,9.606150054931640625e+01
4.537815093994140625e+01,2.924050712585449219e+01,9.621970367431640625e+01
4.579832077026367188e+01,2.924050712585449219e+01,9.639375305175781250e+01
4.621848678588867188e+01,2.924050712585449219e+01,9.658164978027343750e+01
4.663865661621093750e+01,2.924050712585449219e+01,9.678095245361328125e+01
4.705882263183593750e+01,2.924050712585449219e+01,9.698925781250000000e+01
4.747899246215820312e+01,2.924050712585449219e+01,9.720371246337890625e+01
4.789915847778320312e+01,2.924050712585449219e+01,9.742147827148437500e+01
4.831932830810546875e+01,2.924050712585449219e+01,9.763964080810546875e+01
4.873949432373046875e+01,2.924050712585449219e+01,9.785544586181640625e+01
4.915966415405273438e+01,2.924050712585449219e+01,9.806610870361328125e+01
4.957983016967773438e+01,2.924050712585449219e+01,9.826908111572265625e+01
5.000000000000000000e+01,2.924050712585449219e+01,9.846218872070312500e+01
0.000000000000000000e+00,2.962025260925292969e+01,1.197630004882812500e+02
4.201680719852447510e-01,2.962025260925292969e+01,1.198248138427734375e+02
8.403361439704895020e-01,2.962025260925292969e+01,1.199775238037109375e+02
1.260504245758056641e+00,2.962025260925292969e+01,1.202684402465820312e+02
1.680672287940979004e+00,2.962025260925292969e+01,1.207529754638671875e+02
2.100840330123901367e+00,2.962025260925292969e+01,1.214650268554687500e+02
2.521008491516113281e+00,2.962025260925292969e+01,1.223653945922851562e+02
2.941176414489746094e+00,2.962025260925292969e+01,1.233138275146484375e+02
3.361344575881958008e+00,2.962025260925292969e+01,1.241242828369140625e+02
3.781512498855590820e+00,2.962025260925292969e+01,1.246680984497070312e+02
4.201680660247802734e+00,2.962025260925292969e+01,1.249140319824218750e+02
4.621848583221435547e+00,2.962025260925292969e+01,1.248921127319335938e+02
5.042016983032226562e+00,2.962025260925292969e+01,1.246499099731445312e+02
5.462184906005859375e+00,2.962025260925292969e+01,1.242413482666015625e+02
5.882352828979492188e+00,2.962025260925292969e+01,1.237390975952148438e+02
6.302521228790283203e+00,2.962025260925292969e+01,1.232389984130859375e+02
6.722689151763916016e+00,2.962025260925292969e+01,1.228338317871093750e+02
7.142857074737548828e+00,2.962025260925292969e+01,1.225679168701171875e+02
7.563024997711181641e+00,2.962025260925292969e+01,1.224189682006835938e+02
7.983193397521972656e+00,2.962025260925292969e+01,1.223300399780273438e+02
8.403361320495605469e+00,2.962025260925292969e+01,1.222535324096679688e+02
8.823529243469238281e+00,2.962025260925292969e+01,1.221678695678710938e+02
9.243697166442871094e+00,2.962025260925292969e+01,1.220698089599609375e+02
9.663865089416503906e+00,2.962025260925292969e+01,1.219632186889648438e+02
1.008403396606445312e+01,2.962025260925292969e+01,1.218521881103515625e+02
1.050420188903808594e+01,2.962025260925292969e+01,1.217393493652343750e+02
1.092436981201171875e+01,2.962025260925292969e+01,1.216257934570312500e+02
1.134453773498535156e+01,2.962025260925292969e+01,1.215110168457031250e+02
1.176470565795898438e+01,2.962025260925292969e+01,1.213932800292968750e+02
1.218487358093261719e+01,2.962025260925292969e+01,1.212691268920898438e+02
1.260504245758056641e+01,2.962025260925292969e+01,1.211326141357421875e+02
1.302521038055419922e+01,2.962025260925292969e+01,1.209737625122070312e+02
1.344537830352783203e+01,2.962025260925292969e+01,1.207766418457031250e+02
1.386554622650146484e+01,2.962025260925292969e+01,1.205168991088867188e+02
1.428571414947509766e+01,2.962025260925292969e+01,1.201614761352539062e+02
1.470588207244873047e+01,2.962025260925292969e+01,1.196753234863281250e+02
1.512604999542236328e+01,2.962025260925292969e+01,1.190403823852539062e+02
1.554621887207031250e+01,2.962025260925292969e+01,1.182850112915039062e+02
1.596638679504394531e+01,2.962025260925292969e+01,1.174940261840820312e+02
1.638655471801757812e+01,2.962025260925292969e+01,1.167721786499023438e+02
1.680672264099121094e+01,2.962025260925292969e+01,1.161866607666015625e+02
1.722689056396484375e+01,2.962025260925292969e+01,1.157453918457031250e+02
1.764705848693847656e+01,2.962025260925292969e+01,1.154187316894531250e+02
1.806722640991210938e+01,2.962025260925292969e+01,1.151679306030273438e+02
1.848739433288574219e+01,2.962025260925292969e+01,1.149608078002929688e+02
1.890756225585937500e+01,2.962025260925292969e+01,1.147747421264648438e+02
1.932773017883300781e+01,2.962025260925292969e+01,1.145953674316406250e+02
1.974790000915527344e+01,2.962025260925292969e+01,1.144137191772460938e+02
2.016806793212890625e+01,2.962025260925292969e+01,1.142242355346679688e+02
2.058823585510253906e+01,2.962025260925292969e+01,1.140233764648437500e+02
2.100840377807617188e+01,2.962025260925292969e+01,1.138087081909179688e+02
2.142857170104980469e+01,2.962025260925292969e+01,1.135785140991210938e+02
2.184873962402343750e+01,2.962025260925292969e+01,1.133314971923828125e+02
2.226890754699707031e+01,2.962025260925292969e+01,1.130662536621093750e+02
2.268907546997070312e+01,2.962025260925292969e+01,1.127817306518554688e+02
2.310924339294433594e+01,2.962025260925292969e+01,1.124763565063476562e+02
2.352941131591796875e+01,2.962025260925292969e+01,1.121484985351562500e+02
2.394957923889160156e+01,2.962025260925292969e+01,1.117958374023437500e+02
2.436974716186523438e+01,2.962025260925292969e+01,1.114152755737304688e+02
2.478991508483886719e+01,2.962025260925292969e+01,1.110026092529296875e+02
2.521008491516113281e+01,2.962025260925292969e+01,1.105523529052734375e+02
2.563025283813476562e+01,2.962025260925292969e+01,1.100581436157226562e+02
2.605042076110839844e+01,2.962025260925292969e+01,1.095137557983398438e+02
2.647058868408203125e+01,2.962025260925292969e+01,1.089155426025390625e+02
2.689075660705566406e+01,2.962025260925292969e+01,1.082660675048828125e+02
2.731092453002929688e+01,2.962025260925292969e+01,1.075771102905273438e+02
2.773109245300292969e+01,2.962025260925292969e+01,1.068687362670898438e+02
2.815126037597656250e+01,2.962025260925292969e+01,1.061635589599609375e+02
2.857142829895019531e+01,2.962025260925292969e+01,1.054789276123046875e+02
2.899159622192382812e+01,2.962025260925292969e+01,1.048213500976562500e+02
2.941176414489746094e+01,2.962025260925292969e+01,1.041869430541992188e+02
2.983193206787109375e+01,2.962025260925292969e+01,1.035649261474609375e+02
3.025209999084472656e+01,2.962025260925292969e+01,1.029432830810546875e+02
3.067226982116699219e+01,2.962025260925292969e+01,1.023158493041992188e+02
3.109243774414062500e+01,2.962025260925292969e+01,1.016862869262695312e+02
3.151260566711425781e+01,2.962025260925292969e+01,1.010627136230468750e+02
3.193277359008789062e+01,2.962025260925292969e+01,1.004438781738281250e+02
3.235293960571289062e+01,2.962025260925292969e+01,9.981083679199218750e+01
3.277310943603515625e+01,2.962025260925292969e+01,9.913488006591796875e+01
3.319327545166015625e+01,2.962025260925292969e+01,9.840158843994140625e+01
3.361344528198242188e+01,2.962025260925292969e+01,9.763549804687500000e+01
3.403361511230468750e+01,2.962025260925292969e+01,9.690068817138671875e+01
3.445378112792968750e+01,2.962025260925292969e+01,9.627005004882812500e+01
3.487395095825195312e+01,2.962025260925292969e+01,9.578870391845703125e+01
3.529411697387695312e+01,2.962025260925292969e+01,9.546299743652343750e+01
3.571428680419921875e+01,2.962025260925292969e+01,9.527404785156250000e+01
3.613445281982421875e+01,2.962025260925292969e+01,9.519567108154296875e+01
3.655462265014648438e+01,2.962025260925292969e+01,9.520288848876953125e+01
3.697478866577148438e+01,2.962025260925292969e+01,9.527182006835937500e+01
3.739495849609375000e+01,2.962025260925292969e+01,9.537564086914062500e+01
3.781512451171875000e+01,2.962025260925292969e+01,9.548457336425781250e+01
3.823529434204101562e+01,2.962025260925292969e+01,9.557363128662109375e+01
3.865546035766601562e+01,2.962025260925292969e+01,9.562942504882812500e+01
3.907563018798828125e+01,2.962025260925292969e+01,9.565118408203125000e+01
3.949580001831054688e+01,2.962025260925292969e+01,9.564579772949218750e+01
3.991596603393554688e+01,2.962025260925292969e+01,9.562290954589843750e+01
4.033613586425781250e+01,2.962025260925292969e+01,9.559149932861328125e+01
4.075630187988281250e+01,2.962025260925292969e+01,9.555882263183593750e+01
4.117647171020507812e+01,2.962025260925292969e+01,9.553047943115234375e+01
4.159663772583007812e+01,2.962025260925292969e+01,9.551066589355468750e+01
4.201680755615234375e+01,2.962025260925292969e+01,9.550251770019531250e+01
4.243697357177734375e+01,2.962025260925292969e+01,9.550852966308593750e+01
4.285714340209960938e+01,2.962025260925292969e+01,9.553066253662109375e+01
4.327730941772460938e+01,2.962025260925292969e+01,9.557030487060546875e+01
4.369747924804687500e+01,2.962025260925292969e+01,9.562865447998046875e+01
4.411764526367187500e+01,2.962025260925292969e+01,9.570629119873046875e+01
4.453781509399414062e+01,2.962025260925292969e+01,9.580327606201171875e+01
4.495798492431640625e+01,2.962025260925292969e+01,9.591951751708984375e+01
4.537815093994140625e+01,2.962025260925292969e+01,9.605430603027343750e+01
4.579832077026367188e+01,2.962025260925292969e+01,9.620648956298828125e+01
4.621848678588867188e+01,2.962025260925292969e+01,9.637472534179687500e+01
4.663865661621093750e+01,2.962025260925292969e+01,9.655715942382812500e+01
4.705882263183593750e+01,2.962025260925292969e+01,9.675155639648437500e+01
4.747899246215820312e+01,2.962025260925292969e+01,9.695545959472656250e+01
4.789915847778320312e+01,2.962025260925292969e+01,9.716636657714843750e+01
4.831932830810546875e+01,2.962025260925292969e+01,9.738140106201171875e+01
4.873949432373046875e+01,2.962025260925292969e+01,9.759783935546875000e+01
4.915966415405273438e+01,2.962025260925292969e+01,9.781280517578125000e+01
4.957983016967773438e+01,2.962025260925292969e+01,9.802361297607421875e+01
5.000000000000000000e+01,2.962025260925292969e+01,9.822776031494140625e+01
0.000000000000000000e+00,3.000000000000000000e+01,1.198294982910156250e+02
4.201680719852447510e-01,3.000000000000000000e+01,1.198885345458984375e+02
8.403361439704895020e-01,3.000000000000000000e+01,1.200366897583007812e+02
1.260504245758056641e+00,3.000000000000000000e+01,1.203206405639648438e+02
1.680672287940979004e+00,3.000000000000000000e+01,1.207965164184570312e+02
2.100840330123901367e+00,3.000000000000000000e+01,1.215009384155273438e+02
2.521008491516113281e+00,3.000000000000000000e+01,1.224000015258789062e+02
2.941176414489746094e+00,3.000000000000000000e+01,1.233580551147460938e+02
3.361344575881958008e+00,3.000000000000000000e+01,1.241884613037109375e+02
3.781512498855590820e+00,3.000000000000000000e+01,1.247577133178710938e+02
4.201680660247802734e+00,3.000000000000000000e+01,1.250308914184570312e+02
4.621848583221435547e+00,3.000000000000000000e+01,1.250361404418945312e+02
5.042016983032226562e+00,3.000000000000000000e+01,1.248194198608398438e+02
5.462184906005859375e+00,3.000000000000000000e+01,1.244301834106445312e+02
5.882352828979492188e+00,3.000000000000000000e+01,1.239330749511718750e+02
6.302521228790283203e+00,3.000000000000000000e+01,1.234183044433593750e+02
6.722689151763916016e+00,3.000000000000000000e+01,1.229822845458984375e+02
7.142857074737548828e+00,3.000000000000000000e+01,1.226829833984375000e+02
7.563024997711181641e+00,3.000000000000000000e+01,1.225114669799804688e+02
7.983193397521972656e+00,3.000000000000000000e+01,1.224138336181640625e+02
8.403361320495605469e+00,3.000000000000000000e+01,1.223372116088867188e+02
8.823529243469238281e+00,3.000000000000000000e+01,1.222543487548828125e+02
9.243697166442871094e+00,3.000000000000000000e+01,1.221590118408203125e+02
9.663865089416503906e+00,3.000000000000000000e+01,1.220542068481445312e+02
1.008403396606445312e+01,3.000000000000000000e+01,1.219442596435546875e+02
1.050420188903808594e+01,3.000000000000000000e+01,1.218322601318359375e+02
1.092436981201171875e+01,3.000000000000000000e+01,1.217197875976562500e+02
1.134453773498535156e+01,3.000000000000000000e+01,1.216066589355468750e+02
1.176470565795898438e+01,3.000000000000000000e+01,1.214918441772460938e+02
1.218487358093261719e+01,3.000000000000000000e+01,1.213726196289062500e+02
1.260504245758056641e+01,3.000000000000000000e+01,1.212442016601562500e+02
1.302521038055419922e+01,3.000000000000000000e+01,1.210989456176757812e+02
1.344537830352783203e+01,3.000000000000000000e+01,1.209238815307617188e+02
1.386554622650146484e+01,3.000000000000000000e+01,1.206988067626953125e+02
1.428571414947509766e+01,3.000000000000000000e+01,1.203945617675781250e+02
1.470588207244873047e+01,3.000000000000000000e+01,1.199754028320312500e+02
1.512604999542236328e+01,3.000000000000000000e+01,1.194116210937500000e+02
1.554621887207031250e+01,3.000000000000000000e+01,1.187064056396484375e+02
1.596638679504394531e+01,3.000000000000000000e+01,1.179191818237304688e+02
1.638655471801757812e+01,3.000000000000000000e+01,1.171529312133789062e+02
1.680672264099121094e+01,3.000000000000000000e+01,1.164986038208007812e+02
1.722689056396484375e+01,3.000000000000000000e+01,1.159918594360351562e+02
1.764705848693847656e+01,3.000000000000000000e+01,1.156169204711914062e+02
1.806722640991210938e+01,3.000000000000000000e+01,1.153363113403320312e+02
1.848739433288574219e+01,3.000000000000000000e+01,1.151137924194335938e+02
1.890756225585937500e+01,3.000000000000000000e+01,1.149221649169921875e+02
1.932773017883300781e+01,3.000000000000000000e+01,1.147434387207031250e+02
1.974790000915527344e+01,3.000000000000000000e+01,1.145663070678710938e+02
2.016806793212890625e+01,3.000000000000000000e+01,1.143838806152343750e+02
2.058823585510253906e+01,3.000000000000000000e+01,1.141917190551757812e+02
2.100840377807617188e+01,3.000000000000000000e+01,1.139870071411132812e+02
2.142857170104980469e+01,3.000000000000000000e+01,1.137676849365234375e+02
2.184873962402343750e+01,3.000000000000000000e+01,1.135323791503906250e+02
2.226890754699707031e+01,3.000000000000000000e+01,1.132796325683593750e+02
2.268907546997070312e+01,3.000000000000000000e+01,1.130084686279296875e+02
2.310924339294433594e+01,3.000000000000000000e+01,1.127176437377929688e+02
2.352941131591796875e+01,3.000000000000000000e+01,1.124056930541992188e+02
2.394957923889160156e+01,3.000000000000000000e+01,1.120708770751953125e+02
2.436974716186523438e+01,3.000000000000000000e+01,1.117108459472656250e+02
2.478991508483886719e+01,3.000000000000000000e+01,1.113223419189453125e+02
2.521008491516113281e+01,3.000000000000000000e+01,1.109010314941406250e+02
2.563025283813476562e+01,3.000000000000000000e+01,1.104413833618164062e+02
2.605042076110839844e+01,3.000000000000000000e+01,1.099368743896484375e+02
2.647058868408203125e+01,3.000000000000000000e+01,1.093816680908203125e+02
2.689075660705566406e+01,3.000000000000000000e+01,1.087729721069335938e+02
2.731092453002929688e+01,3.000000000000000000e+01,1.081147537231445312e+02
2.773109245300292969e+01,3.000000000000000000e+01,1.074204101562500000e+02
2.815126037597656250e+01,3.000000000000000000e+01,1.067112350463867188e+02
2.857142829895019531e+01,3.000000000000000000e+01,1.060096740722656250e+02
2.899159622192382812e+01,3.000000000000000000e+01,1.053318634033203125e+02
2.941176414489746094e+01,3.000000000000000000e+01,1.046829376220703125e+02
2.983193206787109375e+01,3.000000000000000000e+01,1.040580520629882812e+02
3.025209999084472656e+01,3.000000000000000000e+01,1.034457321166992188e+02
3.067226982116699219e+01,3.000000000000000000e+01,1.028340225219726562e+02
3.109243774414062500e+01,3.000000000000000000e+01,1.022169570922851562e+02
3.151260566711425781e+01,3.000000000000000000e+01,1.015983657836914062e+02
3.193277359008789062e+01,3.000000000000000000e+01,1.009863586425781250e+02
3.235293960571289062e+01,3.000000000000000000e+01,1.003790435791015625e+02
3.277310943603515625e+01,3.000000000000000000e+01,9.975692749023437500e+01
3.319327545166015625e+01,3.000000000000000000e+01,9.909069061279296875e+01
3.361344528198242188e+01,3.000000000000000000e+01,9.836584472656250000e+01
3.403361511230468750e+01,3.000000000000000000e+01,9.760672760009765625e+01
3.445378112792968750e+01,3.000000000000000000e+01,9.687767791748046875e+01
3.487395095825195312e+01,3.000000000000000000e+01,9.625151062011718750e+01
3.529411697387695312e+01,3.000000000000000000e+01,9.577317810058593750e+01
3.571428680419921875e+01,3.000000000000000000e+01,9.544889068603515625e+01
3.613445281982421875e+01,3.000000000000000000e+01,9.525982666015625000e+01
3.655462265014648438e+01,3.000000000000000000e+01,9.517973327636718750e+01
3.697478866577148438e+01,3.000000000000000000e+01,9.518441009521484375e+01
3.739495849609375000e+01,3.000000000000000000e+01,9.525156402587890625e+01
3.781512451171875000e+01,3.000000000000000000e+01,9.535635375976562500e+01
3.823529434204101562e+01,3.000000000000000000e+01,9.547037506103515625e+01
3.865546035766601562e+01,3.000000000000000000e+01,9.556748199462890625e+01
3.907563018798828125e+01,3.000000000000000000e+01,9.563253021240234375e+01
3.949580001831054688e+01,3.000000000000000000e+01,9.566281127929687500e+01
3.991596603393554688e+01,3.000000000000000000e+01,9.566440582275390625e+01
4.033613586425781250e+01,3.000000000000000000e+01,9.564666748046875000e+01
4.075630187988281250e+01,3.000000000000000000e+01,9.561866760253906250e+01
4.117647171020507812e+01,3.000000000000000000e+01,9.558798980712890625e+01
4.159663772583007812e+01,3.000000000000000000e+01,9.556037139892578125e+01
4.201680755615234375e+01,3.000000000000000000e+01,9.554018402099609375e+01
4.243697357177734375e+01,3.000000000000000000e+01,9.553075408935546875e+01
4.285714340209960938e+01,3.000000000000000000e+01,9.553458404541015625e+01
4.327730941772460938e+01,3.000000000000000000e+01,9.555371856689453125e+01
4.369747924804687500e+01,3.000000000000000000e+01,9.558972167968750000e+01
4.411764526367187500e+01,3.000000000000000000e+01,9.564369964599609375e+01
4.453781509399414062e+01,3.000000000000000000e+01,9.571642303466796875e+01
4.495798492431640625e+01,3.000000000000000000e+01,9.580802917480468750e+01
4.537815093994140625e+01,3.000000000000000000e+01,9.591864776611328125e+01
4.579832077026367188e+01,3.000000000000000000e+01,9.604757690429687500e+01
4.621848678588867188e+01,3.000000000000000000e+01,9.619392395019531250e+01
4.663865661621093750e+01,3.000000000000000000e+01,9.635634613037109375e+01
4.705882263183593750e+01,3.000000000000000000e+01,9.653321838378906250e+01
4.747899246215820312e+01,3.000000000000000000e+01,9.672254180908203125e+01
4.789915847778320312e+01,3.000000000000000000e+01,9.692203521728515625e+01
4.831932830810546875e+01,3.000000000000000000e+01,9.712911987304687500e+01
4.873949432373046875e+01,3.000000000000000000e+01,9.734128570556640625e+01
4.915966415405273438e+01,3.000000000000000000e+01,9.755564117431640625e+01
4.957983016967773438e+01,3.000000000000000000e+01,9.776948547363281250e+01
5.000000000000000000e+01,3.000000000000000000e+01,9.798020172119140625e+01
