,E,Vx,Vy,Vz,Bx,By,Bz
1992-01-01 00:00:00,7.7253218584035315,-448.1140466835991,3.5034020996057595,13.112798622249326,0.45077699929812654,0.7958161406252111,-0.33474373930195955
1992-01-01 01:00:00,23.26473483607768,-443.47988879663427,21.004429498095842,-8.488959802406951,2.8581282577291804,-2.689749241048675,0.6558344341750701
1992-01-01 02:00:00,9.915897015198043,-423.8413357942763,-1.2648379716851679,1.162954413113882,2.1146727751802836,-0.9530523984725571,-0.6750943040605537
1992-01-01 03:00:00,22.068733430678957,-424.8335177896696,12.948067837585764,18.112601312595295,0.1551134826531223,-2.581929437252201,0.2934432843645758
1992-01-01 04:00:00,21.371255420465005,-428.91747271537525,34.87638095176824,2.8549691523473104,-0.4794086425440683,-1.043791636270797,-2.235539979434604
1992-01-01 05:00:00,7.0797310136662315,-411.64441819640336,14.98734740930698,10.767753993415756,1.9921121903665915,-0.8772441101164132,0.24937623973823425
1992-01-01 06:00:00,36.44018530655833,-395.66119418167744,16.122870979601164,0.3828268178936509,2.9866658185051302,-0.40752762560686495,4.5911582746607
1992-01-01 07:00:00,25.156008538958552,-401.30282446643497,21.417901722495145,10.194708653733166,0.7723673715985394,-0.4144191670779611,3.0879500315644246
1992-01-01 08:00:00,18.638576489762002,-428.2513745681007,19.80037202726752,12.169277653897227,2.9167200503977124,-1.6087394499739016,1.5145315788924578
1992-01-01 09:00:00,12.676646178284239,-440.6293394066518,33.83582213265715,-5.6462393370276995,1.3673490737528076,0.730074882000439,1.184477855724567
1992-01-01 10:00:00,16.335326922955492,-436.5368319419624,14.308888758847587,-1.810400802771168,1.4402015134078514,0.20505317736305773,1.8610952285281621
1992-01-01 11:00:00,15.004331076323833,-433.070387066607,14.258976528765597,0.652402050171955,3.3538954585401326,1.2017978812546946,1.1277446856331679
1992-01-01 12:00:00,21.754759110871603,-475.56051461853053,15.224327554552906,9.377741931733704,0.6370414775507158,2.4100501431523997,-0.7755438023068721
1992-01-01 13:00:00,14.161221769862887,-451.01435836162284,24.68009930832197,-6.330282628328199,-1.8859589478040948,-0.037762398798539265,1.5348890727320939
1992-01-01 14:00:00,19.307522737370093,-472.91143440333434,16.45536009343566,-4.627633759905191,1.5578425077864269,1.4543692915822901,-1.6084067859502083
1992-01-01 15:00:00,16.251868658974804,-470.7628975764621,12.630603843989602,-5.473676442853115,0.6032006140525815,-0.4318641664883476,-1.66756853824209
1992-01-01 16:00:00,3.5101317904667715,-472.11600389096265,-2.141795981013968,-3.434895671571627,0.6805604491960262,-0.031018694520060286,-0.36522256614907017
1992-01-01 17:00:00,11.239398369894197,-471.0325261701008,-4.021459686187097,-13.835833994476227,0.10758164824648475,0.5918278390533107,-1.1224721726190185
1992-01-01 18:00:00,22.63412329236969,-460.6172872996599,-7.646231513528137,-20.793307734508826,-0.5607964866174491,2.3968961090098753,-0.5081153218034821
1992-01-01 19:00:00,24.754491051270126,-449.4958273283182,7.988236321650398,-14.661830719893997,-2.8199815144323956,1.0187829232551222,-2.6695221298164755
1992-01-01 20:00:00,5.106876812089569,-463.3737020160123,-1.580506640115921,-18.34029916954273,-0.7277945281771137,0.4044134334050471,0.34251036728265305
1992-01-01 21:00:00,18.815430860009556,-435.57583438713914,3.9526983112316145,-11.753380465923946,-0.2139353203454042,2.0971278156005124,-0.9160250998937597
1992-01-01 22:00:00,7.84042208261666,-459.3000758487114,10.664303004587559,-9.438630704045318,2.2021566427298946,0.7234874047038143,0.4028484034844918
1992-01-01 23:00:00,4.139242663257187,-436.30914827886994,26.58680287261202,-11.40951250376187,1.7082596207719356,0.017335822008151258,0.5021599297775773
1992-01-02 00:00:00,3.97709019935425,-419.74671792526226,28.337732010816424,-6.321759246493838,2.134419385055816,-0.003495331493566789,0.4833749827041343
1992-01-02 01:00:00,17.90389726497592,-423.50134047278607,19.439814006114332,0.6507757358849169,1.6098273779180636,-2.1770986209244363,-0.6123772893063171
1992-01-02 02:00:00,5.568512021263197,-428.30522280152843,29.05163694210015,4.354867747631829,3.787464508751513,-0.8886469683469547,-0.19168897491123948
1992-01-02 03:00:00,20.065718396319372,-424.3193281411357,9.157431016228879,1.6397770951685402,1.3051474676630381,1.4337240091726358,1.9517259539478145
1992-01-02 04:00:00,8.32925400517387,-412.18405861355814,29.456097873827765,10.00751737568642,4.320908378223846,-1.3583795894120003,0.2649392480568633
1992-01-02 05:00:00,18.670635896058194,-398.6010717996093,18.818477670508763,5.034644319175081,3.216615925897308,-0.830553153896874,2.3516104961615683
1992-01-02 06:00:00,4.28807608619081,-415.53474102545715,21.62467541836016,-2.566531264413894,0.9047694015271426,-0.1499399831277094,0.5105527321245837
1992-01-02 07:00:00,9.084567838453449,-404.2561369695895,17.16796098124767,-4.915031488611628,0.14019950554906213,0.8044394439928534,0.778838550688042
1992-01-02 08:00:00,6.490197672023969,-406.216150221079,31.63122990878969,12.089756348824412,0.8215164657954648,-0.6482793637324933,0.5608954368358401
1992-01-02 09:00:00,26.053726214974755,-400.21136198489364,36.981655236658995,-16.16430764826028,1.9045622361341537,2.8591911524816207,1.566339126153
1992-01-02 10:00:00,1.4071191006791484,-411.04431236834034,31.01154067529638,-3.672001735119469,0.43917609601017593,0.070991290811241,0.13931463360136093
1992-01-02 11:00:00,11.597813290141637,-415.89914080842516,7.989067028265103,-6.909508251375279,0.6872611566872859,-1.2155358769048394,-0.9687660829473843
1992-01-02 12:00:00,14.04887382574412,-438.46201942593234,10.248777551447862,-5.870979444652621,1.6280594147432597,1.1361104540701419,-1.3471235525896563
1992-01-02 13:00:00,20.540843212214874,-438.1260937315516,14.441051529765737,-5.253830189219024,-0.6387456895479047,2.397526010426011,0.16273655839787543
1992-01-02 14:00:00,25.890680427804835,-431.5883332309487,10.776323426957857,-10.818535644688557,1.9114097605362235,3.306035626473288,-0.5894580336108952
1992-01-02 15:00:00,13.392903528757415,-427.1023377666263,8.0603646391464,-11.082877087401261,-0.9333815723662517,1.4948262531627918,0.49901039106293316
1992-01-02 16:00:00,14.760857756528454,-473.05934361155863,3.5806257578414478,-5.90160592714584,-2.7900629808561366,0.7716286047476992,1.4512583160344037
1992-01-02 17:00:00,27.63021785294269,-434.3735843713702,-2.8391384306924383,-6.382008103847527,-1.8865974387841904,3.3034809053295238,0.365937237326179
1992-01-02 18:00:00,20.094947464323383,-437.83674815691853,12.924735270451258,-10.867168395119283,1.1622010102542992,2.1938862859499566,1.388153979698199
1992-01-02 19:00:00,28.557304726231568,-445.2940899045472,-2.8404211625740716,-13.1012052876416,1.2952869075722546,3.5991316628386203,-0.002958861569734156
1992-01-02 20:00:00,35.59116106110371,-450.06438722622676,14.732486429199628,-16.7701391319187,0.5020565528313292,4.480946243707384,0.45377053091373426
1992-01-02 21:00:00,2.6966501092151187,-454.06898594386587,9.98803614624699,-12.14567964302477,-2.1171492940625387,-0.24283647075013637,-0.12246562182093484
1992-01-02 22:00:00,11.785951523341064,-421.39268581694495,10.571436954526096,-8.88431665799179,-1.4403582792773924,-0.6246027095436981,-1.5046926721267817
1992-01-02 23:00:00,11.046055689706396,-406.71065514746493,20.583133662744515,-2.752655861816529,0.757303886560065,-0.6891457194088298,1.1956759510397696
1992-01-03 00:00:00,18.746151931992422,-401.37605207467266,28.291816696253765,-3.725612620277697,1.7321505305852343,2.1388575287977427,0.8122957267848144
1992-01-03 01:00:00,18.906091715470595,-401.12438801933246,24.717605219686003,-18.40083743722006,-1.470438861797628,1.737245153166671,-1.753136462043413
1992-01-03 02:00:00,20.10249721769492,-408.35473832868445,15.646022421132765,0.17676230668611304,-0.9329627661390524,1.6566429484282494,-1.8505581948526115
1992-01-03 03:00:00,16.00730498527199,-425.8337750334417,23.713956521734715,-2.042945210993525,-0.053206732529127776,1.2884349648757603,1.33244049905663
1992-01-03 04:00:00,26.276879325203527,-403.2781044607758,24.95333000145729,12.533303670366841,3.2289919804227942,-0.15964028668978203,3.3801251182801666
1992-01-03 05:00:00,17.94513913888772,-390.56759334989925,22.41922742989672,4.908368655329635,2.6024536708558816,1.1830767744434496,-1.9000150909566382
1992-01-03 06:00:00,13.065163181798106,-419.0048204682918,27.642410376118683,13.981896399652477,3.4333607440087275,0.6582886376273679,1.1679322195625652
1992-01-03 07:00:00,14.92158511422194,-395.0584331200391,25.169171109173067,-20.82503187870664,1.6788121722251903,0.7270100406800265,-1.6047119891668922
1992-01-03 08:00:00,7.934422860905389,-397.8652297383775,32.358989162848744,12.945097973558084,2.3373914917678063,0.48460755762831575,0.6571632732951693
1992-01-03 09:00:00,17.58194331279245,-398.99435544717875,15.51913993945209,3.092642257854868,0.2449835374475764,-2.5331328970728273,-0.21878656464532306
1992-01-03 10:00:00,19.667293518144923,-433.7887011252991,9.80901753490491,5.1061220156629865,-0.014255932528336346,2.3893459429039883,-0.027432481720353563
1992-01-03 11:00:00,8.70052186339596,-433.54677405637557,19.69679534563332,5.835826751143082,0.19741251957030953,0.9933126143045934,0.0435826141318503
1992-01-03 12:00:00,16.69707504172353,-438.39515539331575,17.574609539333384,-2.476155635784707,0.22650901348603597,0.6218878263988732,1.7964640213085485
1992-01-03 13:00:00,16.203802098686477,-457.518662815038,21.041086906915936,-16.099270530056668,3.640313968498684,1.5946598374688068,-0.03921928118824461
1992-01-03 14:00:00,12.87774244785652,-421.5189335862085,4.744714045911983,-5.35884548167382,0.9405609940058788,0.8996790464158056,-1.2147411080689765
1992-01-03 15:00:00,5.135788534823295,-461.69529064211383,15.623019383779999,-17.669044836069524,-1.914136960719603,0.36303196066454274,-0.5426852285962055
1992-01-03 16:00:00,28.496626272635584,-454.56250954766364,7.08857507777469,-15.579963225135224,-1.2715713133755164,2.780378010309542,-1.540138000450105
1992-01-03 17:00:00,18.19983737359039,-466.8753037175877,5.185856569098352,-8.489344240981165,-0.9173504378949496,1.4017329365379556,1.3540593894013937
1992-01-03 18:00:00,23.94319865659834,-440.7261788680806,-2.7031384035347377,-14.675045162916906,1.0140064269292688,2.900205184831926,-0.4434473852078626
1992-01-03 19:00:00,7.989664813980045,-444.15073282881036,-5.498571904260623,-12.349714706956453,-1.6572968813884295,0.12684753520820408,-0.9332306360363816
1992-01-03 20:00:00,25.967870618366778,-452.01152919798716,7.397309324210829,-12.979664255326782,-0.6552166312976844,3.207986217587172,0.3720415483834972
1992-01-03 21:00:00,18.948006324025375,-490.35742740787435,-2.7796642499725817,-6.244815093149269,-1.9753796919576636,1.685555377847994,0.8987583511113897
1992-01-03 22:00:00,25.34171659983098,-450.81534616622196,17.873731412001813,-7.974513513881443,-2.107643583917142,2.9385907554188133,0.4790038572568845
1992-01-03 23:00:00,17.840043808670256,-434.62027556900455,-0.7585275399664968,-0.5944413748067996,1.697071280247778,-0.5147736511335652,1.9566004838497204
1992-01-04 00:00:00,4.301574876143859,-422.59071345314686,4.400101768965569,-13.757964570956581,0.6951702224866021,-0.4772304254507115,-0.1718933001388906
1992-01-04 01:00:00,21.220885500788324,-439.80287531099555,15.952755611100432,9.813632941754863,0.4985139376412883,-0.1834105953019493,2.495809941943587
1992-01-04 02:00:00,16.417284041618704,-396.5302485510086,17.244057721341807,5.638359842929318,1.880912268890263,1.539607750221829,1.3858065125667842
1992-01-04 03:00:00,10.066077688053438,-438.1284394425911,24.517008410002543,-2.267162074283548,2.19623509209634,0.9585933446795638,0.636976157957487
1992-01-04 04:00:00,33.85816591212526,-424.0932507903438,29.950999803008475,15.687913944811337,-1.0186580042444948,-0.9732922772367996,3.9921530892565356
1992-01-04 05:00:00,25.8006939815141,-397.7889761261333,40.119144433139205,1.5323782123396081,2.973273006090036,2.204914696785332,2.2916274306976137
1992-01-04 06:00:00,12.269028901755588,-410.74421477556643,36.12249915164938,10.590940817475765,1.2946616491512144,-1.0277691153637607,1.1410338948144407
1992-01-04 07:00:00,12.563100277094003,-383.1170158238323,16.673640638785024,1.2896042232895626,1.3470444459281024,0.9599923841369956,1.4117306302178414
1992-01-04 08:00:00,24.417985805414265,-413.97097061685054,18.536715372710695,6.052828673436299,2.590174180059954,0.15556637820007818,2.896074093751943
1992-01-04 09:00:00,14.719645913072949,-431.780033445867,14.60282098311952,16.68116994383551,2.434214168356424,-0.9525096839732826,-1.5596305994452415
1992-01-04 10:00:00,23.97952837721958,-434.85438025858167,17.625186377887935,4.466785001741545,1.8992161582556042,0.9188449490073652,2.549852908601567
1992-01-04 11:00:00,14.805419893601547,-453.55656227477135,3.7926123797246825,-2.334788991954161,-1.2106788935822055,-0.05093913857872889,1.624717695839072
1992-01-04 12:00:00,13.020164418839345,-464.67414096259307,0.512020333531972,-12.948617255808154,-0.5608508426849541,-1.3693172940736416,0.17632818948222923
1992-01-04 13:00:00,11.16231073802265,-444.571236014185,6.8747976004954205,-3.0802714928672716,-0.7744925406308493,1.165762265602369,-0.5001513636799991
1992-01-04 14:00:00,16.70553580026115,-453.2238429807349,1.8833169515285553,-14.061640952726655,-1.4398657770070382,1.834401489326971,0.17913732875021665
1992-01-04 15:00:00,34.0873550698628,-449.43330773024337,3.447586862929205,-12.654832929861689,-1.2482998297532508,-0.9428369996341742,4.103247135814334
1992-01-04 16:00:00,12.189911782208842,-485.5778755761367,2.861989665329951,-4.645820663627116,-2.2101383018243834,-0.41652033851733583,-1.20050365882924
1992-01-04 17:00:00,23.5661799938519,-452.6467163950056,-17.139571120298143,8.878674245143333,-0.4331234376002304,0.8393123645243237,2.4645317449341784
1992-01-04 18:00:00,23.668266861944023,-483.94875897289455,-2.6107321350815584,1.1091727654209877,-0.628882171932959,2.148830696701853,1.5528596854485157
1992-01-04 19:00:00,23.80636943803439,-455.6032106165095,-3.8475272141226626,-8.711871625494478,-3.71100831746461,2.6645362725457913,0.7452449147378644
1992-01-04 20:00:00,27.599499759934215,-483.3730225370097,4.137717616453394,0.5627703148767886,-0.5912710989534016,2.333549368849545,-1.7510080724790402
1992-01-04 21:00:00,15.529669133137782,-483.83681080883173,0.13292069323963718,-8.711134545471829,-2.3729037022798556,-1.618105564232321,-0.007221958837862863
1992-01-04 22:00:00,33.21756431367366,-463.4692860961266,-4.087232425017568,-7.542388525781127,-0.35195124700505903,1.915607959746796,-3.2364260465750663
1992-01-04 23:00:00,23.555891827907093,-445.2299913736614,-0.24628856334579208,6.793466883817445,-1.1162434899301439,-0.7323794101197177,2.7385945710424413
1992-01-05 00:00:00,10.229472955135297,-451.1530921207632,5.601835736067276,5.264346516451777,-3.385420112445513,-0.8792299342037924,0.6999523967116789
1992-01-05 01:00:00,18.037295880106996,-455.1364359167258,9.837678294917911,9.905610571893892,-2.929500888605998,-1.80538481498973,-0.9216253684741299
1992-01-05 02:00:00,10.032546962793244,-459.83955031843954,10.197421823077987,10.29829505387032,0.9991944364346282,-1.0065030269840411,0.44668565262811155
1992-01-05 03:00:00,19.06577142837614,-455.26718135183717,12.398144895048208,12.059252868448313,-1.8844508087693026,-0.8229267940751122,-1.852538758362491
1992-01-05 04:00:00,15.845945013366103,-422.56681741536744,17.176495627651384,9.920496623171756,1.715850188550296,-1.0404772219203284,1.649338714093492
1992-01-05 05:00:00,20.236233157024728,-412.83822746602794,16.39891860074969,9.384026756385294,0.8014786317561688,-2.468457549229896,0.23738537246994823
1992-01-05 06:00:00,15.395386277077401,-429.7056056745851,15.046974603943259,7.321569772854383,-1.1309797508806805,-1.6859470916541022,0.4982411453656615
1992-01-05 07:00:00,31.896470973683826,-445.0306433397775,35.23279599714985,14.271714268021832,0.7006331774619242,-2.712694791329323,2.295388752962167
1992-01-05 08:00:00,19.597971248658403,-419.4098389227075,23.254018968849245,1.3440984514753094,2.8907158926274836,1.6766414430991374,1.432575850424875
1992-01-05 09:00:00,30.288822204117036,-456.93157371245644,13.343628419208372,15.147470271833555,1.0184005498132922,-3.238516811853854,1.5869531742811402
1992-01-05 10:00:00,2.9471662023052603,-455.11255669120015,12.090803791897866,7.5714544700011555,1.0644722044523123,0.2737878814253713,-0.13400937988414952
1992-01-05 11:00:00,17.44231577579567,-442.95494990199455,9.939881542907532,8.382067473926995,-0.8840212587904334,-0.028203124068238217,1.9844851207598968
1992-01-05 12:00:00,12.595398085164012,-494.16671493007675,-1.7820982613570902,0.9669726211834337,-2.1860444130425485,-0.3623193020511351,-1.2628225743735801
1992-01-05 13:00:00,23.42280441988875,-462.8146868484562,-2.869252646058217,6.267790668399719,0.1546954191357185,2.4267535812056265,0.953553965380054
1992-01-05 14:00:00,3.2645434262302646,-484.97179650774535,-13.48072187407935,-3.5104385341716524,-1.3059213822137627,-0.31138336683585055,0.1843375037898828
1992-01-05 15:00:00,7.366932371078233,-481.270896038931,-11.35303167287087,-1.2142624009769882,-2.4336606794138644,-0.7725752363760585,0.2663472740617091
1992-01-05 16:00:00,40.4238429522359,-489.13314933478904,-2.6047551718032045,1.0770131689335622,-2.337850022894329,4.367508355028904,-1.274430332850473
1992-01-05 17:00:00,14.781053706082568,-488.33026386722406,-21.47947582186752,-15.876885089515955,0.6343555921965133,1.5373729122733217,-0.07489862419687299
1992-01-05 18:00:00,18.391493711688717,-482.2905779803605,-6.774045670392995,-7.100192407095056,-1.9724007303916213,1.7230408864260138,0.851836348769643
1992-01-05 19:00:00,12.151972960853001,-503.3998696870733,-9.066053137623886,-6.345230564971841,-1.8107456347905408,0.46819039751848046,1.07528430142546
1992-01-05 20:00:00,15.282786082221614,-468.0917847114718,-13.764648780520732,-1.9205807330646438,-1.0339875805520564,1.5600527705602782,0.36364026317530024
1992-01-05 21:00:00,14.201982372457394,-473.8912338020989,3.4150580021240415,4.7713262209528216,-2.152492659857794,-0.8504995840162799,-1.201175546907203
1992-01-05 22:00:00,4.300976346301404,-466.1752819700913,-0.5820462018089936,10.210097214460038,-0.7306424109636126,0.47124045639096623,0.13567042015037972
1992-01-05 23:00:00,24.764281018974817,-454.3396832564204,-2.41491919865586,3.165165880351601,-0.2335298504246991,1.138580020266051,2.631754185080231
1992-01-06 00:00:00,18.467060540078236,-452.3807413319195,11.728698714731966,19.549400621939007,-2.7043323646455617,0.4083375302749964,2.238323823800453
1992-01-06 01:00:00,23.23820716033404,-443.8418761757022,11.696287978643088,12.589025635594796,-2.531973085302149,-1.9404181103849374,1.749397649951364
1992-01-06 02:00:00,12.64010446129877,-448.25667410277293,6.1199582238898325,8.792924302928352,0.3863757199791207,-1.5177959219292114,-0.5017748755746665
1992-01-06 03:00:00,28.4786770663213,-464.609905513328,-1.3254209125790588,-0.9221537725735454,-0.35946752942513976,-2.714832378995349,2.15191029585505
1992-01-06 04:00:00,26.78226227575754,-440.38971998109446,11.617546226009301,3.523902288624849,0.17152011137724876,-2.1412203087196096,2.1608415968551706
1992-01-06 05:00:00,20.269298512235533,-446.8907587621287,5.825541050439734,21.04139326199553,0.813755437605807,0.24589799884010777,2.3245946313912915
1992-01-06 06:00:00,12.727750525577404,-455.68354197329796,18.816517034693902,12.864101021673669,-0.030874444972828097,-0.012983387029635973,1.3961489731340913
1992-01-06 07:00:00,7.185448859273184,-431.368077172764,24.23028568482733,10.845700074545135,-1.0972736536703362,0.19730628336876854,0.8482218709762606
1992-01-06 08:00:00,24.116182289875873,-446.7440398675355,26.69052637739859,10.084720517961413,4.345515706698041,-2.8358166035759007,1.1696572559370584
1992-01-06 09:00:00,13.796813388322496,-458.3498811059132,8.736435388503267,7.4508602587818675,0.981376528595653,-1.0534537441495604,-1.1088682578045324
1992-01-06 10:00:00,13.537438585203601,-464.59392057839693,16.626833914189323,7.829903476730662,0.06009955619072338,-1.1793311208759363,1.1231001621325585
1992-01-06 11:00:00,32.46316651884879,-451.97084903128916,2.6517740146645323,4.252596057648437,-0.7185169143860732,-0.045797376028865355,3.7233256806326134
1992-01-06 12:00:00,8.98180323267861,-458.2861399852679,4.102577622310142,15.242049391939686,-1.6312855421021333,0.9924820460743891,0.10900489084252513
1992-01-06 13:00:00,12.498677108682797,-451.25509314191515,9.66678783256815,-4.378405081585472,-3.68633507450891,-0.9711407985262102,0.8670487146408772
1992-01-06 14:00:00,7.901665037980024,-478.2561714412592,-1.2232612498359208,-3.0149422260017262,-1.8724315100595517,-0.7169624561536581,0.40677128931936535
1992-01-06 15:00:00,32.90959172727134,-468.2842589213439,-0.09426734281020366,-2.086035875863523,-0.001168162737469003,2.624338803572368,2.357080916339167
1992-01-06 16:00:00,25.716645331065163,-467.3492236565789,2.630573789120003,-4.856494168814585,0.26671104646208077,1.5340604754536842,2.2855420257896295
1992-01-06 17:00:00,21.319368069725392,-473.7166254725579,-9.786244248840568,4.179856827154212,-0.5335960058618789,-1.2756534008920406,1.8681128862557967
1992-01-06 18:00:00,23.176070531845134,-527.158422949533,-2.0764308692732296,-13.346450022673224,-1.297367158546378,1.441793182114468,1.8491250447840735
1992-01-06 19:00:00,24.525782268029037,-471.85744931061004,12.918935044263984,0.9242158326053076,0.2471044335685797,0.7645182370750448,-2.820820507295897
1992-01-06 20:00:00,39.124559011062054,-481.8017575511958,-4.79493863901379,1.249207851358574,-1.3947018473668908,4.275673506603476,-0.39005979763540266
1992-01-06 21:00:00,18.920848872683045,-475.3054491352865,-4.477713313355654,7.413667565444038,-1.440529908238457,2.0278921475377287,-0.3955612916926432
1992-01-06 22:00:00,5.109245465450261,-469.5179958420999,5.160131626995925,-5.121054773187061,-0.41552017962056875,0.3025678642354573,-0.4597587579491046
1992-01-06 23:00:00,15.0961649851742,-461.58963201158093,-0.12078938266533434,-4.956130936979746,-1.4341330445757987,-1.3324995586236292,0.9328799357496691
1992-01-07 00:00:00,39.16090000731406,-454.3060370960878,11.03304438533306,6.396744105927725,0.10414875420744252,-1.6209507501990046,4.617164039608002
1992-01-07 01:00:00,22.29997973737414,-456.23930806703333,12.988740754951131,12.261394795022548,1.9643675505644054,-1.761167191626709,1.9535406835987246
1992-01-07 02:00:00,19.821608116162082,-471.5944245873594,8.077608816183877,7.493406505300532,-0.17598493280634364,-1.6458766934223066,-1.6396218767642572
1992-01-07 03:00:00,17.235618906190965,-438.0547435315385,13.222522629297105,7.460327165507168,1.0442627906526787,-1.5654843527111644,1.2123319746930579
1992-01-07 04:00:00,28.40991571876915,-443.10055018150695,23.37219395645659,16.983299163979986,0.5049842741361973,-3.18906433118866,-0.8030426018129186
1992-01-07 05:00:00,22.25692242341879,-411.3035053865593,13.064581129300652,10.821941123577338,0.5896070456125878,-2.6486733451364275,0.697727209396635
1992-01-07 06:00:00,33.83247306263115,-430.1804456537775,4.349054940458755,9.689390370198165,1.3811819427596066,-0.9652090439592649,3.9686701020017576
1992-01-07 07:00:00,19.101140036056368,-424.96055173845014,2.3497542185840263,5.710758737760022,-0.7295321282027507,-2.165182480089666,0.5965445708743528
1992-01-07 08:00:00,29.908733723494894,-441.1216101607456,18.792392773360014,7.513893950283785,1.4962378088692603,-1.4838752624181115,3.0488875375735875
1992-01-07 09:00:00,33.085526431188676,-440.30493055599817,8.310015765188403,14.212590133931474,-0.6554568727652319,-3.571945325606324,1.8387640990168728
1992-01-07 10:00:00,23.961432538766854,-438.41195569439617,2.2614808664665373,2.033752605778688,0.4696442864182486,2.7704806068912196,1.4110170967786209
1992-01-07 11:00:00,23.742025593827446,-466.94971111170764,-2.242306041598614,5.410716938192673,1.411558633655142,-1.7049664285777348,2.0812022564297585
1992-01-07 12:00:00,14.393801128752273,-447.281021687404,5.658553576288277,-1.0566169337049924,2.039242579397168,-1.1309266558389872,1.1742323014382627
1992-01-07 13:00:00,3.27851132565554,-460.4456585389573,3.671283834081559,-8.754908327088955,-1.267669486333656,0.2984066601952896,0.18465295875042298
1992-01-07 14:00:00,21.298179050279057,-483.1673695787819,5.9427214827275465,-2.707787866845336,-0.6414353304619914,-0.6158535212051509,2.110199950957544
1992-01-07 15:00:00,33.5388225997873,-506.87189729341384,1.3960671557545272,-11.128647552406301,-0.8830442948504913,2.4918876263170104,2.569775296939884
1992-01-07 16:00:00,18.99712647540853,-467.10902700251273,12.192197489974456,3.158350251205241,-1.254494522076078,1.3635089341862203,1.5457304995844496
1992-01-07 17:00:00,8.409914584744673,-481.51415657049733,4.7806671831535965,-8.92845859422886,-0.8272269464303668,0.6390896926032528,-0.6191406364190881
1992-01-07 18:00:00,19.677532457561192,-485.29045441127704,-3.541221130041942,-9.66110830190677,0.07563783543402264,1.3621989476193006,-1.4810051600590501
1992-01-07 19:00:00,9.08872629757591,-479.01320466405343,5.846839307713752,-2.3474644445349355,-2.8296801812122667,0.8523951167266164,-0.49462270727690105
1992-01-07 20:00:00,9.72407442012317,-444.48590317994945,1.488884601767161,-8.567865611677128,-1.5152418942121417,0.7590236566601295,0.763123449383601
1992-01-07 21:00:00,23.60598399390449,-466.9459709958079,-9.766343690671908,-4.980535964938103,-1.663408151871708,2.489489162898351,-0.14580585788506217
1992-01-07 22:00:00,17.464911721222784,-457.92130516057114,8.39659276553695,5.7515188761541625,-0.05442286951903304,1.9078162924588253,-0.004632680961021096
1992-01-07 23:00:00,17.969903688649346,-473.4024600404975,16.16655636973413,11.703698283197573,-0.3418931876506821,1.859796406626277,0.4393956680376853
1992-01-08 00:00:00,5.785678956570711,-417.86875485290517,6.548980678944698,-9.727862451984167,-0.9145377160699848,-0.6689631125432969,0.08212688745333141
1992-01-08 01:00:00,24.828297721796233,-420.3521825590853,16.120684957301403,7.312170664294444,1.0321623921267509,3.305904193357404,0.622039718982186
1992-01-08 02:00:00,14.940976647357274,-410.05729500849634,15.45517945202908,-0.36730420821869275,-0.6776781566945275,1.2588774787715702,-1.3405531818700522
1992-01-08 03:00:00,10.966941210120435,-418.417525032874,25.451194504323848,4.774455936666787,2.1367753174796627,0.5640174170516815,1.0857085120782588
1992-01-08 04:00:00,35.735956282978634,-399.8837195160029,24.28202766696588,5.543733142978925,0.35773253540315775,1.8676274942726099,4.440460682535949
1992-01-08 05:00:00,6.38204328307259,-404.28588315224107,35.025672383599755,15.602004585795857,0.7565850562756111,0.4891321613040399,0.5316794825561917
1992-01-08 06:00:00,19.734940531300428,-398.8873796796608,12.44273993406551,0.6294236885088109,2.0275512591740137,-1.9469085617424435,1.6053684275799642
1992-01-08 07:00:00,18.201320929111596,-410.7085086013747,38.24422181229603,8.778802779386503,0.7496796199700715,0.41647384494531037,2.337968692289671
1992-01-08 08:00:00,8.267996061579707,-432.78280036329147,22.418845881206426,-1.07430032610306,-0.02618181117741697,0.29979768495737436,0.9060759333568038
1992-01-08 09:00:00,25.55425019411765,-399.3361785584061,18.61865292718111,13.35768653255367,2.297976304868468,0.12255841778194299,3.151862855615397
1992-01-08 10:00:00,18.349270029542605,-449.2667798816381,12.472954409924174,7.216621575228919,2.5797042620197415,0.15385309267958588,1.9777557820333826
1992-01-08 11:00:00,16.652225250460752,-430.42572478487017,18.216996139142083,-4.151358690995619,-1.2745566294995605,-0.6639461765576549,1.7826258038990472
1992-01-08 12:00:00,25.744189460434644,-436.97088149927237,18.766200730154736,-3.178104122918312,1.3834073225536971,2.903148721095399,-1.5515082433706997
1992-01-08 13:00:00,21.395387113912967,-456.5051661236954,14.29213084004942,-8.035295560094964,-2.8565527336263967,-0.8860161212987917,2.079865692464616
1992-01-08 14:00:00,2.579399856005911,-438.26785662354956,5.710713489011555,-3.383842035169343,0.6185687958516862,-0.23540470643399408,-0.18202053455861988
1992-01-08 15:00:00,25.798951360615316,-456.0109735703899,-9.816309918959744,-13.005650016831513,-0.5617183587842405,3.097977773018351,0.14786944378128047
1992-01-08 16:00:00,8.810280851497826,-463.6075222151777,1.9148464941645784,-2.0664120704445343,1.662514333634328,0.8437642450024598,0.4307923798507731
1992-01-08 17:00:00,10.965347395586319,-451.54785671149375,-2.3465358096821225,-14.830259564215279,-3.8172416268368656,1.0690050129260829,0.5931833543108213
1992-01-08 18:00:00,12.942423704597928,-466.8542869026836,0.8368036302583297,-13.716071226761626,-0.3796738594247986,-1.246212211085934,-0.6154683836746399
1992-01-08 19:00:00,33.26395185408029,-437.24587993889673,-7.025104564419388,-13.262962768549878,-2.506236728655549,3.7356388607371596,1.4564012983997494
1992-01-08 20:00:00,11.1410045258115,-449.1545750158887,3.2907710446784826,-12.706176661463832,-0.6869611601717831,0.09065957795056756,1.27207549501887
1992-01-08 21:00:00,3.819490635372129,-456.2303649271013,-4.402588461444415,-19.935439263123193,-2.071403294022371,-0.20630168348303352,0.2841463038199507
1992-01-08 22:00:00,12.535455230862073,-471.3947460191199,5.70609998964571,4.045682607048397,2.4668387462481007,1.0646654676948162,-0.7758511022773966
1992-01-08 23:00:00,13.254117025693128,-454.07193729472317,11.162764978392076,-12.633714042108743,0.9250306164504071,0.7964167839586597,-1.1821516400429546
1992-01-09 00:00:00,30.003833056153287,-409.97682261834495,16.932331272275157,-1.8018436712947192,0.5001855711735725,-0.31671074098480007,3.6639576343853264
1992-01-09 01:00:00,17.25880144173974,-418.6421100893063,22.639865833386374,-6.250738180025819,0.5859789719917168,-0.15880061476716378,2.0632093788272625
1992-01-09 02:00:00,17.991342311466234,-414.46100454955007,18.770099100323108,-12.426209917033393,0.28795188329697186,0.14140933023878327,2.5000293708707826
1992-01-09 03:00:00,27.11664742897868,-378.887758272201,-0.8516069527995587,0.4007513675153245,3.330533975598332,0.4578189891417769,3.546471759351757
1992-01-09 04:00:00,16.12964525994975,-417.5393712662211,22.719401721575814,-4.06090033756289,2.3433428591814787,-1.0521009765248737,1.8894649441420728
1992-01-09 05:00:00,30.389039654319383,-403.63583816326076,19.629008381429536,-5.336421181381278,0.6595759927767167,0.04508476571712472,4.170175155883093
1992-01-09 06:00:00,10.511360799202292,-400.5973573035031,21.91112794690124,2.6630760052097315,-0.7700787111776952,0.9757883395460958,0.9257474626111906
1992-01-09 07:00:00,23.557223404969722,-385.4281971916189,30.18567325267017,1.300042062907858,1.7562888864790436,-0.3532194252965879,3.0330743773699065
1992-01-09 08:00:00,16.27797781856944,-406.85462072907853,34.231024663392695,0.7112358965530303,3.650468381563161,-2.1015324155185775,1.0825333646308555
1992-01-09 09:00:00,23.751516357639147,-410.4040899982896,37.354114789381754,8.363026790691187,0.7981391865384271,-0.32430957396123516,3.2849111747350612
1992-01-09 10:00:00,13.789992918141385,-431.2044299380439,23.172583178847518,4.323652193764561,0.9558113109346065,-0.7187039088701785,1.4718840391726933
1992-01-09 11:00:00,14.614433840887754,-403.1911374454994,19.94209749702093,-12.56190052716926,2.1007303077724364,1.2108676710439448,-1.2253389033985433
1992-01-09 12:00:00,22.094530174898235,-409.5825747476175,31.743777711977245,-3.065210762749731,-1.5644777528238836,1.2236742532771774,2.4418992974786726
1992-01-09 13:00:00,35.09396284184401,-436.3483277700031,6.547227663578069,-1.3412244375314026,-1.5815255469248641,3.5222151860142517,2.634175523134902
1992-01-09 14:00:00,14.046267157037684,-433.72939281060843,12.28463868436071,-8.540970873581484,-1.6845401671501805,0.8817070440653655,-1.420931412979952
1992-01-09 15:00:00,14.462250385794817,-461.66610367489244,18.448855951910005,5.487950149759198,0.6947021231075117,1.4036822823702688,0.6275309682204042
1992-01-09 16:00:00,25.313029239090795,-454.06250760396523,1.7291986972207258,-10.080611272883434,1.6759507666940867,2.080918508759931,2.1114658004899347
1992-01-09 17:00:00,9.22959742704344,-429.281109403205,2.59475895367002,-7.157308191147369,1.2894504251709016,0.8267903473985397,0.6988339956385432
1992-01-09 18:00:00,8.811405168154984,-448.93215096490025,-4.0195084892993,-18.812705964246604,-1.2540435523676068,0.765565557132648,-0.6510903221382808
1992-01-09 19:00:00,34.067715572893874,-415.2255885419575,-2.0925394416170153,-0.7075021301824922,-0.5840003756626905,4.32372260495066,-0.04948312190763959
1992-01-09 20:00:00,7.363082328830185,-458.67880778995095,15.296666541816297,-3.9385910785695435,-1.8958485650663044,-0.5230312898432015,0.5317710634422365
1992-01-09 21:00:00,6.116460873460146,-433.4011374763067,17.22481612005489,-18.9531503420701,-2.636455839720652,0.7725909498946664,-0.34232898608310314
1992-01-09 22:00:00,10.400614497876282,-438.7924927014528,1.0173238344186455,-24.669311119458655,0.9477172571121478,0.5766843438696825,1.086835121030783
1992-01-09 23:00:00,17.26302727264832,-420.25133573419106,13.878684460062225,-2.67580339662746,-0.585345911790448,1.6247916513232035,1.3544685415012023
1992-01-10 00:00:00,16.406921126381757,-421.1446290219838,9.728657021371145,-10.39247221406491,0.8074654284268351,0.9310944111889115,1.719440007763673
1992-01-10 01:00:00,10.512978626054107,-421.8178689202365,5.140264212479432,-7.536697754723695,1.9352089069225218,-0.022835787216687664,1.2806352414239306
1992-01-10 02:00:00,26.09878775845218,-419.3888753989587,22.432755704113703,-3.685126788675906,2.921549056298213,2.3061426216726537,2.315975244249611
1992-01-10 03:00:00,19.5248014430949,-354.4099069448578,16.980590298187412,5.565648827184864,3.12545494809965,-2.286593922448005,1.8762315814811985
1992-01-10 04:00:00,14.74686763600612,-397.04843675833547,36.065435959340846,0.5324573319284909,3.272267528506867,-1.4384798075321084,1.454469073922018
1992-01-10 05:00:00,16.933973306675256,-423.39798529567565,29.24586706705315,-0.4324158424132154,1.8178164643431982,0.6028007940307364,2.030926739257331
1992-01-10 06:00:00,20.70652626890052,-402.0862942303631,30.665302424328196,1.9448947282590554,0.7146229191914676,1.1052941497391866,2.282702312205663
1992-01-10 07:00:00,12.517818597141977,-383.46097668619586,37.571324230017915,6.804437477579713,3.397709894982142,-0.5394228168115687,1.55073036729503
1992-01-10 08:00:00,13.057461986006665,-404.44834369225265,20.099894932754836,-1.154011826724187,4.04833082859151,1.4799134724201402,0.46112903704855857
1992-01-10 09:00:00,17.839625449706467,-381.608782560001,32.87402739726546,6.094527951664803,2.655058060717163,0.5152116141386957,2.4460967145666643
1992-01-10 10:00:00,16.749447812188915,-393.56367036845603,-3.6083557594615634,-4.921878343203121,2.3401190756813603,1.843124568717388,-1.3277890245552246
1992-01-10 11:00:00,17.93221532713502,-418.5094727233654,18.68535153696111,-12.301149471887927,1.7358291113168227,-1.7759299030360673,1.3657683385064412
1992-01-10 12:00:00,13.531155309329467,-431.51261863786755,22.7080508174285,-12.580996802684172,2.1977551871455487,-0.8875000414202948,1.4279169300502335
1992-01-10 13:00:00,21.290933615045944,-447.60087262297236,16.669553163873164,2.2748724775609195,0.4539693360399744,-1.8490675744526315,1.8280712351567816
1992-01-10 14:00:00,11.162022012928704,-450.64228770320864,21.63467139798072,-10.769546191883737,2.861462232750817,-0.7006485939373132,1.170627636555276
1992-01-10 15:00:00,22.160543331709434,-468.97991712523213,-5.154126356286475,-7.683967968636875,1.140405114457349,2.372809350187988,0.4378077195949334
1992-01-10 16:00:00,10.20826155075475,-434.049337374973,-3.3920774622860757,-7.551545724567529,-1.1707866957309907,1.1165279957662122,0.3193106064323964
1992-01-10 17:00:00,11.031303767329232,-431.773813787151,7.960084144802911,-4.53367964361255,3.395174957738686,1.2029453240500194,-0.13803118209428056
1992-01-10 18:00:00,10.179218490773286,-476.0670975277067,1.0902135377662736,-12.233617674247192,-0.1177799633484683,1.0317012634748197,0.27693061126070817
1992-01-10 19:00:00,12.768564327399147,-474.45609010080125,-24.048087842046545,-5.630932050334037,-0.1546247090105609,1.222846296667669,0.5564451375786845
1992-01-10 20:00:00,37.96868382692282,-480.83994750224014,-4.309039043186314,-11.190517165278454,0.7336266958759522,3.918493700798494,-0.0886239905982602
1992-01-10 21:00:00,23.924067782544277,-464.59813264770554,11.285218326663587,-4.01383233427107,0.778380038636959,1.8470244257807193,1.890031300933018
1992-01-10 22:00:00,21.421231158127558,-491.1560000058843,-6.764613732836353,-4.963940064499129,2.0494409577709574,-0.6019957581035669,2.175177031286826
1992-01-10 23:00:00,30.795045473276783,-455.09970396050915,29.157227066331618,-1.3230292911978458,-2.263452027458968,0.8869069323433751,3.54229497682952
1992-01-11 00:00:00,50.939315726197854,-411.47594326015815,3.630347614737188,5.392184642439991,-1.5324894515515959,2.486141510736924,6.561597592734502
1992-01-11 01:00:00,14.346241602929899,-429.04977775868514,18.650111168025262,-7.053022606435062,-0.42802130298791935,0.14040729655879886,1.6587221055048262
1992-01-11 02:00:00,17.315943543987103,-404.4865477620992,20.641074069988285,-2.145838474394553,4.133756844194622,-1.1292594883549052,2.09848483962477
1992-01-11 03:00:00,11.350226335587054,-419.0553989931512,17.002172824009946,0.6435798458172588,2.2081063733218165,-1.3145651845997588,0.5735159946392805
1992-01-11 04:00:00,34.23402017704886,-381.1380254295108,16.297296655723247,14.430951341303466,3.4315930015117186,-0.010536268864598436,4.9094958208958825
1992-01-11 05:00:00,6.771371344093539,-402.2406529955316,22.434624428068,1.973968682357549,-3.123601101679327,-0.5798199701254385,0.38855569398624545
1992-01-11 06:00:00,22.425543649233564,-410.7148101820976,9.105800176369552,-2.8061784878625815,-0.2869497560146661,-0.7021999956935867,2.9073985930295683
1992-01-11 07:00:00,13.269750098815884,-368.4776681330173,24.989815989022116,12.291960881200275,0.4084313167289232,0.06672090121669294,1.7904304562619817
1992-01-11 08:00:00,35.81459025317115,-415.32095229092465,16.798724165633242,4.481658510803938,2.4050982129790657,-2.587422889161457,3.48989049498789
1992-01-11 09:00:00,14.527943529919222,-434.29232778129847,5.5200585789726,2.7483680934464267,0.019806239596210876,-1.672622825116879,0.0252807772035204
1992-01-11 10:00:00,28.21492964504093,-419.95072097827125,25.06831881958052,-2.9861237096167565,2.2635660394014168,0.024975344726203594,3.4939303172074903
1992-01-11 11:00:00,20.975642345208268,-431.5441474753416,13.947420658164212,-5.635825028830862,2.5612197917333996,0.7389363979661185,2.3190536762439034
1992-01-11 12:00:00,3.1314511389010637,-423.4617665876991,17.542012084840355,-9.093190787098987,0.4202861511699943,-0.25224729607548,-0.27606877395374363
1992-01-11 13:00:00,38.97030170915773,-461.75081019164594,2.1212002532351506,10.955960564798728,-1.3298962163135561,0.2482917807480377,4.715484298500144
1992-01-11 14:00:00,16.764075099935486,-443.87536310107225,-13.002319365640949,3.244857402887467,-1.0385427113747303,0.9882866770015466,1.596705922048751
1992-01-11 15:00:00,8.580547642223769,-450.10348036189,8.623877811846832,-12.431444433752164,-2.9111159081583424,-0.2513574316840914,-0.9823711040348472
1992-01-11 16:00:00,32.641328034478825,-478.3634216555936,-5.714771046722571,1.8325707593321425,0.10035248427498686,1.4665413063722206,3.069417276009258
1992-01-11 17:00:00,6.487784928459562,-469.5750250680714,-6.751967231929534,-10.651336400169741,-2.0622508852152626,-0.010885655784437245,0.6437162763705144
1992-01-11 18:00:00,5.375136799176564,-486.1540305117974,-10.555383759456616,-1.0522513046519248,-1.623291969425869,-0.2674060382281286,0.49806801861443245
1992-01-11 19:00:00,10.021692739699908,-438.16080057636844,10.48387156302147,-5.787367305694739,-1.5541999103979152,1.148036236637283,0.250412083640305
1992-01-11 20:00:00,12.921147647464352,-481.6082282849866,-4.132974220563142,-6.632747422120873,-2.7637808946083897,1.1593457218730001,0.5941975195553784
1992-01-11 21:00:00,28.903817747112974,-473.64006807281606,-0.797558950333614,-4.385817730330368,-1.4046281140643733,0.02444883821265284,3.3038899839076605
1992-01-11 22:00:00,22.973708576363688,-477.30614301613065,23.40232581965885,-13.443222600121548,-2.544415017692648,-1.9905375652867838,1.076058520102781
1992-01-11 23:00:00,11.898682336266203,-459.8510711775606,4.022665753523495,-0.6342937759246672,-0.88751074895895,-0.6208828135997697,1.129492952500718
1992-01-12 00:00:00,5.853485494852203,-447.67802332067697,6.408698871672122,3.633480795622498,1.7178151951859986,0.13742034764292882,0.6743134317308063
1992-01-12 01:00:00,30.720403632556263,-428.8909240994557,4.814796431970517,6.329708209136154,-0.1973357794157963,-3.3781922357078,1.18406419037027
1992-01-12 02:00:00,41.83418125334549,-443.05585978858466,-4.928480527635841,7.3342869574990495,-0.41226702481796007,-3.5761147641685547,3.8156503639438415
1992-01-12 03:00:00,29.596146403453766,-431.05208610362047,14.100825561814737,13.226064221905776,-1.6460604150433735,-0.10897766242767559,3.907477791078087
1992-01-12 04:00:00,11.053342703853835,-445.39484233913873,30.377964846046158,4.5018242712988075,4.230508286927174,0.2829986677309454,1.0564483221921113
1992-01-12 05:00:00,19.447950164570788,-434.17545166380535,14.30533242612141,6.818095278687369,3.1353802531119617,-0.8943862793377007,2.325507220534964
1992-01-12 06:00:00,13.346209435185337,-379.9991564585634,32.196847066137174,7.790455864435911,0.14903729221515605,0.13058545182623987,1.9264306919720717
1992-01-12 07:00:00,15.142451137505484,-407.3374803235823,15.910030265763998,16.17550440245408,1.3979912569394215,-1.4744468077729291,1.3064003957603407
1992-01-12 08:00:00,20.744634262357746,-438.3832591356515,16.24404755313895,11.182482566029105,0.4470273893272192,-2.3342508765365615,0.9882338690682351
1992-01-12 09:00:00,16.20818270235147,-451.89692841593853,7.783057095339718,6.6385486940614395,4.142437071858248,-1.0671821020346586,1.4300474335525113
1992-01-12 10:00:00,14.27434952314022,-453.21060686905963,16.610351510797162,13.500671234047653,-1.3366152178917532,0.3992083293674381,1.5744991716146612
1992-01-12 11:00:00,11.447895186172138,-446.7048521329055,18.52640231186621,20.347744309485805,-1.9596535880473551,1.2805992841793943,-0.35591901993254527
1992-01-12 12:00:00,25.140839057056777,-454.0136357959651,9.10764107542196,12.343548031342912,-0.746571070636387,2.0796451801880687,2.3782064667438485
1992-01-12 13:00:00,6.654880918922528,-473.8061124830239,5.754401697165203,-1.5467118718995128,0.11819794131434291,0.39989549253501283,0.5766323844799717
1992-01-12 14:00:00,21.19597572410063,-489.5980465728841,-1.4095583260317683,4.62236646133763,-0.662729333982074,-0.8011760300568481,2.0179209262077373
1992-01-12 15:00:00,37.925434553129286,-455.585858430947,-0.604163187167762,-7.407576398332879,-1.3435854204562787,2.7541243837154212,3.214741004884922
1992-01-12 16:00:00,27.089804943569145,-475.3603404846774,-13.484837955358907,-4.136255677354436,-0.8357234379421675,0.2732898876586116,-3.1393383394744023
1992-01-12 17:00:00,24.329690909546226,-491.07613523061053,-1.3186165472781148,-7.290856089452426,-0.523801035600606,2.1170238297006745,1.3633590180890067
1992-01-12 18:00:00,22.555826351072863,-490.17447570394705,-7.2016615372376025,-3.265783637929702,0.7290522620247891,1.7778863715898068,1.6894978967101397
1992-01-12 19:00:00,32.16817428162415,-493.96927149255805,-12.784107664739924,-4.260646332341857,-0.8731003577859738,2.8994002141404898,1.9978620790160222
1992-01-12 20:00:00,5.301615345785408,-527.3534556920714,-19.4914586406931,-10.087679248612488,1.500510404734039,0.05208565353262473,0.5310088036059067
1992-01-12 21:00:00,24.85149839911272,-477.02618865357033,-2.1341978378349316,3.2727670467634704,-0.028090517646091384,1.5306611350226995,-2.301694508522533
1992-01-12 22:00:00,21.738085900858703,-488.88029449008485,1.9668448744802367,11.513693074570575,-1.6030744177268281,0.8223582532550938,2.2509372814902813
1992-01-12 23:00:00,15.221889378520181,-480.8574491637601,1.025913848031375,7.590403990146189,-4.101728284562289,1.1550063246510434,1.2560715342018032
1992-01-13 00:00:00,36.54693914964201,-467.8017059079555,0.330648990974705,8.143354397644321,1.1562818242492512,4.007833619655459,0.6135953577136185
1992-01-13 01:00:00,18.085323566632166,-439.65454719255706,4.366265642102654,5.221643641761877,-2.613222081155409,0.6954455092094001,2.2187744512110714
1992-01-13 02:00:00,8.615688351290796,-461.0245698616251,14.5430055380342,8.873581292933679,2.9216160423025004,0.6570637701287873,-0.6136849703737868
1992-01-13 03:00:00,12.37997525467772,-458.90226819659426,2.6504876189264657,10.64192252995657,0.604516356276876,-0.7506583301327138,1.108754949889815
1992-01-13 04:00:00,8.96553075648197,-423.06293108073555,5.596137899549871,15.390500635478444,-0.753336752395223,-0.9260724498099366,-0.4684026133025031
1992-01-13 05:00:00,15.18779512919879,-418.4341995917209,21.357857388367336,27.137247086281075,-0.1613343156644671,-0.25947805592849527,1.8021444666869106
1992-01-13 06:00:00,35.283119316255146,-443.06030346698975,13.33660215530216,11.019707267934646,1.8735129565060598,-3.895655420909366,1.669868833875735
1992-01-13 07:00:00,17.380328777948673,-421.3248301165604,14.62487513022971,1.9389967817541969,0.3483412363177141,-1.9681161425529545,0.6520039911076001
1992-01-13 08:00:00,13.302791080022125,-437.08414441454215,25.479936802161,15.908677981745642,2.411480413073618,-1.8219000295519692,-0.1737338575058286
1992-01-13 09:00:00,33.60245832441,-432.8845934084792,20.286780719424776,23.68171409495069,-1.5280371540438926,-1.0571841191507945,3.9436970681831203
1992-01-13 10:00:00,18.386027168927075,-462.5381901807408,5.069605532840344,10.17169582855556,-0.23393309079138425,-1.3039727879314271,1.5021874667652328
1992-01-13 11:00:00,25.95562327551763,-438.2780977173311,4.077678735805839,8.51659665206379,2.8646261916540205,-2.7793403455130115,1.5012230132037407
1992-01-13 12:00:00,41.209772294201706,-440.3170397732274,11.41937656007427,-3.2924731223359576,-2.61018687041956,-3.227567090985425,3.398066117337247
1992-01-13 13:00:00,18.61786265733975,-456.4503289636677,-1.2280181362322535,-2.022510474504797,-2.765660797331134,-2.0287256204938737,0.2589281133698088
1992-01-13 14:00:00,18.912173205339403,-464.66720624200246,-6.620961235502192,5.197798257866907,-2.9375701370016696,-1.9708747090178536,1.148025202403032
1992-01-13 15:00:00,26.290114354998614,-535.7596188172513,5.787394571798783,-13.940857455841131,2.3739012771036574,-0.5582929708201145,2.6903552719993264
1992-01-13 16:00:00,34.29724075489209,-479.7603598276053,-13.71638495245508,-3.003197694199679,-0.6898188939138823,3.028406115700358,2.646278495560064
1992-01-13 17:00:00,41.327992800916455,-486.8103006599399,-0.31019368194095964,-2.415588414956117,2.693478590043176,1.0133452415830257,4.62170800399988
1992-01-13 18:00:00,25.090087353978006,-489.40632078621223,-25.0425134133716,-12.916640483954207,-4.373572966674924,1.3291296058639293,1.9229591602989817
1992-01-13 19:00:00,10.091543209207327,-495.33904443922813,-10.390564495288283,-3.955070471030531,-0.5909062299680717,-0.04195792291437184,-1.022720130845861
1992-01-13 20:00:00,8.88524648747526,-481.70659282861936,-5.197403261909135,-2.554400963332121,-2.3921192338847233,0.4943722203240042,0.748864801649106
1992-01-13 21:00:00,17.671973973771788,-471.2266093190577,-0.01637676095841556,-4.387344798739169,-0.8638754389159801,1.4460364359965925,1.1855753775428177
1992-01-13 22:00:00,28.062312434776494,-474.71519334735683,-15.864093714106607,0.17365066919381267,-0.5252877594368591,-1.5602412193863473,-2.7312742364937357
1992-01-13 23:00:00,22.931076303280435,-469.97843179173367,-6.834117148070467,0.448706294533463,-1.9364001477749064,-2.3310344475250626,0.8069942990744983
1992-01-14 00:00:00,4.394690795564726,-436.3277721002634,10.038672833189445,-8.009303109810727,0.31163682526179615,0.2781595898810914,-0.4092267573088856
1992-01-14 01:00:00,32.05399509000121,-463.1194703312957,7.22548048445918,1.6132322027017474,0.5496712686344183,-0.33677584666492955,3.6981735900203807
1992-01-14 02:00:00,30.55002891268894,-423.27205595997845,2.005524984160167,9.149381732498487,1.250773688607672,-1.1235306558092146,3.6181743146968417
1992-01-14 03:00:00,24.545493482194924,-429.3898389496864,13.289505899193266,18.12381546793627,-0.2735865303392091,-2.788681912474029,0.5831555201045979
1992-01-14 04:00:00,4.270617587294327,-438.81890135233704,26.478115269844686,15.78986910886772,2.7935096802679165,0.1402947424271775,0.2753261391505961
1992-01-14 05:00:00,19.08513189670586,-427.7216129810641,20.272671812884703,6.369173436825012,2.6318076070460363,-1.5171084433512902,1.7009587882328323
1992-01-14 06:00:00,18.40233270706606,-435.5679006245952,7.522454527006255,31.157331656936613,2.2555093840753866,-0.9162598191157012,1.7579263996546417
1992-01-14 07:00:00,21.051897342137416,-412.0949959458632,28.788571405631245,7.648353984665224,-1.6087797609300138,-2.4879894945846286,1.0357452233802125
1992-01-14 08:00:00,22.505782905093632,-419.3146584208057,21.25121342349245,1.599940683659947,2.0326673540944724,-0.8016239955582553,2.87725415638189
1992-01-14 09:00:00,27.049142416195014,-437.04914997994626,18.95700956496289,0.24011190306710928,0.7854352752405653,1.2986352302414321,2.995105311208387
1992-01-14 10:00:00,17.83418629315827,-450.83341320191226,15.471451908592506,15.068392867264947,-1.8833744484455759,-1.4424682826103492,1.3404116485687037
1992-01-14 11:00:00,8.601774104547355,-436.21126449792047,10.52630388327927,-8.848453148122758,2.4957975817229303,0.04462457514808388,1.0306610530709435
1992-01-14 12:00:00,5.548556920616786,-433.44206698167244,8.882782374004078,6.604839026616783,-0.06357761877011886,-0.5880901724015357,0.30597938396561086
1992-01-14 13:00:00,5.9757145045163815,-456.6367237900217,4.16750130975932,-6.395769580597351,-0.6388558113496009,0.4816002597195994,-0.4581349191494708
1992-01-14 14:00:00,27.650145159003014,-455.287259713688,-6.378547466308863,6.529712417064083,0.5765489732976607,2.349674876266242,1.9240720398094733
1992-01-14 15:00:00,29.93343212785022,-472.7900145055822,0.35826979745500465,-12.954107122729974,1.3253830689225774,2.5126890569045717,-2.0513815652877305
1992-01-14 16:00:00,34.14292293683005,-470.12055310093933,-14.72954059785829,-17.647202482707108,-1.8770185327820446,1.1045699056423257,3.9550459616789784
1992-01-14 17:00:00,11.81924997301899,-477.77578554557897,6.9394367662289405,-2.4912901792047055,-2.083244485546781,0.932911704424744,0.8346298656424197
1992-01-14 18:00:00,5.360972084119011,-469.2562844561166,12.573164208252585,-11.88779631980908,-0.5551492187416907,-0.35994775953107105,0.4169772834241393
1992-01-14 19:00:00,3.7645681244064653,-494.53470315772756,-1.9927192021552922,-14.276548369124974,-0.6422231041010007,-0.25586855536447106,-0.30258285208422153
1992-01-14 20:00:00,24.921648412687894,-458.52658994381363,6.472119075744779,-6.495887982937943,-0.8639646349994475,0.748339774539561,-2.629597233814581
1992-01-14 21:00:00,35.35995404350586,-466.1603257244568,-4.910789112941117,-12.576209029260198,-1.2077040557286776,2.643936458895018,2.848440710581984
1992-01-14 22:00:00,37.0082327059669,-450.3234018012835,12.622939218713542,2.1261403574367557,1.3846444840955126,0.23167358258283582,4.469277024925783
1992-01-14 23:00:00,8.29234589469435,-452.83795497341504,7.789148173436272,-6.908612442873872,1.8035116222786471,-0.945676673324569,0.06686990707457152
1992-01-15 00:00:00,25.09727355111386,-434.4332521248461,-10.926057417980111,-7.4180158033319294,-0.2724916817444358,-2.442744758171702,2.194135834123796
1992-01-15 01:00:00,7.266352290425862,-446.828187767034,-2.8580285758693385,-11.433987148622032,1.788971992285424,0.400516217047129,0.7895495388532076
1992-01-15 02:00:00,26.675904818967147,-404.912805841542,12.855801900106208,7.08049710844124,0.48552615390583675,2.8631942045115886,1.592836220771238
1992-01-15 03:00:00,11.75398005601154,-441.26199220869455,10.619088888660638,8.126782019779002,2.965555869874613,-0.6592410578121704,1.139823393729
1992-01-15 04:00:00,13.818567378711649,-425.7632260504942,31.477587138852194,10.091639987587465,1.1502800733012448,-1.1611532355170904,1.1819751684390025
1992-01-15 05:00:00,18.61477681536848,-402.8481454658556,23.14816582385671,-2.855293000833787,1.9765369200557303,0.972870938913081,2.214287691891585
1992-01-15 06:00:00,13.437038931382986,-382.7468689233462,25.221033792616698,2.607933714703547,3.0295712381517026,-0.18889024269485566,1.917569294105694
1992-01-15 07:00:00,19.06083861902544,-400.870319238724,5.795237275245826,12.251244576226537,1.869059061044155,-0.5767830851390549,2.6002826933385172
1992-01-15 08:00:00,25.902441625964663,-410.9620348153487,28.76943790289879,5.671313858831876,1.0540059843235374,-1.8469181486678743,2.609143057732944
1992-01-15 09:00:00,15.208919421191482,-432.64749621803276,13.639120042626214,12.97712841186738,4.21343315429665,-0.8689798721977048,1.468048657835394
1992-01-15 10:00:00,22.154644243231584,-419.63232722030574,14.288976871973155,1.8122691694009219,0.6030103366720916,-1.6492513024746172,2.0733568640402815
1992-01-15 11:00:00,9.523562358797289,-423.61608480110414,5.7871305456493225,2.874133463121271,0.8329461090497549,1.0096265019227002,-0.5348724790597443
1992-01-15 12:00:00,13.466679625420017,-404.94856374335217,10.512846588200556,-7.383000949363016,-0.7700526839969664,-0.5547988209207545,1.545928401480722
1992-01-15 13:00:00,4.777182058356984,-428.0488412546639,14.78984012932315,-5.663757157256756,-0.645997105104229,0.5347076248986224,-0.22955207464274296
1992-01-15 14:00:00,26.589558887310837,-466.92033529293406,-6.90471200300567,-3.607556319807514,0.42217975373904015,1.8977529640034378,2.1321741587771332
1992-01-15 15:00:00,9.794240318225054,-419.1777654546591,8.050136364676296,-10.781201158433236,-0.5393612042813433,0.7472812009675174,0.8919276879797446
1992-01-15 16:00:00,8.79110801437586,-459.66251453000524,-0.9476936226520074,-19.141981186148595,-0.02528170381388417,0.12563403046788407,0.9469024973065974
1992-01-15 17:00:00,16.283795776067006,-469.26262055700266,3.9932402386882533,-9.38330560529067,-0.6793543912431101,1.6694394225255769,0.4775421514311762
1992-01-15 18:00:00,10.569789912773839,-434.33850582689786,1.000585928944529,-13.086919785312645,-0.6801435535895548,1.2047512047524345,-0.19822531729592496
1992-01-15 19:00:00,8.004773086104304,-455.57566805273103,10.496195039814031,-12.417603051287497,-1.7438494905321926,0.6275472057234066,0.6050432869536706
1992-01-15 20:00:00,35.81389555754571,-456.67138252637386,8.232754823867278,-17.696829643427197,-3.5475557399498,4.168231400672119,-0.07544562499174667
1992-01-15 21:00:00,28.674886277798347,-442.5448990330278,5.994094187353093,-25.72422541540054,0.27192679154645794,3.2708741566260464,-1.2217608834657314
1992-01-15 22:00:00,24.798640343501916,-426.4165473996886,-7.720416105222537,3.0190086954020794,-2.6156075968702632,2.7145638010678024,1.0848011197126715
1992-01-15 23:00:00,3.574510362748217,-416.4147926114779,10.912447525918124,-8.304077847718926,2.057219658416188,0.19955330430766255,-0.30531750032045113
1992-01-16 00:00:00,28.735613175144085,-443.6657674238573,10.638936036928133,-3.19421944092828,-0.5296945024286341,3.415674056716493,-0.9824985706674371
1992-01-16 01:00:00,5.468217289684564,-384.9413833107649,29.590264131072743,1.8282018576637435,3.3206291033842543,0.4638468536181911,-0.08719931224452471
1992-01-16 02:00:00,13.999942082625907,-393.10993513193205,37.55576589588577,-2.795722965528114,4.171525530180173,-0.0213982512230102,1.7617940696098866
1992-01-16 03:00:00,12.274156263349717,-406.33320758904557,27.085923925842334,-5.906168139185757,-0.6035117714501198,1.5784696434775203,-0.29715746960910694
1992-01-16 04:00:00,14.715262414290846,-407.72089893815183,18.816936296394317,-3.9321086479890894,0.1057753880251443,-1.317904261968805,1.4188286817858846
1992-01-16 05:00:00,10.664786227754417,-406.63408963393925,12.609016228534283,12.241536477791808,0.8197087060831918,-0.6008848334362898,1.1524285808146213
1992-01-16 06:00:00,1.5473234288629691,-388.917397497335,26.4984364884123,1.2474368453763702,0.07845595642518821,0.1771004162983244,-0.0793071806594079
1992-01-16 07:00:00,32.065312376273454,-401.27954308429986,17.23601448100186,5.133088179391952,-0.20613301946169482,-2.413854630466214,3.819761725205582
1992-01-16 08:00:00,9.230179357454562,-405.7366501961418,23.014923970567114,-3.3472081936293545,4.109964896597475,0.6927409363013409,0.6931054687680652
1992-01-16 09:00:00,14.227725424204062,-386.58495157493553,23.57267532416536,8.580333641222666,2.0626658237670785,0.2121278390245548,1.7601967026508083
1992-01-16 10:00:00,16.303609593453658,-399.2272955189135,17.879936042465133,5.438755355377235,2.5072938786698145,-0.19222702148190596,2.0040809154809454
1992-01-16 11:00:00,8.176835004769938,-417.66935817907563,15.827264745719205,-13.214056968235909,3.1535159059750866,0.6274614380871003,0.8716373638995969
1992-01-16 12:00:00,9.658848375084885,-408.35894846855376,6.002875645800597,-7.63681025399191,-0.34345959220629096,0.8106189699864806,0.8589823707731746
1992-01-16 13:00:00,16.490277276555748,-406.41780471918196,13.151372465807574,3.1959374135437146,0.6258429094898732,-1.251568362083433,1.8961550303818246
1992-01-16 14:00:00,22.238640156153824,-450.4665413318923,7.2509131507651325,-8.072644432690316,0.03735540399427706,2.351297954426687,1.1746429249069363
1992-01-16 15:00:00,19.556131950443866,-449.2111275906729,12.311737439485182,-8.74163008367074,0.35316602660681234,0.9078962199183893,2.1299996950822706
1992-01-16 16:00:00,31.669860266510916,-430.82178935805774,20.003961803428446,-6.525911654365253,2.9635122613963225,3.6405984477667137,1.3521910323610653
1992-01-16 17:00:00,32.80248786397247,-437.16481811385904,-2.8278568653300677,-14.841158454818423,-0.5392768446497448,4.063372332329613,-1.052118717104754
1992-01-16 18:00:00,12.394753373668157,-445.48217736925744,-19.56987409168666,-17.09546383866194,-1.4098596643858456,-0.10530681287527044,-1.6584239143941752
1992-01-16 19:00:00,6.052677273070735,-430.3624870618573,1.0842025741319246,-2.0220547581473234,0.8516102456699532,0.5775899428327541,-0.3939985180280331
1992-01-16 20:00:00,8.040015730537563,-461.1869138987158,3.8417033223509023,-21.77912014809022,2.4926393360114627,0.703630266232575,0.601026492549507
1992-01-16 21:00:00,27.348886976212423,-462.32975163524543,12.478454793210936,-9.815741776119305,-0.5203056762167004,1.9798512256956606,2.5248319751029102
1992-01-16 22:00:00,17.26485785667649,-447.0258735703139,10.014935197289137,-9.4014454954137,-2.1044297576319044,-0.5756986587903825,-1.8923203815664027
1992-01-16 23:00:00,10.081419908444374,-424.9606217024415,10.577894520028588,-7.045242538644981,1.9028149875300264,-0.9161049640836877,0.8743785908064998
1992-01-17 00:00:00,22.993347710642464,-431.28731182878477,11.418096996548911,-5.008862005290575,-0.017582392575824946,2.4589111767250205,1.6013932532097797
1992-01-17 01:00:00,17.311274920221805,-419.0801535996422,33.739649603022684,6.378941231824726,2.047764642745526,1.1547060296090124,1.5540767306794945
1992-01-17 02:00:00,19.49929906087246,-419.5708956536059,18.55602949257388,6.58566366427757,3.3107979662808376,-1.8739626028124663,1.418608120958552
1992-01-17 03:00:00,33.05228577484894,-408.23405148755114,30.57160171694728,-3.6589025101272243,1.7670467392830491,0.5386202748341113,4.264253554591119
1992-01-17 04:00:00,18.746868887118563,-409.4039820707118,37.46576545740738,6.452830988772973,4.2484768297618904,-0.23310491796375354,2.207986245980711
1992-01-17 05:00:00,0.7879313473892223,-386.1223945524597,23.978289922651285,12.16608227679261,1.19303034886623,-0.048369669159827655,0.06100348181215409
1992-01-17 06:00:00,20.818049338312044,-378.9982126776857,26.59024162422596,8.934560251831941,2.1136950522332114,-0.06485669329164612,2.840408113390847
1992-01-17 07:00:00,17.632363729243604,-399.4637476230978,19.305161263782555,10.265992434251325,-1.0360898585141318,-0.5589382156629206,2.4091871404095517
1992-01-17 08:00:00,17.318595058694868,-398.65999412690337,33.8987265559156,-1.4865137629893637,1.5242255165809644,1.7481928032971261,1.4578228622836868
1992-01-17 09:00:00,16.726307061781835,-409.55538217982047,29.994524789582037,-1.4395139543527757,3.697341280044576,-1.2015845636907834,1.8259025098482613
1992-01-17 10:00:00,13.174279920478773,-399.52224340419485,23.011817070441083,5.15790894708447,1.8059292208127218,-0.48358257459301346,1.5782107728090096
1992-01-17 11:00:00,14.462262992199914,-413.81211435291857,18.666822953824873,5.718050832169404,2.6600436676912933,-1.7951226840528527,0.7201435810264561
1992-01-17 12:00:00,28.71206720751556,-399.48634104534943,29.5427790976503,-6.8290116462401915,2.1243166986235096,1.0512784759172278,3.488344632304683
1992-01-17 13:00:00,22.230746406474992,-448.1201375260767,21.95433888616983,-6.0802025770757115,-2.478662669028737,-0.006313567774261619,2.5380758010487483
1992-01-17 14:00:00,11.371835707039411,-434.046448036861,-1.149822523625983,-5.0538234890379155,0.6901642201150483,1.2253621520064808,0.47584041138421773
1992-01-17 15:00:00,12.398453590055745,-439.5818562147721,5.955154709124741,-15.399950745868225,-0.7718891178348863,1.357114045166641,-0.4437072255526928
1992-01-17 16:00:00,16.62386611704298,-456.9487548978121,10.743732380873325,-10.726141683792024,-0.8914087505716832,1.7905745938523219,0.396939733598757
1992-01-17 17:00:00,14.2613168257716,-446.2827452148393,6.445556182356306,-11.310000463317131,-0.7831726074158066,-1.1074259465328626,-1.1203093177259258
1992-01-17 18:00:00,19.34922111787721,-478.21463790707406,7.6129652429742,-14.033170889280367,1.1033501549150189,0.04618247853922025,2.05415499033741
1992-01-17 19:00:00,7.129417265314669,-424.4895034914258,5.60348847523726,-12.09772739111424,-1.1151313207361113,0.08124509572177901,0.8052437773280215
1992-01-17 20:00:00,16.77450664593621,-474.016696679652,10.062843057730465,-7.995648543164852,-3.249719913077862,1.8308439631091782,-0.21590395326747913
1992-01-17 21:00:00,23.237288827239354,-435.8928449887826,13.143469834041323,-4.283562540912575,-2.1501426683994267,1.4253380304551375,2.422699198172186
1992-01-17 22:00:00,13.158000605849933,-460.97638903950264,16.341692159909336,2.039751672820932,2.335455307131077,1.2695721056994658,0.4495936815823186
1992-01-17 23:00:00,23.305887761226153,-420.3304348868388,6.300392715513827,2.089009709651848,-1.8464670956118903,2.322595267883191,1.8530766183421805
1992-01-18 00:00:00,8.52155774683886,-436.23195951534626,21.68744665840504,-3.9453552776908083,0.7336420285478359,0.9204230981912784,0.20157354241335845
1992-01-18 01:00:00,33.00859085814433,-421.0464574375642,12.378704305567323,-2.6274791000523603,0.579583680110824,-2.81862441841401,2.697206320863527
1992-01-18 02:00:00,12.885955776678163,-416.09757954576367,10.623237252776052,4.965323029600413,1.07442868471949,-1.1283042518817183,1.1210473933642455
1992-01-18 03:00:00,26.920340768934405,-394.88377768379945,4.260016960949587,6.313227651199037,0.6172391601514253,-2.9966845161668747,2.226985841243761
1992-01-18 04:00:00,18.875543537141603,-412.1410854798205,23.98996787676379,9.771685482406701,1.7290116745646147,-2.1492324704518997,-1.168978987671403
1992-01-18 05:00:00,21.957864892810576,-449.675356651422,13.742730893184417,0.12445215930169162,0.949822526490121,2.0347202897762195,1.298822041354688
1992-01-18 06:00:00,20.60656150639978,-416.26857791104214,19.184755077837707,9.162091993146968,0.9662846713724333,1.4670555169228559,1.9683324300150364
1992-01-18 07:00:00,19.744527262894476,-403.90265892453766,27.53061076117384,10.04619820120481,-0.24562030173246344,-0.3364511704625371,2.695263084398129
1992-01-18 08:00:00,17.943645690343487,-417.0164480122583,27.629391722094212,9.68247513550538,1.8292622887843268,0.9441763172530194,-1.9343892138039238
1992-01-18 09:00:00,33.852056145713654,-404.32287743168655,4.826387379825706,-2.0002532270162083,1.4390861691755756,-2.6735068350196975,3.508982532103662
1992-01-18 10:00:00,17.380606789331537,-407.5770723761349,23.09938888115781,3.857893146069233,-0.7795623278456824,-0.9072285167680125,2.01434632484326
1992-01-18 11:00:00,45.180684805310676,-432.8830350520078,10.71072793183973,0.040167300621351765,1.811646876022444,1.9926380682975182,5.251855257704579
1992-01-18 12:00:00,25.909541379101874,-461.50517726663804,16.33085803531945,7.398381674893971,0.5286078825271814,-2.0152174501643514,2.4101666761382377
1992-01-18 13:00:00,17.497671520491007,-427.0402281220753,16.01693120180261,7.560152329443748,-1.3640513179845397,-1.0728731087037553,1.7349120859670304
1992-01-18 14:00:00,10.9490908717443,-439.5882091369636,-0.9177266155063533,-18.782969816646787,0.2340874486992642,0.4615743982987347,1.166753496676566
1992-01-18 15:00:00,12.051037845566714,-467.2697978448801,5.347913079716085,-12.5133138452343,-2.470603661519244,0.8679665937310743,-1.0447547725036053
1992-01-18 16:00:00,7.483359375490522,-436.67382819601767,-2.9103137001037656,-6.943842858734033,-3.141371552884256,0.8132861278599576,-0.24506386764382382
1992-01-18 17:00:00,28.7405451917003,-477.20330218029017,-11.343346596019623,-2.7069394492889436,-1.397332249894131,2.973341049789583,0.8864959162308914
1992-01-18 18:00:00,33.990308768390896,-490.90565068957727,-5.630591600761457,-0.68387857093657,-1.7085796034984602,3.5202904425566257,1.0718257574768217
1992-01-18 19:00:00,27.959515525853913,-475.878522727573,4.069755266464755,-18.59455621136294,0.1780772847552614,-0.52765366276569,3.007807020903952
1992-01-18 20:00:00,8.109746488808284,-455.100575006927,4.06147429454564,-4.228479687844361,-1.6845929831037856,0.8632487445880019,0.2568872044167422
1992-01-18 21:00:00,27.33662980580082,-481.2738121332767,5.549613986608242,-10.106223888721317,2.622017237033847,1.7806100769828472,-2.132734123136635
1992-01-18 22:00:00,16.072802382088916,-432.45721267848165,-0.6936555209568209,-0.8474190705045552,-1.88396285407793,1.711258875011173,0.6428397373837438
1992-01-18 23:00:00,43.03782830518455,-468.6588979252231,-9.64773714844684,4.650721361942557,-0.8812599879397901,-4.592307697493849,-0.38732604476427956
1992-01-19 00:00:00,24.353730968972933,-433.9104573395265,13.30143398335804,6.453198791245406,-0.631946449246674,-1.314784613931376,2.4764367519100143
1992-01-19 01:00:00,10.664678630354086,-432.8692071463098,7.736433685304025,12.616685513496478,0.9029295598075582,-0.18228708320224635,1.1939945403732557
1992-01-19 02:00:00,27.87755740190607,-436.8392464939657,13.081921652528713,15.241028473237796,-0.1667221718900045,-1.173759811586925,-3.3231402633836584
1992-01-19 03:00:00,31.6234428140312,-412.7029009461541,15.616386676507675,5.334906289123418,-0.05079603712221509,-2.5512919365824,3.394940107593726
1992-01-19 04:00:00,19.02238950905866,-447.294042810927,18.99502733430256,-6.729284590884706,2.7617210167356485,-2.111547517884645,-1.20865872249009
1992-01-19 05:00:00,27.100847304509877,-402.07173209910144,17.54014033990458,6.9666815173896435,0.4067406345619926,-1.9223027360833684,2.76906891862207
1992-01-19 06:00:00,13.322857419590564,-422.8649081471696,20.564386835037336,12.927163368621057,-0.23762197987025468,-1.4373825308630739,-0.4801442678958785
1992-01-19 07:00:00,28.15068355726391,-431.6718637696743,16.044908031183937,16.067693649614466,0.170485853664899,-3.212251938890147,0.5717262699715809
1992-01-19 08:00:00,42.81072029551029,-415.79958451459925,7.868328694125386,-1.8029359890476218,1.1030212728912696,-0.5573568878540318,5.862708127064884
1992-01-19 09:00:00,11.518591790083873,-416.46808090570744,10.489040127701996,2.898702057214619,2.035699044655983,-0.1788645268885906,1.3623631846669049
1992-01-19 10:00:00,42.639998250025386,-427.53290155571455,20.018752099862763,5.470811928826641,-4.545986518490714,-0.2971586645244259,5.57047792893086
1992-01-19 11:00:00,27.5676246809403,-416.86123589947385,24.75741674571161,1.5293491166216566,-1.9331267388582822,-3.0283139578122253,-1.0184585624567133
1992-01-19 12:00:00,4.0234246453508575,-438.96252663689097,14.551232489672664,-1.8029182581122973,-1.896417644196647,0.49447597922784303,-0.1618291448432032
1992-01-19 13:00:00,11.040205157051576,-444.20064951813697,-8.702722420285344,0.9277940907252558,-4.200842075018157,-1.2052613705995543,0.5598024294107856
1992-01-19 14:00:00,15.459193058666006,-479.1882492668679,-8.446526969822022,6.027667374061023,-2.4289381951504807,-1.4416375339654215,0.8338254187958682
1992-01-19 15:00:00,9.075088007059232,-476.10494152806467,-8.56530126848968,3.6032463765470863,-2.150952361622187,0.4265507761673766,-0.8154235602695589
1992-01-19 16:00:00,4.669792192902159,-474.40825763380315,-8.207927679537999,-6.61249947731472,-1.291472861149883,0.4697328008167697,-0.02456118712507449
1992-01-19 17:00:00,9.349210199282258,-486.5074104788831,-15.923376500266956,-6.773221303571061,-2.299309960525889,0.6829339460529998,-0.6214929883479923
1992-01-19 18:00:00,12.242333120580758,-483.0802093790762,-2.5703706173872964,-0.7177691496389738,-1.8801294758555513,-1.056429722158224,0.7117248336571556
1992-01-19 19:00:00,26.087067618128053,-480.467079925791,-11.384148204943052,-2.224475145166547,-2.6177373144428753,2.5089212454428536,-0.8833872389770278
1992-01-19 20:00:00,16.985207009725613,-471.4910385866102,-8.69652882869665,-3.538105765839143,-0.9766817731753947,1.7702867808581515,-0.027756294209527632
1992-01-19 21:00:00,30.299477936726575,-481.1773058916319,3.3577091286851806,3.2144012973207294,-3.9617282248105803,-3.430115660018702,-0.47979240049669203
1992-01-19 22:00:00,8.60098699827537,-479.0231765196288,-3.645208337671008,3.679687349569253,-0.25619464782966606,-0.7295573570617,0.5278605910126257
1992-01-19 23:00:00,14.65381556054244,-479.2282889265873,-10.685018530004118,16.71116307509966,1.1076475032703892,-1.503236651143097,-0.04790535601064416
1992-01-20 00:00:00,7.608433555964421,-472.65477282454725,11.66902247865164,10.971816562352508,-2.2348755018859663,0.7704482583045648,0.5469095356281257
1992-01-20 01:00:00,32.189334505159664,-434.1517717344641,11.174123394249321,6.3553247936342245,3.0427748859745334,-3.217811347692318,2.6442728085507627
1992-01-20 02:00:00,11.997512499536128,-445.90023435676125,5.066532970667799,7.276266671009884,1.14358802813807,-0.6575449170343927,1.1619529546616452
1992-01-20 03:00:00,15.544502644260438,-426.62324387135305,7.805139030333212,21.937776381348613,-0.6872298717437538,-0.318818555839545,1.961715575384776
1992-01-20 04:00:00,27.60794706481179,-453.12875466569653,15.98587571350098,7.061060391845969,-0.2580897606731116,-2.9764696408543,1.8101580104946775
1992-01-20 05:00:00,12.117489670862224,-459.77288118919756,-0.23010478729226058,17.50709388908715,-0.38096691122846105,-0.9343345063696341,1.0185688400239452
1992-01-20 06:00:00,37.13552210766077,-445.50720989371496,27.367143854142284,25.187553039533327,-0.531907694862127,-1.195365039227829,4.508950534779145
1992-01-20 07:00:00,30.16061129978777,-413.5634065830841,30.57699957947525,15.373834021055982,-0.018915578428257973,-3.4636010732007665,1.369270919626222
1992-01-20 08:00:00,14.272187935427041,-417.61868844091555,7.753919078976699,11.318430755297289,-1.0817904711567055,-1.6041164989727672,0.5574528170970775
1992-01-20 09:00:00,35.85629108049255,-433.4425495562325,-1.6734296064421388,3.679380049267169,1.5915629716536008,-4.168630216221851,-0.2404868416493272
1992-01-20 10:00:00,14.698589214621272,-456.6395564143433,-2.942890011370373,8.070773005660383,1.3468836137254796,-0.10600419481504053,1.699573475749872
1992-01-20 11:00:00,16.21304346884609,-453.8571902748597,14.588964074528988,14.335617906982932,0.06818657240634685,-0.11663063781765043,1.8089195179248967
1992-01-20 12:00:00,18.146855786064734,-464.0866208373942,10.072905227124343,5.944371387413184,-2.363781354161363,-0.03476529414997931,-1.8660997599986666
1992-01-20 13:00:00,13.86668238602537,-472.2834815752994,12.310200167309802,8.010508671270749,1.4204865261786153,-1.4415632096849755,0.4016000510218751
1992-01-20 14:00:00,2.6513974886463307,-511.63236625002963,-5.11483322558478,13.508990164191102,-2.8135823992215347,-0.28706588666824706,0.06779613862329459
1992-01-20 15:00:00,15.743796583421915,-492.86271912644924,2.1393989125297654,-5.05793872648357,-0.642478182441269,0.036699471529467065,-1.6033984321842616
1992-01-20 16:00:00,26.035303824561222,-487.3497504775009,-12.745772674878268,0.8231882306899378,-5.843463738784459,1.051912344215563,2.3929979112980826
1992-01-20 17:00:00,23.96222406558676,-464.51717119387104,-15.07793392335326,14.482570717715385,-0.5141423371015634,1.7319661443215941,2.1912072498890502
1992-01-20 18:00:00,12.307425108476005,-485.5337386339352,-15.605696229741994,-7.736815885163099,-7.551023818807995,0.18831369541129406,1.0711351928130033
1992-01-20 19:00:00,10.277368101304232,-465.6053005710667,-16.96891283571383,3.4289773363015366,-4.074651432182322,0.6822490542986721,0.755854503229319
1992-01-20 20:00:00,7.484003010236405,-489.06805735621947,-3.832552926645091,1.3380918339664731,-1.3245964136364934,-0.16699313048729292,-0.7452784883800483
1992-01-20 21:00:00,10.813943163014073,-481.76234575433597,-1.1230353547049141,-2.8079667114239184,-1.199663222160501,1.1154382388398865,0.0886102466097205
1992-01-20 22:00:00,7.7426625251579395,-529.8002736347211,12.358680321037976,-0.237283988523032,-1.5851822321035034,-0.008099267623774553,-0.7298346725881726
1992-01-20 23:00:00,22.048995535017394,-456.70308290141884,5.406042410845819,-4.644829026277152,-0.2691731723316522,-0.6994951677463619,2.420132035305668
1992-01-21 00:00:00,3.8455999662766898,-447.2869096104023,8.009660544500395,13.162970169931949,-0.7974450498749863,0.08039726776723144,0.4481955820006663
1992-01-21 01:00:00,19.906862408695797,-420.7457617189754,2.1706052782817737,14.919159754149746,0.6204884820182324,-2.0369144856494747,1.4171947166536327
1992-01-21 02:00:00,9.740140568689098,-446.8167437947689,15.280287211096228,4.718742889036012,-0.42467524372891136,-0.3636197990074551,1.173563136406029
1992-01-21 03:00:00,16.51125353466478,-431.4735440304663,1.773685708830043,13.731876114495494,0.5950856028628732,-1.7381340921934267,0.8232023647347677
1992-01-21 04:00:00,15.547184071863825,-438.1113954204988,7.645529714220002,17.12691914295558,-0.9170265290214913,-1.668945025538493,0.5867931328044351
1992-01-21 05:00:00,1.095813872595452,-441.59151448563443,4.159401143195137,4.086844161539245,1.1535753963151443,0.0769379784991478,0.07698946276930274
1992-01-21 06:00:00,9.770598964072203,-433.0696960247779,28.185046534179417,-3.216856322944805,-0.4762098437147829,-0.5587264685210038,0.956349739603182
1992-01-21 07:00:00,19.710705947217,-427.97164719494214,17.109994128091962,7.479851543621118,1.4851648624760694,-1.9134511169499961,1.6402857833128008
1992-01-21 08:00:00,7.324419174314482,-404.72165974539155,18.89294576305701,16.99552023147137,0.8150337916028414,-0.4829742425787006,0.7517545493920483
1992-01-21 09:00:00,26.630887407231494,-429.32736949106885,22.116770776611173,14.213354222489722,-0.4449638283389577,-0.07983016488408962,3.435371417346065
1992-01-21 10:00:00,28.695712640489113,-446.82047381446864,16.159428375755816,3.849643000589492,-1.1014952527473423,-3.3357331265842936,1.334594560802761
1992-01-21 11:00:00,22.81305829019123,-439.4130297041057,7.44981421922869,0.6203193765205861,0.8294442486583244,-1.241289803180813,2.285910184382296
1992-01-21 12:00:00,7.080188184564224,-445.4161397694609,-6.863839262614471,6.03659030455658,-0.7380179633084705,0.6758866325094296,-0.507830639734209
1992-01-21 13:00:00,15.425350918626478,-465.9825478971912,2.901771835317603,5.282618112998843,-1.3614154086689787,1.2944001047439095,1.0574679357562569
1992-01-21 14:00:00,12.648625669746263,-445.1686203064649,4.300864457726398,-3.6804242587282134,0.6092756296301418,1.139834679840937,0.8966946408680896
1992-01-21 15:00:00,21.40251345905868,-496.04111245834457,9.493460436706062,1.922182576260245,-2.8288097280675366,1.533597551682313,-1.67428961332879
1992-01-21 16:00:00,18.01595567489138,-474.94181817488453,3.857516171145524,-3.123496994649169,-2.4974739049762413,1.907233074800183,0.44736234551066245
1992-01-21 17:00:00,11.01505016789037,-463.98784653501343,-12.178811512943991,-5.348131836406691,-1.4706947923539224,0.0303962502883377,-1.3897194243571867
1992-01-21 18:00:00,22.982532824178662,-494.4043022917918,1.9156462867054804,-18.11029509222186,-0.1731796657737316,-1.2993534348133964,-2.2117186871250594
1992-01-21 19:00:00,36.90248841646967,-467.19638613950093,2.0829483795603485,2.253765053534055,-2.4928861711714427,3.108172233138586,-2.889567614422191
1992-01-21 20:00:00,33.18867346359449,-449.49148280075093,-11.188662888289636,-2.903038683862795,-2.6014733034136834,-2.8394859124390086,3.1328219479997372
1992-01-21 21:00:00,37.06021701975775,-456.5461698095198,-0.5331311866283066,-9.568100619134364,-1.7056562879716561,3.709141555357684,1.9462065504989394
1992-01-21 22:00:00,16.12981409393641,-481.7880613428415,-0.22324912102536998,-0.4281216923494622,-1.4157823809325594,-0.46893022762045733,1.605862799229282
1992-01-21 23:00:00,14.743697164791325,-459.3215127233691,3.517658454242345,-3.041390622316786,-0.644070207440274,1.6098260372242457,-0.011130891211469152
1992-01-22 00:00:00,13.163751527673828,-421.40595234723,15.721839491873652,7.997647189368779,-1.0927709647938322,1.4566137674204238,0.9222630178562355
1992-01-22 01:00:00,23.575347873830523,-426.8756660782016,21.52175284512806,-2.0138743016872716,-1.2538076552298703,2.7369574046709944,1.1900670461520242
1992-01-22 02:00:00,24.723900931738193,-423.44763654051366,9.909540325597664,-0.45547696054469994,3.511611086196336,-2.3285712108039958,2.2335855947323835
1992-01-22 03:00:00,11.817452000109233,-409.713789881049,15.125928567409538,1.742892243028685,0.8556541741314099,-1.260280072719488,-0.7583784474227788
1992-01-22 04:00:00,24.475813715671777,-400.08769495952555,13.039846815444099,3.067094415897521,0.4831642036121656,-0.33474449170369036,3.1703071048739333
1992-01-22 05:00:00,8.092908765585245,-417.89750332971835,10.250386879524825,14.643398220869752,-0.09916771733090093,-0.8534014761390214,0.4545248468051878
1992-01-22 06:00:00,23.661391645355675,-409.93647358330446,28.21477233277158,-4.254675518590002,0.9852245188468938,1.3325645739680927,2.526691700414086
1992-01-22 07:00:00,9.776684589170982,-403.76661855141515,22.491461446053403,2.97270465681129,0.5977737191195427,-0.8003276143350602,0.928730956954325
1992-01-22 08:00:00,27.962096847406343,-416.3795574534509,5.393643825762997,5.703493422226447,2.1236469606506625,-0.3571988055847074,3.3121092664674903
1992-01-22 09:00:00,7.274386894151543,-414.3334181269762,25.407122895014123,3.495540635736597,1.6202285518761195,0.7782244374693488,-0.03342160139570527
1992-01-22 10:00:00,19.566271625377542,-398.3868925363367,7.604070469633244,14.452580028725777,1.8244187985406306,-1.573051763610737,1.9435433270120432
1992-01-22 11:00:00,19.044774673183696,-438.93948278921283,24.283567980924698,2.196115688735058,-0.8245871376376728,-0.8861767689812561,2.0551160710810454
1992-01-22 12:00:00,6.371813096011628,-402.60234741194836,4.180345327734685,-16.77543909432494,-0.6370291416913929,-0.040308467458478936,0.7633678319947407
1992-01-22 13:00:00,21.836975694614427,-410.4647972745479,13.080661511066875,-11.593167143899098,0.6042232293766565,2.622526932450598,-0.28712632062443744
1992-01-22 14:00:00,21.23655134662127,-470.8987176269668,4.399257329154485,-9.874862632266913,0.34042535747533126,0.224444615180161,2.2503686543480246
1992-01-22 15:00:00,22.238147318444604,-453.0519018582028,-3.4309559188369203,-9.759904068207852,-0.36573640288699344,1.6971040219220288,2.0335937991111988
1992-01-22 16:00:00,20.94362110464533,-449.94720058663063,0.7650112375792921,-12.304974814044478,-0.15030944408440267,1.378621585405206,1.8707112251947806
1992-01-22 17:00:00,36.27245166143641,-468.91249137433255,5.770928471929779,-9.179759335268187,0.4702515836821741,-0.44355597027827554,-4.366366859311948
1992-01-22 18:00:00,24.02699557023376,-469.03865556568786,-0.5781714524063952,-6.612531291290622,-2.7950042993701385,2.265955824810357,1.1591224603234784
1992-01-22 19:00:00,12.686641153058465,-459.80863336025175,-6.830239383741997,-13.495672360058002,1.6950356108294589,0.42620315367625555,1.3627719739840882
1992-01-22 20:00:00,2.7356208277103997,-441.5802096988195,5.24026510829281,-16.538774682379664,-0.4106938852923768,-0.2158523630741383,0.20186188531139804
1992-01-22 21:00:00,36.57062854793524,-455.0492838055718,4.77733549734543,-9.188119006542998,-2.0522944295533603,4.219099444618805,1.8029409990302026
1992-01-22 22:00:00,13.531613241475132,-413.3025287726461,2.5532378656079935,-7.14620816293446,-0.3164827212974469,1.3775123999399952,0.8815395992695814
1992-01-22 23:00:00,12.418573061915122,-428.6101049346416,15.165096581268786,-4.343872413172352,0.06491569235813643,0.169221414988869,1.4382094008757549
1992-01-23 00:00:00,13.683592930458286,-426.30083894824315,9.9850562370025,-3.822780237404299,0.7364212099384229,0.23728430698056405,-1.7308037232173947
1992-01-23 01:00:00,16.815938334321316,-394.86053126055623,12.792037864978166,23.460046561388218,1.970844850708421,1.9609963536014678,-0.7606930900454248
1992-01-23 02:00:00,10.116996602195515,-399.49822159731383,25.175359049508636,5.378048254461078,-0.5605715017061194,-0.7864794024612767,-0.95446982948283
1992-01-23 03:00:00,20.461629670665722,-396.74506161101664,31.510015618832437,-12.780821565691772,3.3438548890849065,-2.337163259911492,1.6423539328837564
1992-01-23 04:00:00,20.682720495036296,-402.10471654419155,35.4809514839284,-5.399866660517528,1.967333255632064,-1.9746500383738836,1.79120251752666
1992-01-23 05:00:00,22.954003879713202,-366.59949980752083,30.19988810758191,-0.1416123658534616,3.0319105040003653,-1.3672146348345113,2.915776771345361
1992-01-23 06:00:00,7.389490228536181,-380.35474018504397,25.040872172752902,7.113017509600557,2.6269527466573965,0.7038295050820095,-0.46224950432543943
1992-01-23 07:00:00,19.415591157240616,-396.4480264775096,25.64499042377738,-0.6648860109283268,2.4818482144642036,1.5203424715478526,1.985429925535358
1992-01-23 08:00:00,9.786115017418975,-419.76764305023727,31.85534089943552,1.743814986167787,2.2827840916144413,-1.3895596695293417,0.48055567390160414
1992-01-23 09:00:00,35.62320739342581,-395.0141016243417,16.549720725456098,3.4151187729293238,3.77558258840576,3.9267678575910923,1.8760776923672284
1992-01-23 10:00:00,27.182377509031124,-423.7628104548638,27.9742071664184,0.8583804220304572,4.523475736915001,2.421488763626758,2.1761686039743777
1992-01-23 11:00:00,1.9966306259105313,-439.4713453421176,17.52926938448291,2.684263245720458,-0.7713207283489774,-0.19204027982977945,0.04887707634899785
1992-01-23 12:00:00,9.257891026282413,-425.5648608471247,21.702245134274545,-5.202236895275815,-1.7374671962585362,0.4099669123715215,1.0163663196836752
1992-01-23 13:00:00,18.401498116073977,-424.80376730289726,19.098952185938884,-1.0177056540004719,2.0686068046591988,2.0919833349623964,-0.22300907826984884
1992-01-23 14:00:00,12.33965594349932,-417.0182615639777,9.811871021285715,-11.462414215826964,-2.162052989354652,1.5631891986110984,-0.26997358337735544
1992-01-23 15:00:00,5.982736850494483,-438.17614858359127,13.830566916376899,-8.623151789474086,-0.03986323996150409,0.4436373693294894,-0.5206901576181274
1992-01-23 16:00:00,15.025273846866,-435.04152098926244,5.012223948209396,-16.73401209250278,1.999443192331079,1.6452431877071476,-0.3652018808908035
1992-01-23 17:00:00,17.035465196365426,-468.509247885918,1.3757498984849121,-3.411060926531423,-0.2503367265241089,1.6523299255825479,-0.7617203692346904
1992-01-23 18:00:00,30.2681695516218,-451.571630966868,18.843095097872375,-0.9632536119101793,-0.7094747045897756,2.700257408448748,-2.7003085734161956
1992-01-23 19:00:00,15.363640514694124,-448.4155235588218,18.987282254954867,-14.017629539650768,1.1148454529606224,0.8700505130569223,-1.4116286054445553
1992-01-23 20:00:00,27.41519277599348,-434.4654463858461,-0.3512594782042635,-11.527858780398716,1.4233059713295209,2.859061589963732,2.0360604197112586
1992-01-23 21:00:00,23.77054037586745,-441.0699544578401,6.621175705275465,-20.69991447916292,2.6149463336776524,1.9229027670885919,-1.7230583304410758
1992-01-23 22:00:00,9.39735152751625,-424.748952259222,22.826429654379588,-10.615161970871283,0.33198956085047654,0.07395885688095494,-1.092643716219969
1992-01-23 23:00:00,31.657496423015612,-437.3016340482402,16.002111314577483,-4.979104781098437,-0.3816102073601604,4.13822628947479,0.8928778499854606
1992-01-24 00:00:00,35.70377886771478,-416.8365037722633,13.301060097279073,-5.352357279845077,-0.08292560423879147,4.831324582128093,-0.3535941518818162
1992-01-24 01:00:00,13.668541918126234,-408.31053608238636,12.115336096064816,-10.910669798477539,0.8618398341283994,-0.23904597030196628,-1.6361846876668569
1992-01-24 02:00:00,13.296651918342345,-426.2791305402363,24.771450828887083,7.218435443979679,2.304322896055016,1.195691844763191,-0.8718987450510008
1992-01-24 03:00:00,8.490904332490988,-398.9374322014339,28.2949168539841,2.1117365309185185,0.8066464354190274,-0.15404604955596324,1.1095948328777543
1992-01-24 04:00:00,25.897967016140008,-401.905858205773,30.40938971895045,-11.524852004592297,3.051867357350077,-2.1163006813792924,2.983486569690315
1992-01-24 05:00:00,31.778301259262392,-423.02493551482985,25.994228023500952,-3.300670762596554,4.0477890300850605,-1.5326447532585665,3.878658228689074
1992-01-24 06:00:00,21.972080761371448,-379.36377479795675,29.172368789281553,-5.274375828479449,4.322918550175723,2.3845394019675177,-0.9413333327047378
1992-01-24 07:00:00,14.586470712441116,-400.53054168554706,25.945534456758338,-6.572817135744782,2.774488997900316,-1.4488357194317045,1.349739129053972
1992-01-24 08:00:00,45.14659269096064,-411.24612070834064,19.71520419974216,0.9884130945744518,-1.9932168873763552,1.1422150140053313,5.710434543746272
1992-01-24 09:00:00,37.259357612210515,-409.2837085310793,22.958589174167404,-5.663612266578095,1.6889716210298762,1.1037089994210623,4.708877802097672
1992-01-24 10:00:00,9.601073013835709,-408.3168342321727,20.887818658479254,-9.198533028552323,0.6400190417497146,0.20788763944465588,1.16910326604091
1992-01-24 11:00:00,26.684059146371368,-395.44060594779467,22.449264736086327,-1.0352298244422302,0.29713643396926886,-3.3560640987255264,-0.4810034793241337
1992-01-24 12:00:00,12.307253756849496,-428.8172328499387,5.8203768368618904,-7.095891746169824,1.0693354930835544,0.4643309262050047,1.3702141609186296
1992-01-24 13:00:00,20.07032429078694,-427.51805334493537,-0.7418538302416691,-9.95726420741163,-0.757349448858396,2.452873575965651,-0.37913582150649194
1992-01-24 14:00:00,26.920688352579333,-421.7115229005253,5.742421546017854,-13.584817793264424,1.7106894218945259,2.472315897432344,-1.811691575862443
1992-01-24 15:00:00,10.380941921187254,-441.0971086932296,4.445127170668318,-10.436675089056878,0.8450492873568527,1.1615509184951158,-0.2685061679225874
1992-01-24 16:00:00,25.956051866734988,-438.4899118887998,2.6261408511914777,-15.349729196625518,0.3942125431234462,1.931013752217872,2.2533006890112786
1992-01-24 17:00:00,13.141512096292104,-465.22899589594874,18.249845366463695,-7.311857628998215,-1.6671079657374674,1.4628308478891312,-0.23058646015918438
1992-01-24 18:00:00,12.858422999771058,-448.02592615735864,11.64426646110028,-13.503487597308048,-2.541318112992217,1.4907096228002463,0.08881845725887894
1992-01-24 19:00:00,25.503671516873812,-460.1455342635736,-4.186762665133324,-11.463826671025274,0.05888306231572893,2.62396945540407,-1.4068180491214686
1992-01-24 20:00:00,25.231958920010698,-440.7891628068034,0.4814613289017857,1.2921565557460122,0.19270145728963495,1.84616944742424,2.186370605834893
1992-01-24 21:00:00,7.8008540176589785,-467.8754759002026,0.9239147068658013,-19.725377410980414,-0.9315461290189737,0.809590673730368,0.16399281376255054
1992-01-24 22:00:00,21.196855583494422,-458.90545519165755,25.601247303011377,0.30952369955960357,-2.870594408610853,-0.054315444175928096,2.519679134318218
1992-01-24 23:00:00,33.219963845018306,-421.6370037960294,5.785060529363262,-4.625753833137144,1.4360261324245225,4.0530760453172325,-0.10276752346228857
1992-01-25 00:00:00,17.2366561183163,-436.6273148425517,16.65633908115134,4.178729870093589,2.771504293066758,0.21633510525383678,-2.0737675665567306
1992-01-25 01:00:00,12.301457957518329,-432.14472629202027,16.43642232352065,3.9876028067943063,0.06055665912213826,0.05956450018047288,1.4203931452130578
1992-01-25 02:00:00,21.02145893208639,-419.0026057896145,8.488408604683155,6.3720297433018445,-0.10065397863143843,0.15703893709530664,2.504782166016841
1992-01-25 03:00:00,42.39116120592085,-425.03525606832875,26.69833310563202,18.388272325652114,2.164990444795312,5.086529070893055,2.046394443443436
1992-01-25 04:00:00,18.184040697754433,-390.7388474374821,27.121203266119355,7.6725342188329835,2.095618231270567,1.8816184685293909,1.1006801331599614
1992-01-25 05:00:00,7.3243136485958535,-427.2255596400872,26.704264850337523,-8.498300531874095,-0.06786211700982483,-0.5442372546468977,0.6567085030482908
1992-01-25 06:00:00,12.28339065759149,-410.4884913692358,26.592734486870228,19.27774567270895,-0.2836393936116244,-1.141475343589307,-0.931820407188126
1992-01-25 07:00:00,35.447248940957145,-404.86567863197916,7.605274503659978,0.24556467133425497,0.36989364846323614,-4.553323834303774,0.2378889710291736
1992-01-25 08:00:00,24.06280678340082,-415.42220724539936,29.229072461945048,6.942326476076831,2.0414601148850626,-2.777415388249581,-1.2380483876315145
1992-01-25 09:00:00,6.591956485009093,-431.3932993120146,11.635128267209424,6.766848132153756,-0.3146752859897478,-0.01389073655922847,0.7683519894214372
1992-01-25 10:00:00,40.39441483564795,-439.4559770792541,30.29849505879549,6.650764570620202,2.8031044021121074,3.6272531981034906,2.5087537719942663
1992-01-25 11:00:00,3.8598795165342303,-428.00456393683766,9.440408927668651,3.4428649531912443,-0.7308596998058949,-0.1611822010808589,0.4203389962476691
1992-01-25 12:00:00,9.97059385086112,-458.4312060711383,7.711806368414288,-8.135106514515455,-0.8914893045102854,0.9229033063435135,0.5821846381122302
1992-01-25 13:00:00,16.748287755229747,-441.81611818261166,5.8464549369111545,-0.28701594257450347,0.24750154525137544,1.3960961625818653,-1.2619955443972652
1992-01-25 14:00:00,8.968783467997072,-482.3035927138613,-1.699636574423014,-16.98401095469493,1.4413500911895205,-0.11737764531687359,0.9724119644296363
1992-01-25 15:00:00,14.568088621434418,-474.82365162624274,-8.728878315328984,5.83530017212354,-2.839383015694973,1.2117289846624748,-0.834477132602524
1992-01-25 16:00:00,19.057996206746964,-471.50391615420875,1.6263892174683963,-5.2790110055877095,-0.6648785726792783,0.8138954600319614,1.8620303023926126
1992-01-25 17:00:00,16.059719473288435,-494.57726076068695,-12.17296131998294,-21.816803663982146,0.25863948561396766,1.7799168209014546,-0.1072140792179
1992-01-25 18:00:00,14.751418559996853,-467.752470592761,3.38113690909436,-9.962206397294159,-3.0117946715203994,1.2773615255867974,0.9636532632868648
1992-01-25 19:00:00,35.33422830842467,-477.6021342835172,-10.728802560655605,-7.01133639425283,-2.2863854558631402,2.9697992864271376,-2.1660812438429633
1992-01-25 20:00:00,8.115130807337785,-490.53895329269517,3.0834887768759307,-4.421882774774154,0.15058141266934383,0.4331645303725854,-0.7027369699804946
1992-01-25 21:00:00,4.406966846012582,-493.8796199125581,0.28708349941433764,-5.344921354849287,-1.8858413661324072,0.0812475098509069,-0.45930819446858884
1992-01-25 22:00:00,17.015521897463394,-489.0932755308183,12.854595133984972,-0.24625588275708976,-1.3967616086886547,-0.11246810445322927,1.7317884992792143
1992-01-25 23:00:00,9.73616529797314,-458.40332055807966,14.468859986061432,-11.334278471701957,-0.22078256213782538,-1.045192316695587,0.5198313515512758
1992-01-26 00:00:00,19.763254564743356,-469.48574304646104,17.504671129421983,-0.5289594812437017,-3.399276968173279,-0.9049176245529122,2.0402256896403097
1992-01-26 01:00:00,7.8677747542466765,-465.50155091301065,-0.9802291843489188,1.1620233836395748,-1.4416810152935453,-0.6435985294534774,0.5548240083933151
1992-01-26 02:00:00,15.39731601979492,-441.9711515937616,20.29583295094727,5.774909505537016,0.27531969917549515,-0.7181442903741855,1.7285094354255308
1992-01-26 03:00:00,22.720831187276037,-398.74622698580356,18.879378360212048,0.07150337908054771,2.6125368179913933,-3.131809148567142,0.35416623045591433
1992-01-26 04:00:00,13.5402815118902,-424.63178047769424,32.91985534070651,13.519652803273482,0.9463973839502848,0.29891412198722483,1.5163807688167092
1992-01-26 05:00:00,40.01394743715837,-414.9652684509501,18.000697125848028,16.99055350154662,4.321114946705199,-0.2831695041893064,5.111768732609378
1992-01-26 06:00:00,39.880671187872835,-422.798200240407,22.773214875750146,14.846186403732906,-0.6072424492240829,-4.760026121268848,2.0983839444349712
1992-01-26 07:00:00,32.069619640936075,-416.0098525976965,14.977468546362076,4.190309716942954,-0.8770200805780867,-1.4927793967019627,3.5461508250334695
1992-01-26 08:00:00,8.173303988253412,-451.3980417732841,16.193769203752478,10.848613870635429,1.5319919012069363,0.044361576609876,-0.9360193540811796
1992-01-26 09:00:00,19.759862421548032,-443.1474179742449,16.76898020983289,3.57400867532455,-0.20157911551078828,-2.421139514648069,-0.7206767439415729
1992-01-26 10:00:00,14.070144578247811,-439.5285765405203,18.159798730396865,-3.1645771122379234,1.504149808743323,-0.47148244999609823,1.5569976422094578
1992-01-26 11:00:00,15.980960793811915,-451.4721524259051,-1.021953181894454,15.149032392278183,1.9045192927696712,-1.5670936858159528,0.9535049011254456
1992-01-26 12:00:00,25.116196537774883,-462.4651645006162,13.887472625139093,-10.704014419589472,-0.0991121436341581,-2.7785122377945353,0.09432528473836349
1992-01-26 13:00:00,16.718091656062988,-477.8487379352334,-9.249250676710673,4.180058979610729,0.6487871730129054,-0.7657295340360777,1.7405332340774993
1992-01-26 14:00:00,22.402229378249288,-479.4793943831898,9.462246812550195,3.2132308241823493,-0.6284555922000967,1.0699129731758275,-2.1977282871340997
1992-01-26 15:00:00,36.192807997095,-493.9324235608092,-0.7795325439112473,-8.592382789827214,-4.152625826901171,-3.1525640530031955,-2.3419447923264056
1992-01-26 16:00:00,27.104184272575903,-523.8227155940576,5.812202717321626,-1.5956613180261376,-4.285498343132095,1.6874601402109946,-2.30329367333002
1992-01-26 17:00:00,31.85315645679891,-508.7985282655465,-28.836525690446482,-12.278611377342724,-1.2631374648215208,2.7778261589079536,1.265344095873143
1992-01-26 18:00:00,25.52781324704287,-485.1412677069313,5.5709926645866235,-5.490196268294591,-1.2231697009241214,0.4879486721599974,-2.6016618689065476
1992-01-26 19:00:00,13.949676291746252,-468.23782487157246,-7.977057460318701,-5.544111922453857,-0.4549760041411186,1.2390081037069014,-0.8200395389471997
1992-01-26 20:00:00,24.027986252640048,-461.80192909245164,-1.9096667010799697,-4.146782664969753,-3.418870468987677,2.5830329992484744,-1.3316044283071384
1992-01-26 21:00:00,22.157541168827134,-483.0630751338236,-4.795602104321011,-7.114472549857089,0.07539623220319902,0.565941808960966,-2.221390077718463
1992-01-26 22:00:00,12.627046974952991,-465.24634848486306,3.537680760717379,-23.789715838491215,-2.495728338535438,-1.1198495919164853,-0.8628197823973042
1992-01-26 23:00:00,18.51537345709429,-458.0654725576757,-1.831100866493518,11.804845265294176,-0.3411134858574672,2.0256577824033375,-0.3010617490558326
1992-01-27 00:00:00,14.928893582115782,-474.55877824348084,-3.8699365230344265,5.023642422480574,-1.107320062921651,-0.7179366831107465,1.415831766203878
1992-01-27 01:00:00,46.27380074976283,-482.1567474219327,10.666720892013963,16.261494647439015,1.6244388706160133,-2.1861602768359187,4.800513866121909
1992-01-27 02:00:00,14.01488600054036,-449.1208986650483,3.8611438370073268,12.430999785045163,1.633383438850287,-0.7494034962065264,1.3305128111868532
1992-01-27 03:00:00,20.074998691999404,-469.8479806363573,5.54179162126368,16.13024863953456,0.5589852713790566,-0.1487043093684618,2.1121954251548254
1992-01-27 04:00:00,19.2267529415531,-443.5770003557334,6.875801071990728,13.491171875243916,-2.245797728278726,0.35460696980985473,2.211691469364848
1992-01-27 05:00:00,12.113761075226199,-426.7010300189042,27.427660078845925,7.385470641969337,2.898017290858549,-1.6051377912447964,-0.08525486718354691
1992-01-27 06:00:00,10.531267543039363,-456.2040070878718,11.036774980120551,10.704340712811124,-0.723025157098895,0.4780932546636004,1.0752038696558304
1992-01-27 07:00:00,21.9356716225457,-435.43518481175636,28.67242767245601,-0.17220685816695624,0.42401198075311874,-2.3744774021557813,-1.295619037727175
1992-01-27 08:00:00,45.735584508546225,-420.217017805242,11.501472509753816,10.34560436117331,-1.5455858785964725,-4.741486241367889,3.380539838177589
1992-01-27 09:00:00,17.47784963812578,-438.08881079836283,5.955336292770244,10.212109246191968,1.0014759074162618,-1.657799141094067,1.1049004766070012
1992-01-27 10:00:00,15.236207722947501,-441.8980220780935,5.987364432311576,6.609280520491574,0.9302127742033207,-1.1714076314868183,1.3294502976836728
1992-01-27 11:00:00,24.1887121127408,-443.27767823548527,-0.8269168367923792,27.340542308362455,-1.863477582744927,-0.2241096076913615,2.942114075503757
1992-01-27 12:00:00,28.65566376811517,-438.55984773751084,-3.424875342161854,8.522352369718757,-1.6967295575814938,-3.1012760722591577,1.7663915207618426
1992-01-27 13:00:00,25.30003677008491,-469.9260328438408,-1.4475816704133821,3.041021479081381,-0.8413744072691461,0.5806253695067768,2.6333971139860677
1992-01-27 14:00:00,15.70557554985356,-460.71117779255457,-22.300897330297296,5.877416797397867,-4.568415811520044,0.2525471015702936,1.7272868523428073
1992-01-27 15:00:00,12.094073554518177,-486.1714107039837,7.736202810857085,3.531027329521069,-4.284173318043049,1.1384409568390468,-0.60233735167496
1992-01-27 16:00:00,19.598937426526128,-497.99755608317867,-10.018568055474447,-3.8438594851628425,-1.4211525620040228,-1.9759192460886628,-0.3279923763330256
1992-01-27 17:00:00,23.756458307135272,-487.7950550030445,2.0989811314207056,-6.773514404798406,0.20210537557300212,1.3932872653185027,2.2521848439885597
1992-01-27 18:00:00,4.51120152568984,-502.40870154832623,-19.458536300106466,0.787495628784332,-0.9948708914213706,-0.4628671296031921,-0.14493999806347907
1992-01-27 19:00:00,22.19061358771254,-500.66715765236773,-10.186169078042447,-8.118737558407478,-2.3649969758249094,1.5104832546419056,1.5370352758785584
1992-01-27 20:00:00,27.740493224723714,-497.99421629630257,-16.62917552436439,-0.9584152559011567,-1.761133768641633,1.3992148199555405,2.368486681354575
1992-01-27 21:00:00,18.56188397903112,-518.2772778356434,-2.9941290907448703,-0.9746186214985375,-4.1234315494182745,-0.3989360981938883,-1.7760475780651963
1992-01-27 22:00:00,5.934730255510483,-475.7215968523362,-0.1461698324098819,-7.670107082007443,0.12845160931856292,0.524960837440946,-0.33476983865061
1992-01-27 23:00:00,12.397360722219446,-488.67629499070307,14.806818483462925,7.204572311467361,-1.3566985050204137,-0.4380286747681339,1.193718514265294
1992-01-28 00:00:00,18.214989742244885,-463.1230868155067,8.381886743251576,8.419281422021001,-2.3342797818011713,0.30043316997273756,-1.9066710094250592
1992-01-28 01:00:00,19.43078712126645,-431.55463556053604,17.872504126282927,10.559243780460326,-0.0540300106442233,-1.1631896618569488,-1.9241136717198832
1992-01-28 02:00:00,37.98861229472158,-453.338745642895,13.568106007543511,8.302244501127202,-0.7337418803356522,-1.5341943129417144,4.357725442372778
1992-01-28 03:00:00,29.593591376161587,-446.932891634845,31.11903841357727,6.598701001024284,-0.1424963086876796,-3.371077334190997,1.385134947469652
1992-01-28 04:00:00,15.253867441145617,-413.09854741571905,9.510202960279818,7.801523928893614,1.7265566133864922,-1.249615648921818,1.3609260090936097
1992-01-28 05:00:00,15.488672322779376,-421.8442645733939,32.73290901052585,9.920771953347458,-0.7303963071562493,-1.7419594122330142,-0.3502322046789147
1992-01-28 06:00:00,27.751361162999146,-413.7024497096992,18.37585761697991,11.374640228912527,-1.6675055516707533,-2.7458093650463837,2.6583999988773988
1992-01-28 07:00:00,31.316492542567147,-434.1392715251265,24.163905566406157,18.779957157408813,0.03539385115173005,-2.089517719771439,3.1529594151459728
1992-01-28 08:00:00,14.948823608824224,-419.9696162917391,17.212977876463516,1.5016390992778437,-0.6600358030729627,-1.7520710056433808,0.04887685535724676
1992-01-28 09:00:00,27.150209440833414,-445.58321193647413,25.331396241361013,14.10388600278799,1.394598591722541,-3.0150980081571124,-1.3523628133186039
1992-01-28 10:00:00,7.860445225590289,-451.07750640328766,9.02661540910262,-1.8737044359460961,-0.6929781815535245,0.8447399089157432,-0.368884174317546
1992-01-28 11:00:00,8.208065817153441,-438.56910178830265,11.424918556735022,16.146630249722957,-2.6000427291371224,0.7105707836210685,0.7757273860430323
1992-01-28 12:00:00,24.716364798922896,-463.60006590643593,22.760366914963342,-0.44706113085787536,0.24266083742090339,-2.739239299433617,0.584063770384996
1992-01-28 13:00:00,11.378011640374341,-450.26490395928096,10.81365451573047,6.6317749271132,2.760481033012267,-1.2991782077989984,0.234604874117794
1992-01-28 14:00:00,22.556769815791622,-432.39532739573355,5.159600724651549,8.495513075940824,-1.219332307843822,-1.3705260004091027,2.233523756130555
1992-01-28 15:00:00,29.05679796143169,-499.16976427222704,0.1642140586869294,-9.594294535403403,1.630473675562175,0.7606976313283742,2.8404957856440918
1992-01-28 16:00:00,17.478342886530815,-489.2772078633001,-10.821042468883382,-5.460520122948192,-1.2514567018513227,-1.4067726326761056,-1.2138897046641135
1992-01-28 17:00:00,33.46364664474724,-463.5329328144506,4.429097008175398,-11.065675968693515,-3.0949834386402735,-3.8835996714229752,-0.6007670008977187
1992-01-28 18:00:00,17.891351872761522,-482.93078607152046,4.992557225627154,9.551377433959438,-0.7676406544519653,-1.2461670852074496,1.3778988200856788
1992-01-28 19:00:00,26.695379809250543,-461.56202250884746,6.144524072876134,-14.081600252741485,-2.866858182280976,-0.020389549748756924,2.803562286010395
1992-01-28 20:00:00,16.549518599238322,-490.4517950520568,-0.34717159155205923,-18.71240230675873,-0.38139114924454987,1.6612690830416463,0.4149371378561574
1992-01-28 21:00:00,7.764144267797333,-464.9397065676737,8.70261936359033,1.6736560199764705,0.02288617003174312,-0.7579222728822448,-0.3512953553595247
1992-01-28 22:00:00,9.402204799198511,-465.29167254367405,4.149184842288616,-5.942979882382231,-2.9912056419753883,-0.16787327667415244,-1.0524735395590803
1992-01-28 23:00:00,32.39192101620758,-453.03579838105924,3.1659255146413208,-0.7946615676757782,1.6668240065123074,2.792405589597737,-2.913922306858106
1992-01-29 00:00:00,26.724814181344037,-441.6218915589263,15.702738355676136,-5.436112161791596,-2.461493879154904,1.8751795442112977,2.429740863823271
1992-01-29 01:00:00,17.88736937768373,-456.3821882516888,14.60993513786873,2.727051107695555,1.776135191846722,-1.6051428793286726,1.3853972527539582
1992-01-29 02:00:00,23.242331062253438,-446.18316712296723,18.452529367621867,5.9293183243979515,0.7116881912317724,-2.633272009895647,0.27990125260628407
1992-01-29 03:00:00,9.562614474622569,-402.15614712607214,31.290624660005896,8.549296063493749,-2.108138890073452,-0.9048171147218028,0.5616669521062944
1992-01-29 04:00:00,29.432038717650013,-413.2543190112177,23.97093267157836,15.574283593631725,0.33914528691343077,-2.198182348976438,3.097050543644518
1992-01-29 05:00:00,6.767324462815992,-412.42218796201405,32.51364961205423,15.60450230956596,3.013896873289511,-1.003396123237457,0.1757784532873684
1992-01-29 06:00:00,13.092280756177557,-412.9271953499934,32.246409367015595,12.189252620046839,1.3012194953939398,-1.567042325241717,-0.643132129331633
1992-01-29 07:00:00,3.457762786534218,-407.28016240600425,14.578760132790464,6.450706026745742,0.7528607422210556,-0.0450173738411144,0.41190370906261786
1992-01-29 08:00:00,22.900923605423944,-432.260352449691,28.54404660818195,3.0324964275193196,-0.12237975920499208,2.2426067956177103,1.6378621143940428
1992-01-29 09:00:00,15.120799266662804,-434.0162041202487,20.894603365258426,8.153443815875626,3.3535216565792383,-0.09942761304462941,1.826503179833371
1992-01-29 10:00:00,22.710580183769782,-405.08368382907673,22.30165889087736,3.8870151150339742,0.14063628214807605,-2.2040776467839103,-2.1721388105600434
1992-01-29 11:00:00,11.736859718506436,-428.87887023119697,10.00599170162816,2.349252494177901,-2.5728159035298344,-0.7395813251909145,1.1240519085322715
1992-01-29 12:00:00,9.175561213427457,-425.545827591573,17.392271957558094,4.913165255900724,0.8842975388850915,-0.6974174624016378,0.8402032674928281
1992-01-29 13:00:00,8.480049014764882,-454.39722764839894,20.671384670672523,-9.746212508653423,1.8902097023464077,0.42715504583643565,-0.7384182667943879
1992-01-29 14:00:00,23.16842470586743,-431.27662232088517,3.110327194058227,-9.675216868771834,0.21732074704906745,0.17227601010441634,2.6851714513852474
1992-01-29 15:00:00,11.444062742392612,-452.3587780709652,8.991423341496386,-16.88950923933689,1.6240533330588203,0.9654766243663204,-0.7770853890176577
1992-01-29 16:00:00,21.707510647738147,-454.46889652183916,8.583610448422153,-10.329993952272375,-0.152674904383022,2.30820889712944,0.6170125840041049
1992-01-29 17:00:00,22.928861487331986,-455.84566464472266,-1.4138160986397086,-9.059249604703652,-0.8883239214779841,1.5222756690463934,-2.398713582360871
1992-01-29 18:00:00,20.456967308660808,-476.4634388210242,7.268286952338426,-8.946626196601512,0.5649151724620016,-0.8226773485070833,2.1461035879969192
1992-01-29 19:00:00,21.152454184786905,-490.93705830535805,7.526468058571872,-17.92419440215928,1.7462684047959929,-1.5961089147391656,-1.845664472493107
1992-01-29 20:00:00,10.563602471793791,-475.5305464205937,2.232104502192862,-14.335025670669964,2.0403505839941354,0.7491003348890133,0.8723030509035684
1992-01-29 21:00:00,22.735033505627694,-429.73230940346417,2.3851928036934193,0.521753090460618,-0.28408336127387823,-0.12838086387488562,2.771719881438367
1992-01-29 22:00:00,30.991264146530288,-428.0635562409439,15.34757713420691,-3.3915011488607716,-1.0823234335122338,1.418268775632582,-3.485274674725642
1992-01-29 23:00:00,25.28436516018335,-444.9812763131293,6.211917907886368,-16.403051480956815,2.1247781786758795,1.9572986693498544,2.4684425549222957
1992-01-30 00:00:00,24.599108973275783,-436.07012854839155,8.005944312527227,-1.4323308855769281,0.10393564763337693,-0.40378361789367,-3.1063710822516013
1992-01-30 01:00:00,12.452247656649165,-407.81504396186875,24.371144643050137,5.512453820259681,3.7039625860803365,1.2205080762402765,-0.7671887737503842
1992-01-30 02:00:00,13.62238766161316,-418.355863889216,16.583871232131386,7.607134895055721,0.8270819114916113,0.24616219079341328,1.5879061528369534
1992-01-30 03:00:00,4.1161067855563775,-428.66190497111893,22.48457152298931,5.692017072047391,1.7879546577349257,0.031066551205868764,-0.4866091065113629
1992-01-30 04:00:00,11.326364774469642,-385.0801311542818,29.501416825378335,2.2050481340943504,-0.157218988202106,1.482120692177159,-0.038574263843179454
1992-01-30 05:00:00,18.723772091702237,-393.66963322912835,31.88553540719662,2.9837031739898663,0.34021769727137974,-2.0079179758309937,1.308478927681481
1992-01-30 06:00:00,20.22159666853094,-437.27758599452903,38.563538853880694,-2.470306675715145,0.8792810613110394,-0.7354783777693182,2.2133522915725816
1992-01-30 07:00:00,9.042641132763295,-404.93807461395954,29.90854044264577,-3.396421062689366,0.18183332537555874,-1.1260925717807841,0.09453894150729183
1992-01-30 08:00:00,21.288986427562527,-400.8255090581818,24.44495560310925,2.449451983808843,1.4841620575250438,2.2412885045767896,1.7050566439185975
1992-01-30 09:00:00,25.537878633658213,-400.24279888941413,19.1816282948454,6.358823457502802,1.4332083091432284,-0.8672937414177933,-3.1498623250375433
1992-01-30 10:00:00,11.512295546815023,-411.40628195114107,11.298512972010226,-3.9411221301336434,0.4264455966033619,1.1665847499326343,-0.7503153916548089
1992-01-30 11:00:00,27.666218473375768,-430.2295025865241,28.325165301985695,10.946251252423636,1.474806749545586,2.823050452071719,-1.3733667130748952
1992-01-30 12:00:00,30.115889053499654,-430.091325928419,15.8135962236604,-2.776175363911193,-1.5394420246936358,3.3050818770492034,-1.462077278343796
1992-01-30 13:00:00,13.767898079562197,-431.5669030638857,19.544248098097324,-5.50454373834418,-1.3698155614598146,1.567642856215945,0.5455312688604851
1992-01-30 14:00:00,2.0352586277771123,-447.18304572961085,13.223522248458849,-10.679599695396387,0.777687893847188,0.18990097605457934,-0.06175631112590895
1992-01-30 15:00:00,22.131566237373814,-454.8678462482101,7.302637868837419,-25.513322903242425,-0.6488614954490164,2.777752981539642,-0.2842505163900596
1992-01-30 16:00:00,24.71811950810531,-435.20641338637233,-10.832553925481792,-7.596192384211927,-0.4266725522244552,-0.32522700436633634,-3.102397112688961
1992-01-30 17:00:00,20.935693555358124,-471.1206382963317,-0.5094574980183353,-8.481620315170929,-0.26004015769277855,1.3728256377631807,-1.8069883174903898
1992-01-30 18:00:00,16.970594894816095,-463.2045297411712,6.019057110684889,-26.17333394411617,-2.144689665874358,1.8224968801680506,-0.4757026271249701
1992-01-30 19:00:00,21.860275678107808,-487.42295185875406,14.648326986290304,-3.5000449620144494,-1.1765509956160778,2.3449663942578134,-0.8944077837452448
1992-01-30 20:00:00,11.038870031337241,-445.89904891220203,13.650388094474634,-18.568954988415797,-2.695539280457241,-0.5728781724722325,0.9378108888268905
1992-01-30 21:00:00,23.63236611453149,-436.97545004104387,14.683835040135492,-14.109054556557432,-0.20530660247531696,2.3938007378795803,-1.276899740888381
1992-01-30 22:00:00,6.21214828537996,-435.1034488210119,11.451088485632877,-6.521370127894333,0.25146469248777703,0.6995864092894878,0.1072527122979393
1992-01-30 23:00:00,42.62179263422399,-422.4296184420524,10.462318338389442,-16.12636851119598,0.20054008506990795,5.335803214900341,-0.3337300038372347
1992-01-31 00:00:00,12.094067071036584,-422.1416765217242,10.305953995613105,0.04204475068864344,1.0477081663463854,0.5328994588127659,1.3186173587831
1992-01-31 01:00:00,17.213980208142527,-415.98483892831894,24.420602404718764,6.268560160460383,3.4493588778325854,1.3927573998845577,1.37328542459669
1992-01-31 02:00:00,7.55974241517958,-407.0379687792593,25.72024170294292,0.5123961357334732,2.0602236804666125,0.5990483250674832,0.7490096301347304
1992-01-31 03:00:00,8.969856413402013,-412.1623982691368,21.623022174918813,3.2441184996970245,3.338189813735156,0.240265083914859,0.9782477634063462
1992-01-31 04:00:00,1.1102734370840583,-385.87639895151,30.9232817208404,15.660287164718678,0.41670197059031633,-0.17082139544233998,-0.059404707523437364
1992-01-31 05:00:00,22.83271953346708,-406.3505451253656,13.208440250174847,5.128520023020363,-0.8867906210423416,-0.04107393076887367,2.849512254562493
1992-01-31 06:00:00,6.506443274487213,-422.4855160453285,30.81958165604044,7.0322943278722425,1.1484165076295105,0.02482634922584326,-0.7792846980619892
1992-01-31 07:00:00,32.76688202177247,-389.24673123211795,19.000818101209887,21.670065601265808,3.214620885884579,-0.49181815970622667,4.207211076124698
1992-01-31 08:00:00,18.50056162259809,-377.72153985168825,30.2580180507925,-3.572528702618256,2.4607163633165037,-2.7926729193005357,-0.3613122195977712
1992-01-31 09:00:00,28.360599025745067,-425.0344999117601,17.291804227505274,2.56409159019944,-4.27947494400924,2.1207718309583075,-2.8015001655288274
1992-01-31 10:00:00,6.730153454358731,-418.9154931070072,16.9438868142388,8.2453849668809,2.013535154059827,-0.8951944330792124,-0.07179239290886641
1992-01-31 11:00:00,9.873145953355309,-435.49695817016084,11.61866818350192,-6.5344732110670085,0.8613967746290312,1.0497538122497396,-0.3533175114992735
1992-01-31 12:00:00,12.813997631892882,-439.1370596782291,15.870754444626087,-25.47309667676633,0.2736316585070932,-0.5023500332297387,1.4033242427963815
1992-01-31 13:00:00,10.877513293130896,-441.0379272778769,20.184479101157546,-12.778417253855338,-0.4242518583133963,1.18474561058071,-0.4153879950469355
1992-01-31 14:00:00,22.052096705278526,-468.1964053872126,7.446561126082169,-5.2789352764383395,0.2773517927594017,-0.29983833972308854,-2.5900304892497834
1992-01-31 15:00:00,9.044795420526027,-460.55390052303574,8.731077770854967,-2.835309874185857,0.29209829086147665,-0.07371863160284109,-0.9800243522268846
1992-01-31 16:00:00,24.126555878983417,-483.7428607682615,10.827750047556279,-8.501189085231406,-0.765282759826373,2.9215882307476484,0.19164638703535977
1992-01-31 17:00:00,6.910434695177859,-473.8830950015906,-5.5861496815832785,-11.994314188914599,-0.4733955113675352,0.0214159060502509,-0.7405516698482145
1992-01-31 18:00:00,14.28601743103213,-484.8197936836225,12.621489898134197,-4.8153346075721135,-1.2135799387453285,1.556929155548466,0.5111825853472363
1992-01-31 19:00:00,8.795814956881017,-482.6869838232357,12.059111272244863,-11.766735174491595,-2.3130933350231246,0.5372488740928743,-0.8311247166903977
1992-01-31 20:00:00,20.573446007006183,-490.31283753868877,2.490431111791699,-3.2673466361064714,-1.1396668797530038,2.1180086457852068,0.014426833429516783
1992-01-31 21:00:00,17.206497553055566,-442.2123595429112,5.930939117806478,-9.777209588011512,0.2382288134763894,1.2572173125311987,-1.4767157259639794
1992-01-31 22:00:00,12.32458287398274,-447.35442473384495,-1.1719925224065149,-10.659063661251272,-0.6113969193370359,-0.3303648802567333,1.435956965215961
1992-01-31 23:00:00,21.42239862697905,-477.19679830626677,6.199097693666252,0.07647108820613058,-2.9083704008419393,0.7679584558627754,2.3475159031405357
1992-02-01 00:00:00,19.370596703076867,-450.3409378005281,7.150719869281476,11.1540018984029,2.7147205498247056,1.987235375606096,0.5829267730516359
1992-02-01 01:00:00,20.386967254993788,-444.4231887132569,26.88204029249988,5.001237223706632,3.956884118620374,1.397547195065191,1.8180815786095932
1992-02-01 02:00:00,11.10781164408458,-438.24482731228085,16.690901814866816,-3.3173205419654668,0.7579944355180637,-0.2763934394530615,-1.2361881087950384
1992-02-01 03:00:00,10.646068046629814,-444.2345749357844,15.266238529904642,3.0822616148777566,1.703622013992866,-0.25457825985595695,1.2018992877493262
1992-02-01 04:00:00,40.65213089307313,-407.15848424842983,22.664928920315802,-3.961477465428942,2.161395285768981,3.2809964536059693,4.02688490761533
1992-02-01 05:00:00,15.433422425008125,-422.1370371719009,16.418189847095604,3.3757269814340383,-0.34183061203147924,-0.1317359560479097,-1.99897052463485
1992-02-01 06:00:00,7.353345474838494,-408.8866842359446,5.199986217815588,6.874971496858695,0.42911387852004845,-0.46699941254270305,-0.7789140083731118
1992-02-01 07:00:00,10.419020651740025,-409.7945414778318,18.40556048501556,3.663211908113944,0.8272184362022948,1.2474811147575018,0.22084718228936143
1992-02-01 08:00:00,18.731814206277473,-400.8986596825299,35.633806865084985,-1.6586415385034967,-1.069302919850759,1.2929531405955674,1.992992412064669
1992-02-01 09:00:00,11.687522672269427,-454.32932559050937,34.62710000250273,6.069340173923547,0.8224848403495513,0.6427885973899532,1.0620828477004232
1992-02-01 10:00:00,25.04433162978593,-408.04747354444777,16.349185957386805,2.9458727445318456,-0.007381979140488354,1.9615359477095498,-2.6787537904626104
1992-02-01 11:00:00,8.866204257356793,-423.17452241684305,21.35898699954341,13.848688556032094,1.903793728624648,-0.41840975368375766,0.9004646353978394
1992-02-01 12:00:00,32.00557177359934,-442.0778329686195,10.77720781511436,-5.468756646507033,-0.8359568807577984,-2.6230000749874796,2.8223273375278075
1992-02-01 13:00:00,14.228802795811859,-423.45350752599563,-3.0577211499951558,-13.613704602983972,-3.7813567668655357,1.6518179505308759,-0.10284398301985703
1992-02-01 14:00:00,14.560332338424079,-464.0620229081015,8.39949929517824,-12.651578613683515,-0.9896203151573484,1.535341219440568,-0.6260388843762017
1992-02-01 15:00:00,6.97404660218718,-461.7584230482539,15.748696850459925,6.374560330751805,-1.7078178629632033,0.0029598203594317085,-0.7291468640849709
1992-02-01 16:00:00,20.237161523085412,-490.69473806754155,-0.6370803443524415,-13.781464406279031,-2.022010787597119,0.04073064303271269,-2.1184226885465707
1992-02-01 17:00:00,12.492347540915482,-466.39916591898566,-14.72550825778,-6.625068298972406,-0.9515163183052155,-0.21123303760634668,-1.3398536236544691
1992-02-01 18:00:00,14.419588928531555,-482.68896146122574,7.16530862384556,-10.090906266758754,-3.312705631854454,0.9536323137586358,-1.415692069411124
1992-02-01 19:00:00,39.73515437421771,-491.75182710831785,-9.594894210791953,-13.240218584888696,-0.5186357263730567,3.2127918478857813,-3.242075557208743
1992-02-01 20:00:00,6.391131999258582,-451.0513664094228,-11.834735801164328,-1.4303499589552913,-1.174969202643021,0.661919593279407,0.14468907315294954
1992-02-01 21:00:00,26.551555389107317,-483.4228312652426,-4.64933931241593,-10.114425433620191,-0.4264348458504118,-0.8570188748938998,-2.902109101987438
1992-02-01 22:00:00,29.201832161979578,-473.23127912345717,-6.093277415138886,-13.649017701748775,-2.010299884687788,1.894001147181381,2.4059281881718126
1992-02-01 23:00:00,14.847875353042927,-469.89859728086714,10.863373852997615,-0.2360356820531937,0.3198037695477939,1.6244801150959758,0.45848125237592674
1992-02-02 00:00:00,25.86933429625081,-471.24400946769515,17.44410463761484,-8.288010928999222,-0.11422128411449434,-2.740052593783832,-0.022099784411652307
1992-02-02 01:00:00,11.578190713358115,-444.9720286394045,-1.6716815657961694,-3.626339867188327,0.19396144952874084,-0.22851832829178148,1.2822085262633234
1992-02-02 02:00:00,25.37730308893237,-435.2543142843832,10.908489881919122,13.243406534897733,-0.26020988526891237,-3.0186901691575896,-0.7689688906648848
1992-02-02 03:00:00,18.19408952542929,-435.4932347878279,23.809725025353412,14.46796096074333,-1.2148272241960862,-2.212022620441109,-0.3753679396627412
1992-02-02 04:00:00,20.280602824177553,-472.13230034870713,16.262255457426928,4.847560247990996,1.0098996466275274,-2.0677620515837276,-0.704594927872435
1992-02-02 05:00:00,15.315905617866157,-419.2448310445296,32.67712336651295,21.528692676457343,3.1274013948702546,1.4127851885561804,0.740716741742829
1992-02-02 06:00:00,12.58250629869273,-439.25739791653365,22.75214301518696,13.990421248590687,1.278472397619608,-1.292979092374491,0.6944299681914834
1992-02-02 07:00:00,14.217193649569673,-453.9715465663725,17.33127096535422,-4.712511330165068,1.511736340590824,-0.08632704605606561,1.5801713061473286
1992-02-02 08:00:00,25.20555515522108,-430.3034726570911,18.700002265113874,14.222318855880133,-1.9927935267827694,-2.9866721650794976,1.2962744968199031
1992-02-02 09:00:00,18.089943745284515,-436.1711329235415,21.838498869560794,5.671390775556475,0.06376369027347706,1.2209696243127783,1.6716378185841354
1992-02-02 10:00:00,19.447756902308374,-467.01716894945224,12.849549773628054,0.10232339485596587,2.5062332138758046,1.088406956313974,-1.7307112599634533
1992-02-02 11:00:00,10.529194955248213,-421.993397636782,-0.022616955443161224,3.777044547607407,-2.270321794604509,-1.090593355865452,0.6262652237196558
1992-02-02 12:00:00,17.173449484011897,-485.35868352451166,1.5072150943514462,5.3080358395458695,-1.4778303662861556,0.17753170554821796,-1.7444996800716273
1992-02-02 13:00:00,20.989396661126122,-501.4568826088545,-1.157899564865522,10.855549703581367,-2.11329025787347,-0.7365677443030512,-2.09023665665256
1992-02-02 14:00:00,7.658458321583437,-500.49639907831255,12.677504894299261,16.175469323543094,-1.6727948848413048,-0.7196080422961437,-0.010865985867288458
1992-02-02 15:00:00,11.187385919067681,-468.46076785687774,-7.990559974392503,1.6988985143366815,-5.169576001093473,0.14589038182946923,1.1894539849661483
1992-02-02 16:00:00,23.22298045628398,-497.602774342119,-16.099493513045545,6.221043242274765,-3.5588351371848317,0.9071796453996085,2.1221595546010326
1992-02-02 17:00:00,17.14914253437436,-504.0095343207265,-5.344125772765248,-0.04687799582988994,-1.463387902851099,1.2605686271166456,-1.1575306130872103
1992-02-02 18:00:00,23.186988986713345,-500.84284201408065,-7.298289022849934,-1.8556386635986195,-3.80782627756905,0.16485422184388265,-2.50667289262166
1992-02-02 19:00:00,26.72005669004436,-508.23404425820297,-8.95346941615348,-0.6754927209617039,-4.918426642102919,2.7202456476489423,0.4524256542313486
1992-02-02 20:00:00,15.97508153719459,-506.95504868030264,-3.4576152056934824,-7.760367639359684,-2.6394665461734337,1.203658289610844,-1.035082788059892
1992-02-02 21:00:00,16.70827414609261,-501.77504164749325,-6.4395962173228725,0.09695239836853364,-2.3484489972763187,-0.7584521094192712,-1.4965878778226434
1992-02-02 22:00:00,14.303536990605517,-475.62362705608234,-2.8978737402475288,-0.3447936513263592,-0.9752226350550206,-0.20059847814516818,-1.491688578797175
1992-02-02 23:00:00,8.995922523880784,-464.02054042839524,7.791274606592072,-2.1819171943241997,1.314789234525427,-0.8424079541238911,0.5225768250121394
1992-02-03 00:00:00,16.670045419854844,-487.640606871453,16.23789080650424,13.4288234534134,-0.29010885670125997,0.426074166846082,1.6651680627128138
1992-02-03 01:00:00,30.843051940326266,-460.65187298786935,9.432808234377795,4.900256657664688,-3.5554609930439773,-1.3989006870318117,-3.1433830986979494
1992-02-03 02:00:00,13.039192461184538,-445.4588874992077,9.744498781313943,6.322536064054001,0.9724900517350745,-1.4576395742506416,-0.639802599765436
1992-02-03 03:00:00,12.638624096800246,-467.4849852390674,12.054185469453168,23.64940497252531,-0.09095874920968772,0.6610926855725805,-1.204605623669729
1992-02-03 04:00:00,12.58345979903729,-454.01180336921163,9.276497882649142,6.144467670560401,0.08862119208383457,0.03987164042697655,-1.3860792444284957
1992-02-03 05:00:00,15.47200859987137,-459.06502556051566,13.188821329990887,8.76924409171886,0.11047785248940523,-1.4740557437471202,0.8186321408647672
1992-02-03 06:00:00,27.28447884246214,-461.8156269134115,4.8959829962198,8.806986177734107,-2.9740151181010406,-2.7891693196377028,1.0634998100073758
1992-02-03 07:00:00,14.47980650573144,-442.09575425835556,16.703155918506486,25.21053833684749,2.427159130517461,-0.7034125598318002,1.3778875471897403
1992-02-03 08:00:00,23.031001958769128,-457.67044538202845,13.74213835824215,5.200141041805673,-2.3299897654647883,-1.676223534535302,2.020468998025296
1992-02-03 09:00:00,35.7414493222169,-441.8721685212075,22.376844366323425,7.50053295154779,1.9300613978517216,-4.232930064130143,1.5363009836166537
1992-02-03 10:00:00,11.673830833821341,-457.94093294776025,-5.793378061282701,7.275661940712654,-1.5188867036921165,-1.282622168399052,-0.1429497902989061
1992-02-03 11:00:00,24.210559126977216,-458.4099915662877,20.375055668561295,-0.29848335314652985,-0.21019739572085805,2.915484411653805,-0.3905755897161131
1992-02-03 12:00:00,25.25893077063908,-476.61327180411206,8.3570197204413,10.0794009680422,-2.5531447777571508,-2.0918189403330634,-1.7701389252254174
1992-02-03 13:00:00,18.744569312995957,-489.34541961895417,4.195711836106925,3.0269227673779135,-3.98316452887293,0.6917079184826204,-1.7741107122476252
1992-02-03 14:00:00,4.35172561280935,-488.1884810962932,-3.8174923605379565,14.559654970335965,-0.17156139168042106,-0.08855930748902185,0.44220027205468404
1992-02-03 15:00:00,30.382544560820687,-493.028239251299,-10.283732240114645,-2.4391463466173304,-1.1672350997002758,-1.5261389528707485,-3.0491966007258426
1992-02-03 16:00:00,13.487743414862521,-508.0691438177289,-18.370695587755918,5.154329572115395,-3.5772571509780473,0.9150480575746504,-0.8066203575995006
1992-02-03 17:00:00,20.77922021110882,-493.9046543052596,-4.555896614928013,-4.740146788122418,-2.1799852807676965,2.1447691512491462,-0.3997866575915363
1992-02-03 18:00:00,23.691227365735976,-489.8298264588574,-19.217792710784952,-9.147846478481656,-4.234136766640106,-2.562114449304784,-0.4053038896098483
1992-02-03 19:00:00,23.878848737032783,-497.2605128274779,10.956115460621017,-9.002081680973038,-1.8138765598656597,-2.235085282313991,-1.2200367854018799
1992-02-03 20:00:00,36.85773437673952,-470.6164756408965,-0.8250470836427368,-9.369598590250167,-0.9379241897804831,2.4887630955691904,-3.3396038721695933
1992-02-03 21:00:00,21.25841217761423,-500.7869791948481,-12.614090074998078,6.111308257865879,-4.758396870515761,0.9028813008360796,-1.8014565861731737
1992-02-03 22:00:00,14.881879516140469,-476.99311945337456,1.7878480792900522,-0.5634930381374339,1.1359702988150655,-0.2328921386340524,1.6043976454793198
1992-02-03 23:00:00,27.197194470901934,-483.3083084799672,-3.5315369947531234,-8.964803845626692,-2.8247771166509263,1.4742931472482872,2.3373217393666352
1992-02-04 00:00:00,6.544965909682835,-465.5163378683225,-2.8432907700069956,2.827917061023742,-3.401648093989734,0.34751068127868423,-0.5781195736175395
1992-02-04 01:00:00,14.25918740958892,-473.1874627102597,8.471032775679834,3.2827108895802564,-1.8572238650456283,-1.4671834608839762,0.1497577935304727
1992-02-04 02:00:00,14.398678249955578,-436.3355835704112,0.15955742358682556,8.38031490985415,-3.0247336571920367,-1.5305587273994319,1.102339881715968
1992-02-04 03:00:00,26.024163947228676,-443.61974404727323,17.846078644996712,3.076048691210592,-0.381454624527224,-2.91261072699581,0.17517256546167614
1992-02-04 04:00:00,16.388623898805438,-423.11126418185194,26.17438695986639,27.76278178773953,1.4137772168176617,-1.9540668203614606,0.5895393443875626
1992-02-04 05:00:00,6.735988491487829,-456.53850297849505,23.203774624232636,17.618848854147902,0.6794353889181348,-0.7678769373625566,-0.10268495189337562
1992-02-04 06:00:00,12.018261129475013,-443.2580116179646,12.81242559749421,-6.298270668634782,0.7900898689787215,0.6120997420502821,-1.1862917099630328
1992-02-04 07:00:00,15.931771345936722,-449.73066161959093,14.753452224336804,17.92049268763571,0.20427638670477583,-1.7243377490861755,0.41646716103814874
1992-02-04 08:00:00,8.280526061073246,-446.65867974410105,18.70667379755169,9.694539702328699,0.29474330647077496,-0.8317101169039078,-0.43982467627926114
1992-02-04 09:00:00,20.75083010934916,-453.16179749940426,19.67280028493361,12.31291375786941,0.22995982958693123,1.2429927461582138,1.9094050955447752
1992-02-04 10:00:00,15.913223905634915,-450.20238338475366,20.07318877714046,-2.622593756677797,1.8735001649041778,-1.4190955496781117,-1.1625287745277886
1992-02-04 11:00:00,7.979463300197224,-455.23204754929077,17.534657222429132,-6.990139156619483,-2.177450230615004,-0.35286038407025727,-0.7924348373220503
1992-02-04 12:00:00,21.08890631191773,-462.6657592191442,7.068457084850533,0.24828978607826735,-1.5759632966095432,-2.53343039352158,0.006654897126967041
1992-02-04 13:00:00,13.2295441096696,-477.425167162416,4.382194799231314,-7.088719996079949,2.1083107455991836,-0.3597115179142737,-1.3116371239055968
1992-02-04 14:00:00,14.253716493804673,-472.88101947402237,10.719535488714712,10.359403464479858,0.2352568321829856,-1.5030179599217186,0.15915936507723338
1992-02-04 15:00:00,16.72680161143734,-468.1745926167021,-6.489886930399159,-2.537215836096621,0.776952647095664,0.09218322853477107,-1.7801406913946622
1992-02-04 16:00:00,18.58375284253669,-498.8697064641831,-4.701124783047306,-2.130783796102706,-2.2245364076837824,0.9261209003984552,-1.6489142101753145
1992-02-04 17:00:00,2.1601710613773806,-487.6045520148677,-10.055126083712505,-3.3824897302993877,-1.2605374016805833,0.13127211807579492,0.14723270012780876
1992-02-04 18:00:00,11.465928879040689,-489.17645321470957,-11.962156478170527,-3.116787412325251,-2.86715935267524,-0.8936353064463696,0.8151882528511201
1992-02-04 19:00:00,10.224782852088453,-479.26081940619605,-2.770174145769575,-7.801678822408913,-1.8762502376592787,1.0129435961762976,0.2686807489350589
1992-02-04 20:00:00,28.77064302511412,-483.6315221094535,-2.1493847518267217,-15.484456982259145,-0.4261336554575129,1.647273130438359,2.900080056891737
1992-02-04 21:00:00,39.470515937709564,-477.45990282382945,-7.636734973252103,-9.263282136701184,-1.7207117051331038,4.40531478254415,-0.6581678604021939
1992-02-04 22:00:00,20.060698040135684,-485.2078349841597,12.159948497573032,-6.16311672565406,-0.8994761871973544,2.123346296082948,-0.4239398128029116
1992-02-04 23:00:00,20.253632965919923,-462.08917717397225,2.943026005115582,-8.167513896654718,0.14499119407371153,-2.356321224826413,0.5740562560414957
1992-02-05 00:00:00,33.34365153632863,-467.7712192804338,5.565959660151396,-16.249167022207573,0.7402172627823674,-3.11724297537947,2.116595493184483
1992-02-05 01:00:00,13.796041881102719,-437.7895558758052,9.346673719062078,-3.367590807148956,-0.8261910458035242,-0.5935575321536538,-1.4703962314845125
1992-02-05 02:00:00,9.474542276831293,-439.0679730418519,9.988363434280519,5.886952604672212,2.7531776147275875,-0.8117243631096,0.739101803785329
1992-02-05 03:00:00,18.023062543281586,-429.96872852154036,15.20429727691254,4.447008498617727,-2.5572444283914253,1.3633626159046521,-1.673638871211751
1992-02-05 04:00:00,17.031699588807403,-438.4251203980118,28.014952592497096,5.238329306816819,2.8653464107215734,-1.9627412832647615,0.7407825643529657
1992-02-05 05:00:00,12.158184919314824,-409.2282364619619,32.90569881921667,12.812282216001124,1.346259081209271,-0.3337845844172074,-1.7240213358530365
1992-02-05 06:00:00,32.61977619230626,-409.10793482484166,32.54028859982121,10.395249325055312,1.7671962113560307,-2.426853194140694,3.74866267514955
1992-02-05 07:00:00,28.37730697226346,-406.8918955750687,28.871745264938916,-1.6845562526664257,-0.09411017166980673,-3.6742084948993283,1.2303932366046881
1992-02-05 08:00:00,13.92890769561124,-388.70857070379543,24.995765666491796,1.0821420560120911,1.7325753128995063,1.6326579006122728,0.4049450330130055
1992-02-05 09:00:00,12.188135945647346,-427.0361427734801,22.751729896736784,9.575406910645677,0.13334409258491492,-1.0999622595176484,-0.920362231342138
1992-02-05 10:00:00,6.701011699096309,-413.7225302400094,24.71743774549143,0.7419019751932237,3.8836895476892836,0.29933645248577456,-0.616965220751409
1992-02-05 11:00:00,17.50856311076972,-440.2309220952853,17.716439063530686,0.06572556785634598,4.289984855532324,1.7200183569837773,-0.6102363552664928
1992-02-05 12:00:00,10.315029314665296,-439.6888590379229,17.56252794562554,-9.014774463930554,1.9059200189909653,-1.173937352235398,0.45222189107419347
1992-02-05 13:00:00,35.94092765328793,-447.227231975504,9.421409574026956,3.0344368128513834,-0.04231384299235763,3.7234874501558735,2.4438745813205562
1992-02-05 14:00:00,32.66820576824347,-455.4183083624373,6.182124365807061,3.441863360711891,0.8056183072255403,4.022863234565352,-0.0938263657784904
1992-02-05 15:00:00,25.758404813725253,-455.0340737094588,10.37134811655995,-14.013440945280266,-1.1084763147578272,2.219219000021603,1.9723789677270869
1992-02-05 16:00:00,27.488507640806585,-473.5347028021003,-2.2148965046920743,1.8025667636150695,-1.742557588362094,2.936457376060046,0.9750056049360246
1992-02-05 17:00:00,15.904165974438149,-470.7404567042246,18.86009171046401,-3.7667483415980607,-1.5155108613426747,1.7079071189254802,-0.5293990997725442
1992-02-05 18:00:00,12.114666232790396,-463.853026839132,-15.092946244851358,-6.952440762378003,-3.1491236230899062,1.1095194619335016,0.43899795660329166
1992-02-05 19:00:00,11.281791258587921,-444.09812748858104,-15.008521812237507,-23.231379368671135,-3.310498658675582,0.606455270754243,-1.2181966892407918
1992-02-05 20:00:00,20.52210283192874,-479.4943826195506,-2.844281096559289,-3.9799037122302474,0.1605221146415644,1.763241547660443,-1.416539674049449
1992-02-05 21:00:00,45.129444258741024,-488.7265654498317,9.588076011035003,-2.7090685988622645,1.7687315985068572,3.9043764157104266,3.4212521058466834
1992-02-05 22:00:00,29.787620003428927,-462.25431371629315,-0.4087263089354174,-8.011699835061302,-1.5991960120867745,2.9606505956360527,-2.1808528102418085
1992-02-05 23:00:00,26.16684671691036,-445.95399536268775,20.43493417034962,7.422463267440535,-0.4480046867623241,1.4116380995478222,-2.764972421352521
1992-02-06 00:00:00,9.914750245909111,-436.46670335975125,17.399429548211934,-3.495118884100757,1.266321159946716,0.8802576233560264,0.6602531910412555
1992-02-06 01:00:00,4.020053643385763,-429.52893036116825,15.948571042350835,8.467308911672276,1.7583886082879787,0.13618102970007223,0.38754514158495723
1992-02-06 02:00:00,17.22574785945021,-405.51967027378305,9.558728298599368,5.31489890428746,-0.9070463873887467,-0.8285176915175878,1.9575034017491109
1992-02-06 03:00:00,7.252857028108299,-402.09499797473944,37.13416732588231,7.5646794186674,0.2670480150413481,0.5287692312360157,0.7049514905056683
1992-02-06 04:00:00,21.264355142274486,-412.2895099169634,32.76828075058284,-7.220771491625383,1.7251711004711558,-2.676563146626422,-0.41153904776175687
1992-02-06 05:00:00,4.812561585495205,-415.2073905368344,25.249106535400507,5.841949140428241,0.7939501949768695,-0.6235022936491064,-0.081661534747133
1992-02-06 06:00:00,9.176524983308376,-412.06767600535915,37.68062000577716,-3.5007093912644924,1.158776942308529,0.9600546147198357,-0.31112196548453613
1992-02-06 07:00:00,17.632474521733542,-412.94240319488034,21.185094994301004,-6.593247551017946,3.5972745555796632,-2.42725626865266,0.41496754515985657
1992-02-06 08:00:00,14.619124134975294,-413.76689831656535,21.807168507543658,-17.40155162544384,1.1376011952211438,-0.4764252360563258,-1.665564478478272
1992-02-06 09:00:00,14.230234017551497,-438.56551429154933,19.15628401048422,1.326803383744414,1.8671289026566842,-0.8855943622111011,1.402005903353079
1992-02-06 10:00:00,8.232616063601068,-427.9093288392418,34.166145053455,-16.803960563975664,2.939223550667875,-0.8351215227163298,-0.6315096844185869
1992-02-06 11:00:00,8.002970559558461,-434.37370906696447,30.787938851275726,0.39494802170821597,-0.6643603700567131,0.7233891216810129,-0.6232807788769485
1992-02-06 12:00:00,2.4924460398397774,-438.4679012586567,13.01279763801466,4.581321273019665,1.5588851626181284,0.0192279686691883,0.2601834226688132
1992-02-06 13:00:00,12.14000156149253,-447.07903461794865,17.235231072411818,-16.057417834558375,-0.4805348376359081,1.330965730963784,0.7420343706873472
1992-02-06 14:00:00,22.674887918067412,-440.3120146935194,15.48753267558425,2.967284134347066,-2.949575496905389,2.7859496657128817,0.09162892213424989
1992-02-06 15:00:00,19.621247155000745,-464.60174938201857,3.8237085301634863,-3.881210917992779,-0.23564511869027882,-0.13559463674962824,-2.3433482310700215
1992-02-06 16:00:00,17.85342733501797,-468.1042849599785,7.221992673340244,-20.757581688731538,-0.70027067549817,1.8360662597866964,-0.5785768646130398
1992-02-06 17:00:00,20.29186923859951,-456.4716796550251,12.257118354676322,-22.374551900212133,-0.029231277842476255,1.856932120832586,-1.7126285677474617
1992-02-06 18:00:00,35.87689524414146,-469.20927812179275,-1.3832831932619598,-8.99694843773971,1.1901833355181597,1.2060728163100543,-4.131211185733771
1992-02-06 19:00:00,6.85002208579397,-461.5068317329395,8.185833293094745,-18.81691506777146,-1.8148100292890326,0.6858894583877447,0.2758102603852204
1992-02-06 20:00:00,26.14438916099319,-451.84949551478263,-2.8567916120155807,-5.136778797412849,0.3637317835026479,3.117185098998759,0.1383046207858022
1992-02-06 21:00:00,13.60116683210589,-451.0047580639799,4.735380656048337,-7.360741268211868,0.20880592192912584,-1.3240860048745688,0.7287259822248807
1992-02-06 22:00:00,7.487362827823196,-447.48632865744526,15.511356090497639,-13.018649587170387,0.6228758050767087,-0.6326432570103072,-0.5520623170164793
1992-02-06 23:00:00,21.459398295339483,-447.0457994841683,5.7227771050424465,-8.378163489589646,0.09083309291076125,0.13500985789035186,-2.6605840485461103
1992-02-07 00:00:00,9.253030837911155,-426.2102510410205,22.578025283419667,-6.724712663285237,1.371950544960112,0.7466848045630575,0.9349714904355565
1992-02-07 01:00:00,14.097420190221856,-426.22031610068524,20.775543531634522,1.3191825577902803,-0.483893852621899,0.30148858656064853,-1.6384738369733438
1992-02-07 02:00:00,11.468640570836474,-429.47687716101814,19.478149839234412,11.207057794342624,1.2516185700669786,1.189483868957185,-0.5087495110770598
1992-02-07 03:00:00,11.294912625329744,-418.1882751402895,20.771025773345947,-5.984006206294059,-0.39295630710052043,1.2611994510112123,0.5235485448225824
1992-02-07 04:00:00,9.769380191203837,-429.8345618127253,30.942856596722223,-7.238028017640714,1.9130560251552264,0.49349693496347535,-0.9110358255969722
1992-02-07 05:00:00,16.963065704667024,-423.2547844277098,35.464091289501276,5.617307770951349,0.8711314100781933,0.21374949041354663,-1.9875779289128084
1992-02-07 06:00:00,26.177676508961028,-436.34478330681543,31.761183368900703,-0.14205657341416522,2.254706803079854,-3.089024144960434,0.6645206343039317
1992-02-07 07:00:00,8.314813498231246,-419.7437292044667,22.525411609151675,-10.642939523472617,1.9407900239322329,0.8790141055909638,0.3154055703652736
1992-02-07 08:00:00,29.127242129209467,-392.8852160122702,26.925949708936372,4.3859391409254185,2.4834451381849245,-3.3783712557855226,1.8621964460927516
1992-02-07 09:00:00,10.938478960189197,-426.4327176350684,41.19897138786207,-4.001385280774123,1.837453902756983,-0.8683897762988085,-1.0576903000727103
1992-02-07 10:00:00,11.103644245443759,-412.9187602363191,13.954954756607254,-8.143475337916264,0.3854277633627097,0.3895911836268816,-1.356401817050072
1992-02-07 11:00:00,32.71551467387952,-432.37555513254296,17.908052770626735,-11.642320064252637,0.24440250416456255,3.6550445282034687,1.5093570969948322
1992-02-07 12:00:00,24.749070945296292,-451.0751691029529,27.21972046855441,-2.888113504198818,1.2722800977409898,2.093444150556797,-2.0935480143186003
1992-02-07 13:00:00,8.697391317410055,-428.83848985127366,6.032770851992648,-14.679370715449071,4.3677166471548965,0.02436919370317886,1.1597900839425677
1992-02-07 14:00:00,34.23643321637952,-448.0161647508956,-10.778246716481995,-15.672439862736159,-0.8460554859140393,-0.3027938644152645,-4.289394231848822
1992-02-07 15:00:00,27.450807902533512,-489.722245303796,4.400172538461701,-11.919759999634133,-1.4623077386070547,0.7295291978659313,-3.046793322324266
1992-02-07 16:00:00,2.310058042919192,-453.2573902954472,7.176505259971277,-0.26209480698178833,-1.9907653060631678,0.22552406708721678,-0.16635943281702936
1992-02-07 17:00:00,30.63317303925793,-488.5742293384726,4.566490001350109,-9.880322613816599,-1.1197516027642909,-0.02541950055803982,-3.4039137128987567
1992-02-07 18:00:00,15.96502037063231,-476.8436505363145,-2.6123865339524053,-13.477806710924735,-0.13366519499256768,1.2701971610015113,-1.0925219370435495
1992-02-07 19:00:00,15.846407251991032,-463.7207160315275,1.169075635407784,-4.823423922173108,-0.15349548989308348,1.3373312125304662,-1.2743268129588816
1992-02-07 20:00:00,31.44210628598875,-475.8913916984576,10.170646241285393,0.6584618745187107,-2.562775412249955,2.764992848673284,-1.954553320582717
1992-02-07 21:00:00,36.05643811233587,-450.4376624499902,4.713540822139096,-18.811092404979625,-1.7801118597694001,3.0604026774063353,-3.3807166789174223
1992-02-07 22:00:00,9.806820869974766,-450.34959997124497,7.023503680975773,-4.699943311054257,0.9978662716500581,0.9960787494846649,0.412640615364843
1992-02-07 23:00:00,37.51764984059088,-478.9606745829625,6.751264659871563,2.0255888294160114,-0.7937150149146172,2.1534040805836834,-3.3476144620673747
1992-02-08 00:00:00,30.798760263573296,-455.34479599078793,15.316702927962922,-17.578720672243247,0.23657172808242088,-2.540844403659027,-2.32503923719542
1992-02-08 01:00:00,17.05611778957741,-437.0058022806318,19.745232107895667,3.3867932152324056,-1.3557440934186367,2.1712818391215736,0.2161445127174767
1992-02-08 02:00:00,26.25799196142762,-443.27470562612683,16.66465158502166,3.0091239236735703,1.0244661503983232,-2.89700369289699,0.7670346616906009
1992-02-08 03:00:00,18.70980926281569,-432.41820598875375,13.728280422111546,6.829708742179777,1.168327444497312,1.1288335473062225,1.8034507382181133
1992-02-08 04:00:00,18.28647903838691,-413.1469102196291,21.166342958193134,-6.023790028809938,-1.3017032993365816,0.32351024187371,2.5196583987372634
1992-02-08 05:00:00,42.076265287155316,-418.1612239116832,15.25008927442046,-2.550728826662481,1.577184869640371,-5.209059355309508,0.8685188673859644
1992-02-08 06:00:00,10.82744101147941,-436.3746558481081,27.387143997702598,6.758216931951912,-1.5511786448455518,-0.8017782356017945,-0.8298561775913182
1992-02-08 07:00:00,25.503698334785312,-421.862342554383,27.07980882325112,-17.070882654593422,0.3033161603969426,3.1040350851641985,-0.667944239296532
1992-02-08 08:00:00,8.492850143362304,-437.44002873768005,18.358544585172417,10.054194799973956,1.0109691889184236,0.732574156684446,0.561289722600753
1992-02-08 09:00:00,31.928448072152666,-452.1041347805574,20.449512355326174,8.26795799925909,1.2569529782975388,-2.3430814089808907,2.6631115729052786
1992-02-08 10:00:00,9.450206993249202,-457.9120020190763,12.333644666819596,-4.474755905187871,3.5825452655609094,-0.027590352792030065,-0.9709135462493134
1992-02-08 11:00:00,33.06464489493994,-444.5539636952857,3.2038072844044834,11.40037195375946,3.767466124163167,-2.7950792481474545,-2.579687132293068
1992-02-08 12:00:00,28.161571626853657,-457.74355711346965,12.542241732048117,-2.270233291745407,-0.6297412806119171,-1.5402697174181827,-2.654581540073358
1992-02-08 13:00:00,20.164505764975296,-465.72136410120794,25.599407388307167,-8.04548697554307,2.3477289520924662,-2.302103851291419,-0.2754176077442946
1992-02-08 14:00:00,4.546050099289717,-491.05620057123645,-4.714737312324133,-21.410462796180695,-0.6864512793220618,0.2685998424748702,0.34217439622432944
1992-02-08 15:00:00,10.298637717142258,-483.5774955136111,1.8710511344197833,-2.537926791484351,0.42753720428194786,0.9054005890241377,-0.5555425381329198
1992-02-08 16:00:00,10.829110518174158,-501.8838143580707,6.963545689190112,-21.107956842904905,-0.9890048250677951,-1.0203228796378767,-0.34554272553867527
1992-02-08 17:00:00,24.8346980041661,-503.98187222162153,-1.5676163994454444,-10.541038260709442,-0.47833161961979803,1.0874186466437834,-2.2199711258168766
1992-02-08 18:00:00,19.08066432332948,-494.3042752950718,17.019250299376363,-10.659111022651748,-2.3633352182450236,0.4687431840169761,-2.0917913801346937
1992-02-08 19:00:00,23.82966627881446,-512.2407467434797,3.0410773195417686,7.092226843270074,-1.1024140582678892,2.199709958818587,0.7896933738583489
1992-02-08 20:00:00,22.581715360382468,-479.1548467929187,-4.874184424367364,-7.515465967033399,0.6874609826349763,-0.021294812436865318,-2.6054501732132063
1992-02-08 21:00:00,18.018675821056696,-447.7830062587697,21.7305606354855,-2.8149169951135935,-2.507913042768723,-1.8448023690216433,-0.4398515955056642
1992-02-08 22:00:00,12.110359659823049,-472.6525800092489,-0.7484263318600357,8.626249006426455,1.2399154094030809,0.6658249864451968,-1.1821191915647873
1992-02-08 23:00:00,14.59139282047154,-488.67624563985396,0.7652011833983763,-0.8542541047212058,-3.440932272313283,-1.486177076990725,0.058247030611553674
1992-02-09 00:00:00,24.055868782526563,-470.00622122456434,17.635933739840766,-0.39173551060950595,0.10542719169227227,-2.1834337272087407,-1.3401210778574348
1992-02-09 01:00:00,21.051702080325388,-482.26918172552695,16.276937550129887,0.06084228560247773,-1.3629818811608065,-2.0917895556569706,0.49425950958544085
1992-02-09 02:00:00,24.81496464982835,-458.14363071012656,17.734155028167574,-8.37147031342843,1.9129313798464835,2.9767029392750413,0.5821794420072222
1992-02-09 03:00:00,18.840108055122833,-439.25821297049265,9.51599069003015,2.4903573192177233,2.8625043632364298,-1.8202538313249494,-1.5271880388094798
1992-02-09 04:00:00,20.18460162311082,-433.9647813660139,26.425028108372207,16.168209372515086,-2.3026426993005806,-2.3490711981053147,0.4516430548582492
1992-02-09 05:00:00,15.53184974944988,-455.9017294686219,17.02671097442549,13.128509930837048,-1.4097394187880687,-1.6430711219556837,0.1929110258276825
1992-02-09 06:00:00,11.409856721132003,-435.5769846299187,26.485711401752653,6.02756792516977,3.322927091477311,-0.356261204752286,1.252118878749683
1992-02-09 07:00:00,7.2528403141442235,-424.3392858101481,14.111627856743922,7.139523390376235,1.6978649138393753,-0.550415683707624,0.6681169673944612
1992-02-09 08:00:00,9.299732116097633,-418.85973301637284,13.337103117067219,-2.836137271345742,-0.6948843773591971,1.0812304683353329,-0.33736639028040327
1992-02-09 09:00:00,19.556233526924608,-460.95415971871387,20.978635486120755,17.491618227420254,-1.6788716301106614,-0.4969695456359154,-2.007619889462485
1992-02-09 10:00:00,15.488257089434045,-470.17057739124726,13.486502586373586,5.828225455229012,1.976769339395676,-0.6828274395410401,1.5551183527979666
1992-02-09 11:00:00,38.064004689415,-464.11887458027417,9.494774442976308,11.432009330637927,-2.3544198439327646,0.2149278439642906,-4.484717564341014
1992-02-09 12:00:00,19.33467756410611,-517.1366778128921,6.1353169573389605,13.861135974043536,-0.9950176775506776,-1.8378931241014365,0.29215636348683094
1992-02-09 13:00:00,15.796128636051096,-489.3948975515987,-1.9837126876581923,12.372652940505702,1.4507736501500221,-0.9483827919802317,-1.337833309401518
1992-02-09 14:00:00,29.34224989119537,-493.2457821104166,-0.24889420913865923,11.531190215991185,-1.4696060953581807,2.988742158641958,0.040821916009560866
1992-02-09 15:00:00,10.752458837130925,-502.66294268229115,7.800965889050499,0.46484694047943576,-4.03454495484648,-0.6758888623878332,-0.7698468912043077
1992-02-09 16:00:00,19.115086998731442,-524.6842134731583,6.898689996301875,-12.41921066284798,-3.9905970476336443,0.8460532005880926,-1.7340823207665819
1992-02-09 17:00:00,16.64886584823493,-508.03708933654883,-1.7927289914526945,-0.5842225688830753,-0.0037816749423679186,-1.6560158492409567,-0.04030607372544848
1992-02-09 18:00:00,19.03620601844768,-517.3152346365482,-7.717382408798368,5.566603259753863,-1.5466497545151565,1.3532751330370982,1.4260954762091362
1992-02-09 19:00:00,41.33441439862824,-493.6400267892104,-6.011081903101565,-14.23568068149903,-4.731832664379112,-2.051438709351077,-4.498018092604999
1992-02-09 20:00:00,23.31151526907687,-516.1701534622499,-10.690891580393924,-2.1042881334259356,-2.6836893936410604,0.5287033665888435,-2.4393591258861105
1992-02-09 21:00:00,11.176619688154883,-502.14531299433787,2.5116113170322025,-4.5556722233797755,-3.368445837313293,1.1281972505570466,-0.08822039744001586
1992-02-09 22:00:00,11.91096652737656,-495.4324034628817,5.591505173815753,2.536512704949858,4.4854886768272575,0.9775927190165592,0.5997382193483829
1992-02-09 23:00:00,19.068802673407394,-476.37226253428014,10.329892805691571,3.8250259525358024,0.8142046514018348,0.8991303180818803,-1.785086819183169
1992-02-10 00:00:00,14.050068901589398,-515.5210408032416,8.23852474893184,-0.95938802095543,-0.2318239563383938,-0.167523006227221,-1.352158942377451
1992-02-10 01:00:00,12.939347067195047,-474.7858967945894,12.237326063773068,15.744478210739562,-0.3229322904777357,0.15789270117067555,-1.3431219261327283
1992-02-10 02:00:00,17.866966620183685,-451.1696369892266,9.081065445317616,12.91925889774783,0.7201607977722904,-0.40974515864146516,-1.960645895280381
1992-02-10 03:00:00,44.60978842190993,-461.93922280361875,26.414512470416764,6.310410279300335,-3.3089867902841275,-2.255877660037628,4.936023108737371
1992-02-10 04:00:00,10.37415060092959,-474.7530765256272,12.02906042927571,0.8582838511227902,4.225865855539504,-0.12554722522451833,1.0844365337993147
1992-02-10 05:00:00,31.522291471931165,-443.9293982802193,29.09404520716717,10.818136838439035,-1.753153393191371,-2.702844735246423,2.6451077227464808
1992-02-10 06:00:00,14.16969101226805,-442.8998903261365,4.474908002377932,2.8235226760664247,3.017048497504928,-1.4164972604002863,-0.8178845041951979
1992-02-10 07:00:00,31.86950309926024,-452.9614950519423,11.053818867799144,13.916309115612151,-0.7224387918707595,-2.804494616208019,-2.0778058937005714
1992-02-10 08:00:00,4.579316251059588,-469.3180888141092,19.450428884878413,3.1553319491603427,-0.2181408770028943,-0.3817283619762444,-0.2904686136133975
1992-02-10 09:00:00,14.74048857254206,-467.69864143977827,21.980896740961267,3.085434049060937,0.4986849745915849,-0.7530322935551232,1.4693479992151244
1992-02-10 10:00:00,20.565740681849213,-467.459083586536,15.529096981949593,11.214343508022912,1.5104267705224754,-2.390688373857012,0.29632153070777123
1992-02-10 11:00:00,15.93846497895135,-482.96418378634496,7.424150828282982,10.545882138645041,-0.12750507133270306,-1.6090646400005342,-0.35279673783141924
1992-02-10 12:00:00,33.6021013475737,-506.2245440605417,1.5624586281030481,9.337183928822395,-1.370482658297893,-2.9649238677592544,2.1614276758368636
1992-02-10 13:00:00,21.044926856213344,-496.6767232362977,-3.2446343165153326,10.838734985005987,-1.2312558051470166,-0.6743282380203678,-2.1358460457946014
1992-02-10 14:00:00,5.75354280607499,-493.21796385069547,-3.228791582917875,-3.0196379992463243,-1.5537061695444971,-0.34344253624820975,-0.4881853578573858
1992-02-10 15:00:00,27.99379724002213,-505.92301639175565,-2.103810608445613,1.1550903711080291,-0.22028841745521477,2.062395915098837,-1.8425505257744155
1992-02-10 16:00:00,8.104483785204945,-504.0465822457665,-10.230749288124791,6.350014505534737,-0.6434429510723223,-0.7907565495014404,-0.19515979637001557
1992-02-10 17:00:00,9.7895527347027,-504.4517248544747,-11.993410875532522,2.5784268305904323,-1.6861997959953041,0.42744650386206284,-0.8414434491497651
1992-02-10 18:00:00,23.37689778776732,-492.9400335207439,-10.862808655346672,-7.952724447402706,0.5835858783788473,2.3102708015735,1.0817274137656945
1992-02-10 19:00:00,14.449598785823607,-472.0245036204725,-1.6874928111410563,-0.5109401443720207,-0.548144892964824,-0.6327549234859697,-1.3951578448948856
1992-02-10 20:00:00,17.95899239714925,-490.806965017438,-4.7872546684606485,14.572749837211314,-3.565317316071534,-1.9093709563911099,-0.7685172905923369
1992-02-10 21:00:00,26.49051539435667,-517.746022361484,-14.586875961355515,0.5220199750420917,-2.2192302794961476,2.1339709063245236,-1.645508529118084
1992-02-10 22:00:00,7.166475581485866,-529.9979506401243,-15.7221374545294,1.6348192476857077,-2.36217497939978,0.42431673955405547,-0.45371539492755714
1992-02-10 23:00:00,13.80652763495,-483.94447443052064,-11.128396977452075,0.16048993942049083,0.3944379629925474,-1.2351715327175417,-0.6975359261901377
1992-02-11 00:00:00,2.594755700094613,-473.30868522303393,12.060553889439356,1.0183930571724886,1.83095526119528,-0.09638010272713893,0.26553048024315695
1992-02-11 01:00:00,30.511663478709984,-483.48321633716597,0.4896462326875719,2.3369042441331276,-1.022319436055312,-1.1986671614109843,-3.070442638771144
1992-02-11 02:00:00,20.088278194226667,-454.1778344909604,8.003655728694042,-0.2306757779598736,0.5067589755867216,0.6088974510042333,2.411844944907953
1992-02-11 03:00:00,12.01305897182737,-463.04363497913084,10.079025836762893,15.047709454217351,-0.8628070436776003,0.6004940675212073,-1.1305592345760886
1992-02-11 04:00:00,15.680779685229567,-440.1390106382936,31.321462724481595,9.179141799525615,1.2938285848686615,-1.990111415465296,0.3367827860285202
1992-02-11 05:00:00,26.201177902987887,-447.48403523318257,17.468117965091803,8.483275678213436,-0.1607891825415635,-3.2011335963539085,0.5297113630818648
1992-02-11 06:00:00,16.242498542028063,-435.069177161149,5.948857693721559,-3.180510881564076,-0.20306699662656547,-1.802796448235681,0.47208609161015913
1992-02-11 07:00:00,21.066058007648323,-467.62686109905104,10.53475129632422,1.7801228613207445,1.5218602829383618,-1.5272358737192402,1.8463944250716073
1992-02-11 08:00:00,17.35262946552485,-450.468992633448,12.798227231153511,18.08438008461756,1.1694444706124465,0.4629432797486227,1.8138174772334483
1992-02-11 09:00:00,35.0597045612411,-450.17785951582096,11.117773984511151,16.20366493858817,-2.038976494645722,-3.9260770246245107,0.6612264619824717
1992-02-11 10:00:00,35.56891556466082,-474.8510540970673,21.459997234560273,-9.567454350656856,1.2171726897209814,1.3889179901078847,-3.995827522838207
1992-02-11 11:00:00,19.92476347437494,-431.8637276809453,19.78001494842521,10.890399925615542,-1.1784257406190157,-2.2577054188736088,-0.725471770141771
1992-02-11 12:00:00,18.459462244786785,-475.3838011529665,3.7694214406814055,3.1459066714605983,1.3893417871365228,-0.16845206151695222,-2.2421276059473447
1992-02-11 13:00:00,21.55079286425252,-453.57859034735503,1.1326294196223872,-13.414918396410162,-2.7848415667530846,-2.327035094771815,-0.5196797647884265
1992-02-11 14:00:00,10.316819798230675,-490.9459850558791,-7.254177136247832,3.125067549009642,1.4837145361486939,0.9247694785783551,-0.5468936495797572
1992-02-11 15:00:00,30.354068051206376,-489.92614728332404,9.759947029120614,-3.185752982103721,-0.8180424590695887,0.7074663769205624,-3.362822810643894
1992-02-11 16:00:00,17.529602275921416,-472.77080998867643,4.864351729897943,-7.437104223840125,0.7477384938270245,1.340702275475263,-1.2741200497626872
1992-02-11 17:00:00,34.48893054505616,-488.3180727440342,-3.0521579918845414,-12.56269512380461,-1.4961424240332182,-1.1693039968326908,-3.4744684250652416
1992-02-11 18:00:00,21.39932244523527,-490.2927355924657,-13.637499161858864,0.4819229135223204,0.08878245768113785,-0.4696564346498101,-2.22488530825421
1992-02-11 19:00:00,14.785753043940957,-487.3966665238674,-5.749643240997951,-25.096541805836416,1.1971387321267848,0.26606950626689274,-1.4337827845566755
1992-02-11 20:00:00,25.675909778987357,-508.28147348950733,-23.509381990148427,-15.148998948831373,0.5357643911569601,1.9505159968575814,-1.829396586538024
1992-02-11 21:00:00,21.404942612024357,-488.20202911738136,2.125254161951898,11.016643636586743,0.8265365861189937,2.112702031096043,-0.5883763556434991
1992-02-11 22:00:00,21.28526244748792,-489.8270198946675,8.683004998923572,-9.598349265954399,1.0344506622196448,2.0921821178311792,-0.4949343231282023
1992-02-11 23:00:00,15.826710818264234,-464.5823627142556,14.424022039450097,-9.132622669409947,1.136004197830163,-1.4906494951682545,-0.8608745700845166
1992-02-12 00:00:00,17.886969108326607,-467.21827535495316,11.44638198237816,-2.5625712728891847,-1.5948971479777039,0.199431400118821,-1.9156664559877454
1992-02-12 01:00:00,13.280485787094271,-451.2667197335774,22.284040128590366,0.9287748327257936,3.3470813309686243,-1.0773820481298513,1.1462940928481418
1992-02-12 02:00:00,11.782495082191378,-443.7962352147632,28.522708443761196,10.247204639856642,3.268575742148083,-1.3186175770970037,0.7022376888687293
1992-02-12 03:00:00,14.757088954376396,-436.4057572784279,5.881788118205765,-5.672780755336159,-3.5578738097188727,0.5527585965189049,1.5671381207316908
1992-02-12 04:00:00,8.344213657303207,-430.87845704115256,28.375521072455776,0.41550080746918905,2.5318705300424265,0.3143279956980066,0.8360949105841711
1992-02-12 05:00:00,28.832936195398087,-436.4730267581333,37.54526958534798,0.3818379256625781,0.2662540133471367,-3.3195594871521714,-0.2034455409556516
1992-02-12 06:00:00,17.684764595348117,-440.6556127438248,7.57494581092256,19.74734906108946,2.397581163421069,1.7020667813935992,-1.0966527660529446
1992-02-12 07:00:00,13.630450928441242,-435.21656087897617,35.662547526537196,12.232364557181509,3.5183676354533775,1.2769996396899908,-0.10374860100854177
1992-02-12 08:00:00,5.382793148316295,-411.5486438400349,10.930520269468468,13.707749439387829,-2.388754198660599,0.6524517206768407,-0.20329305755092375
1992-02-12 09:00:00,13.79787459360362,-426.1339164059256,15.437281305678312,-10.060865051560786,3.140250174296873,-0.6707653286346583,-1.4444545220447447
1992-02-12 10:00:00,15.025247499865236,-428.3938916901899,10.463686127423442,-4.55385670990497,-0.452870077161666,-0.7472780094640659,-1.5853547343643013
1992-02-12 11:00:00,12.00944343956886,-423.1409841732092,1.537399729956873,5.417649202035048,0.6425837663239414,0.7966714389544285,-1.1809061358175588
1992-02-12 12:00:00,11.290799378555766,-468.62099940345064,7.956898301313452,-11.45549347148214,0.6686939414753945,-0.3927847966819401,-1.1259968827563913
1992-02-12 13:00:00,7.5120018066204395,-450.3239548298934,14.887749994183936,-7.844639714539054,-1.845318763449327,-0.5732459063760182,-0.5730279073325404
1992-02-12 14:00:00,16.487864989044887,-480.6775331693413,17.911360534460027,-8.015965874047364,-1.5422888893016424,1.1668229488342003,-1.441091158126723
1992-02-12 15:00:00,18.602209200425577,-475.23408301296683,-3.187724152003364,-8.215798482563294,0.04254243246690237,2.00655101319924,-0.3001695850567947
1992-02-12 16:00:00,27.990995208841888,-467.11246971222323,21.31412775727206,-19.520289377038136,0.8397439597385867,3.3129868380186474,0.3265161510022908
1992-02-12 17:00:00,10.591206822203459,-452.56617759661435,8.19007117991874,-13.47714771822258,-0.6142993880138301,-0.01777481466666031,-1.1878573079909942
1992-02-12 18:00:00,2.5261372017991715,-488.9750706579079,6.48522944556397,-19.616297553411858,-1.829913255127654,-0.10744766191688881,-0.29546160992445714
1992-02-12 19:00:00,41.325778451454774,-477.12444741973854,-3.062183088461282,-8.227819396813805,-0.9239633660981489,2.8353528616461494,-3.9365279902550263
1992-02-12 20:00:00,19.16166843032922,-454.774731052377,-2.0059218162320898,-2.425207984044043,0.2594016148836362,2.2659549387661735,0.7138028008145507
1992-02-12 21:00:00,36.32227940898885,-489.15635875015323,-3.227472800644364,0.0626276123133156,0.08808340263433684,0.22040378911951425,-4.115868256054259
1992-02-12 22:00:00,18.381279976996666,-454.59667319264076,5.138234831141717,5.312577372268509,1.2567099715869752,1.7789226781694394,-1.0858348323070188
1992-02-12 23:00:00,19.74546365971593,-456.87597099953547,3.958832141451126,-9.114174969830003,-0.7211038913884497,2.297227743369422,0.2728038385125994
1992-02-13 00:00:00,8.168295760958683,-457.29283617042995,-2.5664206747298284,-2.2661200993831194,-1.7131398707608487,0.37542272639864693,-0.814317139333693
1992-02-13 01:00:00,15.367990116743249,-433.6932842200655,23.160781946556966,10.023535847084736,2.2192295024221607,1.8072057541145554,-0.20930740820370286
1992-02-13 02:00:00,18.288237171792304,-419.20311224503234,21.452465238968138,-20.528202294220698,1.8486893371431077,1.0235095761253867,-1.807812992146105
1992-02-13 03:00:00,20.338681067994894,-435.32620634151783,22.43722577567361,2.096614750210354,3.983554332136529,1.5353542554256583,1.5718025119757035
1992-02-13 04:00:00,15.057226395867415,-410.7222946900245,26.279554733609736,-6.255299601577511,2.1631512455629105,0.9174942866922495,1.527118379589695
1992-02-13 05:00:00,19.130854245861862,-410.3752905356653,28.47803900207277,3.9392684624746126,3.2811670772179014,0.8906846064388535,2.2150514448263614
1992-02-13 06:00:00,3.727905515800831,-430.25080495221516,21.531536150935924,0.17798987680444345,1.245145307396248,-0.4138154179217356,0.2951754488754671
1992-02-13 07:00:00,13.145761641157472,-389.0054841910811,39.48345726919508,1.4747799589929107,3.0477144062221955,-1.844120153141652,0.690911175252178
1992-02-13 08:00:00,8.340384635916147,-398.4927529439371,31.28426085244041,0.5020863112398724,2.4813104299962627,-0.23503440662772856,-1.0456402263266336
1992-02-13 09:00:00,4.531737060908473,-432.3055642533312,25.69815283007377,5.995646909533582,2.366783490522222,0.38207663364336897,0.004672832542323757
1992-02-13 10:00:00,5.061538230978975,-434.1245729257356,21.244063853179433,-2.19208891290965,1.7508810450998804,-0.5618206833701349,-0.326981420944205
1992-02-13 11:00:00,28.24921504860834,-420.7623549809837,9.966404459562739,1.6128284408561306,1.389019361945864,3.0922523935777217,1.5883596870589702
1992-02-13 12:00:00,12.979037516152303,-447.37758077363793,18.897379603857612,-5.986256432932568,0.8086169585964109,0.8413974988853905,-1.261662225413601
1992-02-13 13:00:00,23.419754896885074,-475.09763915753285,22.065154171720188,-9.885302026700494,-1.1813052837959441,-0.9791560230698738,-2.39288216979043
1992-02-13 14:00:00,36.24855355503691,-438.839505206433,23.345056022937264,-5.069646165654928,1.538431111585297,2.061447468498116,-3.9225227418169424
1992-02-13 15:00:00,17.980824552738838,-460.59448484927367,8.048613249642024,-6.580140910972117,-2.675883730232907,-0.5676054951307915,-1.8904794008765071
1992-02-13 16:00:00,10.486640123407174,-436.7484268527552,14.075103833388459,-16.322258433941776,0.8780688929102993,0.9072660561029587,-0.7194421290555034
1992-02-13 17:00:00,1.4307048670301143,-462.9805531982725,-0.6672299925047982,-9.732639872303004,0.9076601378120381,0.028449697227615478,-0.13302508553150605
1992-02-13 18:00:00,28.42743134858054,-466.49298672379695,1.9078894471223347,-8.463616191569404,1.5622472414211381,1.191465042747648,-3.269943102470452
1992-02-13 19:00:00,19.707481601374297,-425.219279245503,2.1736968161165224,-11.411150938260898,0.44735736261910164,1.68136689345293,-1.5760630606812898
1992-02-13 20:00:00,24.866711291119504,-467.85700278151273,12.875878491171003,-17.237121413922296,-2.3599650335567075,2.2155437052271365,-2.1318766814475865
1992-02-13 21:00:00,17.55818008420803,-474.7812206094859,16.994526835903102,-21.846031909746785,-1.0113301750966186,-1.069200043184653,-1.816569959981868
1992-02-13 22:00:00,31.360568271050422,-450.8976840704987,8.442617385239233,-2.3799296247902637,-0.39007964719036414,3.911419294586296,-0.8332067848535507
1992-02-13 23:00:00,23.882729473438015,-430.20947984853944,13.230527791546574,-10.774882700635867,1.268291910912043,2.7105632145482876,-0.343940024499385
1992-02-14 00:00:00,3.611402456484431,-457.04851573792183,34.77722100964949,-8.03745232328214,-0.29417874740337646,0.4073098527201789,0.0827940315881881
1992-02-14 01:00:00,13.830674514026617,-445.7203304324293,15.36794831830317,-6.074116403539381,0.5484799393225126,1.1508388300899368,1.0254249505598234
1992-02-14 02:00:00,9.792147281818181,-418.37619433431956,11.579629274297568,-11.48017172005192,1.339582682647961,0.326804655336859,-1.075293310395511
1992-02-14 03:00:00,17.316913560452615,-467.0443041465596,24.75897501462658,1.6402445322689427,1.6895361940981362,1.3254987066906994,-1.2016774064019213
1992-02-14 04:00:00,17.101347333243634,-430.92271253640536,24.371284773752645,-0.6552207498243465,2.4446315587267184,-2.1613016665256044,-0.6277889888556056
1992-02-14 05:00:00,20.730500189434885,-399.80111791366045,31.324469459274003,16.40182615905563,2.5227278100448474,-3.0066236806944797,-1.206554798632153
1992-02-14 06:00:00,6.0278571500858495,-419.7342350582095,31.694436974073206,3.558298566122656,-1.602591567482623,-0.2063869583348591,0.6506304596952683
1992-02-14 07:00:00,28.688835991132045,-436.70292333172785,26.123206084422183,-0.019798406610879837,-1.3888909603989212,-2.898597330700535,1.7639401000582864
1992-02-14 08:00:00,13.948814465475962,-386.85122232770885,29.44493432126507,3.988711405831813,1.5197774926300909,1.0763890392625202,1.3338211080531286
1992-02-14 09:00:00,15.264163452436485,-442.1385913577807,28.957092654449404,-4.852435389255238,2.1588409018447288,-1.677472611627815,-0.7608252476515194
1992-02-14 10:00:00,26.37518751460392,-435.4263962371152,18.049966179816067,-3.053435132848649,1.6735128920468338,2.3040140749333307,1.8908017309830538
1992-02-14 11:00:00,21.138763695306224,-440.80739130112653,8.961018178480114,-5.660443514818542,-2.083034913684007,0.20792282253517413,-2.418305143161832
1992-02-14 12:00:00,22.310817307467406,-442.0532309612423,7.007602096440161,4.959962410368072,-0.7445702298717392,0.6817101570664342,-2.8115602137285434
1992-02-14 13:00:00,15.698895030451466,-457.0999585650422,25.702204055640735,-13.974221982497212,2.2071670527163714,1.6239065010502496,0.19179118929512107
1992-02-14 14:00:00,8.390963786434185,-460.4510334078635,25.850297208723987,-0.9110855710128525,1.0169707543730966,0.8500420960939383,0.08737960078720797
1992-02-14 15:00:00,10.569001078213555,-464.9701519588682,10.622327987000642,8.430097018404926,-1.9914456240094571,-0.5182477168861785,-0.9506722399586822
1992-02-14 16:00:00,15.017861378279104,-472.38863739401125,18.13674293105457,-11.60514204292765,-0.9043139145506409,1.3504740325281506,-0.9141291091564782
1992-02-14 17:00:00,23.362410319190637,-473.1048948287724,-1.828669845621187,-11.192588943793783,-0.8560293709225795,2.436182247139782,0.35649198142834393
1992-02-14 18:00:00,41.62529835855289,-511.71170390028726,-1.7067436437910537,-15.172440376381761,-1.9844015393051186,1.1733752382410638,-4.5868970372302424
1992-02-14 19:00:00,20.855370546383146,-469.02578645712515,8.309875517739112,-7.9296515775203265,0.4243177644519918,1.601330499035225,-1.5272686752328908
1992-02-14 20:00:00,33.75795315362285,-494.3971580915697,0.024948168965962303,-7.175731855067106,-0.3931804615072373,2.9626898864942315,-2.335219267554652
1992-02-14 21:00:00,22.479161373386184,-501.67885196194135,-0.7608062619075091,-13.079889598567965,1.650182854865304,1.2132502696299117,-1.9886942226712003
1992-02-14 22:00:00,12.315165986314742,-442.8295829696242,1.4020865296327454,-2.286290198109918,0.7668418688727479,0.9614240413636197,-0.9982883031292181
1992-02-14 23:00:00,23.413187222764062,-476.2721035154993,6.9537585297403,-1.3061644685352292,0.5423582387849384,1.8149088637726778,-1.710853011707303
1992-02-15 00:00:00,17.558067145111426,-447.11947238666943,9.686516916547628,-5.064582881018797,1.438876990061963,0.8096592638380262,-1.757781901838043
1992-02-15 01:00:00,9.235441258232154,-454.2984103925405,23.636046739199443,3.763789626363274,2.075995406370959,0.8845002627291059,0.2020899396996394
1992-02-15 02:00:00,2.070533983667121,-446.3503410527302,4.115802140910761,1.1860795980965941,3.245603174381485,0.2016021427058339,0.005161157539061212
1992-02-15 03:00:00,7.768106478029896,-423.41307997012615,11.044017270245094,7.109482882545924,2.240871725121494,-0.04094069427311067,-0.9544596755236121
1992-02-15 04:00:00,10.421800054866129,-442.34905984474403,-1.3807854287887493,1.6319292911565395,1.010858902726775,-0.7685348827755635,-0.8937638248920592
1992-02-15 05:00:00,6.54698402432987,-418.7634105475646,21.16275758660412,6.036363331451398,0.14381577733771744,-0.5148084093326502,-0.5961680081710847
1992-02-15 06:00:00,8.07004921597874,-418.35527774477833,19.602531676619662,5.631568757490066,3.0640786864506215,-0.0549874437872728,0.9181767884708136
1992-02-15 07:00:00,15.832733330626777,-408.32204119926183,25.76534721855436,7.277943316320536,3.2349443099327106,-2.1035977257145855,-0.44585555138554506
1992-02-15 08:00:00,11.706112331183721,-434.6443251152239,20.76922058331301,-0.4314577510957557,0.8544843932217256,-0.09674674058073036,-1.3430855012812501
1992-02-15 09:00:00,28.97029365650014,-419.44293534405944,25.24947935808751,-0.055608005601896604,2.785028110333118,1.4624257850152302,-3.161054542645327
1992-02-15 10:00:00,28.905205877051724,-416.35208675951594,15.447570233577236,0.6433387246290925,0.903590784471498,-0.858299139834546,-3.732770401294662
1992-02-15 11:00:00,9.070551871817464,-426.45146032193315,6.780427047313605,21.40282088992695,0.6987602199717897,0.3991223459140172,0.9461028213066468
1992-02-15 12:00:00,7.460752836548216,-449.97742854935586,7.900788269791396,7.512996641654725,1.1967477995278095,0.6135011000419149,-0.5531402523920703
1992-02-15 13:00:00,15.340518934278847,-460.7047219840259,11.865756460040513,-1.5337652863417375,0.5281192780565552,0.8602973550173751,1.5532777083489104
1992-02-15 14:00:00,18.81447525187006,-432.7677045972583,11.867713451317936,0.5374087096220004,0.5898912290033126,2.3227537709434944,-0.9224117513643717
1992-02-15 15:00:00,14.24949671388514,-449.02223887308605,-16.411366403604465,-10.402142351101288,-0.6874905058469047,1.4427295141205907,-0.8967845545397042
1992-02-15 16:00:00,27.260624675529105,-499.61198388498474,-8.30029841172803,-5.57809377407325,-1.6804712034788252,2.1823596372774463,-2.084794650315809
1992-02-15 17:00:00,17.884583509334213,-477.99398279785686,2.1836343497715216,-17.853077051880028,-0.5614203201528505,-2.0227396295738815,-0.49784823384085075
1992-02-15 18:00:00,7.212864162800014,-484.51305164760095,2.575925169942746,-13.277296206974222,-1.4706914767230646,0.527345034054762,0.4924697811910693
1992-02-15 19:00:00,15.701631845802675,-492.1716094487751,-2.088847908712959,-7.213262232103563,-2.544285694078713,-1.4464074820653645,-0.7323890377695269
1992-02-15 20:00:00,25.601139640247933,-488.74766724410233,-3.6433597752961315,-7.778266645998086,-1.1101987289898503,1.998422659874653,-2.0654830184271322
1992-02-15 21:00:00,32.09203270001692,-479.6144834567982,5.3647602568826915,-3.411309386094494,-1.1921405347555496,-1.4128919125643802,-3.078732928712929
1992-02-15 22:00:00,11.830819022244572,-467.3211943916716,-0.33441354095853937,0.3965066406981099,0.8959197779599339,0.24067233974170285,1.242085281307315
1992-02-15 23:00:00,25.726028001392653,-471.6287581141805,0.3879489992097369,-7.299111898695107,-2.2636566314816777,1.1233646536916915,-2.493979315060857
1992-02-16 00:00:00,3.049641791956146,-462.679227177957,10.082929707216605,3.5021083354074376,-1.4341776091213783,0.32619914482824985,-0.13607966881118394
1992-02-16 01:00:00,10.83521396879068,-439.7938874835264,21.815909760946706,7.9785604486293,-1.4835430473660693,0.5480312425170508,-1.10805367857574
1992-02-16 02:00:00,23.18736756808851,-449.3226569863938,26.08611947781458,12.161528374337633,0.7666125690738479,-2.1308324180865834,-1.5823040435026843
1992-02-16 03:00:00,24.118326381019205,-440.35817529471575,27.708167168456715,-3.488395758485786,-1.165804884009766,-1.6317997167744773,-2.3659072161476082
1992-02-16 04:00:00,25.81369772996847,-429.56886570505395,20.370135403459322,17.158407020194225,1.4610331337988391,-1.1321785007853276,-2.8672142354569883
1992-02-16 05:00:00,23.764728056682834,-417.5829453615568,1.8985815420608594,6.579385300975907,2.425585113561358,-2.7167049265003063,1.0809184683416022
1992-02-16 06:00:00,9.522684398436178,-423.2432501875839,19.496299146628353,20.030721942377067,-1.4958151746217772,0.47563522217878385,1.1684428000677147
1992-02-16 07:00:00,21.19025580926583,-437.6228441415096,22.87918595384537,20.604692215160835,3.2878458000473683,-2.6847642227008164,0.10102174701846378
1992-02-16 08:00:00,5.631967761688644,-443.74144196986526,5.515237214002017,6.1279160710831055,0.8370100919428151,0.44039406751515703,-0.45805694799173013
1992-02-16 09:00:00,7.3318147167497845,-470.48430335037216,6.301079466447666,15.523557367840343,0.44181353117348643,-0.695606999857125,-0.3766889000156982
1992-02-16 10:00:00,14.753758405014283,-454.49401763815473,22.73359060265806,12.037057505252665,1.3880553714928308,0.1968018266518458,-1.6923685246831242
1992-02-16 11:00:00,21.399120732674014,-482.2427919819169,6.128259373885118,6.374899728450356,-1.4293776322352933,-1.6543491598888136,1.4761922046252296
1992-02-16 12:00:00,24.16425361785457,-490.3394445729725,11.442713016989414,-5.072140131328706,-0.6255377888310227,-0.09184194723355238,-2.8477941111924965
1992-02-16 13:00:00,19.96724342747419,-473.3810381018718,11.00321123912428,-0.06070146445764646,-2.093220662314636,1.6071093788238802,-1.661411095438103
1992-02-16 14:00:00,15.631245910075,-492.2123599320125,-1.8258740917317127,-2.4452609177466345,-0.12324647727526317,1.3537844131328742,-0.8295995657039907
1992-02-16 15:00:00,18.70303319986223,-490.24110089558957,8.11705001415064,-6.503533964094426,-2.5088545803240576,-0.9351740274256436,-1.67130276809113
1992-02-16 16:00:00,26.01126996613089,-511.8990832218926,-8.514694902977578,-3.3574739808937784,-1.400421155565944,1.0227932602418912,-2.324334383635112
1992-02-16 17:00:00,25.578091635187953,-487.8525421163933,-10.056059579044895,3.6815379860893875,-1.2852354253557925,-0.27478019392174435,-2.6200641382864163
1992-02-16 18:00:00,31.92912988863729,-505.04859987812483,-15.86870707314305,2.456617884628719,-2.6727724049444603,1.426874990583177,-3.1937059366666443
1992-02-16 19:00:00,31.060474041832,-488.670364661068,-7.425913516546541,-11.974051137472191,-0.5989621470141833,1.4633107595750205,-3.008738957680364
1992-02-16 20:00:00,32.867350975545364,-493.51968655855933,-6.868097757676058,-6.698541018757609,-1.7127018546241186,-3.758135376842172,-0.8071787858620068
1992-02-16 21:00:00,12.702100215177854,-496.63626321433946,-4.186301689229348,-3.3248618040319835,0.7887658079710833,-0.3657340845032512,-1.31640795032144
1992-02-16 22:00:00,20.6866531537913,-500.31304995243016,1.8358105153378936,0.001001140028957792,-1.2500853714846571,1.1106703005400893,1.8575507940326987
1992-02-16 23:00:00,26.583460235490946,-485.59262636052557,-1.1455744232611709,-16.521801263286534,-1.807948679815285,1.1464928552890958,-2.648758615334879
1992-02-17 00:00:00,18.44896191098387,-465.98553675567643,12.35122083243889,17.96295418872389,-1.7247600203642008,0.48866248863383577,-1.8616789272029903
1992-02-17 01:00:00,10.18758977419399,-460.3452828228397,4.409581162388663,5.53473041186792,-0.08591137652408476,1.056489314732914,-0.33016911293641005
1992-02-17 02:00:00,23.236437320729877,-481.6697392324545,-2.2283013870241875,8.297859203711234,-1.181651574951348,-1.0219601021320324,-2.3223015105173337
1992-02-17 03:00:00,12.59200674001263,-442.2237559706489,21.696939524566297,20.589068471977768,0.7171506283368286,0.21035497851485274,-1.4334792973626995
1992-02-17 04:00:00,6.286944261875884,-456.0990082777237,21.60772877685967,13.983862899867917,-0.7924574322449128,-0.47796019758361563,0.47794948141444615
1992-02-17 05:00:00,30.070286795347734,-437.7004301471368,5.268639439266551,2.246700802634602,-0.28430020782078813,-1.4654816609467596,3.2010189336434993
1992-02-17 06:00:00,37.39898410621219,-459.26277308401353,6.638604406124001,-0.013622971437763809,-0.9190733343261281,-2.6797277991085444,-3.0939626475419835
1992-02-17 07:00:00,12.869816755995704,-440.19375252671716,28.177899224436942,28.327085982712383,-0.7824707400289723,-1.024787359963068,-0.9403905846658359
1992-02-17 08:00:00,14.681666822599652,-464.57661239299097,15.951596143737031,6.232837821596542,3.450216687412871,-1.4411352069767047,0.8168777894611228
1992-02-17 09:00:00,15.72521723011706,-455.3053643798919,7.175996075620361,9.103884964104896,1.3122056607502075,-1.1451643234252677,1.3346075831661421
1992-02-17 10:00:00,17.852486602571112,-467.91324050754844,-0.17496592878496653,7.423552537820044,-1.3556381544488851,-0.4875591260717069,-1.822920959257819
1992-02-17 11:00:00,24.688554770284078,-474.8663601408689,8.308754130503711,18.64936928419567,-0.5965643710779309,-1.286233289488218,2.2746563066213317
1992-02-17 12:00:00,30.167031523553273,-486.69395487794714,2.8038968566155678,11.416380483780102,-1.2843173627557385,-2.7388450394591786,-1.8226045464466147
1992-02-17 13:00:00,6.484265843195478,-488.0680675286826,7.8648188190759685,2.972504849901101,-0.8034602658541109,-0.030790650165980482,0.6676403469319714
1992-02-17 14:00:00,16.366486636558292,-518.8770564414558,-1.9700351406733052,8.907076274641678,-1.6890053361363768,1.3068213425083526,-0.8441108165830957
1992-02-17 15:00:00,19.355087414014534,-485.63989843671595,-5.570301636020705,3.570503449718583,-2.3399848498610316,1.4735277029934006,-1.4714544703718009
1992-02-17 16:00:00,14.405316130518054,-488.8302806137436,-16.36449903883309,-6.926014905083523,-0.2880677921740261,1.5964833860436465,-0.21189268806675998
1992-02-17 17:00:00,10.776115484001416,-512.6553673289488,-20.456608158244237,-7.523616442551351,-2.4194443082321997,0.922633009077009,-0.2909827764973085
1992-02-17 18:00:00,26.239211654857833,-527.3715283710424,-3.0456830212422394,4.429781340493594,-2.682024178554295,-0.3829202892138608,-2.437862017500109
1992-02-17 19:00:00,31.8583454760588,-514.9230216414006,-8.582127662525224,6.628383885146579,-4.4314755651515325,1.270956012955327,-3.087491620519016
1992-02-17 20:00:00,17.214618790198536,-487.6213048887339,7.568362651422314,9.790509377648522,-2.4927727317366055,-0.5244262135722767,-1.67132260728017
1992-02-17 21:00:00,5.063586834048068,-487.268848457214,-2.6863859855217305,1.1895306618420216,-0.8401537856803963,0.2899336650382044,-0.4259685778981252
1992-02-17 22:00:00,13.871613348839723,-494.38579798944215,-12.433709988724045,5.648729342466296,-2.961192966336354,-0.6572522193876061,-1.2417191242978023
1992-02-17 23:00:00,34.47297269061046,-468.73288102889484,-5.938908633844705,-2.3252612629119493,1.2378856015104778,-0.33548080564274463,-3.8381751731188607
1992-02-18 00:00:00,12.78551020125658,-489.62189611947804,11.284641157198589,7.558652560285474,-0.8610736839462103,0.3798513346765161,-1.241271908436456
1992-02-18 01:00:00,15.25885595862063,-474.9890738905161,1.2400293780013119,8.242297225146721,-1.313126672458698,0.0008231997125037194,-1.7468227724493106
1992-02-18 02:00:00,14.314780102103759,-450.96421896039834,11.870435426799803,8.21406946829311,-0.16436686581211113,1.4001454642991114,0.7584020743861476
1992-02-18 03:00:00,18.52336079058614,-452.752950461739,13.061456481111723,9.119602989484305,0.18237889362199855,0.8830892331825098,-1.8449827733521027
1992-02-18 04:00:00,24.587127249361327,-454.8725920834458,25.56403753505149,10.651617684027938,0.4568397623740911,-2.8912576956944522,-0.20437064232304225
1992-02-18 05:00:00,53.10504146550717,-480.09160913522146,14.047134150378568,14.350776927229866,0.48470860107502434,-0.2620166235125668,-6.315753233552149
1992-02-18 06:00:00,24.11986268431569,-430.7653830400217,17.691793098882414,7.039646640073574,0.40044380450707345,-2.701210632600955,0.783561421752059
1992-02-18 07:00:00,4.69181384118007,-436.461184688469,7.093202170826416,13.041541113411458,-0.9332711493509744,-0.25109922811801494,0.4945224186917315
1992-02-18 08:00:00,14.931815907691137,-469.8683855369781,17.941004577124815,4.419934341308717,0.104328359613241,-1.3367075261032866,-0.8659349488308037
1992-02-18 09:00:00,12.759387958460358,-438.8233334388928,21.5877756768766,21.67098716780704,2.5154548602748847,-0.8686450287235516,1.2966475832634332
1992-02-18 10:00:00,20.410156223896866,-453.61649509378515,12.973780333118677,6.1254370340588284,-1.9821441768924277,-0.1748679479306282,-2.3368246009192615
1992-02-18 11:00:00,22.608139543087788,-455.7537709191374,9.685832369721782,7.59322697254061,-0.6167505710769146,-0.423977724136667,-2.430803221466547
1992-02-18 12:00:00,18.058802575529512,-452.8098483349429,5.8240381144864735,3.2713126732585778,3.0782204343813593,-1.9083476821187288,0.931938126575449
1992-02-18 13:00:00,19.65943115561206,-485.03605047030356,10.417646418295115,15.209116714537393,1.8105958011065293,-1.228648048513057,-1.6762114764237552
1992-02-18 14:00:00,22.987933302907987,-469.6511552426649,-1.9099489257980755,-5.9671324637984124,-0.44805671493420335,0.1894832569667044,-2.6071526545411094
1992-02-18 15:00:00,14.84274335581536,-475.56918219169756,-9.578495173863917,-16.546686548263757,-3.1515511032017662,-0.8867568028876184,1.2148780263252388
1992-02-18 16:00:00,36.64568640299682,-478.388913866823,-18.196809966367884,-10.29415351708506,-1.1856240518408183,-0.23026214261948416,-4.041184117708038
1992-02-18 17:00:00,18.159054528715398,-467.5208645788868,-9.658305977042335,-5.609337098225559,-1.191169211593672,0.8825058322682099,-1.730854239589244
1992-02-18 18:00:00,35.2105779530056,-482.4988540715056,-14.988178820066079,-5.832661376761067,1.3020209680513253,0.5283972859736916,-3.8028617875493973
1992-02-18 19:00:00,22.36371224140612,-498.9768829988806,3.614178189287652,-22.11364176271299,-1.69602362603978,-0.7869456813677461,-2.498970423287101
1992-02-18 20:00:00,40.0410855781191,-459.91887900898587,-10.941747341450972,0.4165981532740005,-0.5573272430353166,1.687351037189837,-4.5243195975710115
1992-02-18 21:00:00,23.43251738193337,-497.79145220951773,-1.656171392103247,-11.396799126150817,-2.7411201348333516,1.2635882071952353,-2.235313503506063
1992-02-18 22:00:00,20.46177173947902,-481.1792611502208,6.564213886402415,-8.643861814641905,-1.767103460956096,2.148470406475526,-0.11222938982209263
1992-02-18 23:00:00,7.880798379782513,-480.7389148405888,1.6206084528299338,0.1713433305953534,3.1400839417263224,0.22387159737721343,-0.7865211637736017
1992-02-19 00:00:00,3.903413081572166,-459.2983401979333,13.522758952082267,5.325721698753481,1.0516061606068718,-0.26570455911982555,0.3417700690676514
1992-02-19 01:00:00,16.195119076009256,-433.0233214204842,15.373186598848894,-0.8253567729894966,0.19877471884742645,-1.8746424625064797,0.09548068462612258
1992-02-19 02:00:00,19.373946717867064,-421.9178623554176,16.71580087249484,2.457786424312518,0.3231772062306943,0.7123771040571653,-2.1784079568181305
1992-02-19 03:00:00,8.12091139997731,-427.36073488354566,16.110984224705888,-2.1169624264123845,-0.9508191148776355,0.6597806588512117,-0.7208576216902898
1992-02-19 04:00:00,19.863547422934477,-437.9814918262624,12.528534712864147,-3.0489222867644807,-2.7698763326687725,-2.1108454681009046,0.5686582600531463
1992-02-19 05:00:00,21.88058040451451,-433.45886737688875,3.565680685578528,1.3221628431771,1.7564769784031644,-2.104769787002277,-1.5482111135353227
1992-02-19 06:00:00,10.26849882539857,-432.47190187727875,16.491498588997565,20.979650757920247,0.7916954020337472,-1.2139714280845912,-0.10968434934301652
1992-02-19 07:00:00,23.285974803905912,-409.38610826152967,27.163017305120796,5.3542960828192125,-0.0158014691618239,0.75567344239805,-2.7351765839866093
1992-02-19 08:00:00,23.46519771832197,-439.46229552989814,7.799416526867446,10.970732232936626,1.4782114875930983,-0.9369724586701105,-2.546426401505393
1992-02-19 09:00:00,16.32625064094841,-416.91843213160877,17.0821939850757,1.3531495925735675,1.4763215272853394,-0.41781867449726,-1.9283092144194516
1992-02-19 10:00:00,6.83650885053148,-435.75850352419764,16.959664020699265,0.5365510764388686,3.3608148197170187,-0.2475378913541478,-0.7792601560057032
1992-02-19 11:00:00,5.616544445979056,-439.1383498468896,16.400589218520818,-10.22931325662944,2.889997196025259,0.44970632876985894,-0.2457161678008556
1992-02-19 12:00:00,27.987377984180878,-426.1146996348008,13.029972572201991,-0.8570751796448015,-1.8938508556372837,3.5922396049088348,-1.3554333557992346
1992-02-19 13:00:00,2.715195467067624,-463.059118618711,13.710412661757008,-7.561271337733841,0.00015649243018678316,0.22435000295077473,-0.1887192890527437
1992-02-19 14:00:00,28.12295390401419,-437.50804271760535,-2.514438675984296,-16.863580921793805,1.2396669435389374,2.625841409657589,-2.1050483477917523
1992-02-19 15:00:00,20.225755470791025,-489.12389149213027,17.08180092834622,-2.691998896230097,-0.37964589586351905,0.47214234140878175,-2.240733742841967
1992-02-19 16:00:00,38.8719713518278,-484.4537237465635,13.397060692198124,-12.402931027127675,2.2393777958544976,-0.7182495500008954,-4.249461751753657
1992-02-19 17:00:00,55.79583504274879,-498.0884885860294,11.23178834279002,-19.422782102787686,0.9642246444990661,2.8809879282447457,-5.4306146608773345
1992-02-19 18:00:00,18.669997812546963,-486.0108115389683,4.552818545899392,-18.06927790731627,-1.5535833014297262,-0.6808636274511992,-1.8438964467189953
1992-02-19 19:00:00,13.950141220181703,-464.46684164463807,5.918339769702877,-8.18945377601763,-0.31980759882187904,0.6329976552007046,-1.3693217050056588
1992-02-19 20:00:00,18.588415923630652,-458.6250539791177,-10.505540924902334,-15.690010408824882,-0.9979373367404227,1.4892615316239612,-1.3808121433811555
1992-02-19 21:00:00,23.777358814654207,-459.6754461335752,-0.228447530358574,-25.64150725507615,-0.03514326588823968,2.667777033743344,-0.5711536626005143
1992-02-19 22:00:00,30.411329473991458,-453.4815265556993,-5.096387271758751,3.6865775880498655,0.8494667944853292,3.816434782141706,0.17856582693388867
1992-02-19 23:00:00,19.96779276946628,-467.2938657864735,12.532516839483703,-17.026050081667112,-1.2665084464566403,1.8867009747257835,-1.5838450640893198
1992-02-20 00:00:00,6.188703734091092,-461.37215607278733,8.892416202762478,-0.8950534268741235,0.625318086917138,0.39100330628347113,0.537161344208887
1992-02-20 01:00:00,17.675539290358802,-428.62970691883027,15.03367785910635,1.6358293302354125,-2.255166277806212,2.293263805014621,-0.8406571838173302
1992-02-20 02:00:00,23.711868193449995,-405.33895810589297,29.818978387638722,9.147822318049222,-0.8203737399405003,1.8903591524666044,-2.2536892067609116
1992-02-20 03:00:00,10.128533641662587,-424.4179455781718,23.004518559382653,-2.9137960840969948,0.48308423107384435,-1.0114457322236228,-0.6683867797842258
1992-02-20 04:00:00,14.673695711768765,-432.7181152582758,31.67919530515892,-0.6102358176553389,3.1058749101264125,0.03803448513518298,-1.6658007126473504
1992-02-20 05:00:00,17.97598006630971,-433.1883398682038,24.911529361777127,11.270788224137256,1.094376285214745,1.9687095375867423,-0.44263227621554135
1992-02-20 06:00:00,16.19472583128391,-418.9670629645904,40.38988934119366,10.525957506600262,5.302913985390901,-2.3866057724725467,-0.600388408068919
1992-02-20 07:00:00,24.019152007449048,-385.86602904077,24.63392513595552,10.564531693875075,1.2364942661174365,-2.4230770692735932,2.337315278181894
1992-02-20 08:00:00,6.784307995069891,-415.3296924194793,22.293161022025956,3.452372011633889,-0.2561013659400605,-0.010346472721528666,-0.8130906057389987
1992-02-20 09:00:00,24.312345037609113,-432.3313045918582,18.374549800625537,1.2874590757775843,1.9941648629095075,-1.6447432311807526,2.331087017834334
1992-02-20 10:00:00,13.552336076259452,-431.8194777616965,27.255029192354087,0.5484058824362537,-0.12597688595020473,0.0844676090687726,-1.5640677961282206
1992-02-20 11:00:00,28.847320915458887,-436.8500758091097,24.76560493185878,7.07504579268979,1.2075283657642961,0.9276362964889295,-3.2957125628415493
1992-02-20 12:00:00,7.812809549370477,-433.1819722654924,28.232894105584542,-11.540174209678574,0.7055190779096726,-0.008198043361912433,-0.9148718064500969
1992-02-20 13:00:00,10.229539713531272,-454.7626873405483,3.213000899921548,-14.47275817485688,-1.3385301757412464,1.0663905365408999,-0.425889163360017
1992-02-20 14:00:00,15.049591848643663,-465.3168170081901,10.596603757996945,-1.6825500508416384,0.10236885164158505,1.17183636939775,-1.1113889908748542
1992-02-20 15:00:00,8.395575985167467,-460.94542795843563,3.691475742450584,-10.129414922255036,-0.47307579517243836,-0.9062044945600826,-0.039739904449033636
1992-02-20 16:00:00,23.849415511205148,-455.7753526562427,13.7208234955649,-15.807426819177094,-0.6311274932785744,2.811919363608641,-0.118841948718024
1992-02-20 17:00:00,33.06953002754517,-455.0090280403198,10.433277988529715,-10.897261113435544,1.2760358065140613,2.8190940722732796,-2.673313757457269
1992-02-20 18:00:00,26.896976483079968,-458.4012222106016,-1.293443794103645,-10.509926131677567,-0.3716812996333434,3.081451592223742,-0.600476390152746
1992-02-20 19:00:00,28.997128997824944,-472.6270471923366,7.498066595467684,-6.442988377435307,0.3250234035952334,2.848718650336137,-1.2713936609269414
1992-02-20 20:00:00,42.29549636715844,-488.25305389811336,3.66822555933415,-9.666606918383838,-1.188457355812794,1.533675683808329,-3.9945092958034314
1992-02-20 21:00:00,37.13292810530134,-470.10840411058433,-3.668006122869363,-9.175860431379165,0.8034791526984442,3.625810272124994,-2.092101882526949
1992-02-20 22:00:00,24.636384354925116,-447.77196667544183,13.178917665102125,11.950299206694027,0.616695606562785,2.8615043345071856,-0.7390198377775439
1992-02-20 23:00:00,10.065441543587978,-464.9111207180439,4.710069649270862,-8.513110237070986,-0.32591589215761885,0.5557663632238883,-0.9368899199156143
1992-02-21 00:00:00,27.69086989591373,-433.45856112841153,26.953529074281143,-17.007601359776995,2.7215594919115307,2.7163691951722475,-2.030744957354762
1992-02-21 01:00:00,31.27069767129688,-438.37775662818655,27.73603875499326,-4.303148536631996,0.5949968675211657,0.571163037364026,-3.931235136935629
1992-02-21 02:00:00,31.747869154090637,-431.20899647597037,23.677455131031586,-0.7372882496597457,1.5129753178873984,3.8071142448885458,1.026555420470968
1992-02-21 03:00:00,14.073821482689821,-399.7952362391871,25.11082236378902,3.213307124044885,3.986059802264926,1.3582684359246566,0.9493972444630657
1992-02-21 04:00:00,16.506903311751348,-408.7843146792608,35.537734308466696,3.018586089217785,2.3742356865141123,-1.3598411362942175,-1.669136646996292
1992-02-21 05:00:00,17.35081932207604,-388.8011545658994,32.344332782863745,8.548651454671255,4.473709536752918,-2.329352119689518,0.9650913191987456
1992-02-21 06:00:00,16.521566599283112,-422.6511573256416,21.046764146276814,5.869538502875852,2.3519830002101108,1.8354698238311271,0.050949870082041326
1992-02-21 07:00:00,12.987835643263704,-392.95065864746,25.56441179853458,7.252664650795276,4.356076310535127,-1.8698473877349646,0.37869934392810434
1992-02-21 08:00:00,17.325107311662535,-399.53344284037286,28.60883268454519,-0.4319626006362576,-0.9564920083200282,-2.099267103594937,0.04112663994282706
1992-02-21 09:00:00,5.7342725786272055,-463.30846644378653,21.55726771306217,5.302043971805803,1.8054524858254002,0.27366554053148706,0.48397490797765785
1992-02-21 10:00:00,31.57364651954256,-426.44274476433293,24.393750709544612,1.8743705808747677,-0.06223152184259173,-3.785775541276414,0.3434323522483217
1992-02-21 11:00:00,17.545019853801815,-409.59462174288353,17.565855831766434,-4.6923665346532655,1.288621207167766,-1.2338177513549151,1.9895853071583756
1992-02-21 12:00:00,12.113084486891756,-429.17821845199495,21.217473093294224,-5.493704192771542,-1.2300158649734296,0.9326187325278859,1.091988621063682
1992-02-21 13:00:00,33.92339875242959,-455.72299202475034,21.60097509135879,4.167068467038978,0.6318285436660531,3.115733770463053,-1.9913157695070742
1992-02-21 14:00:00,30.4106644192301,-460.27218568127694,4.877165671378378,-4.758655934235208,-0.6735938254340862,-2.769173569658998,-1.7967355463566559
1992-02-21 15:00:00,16.94791700951246,-483.04740929166155,12.44108752467369,-10.849307653076274,-2.300966733449974,1.5413893664761347,-1.04942648825932
1992-02-21 16:00:00,12.640047557192336,-465.56376958281265,-1.934706687409328,-15.217064436584423,-0.7016896897369389,0.645145432621198,-1.2154687295241196
1992-02-21 17:00:00,30.763397769129593,-499.02371533069106,9.667977517985234,-10.705358567811228,-2.322170442094165,1.1452796837718562,-3.181025893584845
1992-02-21 18:00:00,39.53255668100323,-488.9095768649263,-3.5880648520257297,-21.049684905880344,-2.0075906724669785,3.4721640481228673,-2.863246462887929
1992-02-21 19:00:00,38.895041139058236,-456.4255817959072,6.335958737762224,-6.4499066434339305,0.2757014351652332,1.3239486230486648,-4.0286834402661045
1992-02-21 20:00:00,18.208040320203413,-471.01158078575946,-1.2432316828852192,-20.638966598113974,0.4248916859790615,1.8938393926505712,-0.43561351215944555
1992-02-21 21:00:00,13.985029444784278,-471.9745424497704,-1.8257958845713,-14.194434041117606,1.9680046172152172,1.5312955997658624,0.6557387647061809
1992-02-21 22:00:00,19.361792338153514,-462.4986688293117,11.67437630432336,-17.956867113862458,0.3128784685888537,1.9443433902978846,-0.7407810365428569
1992-02-21 23:00:00,3.9122548694386627,-413.1668060569131,9.450924791001656,3.0419150108391184,-0.8410029318598042,0.4174736304035334,0.26222264623843106
1992-02-22 00:00:00,39.57050725000619,-431.61285933601727,22.593782215391755,-22.09930620633637,-0.9274372335235208,4.942799128018352,-1.6290994628923798
1992-02-22 01:00:00,9.246430820582594,-451.5183300307406,4.067267280076005,-13.732250836560992,-0.01942271718974864,-0.20367190411726263,-1.0039050001657621
1992-02-22 02:00:00,16.206916092948116,-408.32650065397644,14.887382395915477,0.969893888978175,0.11584034796216042,-1.7285978324351094,0.9812518753180756
1992-02-22 03:00:00,16.79962353061414,-429.07284873723563,16.701024447749205,4.905066282096939,2.704349867403999,0.14637372968244494,-1.9707583296067792
1992-02-22 04:00:00,7.405178460032646,-412.6157858898579,26.2083617655271,1.7577012082102716,1.415564788767575,0.57315580576816,-0.6092514203165257
1992-02-22 05:00:00,21.059226280901047,-430.18483925634547,7.520553855650013,13.487787135931848,1.8165488543143204,-2.0131652731902405,-1.493570392163964
1992-02-22 06:00:00,11.583218923567578,-435.2286373196181,22.094839666066946,12.084784438824304,3.7204598661585693,0.9584482471678026,-0.7741879185065386
1992-02-22 07:00:00,11.888122002137404,-410.76359498785143,35.08807213915697,11.030561546213777,1.1887746768538243,-0.03820888109154513,1.4086634352223553
1992-02-22 08:00:00,14.828366602241617,-437.9722247966688,21.81831594302811,11.212954483512279,0.8906838992950088,1.2850195702473124,1.0251037894085528
1992-02-22 09:00:00,27.959534310967413,-443.63301485186145,19.543034695978143,2.94185927264224,0.4095738019666819,-2.3508519737672096,-2.472132553009983
1992-02-22 10:00:00,7.9896762569258515,-425.4476216785095,18.743120011753966,3.5664022647363476,-0.7822452640111378,0.7663671724023403,-0.5807757710405663
1992-02-22 11:00:00,12.337866007363747,-464.16810559208193,13.408533881249662,12.322332417122015,0.10673889365080119,-0.01743983863688361,1.4856483291692075
1992-02-22 12:00:00,8.877862117045812,-476.3969166022443,15.324449733250066,7.948332771928172,-1.2942542858264996,-0.8538683793594012,-0.2357611923604911
1992-02-22 13:00:00,24.157185626753208,-455.4822876569001,-2.5126557182322107,1.8395486088274422,0.5173256911079651,-2.3812573069250407,-1.7248996127223948
1992-02-22 14:00:00,15.748145669045654,-501.0511738990922,0.05517202315064612,-7.231904628300219,-3.537175828320569,-0.06737240159535092,-1.6211023964611613
1992-02-22 15:00:00,4.715816373279086,-489.89665861813666,3.8293218609002837,2.970344131869402,-0.5830268969169443,0.4857077572573652,0.01549016670948411
1992-02-22 16:00:00,22.101310421806044,-489.6196339620401,-2.1823321596439627,-8.174571982121176,-2.18952694086604,0.4790751451030183,-2.508758316504349
1992-02-22 17:00:00,20.05386500148779,-508.0410775452787,-12.980968394727233,-14.576431252579185,-2.2351156627328197,1.7906133710637446,0.6286568984954618
1992-02-22 18:00:00,14.22902095401899,-506.33271312218716,12.778057248913566,-4.427536690554112,-0.15620039759614626,-0.7164554375771661,-1.2603651557050064
1992-02-22 19:00:00,13.732215066094772,-479.3294776974883,5.006585894906383,9.060563839722985,-0.5227300540645912,0.2871146921312517,-1.42660343995438
1992-02-22 20:00:00,9.219217418070667,-482.5629751755621,-2.978941805960812,13.302917258316008,-1.8330186277301928,0.45843326902883963,-0.7811827993982603
1992-02-22 21:00:00,49.29744642846313,-497.0529956713736,6.4009188739847875,-4.516590887719796,-0.7200887650153538,1.224263797750038,-5.16255139380945
1992-02-22 22:00:00,24.275322987192514,-469.38445669552425,-1.3042223097037837,2.4574144365365296,0.11401101128384844,0.796579152516331,-2.7817028498090437
1992-02-22 23:00:00,16.211418353181287,-447.87839081915996,16.494877352678603,-8.778040247258557,-1.883394936519701,1.7631172026200472,-0.7995018884528107
1992-02-23 00:00:00,4.492307579655016,-482.7150250695098,2.7791213950212867,10.822451518778376,-1.5189621673378677,-0.24376443469748654,0.4248184593015436
1992-02-23 01:00:00,21.811782936654833,-455.42773108673373,5.367691255779529,11.222828857717854,-0.8790792364636528,-1.1099998488789884,2.1374060807199324
1992-02-23 02:00:00,12.814792703005864,-420.1098511476655,0.20361146142493158,-3.3767315519121777,-1.390279613046278,-1.3661577508531249,-0.6877779954389778
1992-02-23 03:00:00,45.97010092846291,-434.9637418943233,22.65615085496493,8.792992523534748,-1.684455188409155,-3.9075617784659062,-4.601626988083985
1992-02-23 04:00:00,11.588256143840177,-427.7747929324709,21.818140802278513,13.568339856771402,1.0251798589767969,-0.9660835686637856,-1.032073264194409
1992-02-23 05:00:00,37.351609623899556,-440.4944280813197,24.672698061612866,15.244581544529165,1.712536649102956,-0.3692116430726599,-4.632407239857972
1992-02-23 06:00:00,13.96494849773927,-449.07887929207993,15.441646042628518,10.188100429816096,0.6673170838724625,-1.4560166161565464,0.5857097301734555
1992-02-23 07:00:00,19.089325688551227,-421.55297153237035,8.367956639673022,11.36827941938212,2.20656595640578,-1.2821234939604353,-2.0810269050711123
1992-02-23 08:00:00,8.301415333823746,-432.4472664699177,32.96032080661451,24.179586348932464,-1.9946162541992618,0.3639231978564341,1.045777869326113
1992-02-23 09:00:00,18.17020959842457,-448.3151904221555,15.374773334347793,7.838918183328528,2.2717505827913205,0.9979374086222497,-1.755305521344058
1992-02-23 10:00:00,31.083846527509085,-461.2204550628967,8.639843719401439,13.547413938472475,3.1669220796529656,0.779366366168443,-3.4330703613977835
1992-02-23 11:00:00,27.13513951440145,-488.18460429074776,14.742718685432765,10.571361868231135,-1.2896292342722604,-2.3793322483017536,-1.691740192102018
1992-02-23 12:00:00,28.83372591692393,-467.91620160796964,5.493009846478065,0.954293805437322,0.21601098940035357,2.594569615981888,-2.4052233876705644
1992-02-23 13:00:00,24.502893632283552,-488.8191534780385,-0.05310594837565219,-1.7664623359848513,-0.040875938688394786,1.5032760899371547,-2.0664613471926048
1992-02-23 14:00:00,20.51424941154514,-488.0023539179475,-9.753644875408913,-4.916043532640549,-1.2303660367333602,-0.39240628813593464,-2.223371569750265
1992-02-23 15:00:00,39.15952153777604,-482.6820916538491,10.177400098290505,-0.9528760058265764,-4.069041430550794,0.3681650436005208,-4.053756165005681
1992-02-23 16:00:00,12.46362134725964,-485.5597857293887,3.2201605361539354,7.774773909446294,-1.3962375473425048,0.5109680618137132,-1.1754227630057086
1992-02-23 17:00:00,33.390225922178715,-490.3898866643139,2.7598089023482313,-7.223328071593371,-2.445209003103937,-0.25158542837764697,-3.430039960017882
1992-02-23 18:00:00,13.178721139960567,-468.61520687853937,-13.296584528928125,-8.219597742533109,-0.5388884771373856,0.39422100223358325,-1.3538703074336618
1992-02-23 19:00:00,23.600425085741815,-484.255646949869,-5.626000725505039,-3.8842934889323315,-2.8087604967384263,-1.0181987185401176,2.277145967442805
1992-02-23 20:00:00,12.187600365496275,-510.17869104839303,-3.2109801787333323,-4.857456692907322,1.432761698397437,-0.6251392673487158,-1.0766576264320944
1992-02-23 21:00:00,20.87840824741319,-506.68463104124544,-13.269087437516017,-4.031733658442902,-0.7205492946727977,1.5628688070557302,-1.396073063035042
1992-02-23 22:00:00,14.658682192486504,-453.5009348890707,9.318085211390086,12.128115015031199,-1.9089834781034456,-1.475291411542364,-0.5123376984288959
1992-02-23 23:00:00,37.820724498142425,-491.3279933427865,12.051954785333578,12.080085170488744,-3.9002840892789368,-3.7359040313475647,-1.0757827315133213
1992-02-24 00:00:00,7.356119864031361,-474.4408834935448,5.865182022664985,-0.4044621312213632,-1.7159358130817934,-0.12177061294932107,0.7604215242775482
1992-02-24 01:00:00,6.678253025714444,-440.0405566899329,10.98795086288272,19.332645067040673,0.48009091924904623,-0.5467220228472136,0.5160381821823455
1992-02-24 02:00:00,23.317456129304293,-433.30458284202695,1.6298002107084368,21.929626745948056,0.13287772532870168,0.20604271071963232,-2.7158843695839043
1992-02-24 03:00:00,3.6363915334050514,-453.6791700243039,-0.5079974908235378,0.88335655391242,-0.304865554598325,-0.393575825519035,-0.07673692558039441
1992-02-24 04:00:00,28.228091583754516,-444.4943615631896,23.58398616991061,19.400482229872267,0.39609281397665985,-3.50136493351277,0.005511800844730352
1992-02-24 05:00:00,7.466104826345791,-469.71303782710584,24.059769036751547,16.062162015157288,0.10957314086974823,-0.5816352152722019,-0.551249025537785
1992-02-24 06:00:00,0.6634769837431753,-457.7470458311325,14.306062607733782,16.989677044432167,0.9404443695380564,0.035955890469207996,-0.003604219380195839
1992-02-24 07:00:00,35.90755991639657,-450.5618562966033,11.793792922962659,9.410864599424553,0.7263299910746317,-3.2868107261409714,2.63888781562819
1992-02-24 08:00:00,18.987613330487093,-448.1212395171391,20.721134730417877,2.4685238964809466,-1.138827419057499,-1.0198277040307997,1.9702713940639496
1992-02-24 09:00:00,22.266186066145945,-457.6365224384329,9.709441609055647,9.782837195454526,0.33170226091967003,-2.4388502193585486,0.2754340124921548
1992-02-24 10:00:00,19.881473467164795,-456.5558944593343,3.9288887271325947,16.65052174334592,0.540977258128722,-0.3992545989584298,-2.2624410497104797
1992-02-24 11:00:00,35.57152179918821,-433.0250750047715,-2.5439778305440015,-2.2957371978869983,-1.0611998472234982,-3.4359654073438772,-2.2655079702048084
1992-02-24 12:00:00,20.75518719420191,-466.48487907069926,11.90281306585014,7.66532706197127,-3.432060923437359,0.17172181536535858,-2.419854232569539
1992-02-24 13:00:00,12.721363193205773,-476.44026425535793,-1.7978430191851196,3.8970217632055246,-1.081396650955124,0.41729722053564067,1.2713987286457997
1992-02-24 14:00:00,7.939779299531822,-488.1870317581216,-4.648851964791307,-12.841521144877175,-0.42910955964448905,-0.7927549948822439,-0.208579635741178
1992-02-24 15:00:00,15.449665595409245,-496.7167141738899,-5.552115826781834,4.738538870314413,-1.1433586737657027,0.182223393392414,-1.741979584267729
1992-02-24 16:00:00,17.87271834435246,-480.12763147858675,-23.013289923903027,-9.867201117737764,-2.09776331476057,-1.9171168874875932,-0.44807996889785434
1992-02-24 17:00:00,20.50322835607572,-516.238653079237,-27.204425029985153,-19.397347749651946,-0.19584450435002032,0.5628195848650388,-2.138126626025125
1992-02-24 18:00:00,22.829597862831704,-503.9592707834574,-2.5043641872878295,5.918775045781275,-4.29088206393811,-0.5004512206127918,-2.5590536910904076
1992-02-24 19:00:00,8.401933452076529,-517.1409752512932,-4.073578585090886,-2.9833262202680917,-2.377072858645998,-0.5438450222770516,0.6060365321077966
1992-02-24 20:00:00,9.516323912865408,-496.0509525325344,5.394735430535505,9.493057630051199,-0.8853308300443377,-0.8165934932831587,-0.4702199980736395
1992-02-24 21:00:00,27.373194192857493,-490.3417690663945,12.84570619666968,-9.000482807301083,2.20080198948153,-2.801429839347665,-0.8349538352798551
1992-02-24 22:00:00,11.809422117007546,-471.7647256175802,7.008671793322902,-5.313256763818124,-1.675296051422818,0.6059233374312054,1.089476164033959
1992-02-24 23:00:00,7.687326872405971,-460.01953852253575,-2.046778255736566,-6.374707800807757,-1.4664349168329913,0.7918696036164176,-0.2663937388285208
1992-02-25 00:00:00,32.86218356791071,-459.9160776016832,8.159365691097442,-6.846117409023713,-1.9199831663403595,1.0197423188504289,-3.6567906716190794
1992-02-25 01:00:00,8.675584032883489,-437.22884063192254,14.833805650461638,6.563423082820876,0.7606292424518294,-0.2395720331375109,0.9567175776490737
1992-02-25 02:00:00,4.807496693593458,-430.15529159566125,24.702418934546007,4.432429887842236,-1.0080956071702296,-0.04899381637067496,-0.5372640845268013
1992-02-25 03:00:00,16.92703854698052,-442.4708287410638,21.36399443486949,15.274009254387849,2.536835752101872,-1.9065730037251796,0.5956874311261334
1992-02-25 04:00:00,11.262460502394203,-436.23801559175416,19.867504371612178,11.767667171937829,1.2326977349547508,-1.2974916344420109,-0.3869044513510883
1992-02-25 05:00:00,13.421929238716027,-467.2980663194599,17.95546781152625,17.62323472958448,1.3775801852609941,-1.2101441124032768,0.7951001405502341
1992-02-25 06:00:00,1.7629797630245778,-431.8090703128921,20.375107120882376,21.531659725690282,1.6749133558363143,-0.2384914259644939,-0.21095954083559365
1992-02-25 07:00:00,9.505146396801578,-437.03331652972554,24.814891165226697,14.916497558388949,1.5409334182051713,-0.5277622295980212,-1.0736079649205257
1992-02-25 08:00:00,16.435820490075685,-464.6638986237062,18.232316195117377,13.594405628319397,-0.6256187298114702,-0.6287074592994599,-1.7641209956871338
1992-02-25 09:00:00,25.82086275761529,-449.91161769339897,20.524708300127156,7.719777647655277,-2.562454604498698,0.29306602676545823,2.9052635900365162
1992-02-25 10:00:00,14.2932806093084,-434.4992011209754,16.471249150340764,3.106820253517188,-1.05657833597388,1.1707786453663802,-1.2530051365721266
1992-02-25 11:00:00,17.123363396866207,-474.0065578011487,17.194001205757434,-1.4429452213812746,0.012125613182655925,0.42633217985189614,-1.9344752435162538
1992-02-25 12:00:00,11.786298616671633,-443.1064227498651,13.74341521218958,8.386794238681713,-0.5329532937285194,-0.7147583795286374,-1.1005848612696174
1992-02-25 13:00:00,23.784508867487055,-462.3804056848637,3.7249502595511146,7.995991051335223,-3.153325945918787,1.0627844344776194,-2.610355399825985
1992-02-25 14:00:00,14.837009290935924,-479.41645943801683,-1.8182215978708198,-6.021906225354605,0.18671410722258663,1.656955623013232,0.5153193269060495
1992-02-25 15:00:00,32.19957646457978,-483.60183369272005,2.9986988444126057,6.955282513557979,-1.4397000279390046,-2.1479996243407937,-2.868521492881657
1992-02-25 16:00:00,8.42664394282755,-473.02428224878724,7.122806997285885,-1.4740507818698543,-0.586531443111242,-0.6674868744374685,0.5777678757265476
1992-02-25 17:00:00,16.886864791275695,-509.22254513258736,-1.7383216599858078,-15.287147890260666,-3.5168010404822487,1.6750209224727042,-0.43202981392552625
1992-02-25 18:00:00,5.441387814352239,-457.39472622075687,10.041325819092949,0.7641927466161582,-0.7763356596978471,0.6611239899388931,-0.17901190691937463
1992-02-25 19:00:00,18.434783614077496,-498.35426779574703,4.835512697331845,-9.878402347880366,0.10139954577592628,1.8480292518491812,-0.7676543763212703
1992-02-25 20:00:00,21.54639986028151,-493.84529498965907,12.855113840144092,7.016607974069077,0.28765434685420976,1.7569960266969464,-1.3996246876481002
1992-02-25 21:00:00,12.766508003343048,-458.57634223106857,10.056508877803555,-2.6796205460277593,-1.2868046159666315,1.420157262613314,-0.0023304417413369527
1992-02-25 22:00:00,15.509883676668064,-458.0971095275225,0.9560113319186252,-1.491818733372224,-0.9522752203787243,0.6897102146407574,-1.5680731756916988
1992-02-25 23:00:00,10.19573556529043,-442.139330382123,-4.056033192408695,-13.422339405588499,-2.875956036218993,-0.6044270337406221,0.909969885524825
1992-02-26 00:00:00,20.36495714551362,-437.76268147732867,16.716056068510586,8.449359076845514,1.9738455691728107,0.1199930213741562,-2.528371270079338
1992-02-26 01:00:00,23.40697191973628,-439.1918065492166,26.212604248489257,13.313376045148937,-0.1606294022899221,-2.4261036833729426,1.0769965425729862
1992-02-26 02:00:00,12.0501456423408,-455.99945468912705,9.219543547909703,-1.6518288012364033,4.145376746945524,-1.3482616735338568,0.39837555945021413
1992-02-26 03:00:00,12.000456004197513,-436.86097443712345,5.3319381139863,8.903480965157565,1.9809230795767536,-0.3433335529981001,1.29532419253494
1992-02-26 04:00:00,2.5118639473670887,-421.2740163234731,30.006934046108643,10.916470821961358,-0.46053701530508573,0.33078365784191194,0.01778987468426868
1992-02-26 05:00:00,3.27134627764847,-420.8296433812489,11.049049588486202,3.8685809100254263,3.601715534449275,0.04658115436716716,0.32894183716131264
1992-02-26 06:00:00,6.603586928356804,-449.60745345683574,33.89941038680534,3.677447622852717,1.023758941874967,0.38981271324016564,0.5699368907790567
1992-02-26 07:00:00,20.66840332777119,-403.3894137872241,26.639726156430324,2.051114255774186,0.6488135514011086,-2.6098968863953202,0.22556479221000814
1992-02-26 08:00:00,18.980208541828823,-395.3210501243963,20.725620698222606,7.249007546125115,2.9991912548151856,1.5117905932294022,1.6694385951644057
1992-02-26 09:00:00,16.761399487495513,-403.3461054347899,14.181622623631434,4.070530940216198,0.6799678177426387,1.3600907001074112,1.656109373636791
1992-02-26 10:00:00,19.245271939695655,-446.13324354482404,23.663496280334485,8.822272173951276,1.3297335140178321,1.4818587804490504,1.5701558018931416
1992-02-26 11:00:00,11.290295957782957,-430.8052398057277,13.624778592244809,7.3457481112537755,0.31187102468401917,1.0345508939527177,0.8224467767975316
1992-02-26 12:00:00,2.826817953465355,-476.32201270593555,33.908171494811675,-16.32063262454924,1.7315254648516856,-0.3555698389828638,0.24387610481048067
1992-02-26 13:00:00,3.4756740227602565,-426.21183549518054,21.823692478633628,-6.5876268287923345,0.24151858937112297,0.3937122889751934,0.03959555141862442
1992-02-26 14:00:00,23.146436496967837,-487.18803198259656,1.9828388054434694,-7.568897241026749,0.9674810564215417,2.5475991021988453,0.37224945418939576
1992-02-26 15:00:00,15.43802596597809,-457.4546850833491,-4.555020514922216,-1.9867273576465272,-3.857446828082729,1.2024158889857655,1.220709796387551
1992-02-26 16:00:00,31.67180354652543,-450.2215637846886,-2.055270129763189,-10.647524692005355,0.4674222880692507,2.3914023827526414,-3.306675879071818
1992-02-26 17:00:00,9.808668921390678,-450.65663465916765,11.168908464619232,-3.4392563624688477,-0.7191755739420076,-0.3290391176955784,-1.1712729014630106
1992-02-26 18:00:00,29.55084731511945,-465.1093878864957,9.329612198533878,-14.971116788703874,0.9205175955171296,2.2969130472176835,-2.7422754663236653
1992-02-26 19:00:00,16.407618735376722,-489.9510784718016,5.174998919575875,-16.658134574472314,-0.9837662545675827,0.6212165257412585,-1.5924651689745968
1992-02-26 20:00:00,7.796577275552858,-466.4406995315354,10.33065886315062,-7.339741594904064,-0.6659509337801767,0.8320191821045451,-0.18503861012134498
1992-02-26 21:00:00,14.51172196801113,-463.6943341409958,3.950417815789044,-18.725430352740236,-2.859111827889288,1.1691774233715746,-1.1815690494073332
1992-02-26 22:00:00,28.411615526203633,-447.5009715056214,9.374456912416331,-6.782973126128908,-0.8236795670539137,3.176872456196721,-1.1035345168630628
1992-02-26 23:00:00,21.536432163865815,-430.43577707709466,22.490444925383823,-7.541104498400395,-0.3394275220225189,2.684934787614446,-0.4790246324114563
1992-02-27 00:00:00,10.343532943646805,-426.9879138233609,27.357100540539744,-10.758711040119376,2.122794829158139,-0.8789763056510288,1.199876524665226
1992-02-27 01:00:00,17.31303447192084,-396.75843801927016,4.983871741941607,-4.998841996652482,0.015078931387974004,-0.02099060320775864,-2.4879216875974803
1992-02-27 02:00:00,21.39166659459424,-411.01475584909315,10.280972697549974,6.9728113079712895,2.7097378080575663,0.5254043539496873,2.4872590894808537
1992-02-27 03:00:00,11.172197506473148,-419.9948924329963,14.627541185799307,-7.821786433743939,2.013748137701759,-1.3560373556670418,0.37708049063941335
1992-02-27 04:00:00,34.07654640990344,-384.5955137322704,24.081618673319642,23.74447565396015,2.6979568067857294,4.129613043585918,-1.1866554566668484
1992-02-27 05:00:00,8.673929812304873,-410.40866498121017,27.89704066019305,1.0554708871665648,3.5873475448212924,-0.4819115666042444,-1.0364744823131653
1992-02-27 06:00:00,18.053921590796215,-400.1070444795225,39.85126959341931,3.235961213157471,0.09244088744275669,-2.051155207462503,-0.9569913088766999
1992-02-27 07:00:00,24.417173666638167,-402.2504106584163,40.73662448330468,11.540535888010297,0.8254646711823899,3.1209915273386475,0.21954488887475454
1992-02-27 08:00:00,8.633637799134593,-442.0545659422866,31.89804189497229,10.31539044207407,0.32714864235086727,0.1618467981724767,0.9653694967216424
1992-02-27 09:00:00,11.872418138150417,-407.8956188198458,31.599383157333875,-5.211622439491454,-0.5313927761425047,1.3258982750939834,0.6734023134243597
1992-02-27 10:00:00,8.51568333374337,-413.68828654358316,30.346713392105507,11.700531370424617,-0.9265007414241173,-0.5061278392102283,0.8768321077183773
1992-02-27 11:00:00,38.34017923913501,-428.0678608048792,9.579760527760179,2.817770891031609,0.6602428553008187,4.118920893057654,2.410046756676289
1992-02-27 12:00:00,27.817821130389,-434.57734672549856,20.12448378987367,-2.950322901155592,-2.1776559414544936,-3.4139574443228673,0.2539742948573883
1992-02-27 13:00:00,29.352622876774547,-459.3284446330632,14.257065174513285,-17.61337144960781,0.6661586863016353,0.27545177983265157,3.389512538375123
1992-02-27 14:00:00,16.741398601200288,-445.896261286802,22.96535188328915,-14.656318932370809,1.1857091131952469,-1.0010939495027014,1.6630828733266985
1992-02-27 15:00:00,19.476602913087678,-430.615477817111,20.46711213516206,-10.978962133849127,-0.4087518769348043,-1.4866840685786145,-1.914876878954042
1992-02-27 16:00:00,36.98229811018712,-460.50901378642106,-3.2981534268242436,-17.184627032241472,1.851653731448149,2.73213419182204,-2.9610328173095164
1992-02-27 17:00:00,38.38046925043588,-468.6436589704678,6.575613699825956,-17.274351129733205,0.983293244362079,0.24805721962144622,-4.607213797498188
1992-02-27 18:00:00,37.46085262935614,-470.83553097355787,-0.10666683230091145,-9.861415705034046,-2.82917137434121,4.13443819246121,-1.3768182529657662
1992-02-27 19:00:00,34.949626745994784,-430.3396540220552,5.255580359485203,-24.871264576903766,-1.2825106478573738,4.239589982456877,0.28794194174856125
1992-02-27 20:00:00,19.59916923225553,-477.84723032182467,6.630157977804842,-11.724764317159696,2.762844552510846,2.2121305805472997,0.08545613804458632
1992-02-27 21:00:00,8.165956172843503,-440.18121870275576,9.660533925285549,-9.411869462204773,-0.9668091186160646,-0.1621964814308936,-0.9296114965443814
1992-02-27 22:00:00,14.376398334580577,-445.0048144902959,2.819439611605614,-12.49326560019972,0.6423973700619543,1.1621423284867778,1.2964469832318846
1992-02-27 23:00:00,10.175959134966158,-410.6724700698633,19.821810131214,-10.477438356167902,0.14612409032710394,0.04542631454147783,-1.2259163636239996
1992-02-28 00:00:00,22.239480736758274,-412.25674647571856,24.57136739871148,-12.343342076022878,1.4657790753885338,1.2019512381423674,-2.32307637606691
1992-02-28 01:00:00,17.350622037406072,-425.5967221620324,34.83286531699394,1.848543714293542,1.2365248563377462,-1.3113230652675136,-1.6406384604322617
1992-02-28 02:00:00,14.461571833917613,-440.2849835704465,22.647386938012144,-0.5088319796857741,1.672140396880429,1.4976363415278675,0.4362291895898386
1992-02-28 03:00:00,8.355056839462652,-389.58442472983944,28.978441390803052,-4.684945195159524,-0.46861246594523565,-1.0348383896548117,-0.07812204362569494
1992-02-28 04:00:00,17.859684802445667,-384.67592575819964,13.240959957156303,-1.853941826951429,4.240299518803584,-1.98704590191599,1.4338266508780948
1992-02-28 05:00:00,4.74518955913737,-420.37126201232843,34.59035336278596,1.3511779365811423,-0.322912279683766,-0.4996573589977007,0.2042553361116658
1992-02-28 06:00:00,10.799066477696119,-391.7115905733995,34.62773244231961,7.300151428023682,1.7534174314643922,0.6735166236902967,1.065955915612222
1992-02-28 07:00:00,17.439105066100755,-416.2716470153135,13.250151184328173,-5.6502396758088835,3.1685688984332927,-2.0856288349465717,-0.6248512869700221
1992-02-28 08:00:00,14.608329874209105,-419.25092118209847,30.39255438457233,8.02506137494089,3.7489487612835672,0.1014437171452428,1.6260356181809374
1992-02-28 09:00:00,19.448048689636916,-436.88884875945206,33.22816058263674,7.727471387664437,1.1472791112538143,-1.9686125343512881,1.0817152162503878
1992-02-28 10:00:00,4.0432565710004615,-405.4261415118751,19.39986538449968,1.5461032748242154,-0.6887677427469814,-0.38320530381173656,0.2769191317704698
1992-02-28 11:00:00,18.78342502390244,-422.9270311774051,13.94795309782727,2.988310799078042,0.5330074890236646,2.361009273282035,0.3156538016092952
1992-02-28 12:00:00,18.179908978856744,-427.60826468327775,12.160587746586819,-4.134601152113077,-0.9903372234313779,0.7632479209813885,-2.003585665256047
1992-02-28 13:00:00,3.4147301114794977,-421.3994124955887,12.118257877687778,-11.260390428935619,1.11039765695081,-0.19096910809802026,-0.34267592413603104
1992-02-28 14:00:00,16.350318483737517,-440.79337125480316,-4.157817844450989,-14.517877133031654,-0.0992942388003889,1.6085067419302288,-0.9954729094785826
1992-02-28 15:00:00,9.043512742385815,-448.827558256558,19.009340411352778,-19.605703053306254,-0.21899172699017533,0.5976911410371506,-0.8447174842814495
1992-02-28 16:00:00,14.482759106281021,-451.636082959635,16.2995044330479,-5.8067976441372275,1.4831995945022936,1.5485805378675421,0.07833334701402556
1992-02-28 17:00:00,37.47592802651611,-482.4034114332718,9.597544351760778,-7.3601558587439655,0.27033573376036035,4.227467418640715,1.4762768398074595
1992-02-28 18:00:00,18.715180666000716,-468.5811502998511,-3.8806302663371355,-11.979728550251663,-1.1208745042710904,2.0266929074356663,-0.7099676410061608
1992-02-28 19:00:00,14.941703117918147,-485.7866996102164,17.187454521729975,-16.936801409640363,-2.1702867191488586,-0.8507889068458716,1.1509465535599412
1992-02-28 20:00:00,14.628237304919072,-478.7220203765519,7.425302672850327,-11.096907077177379,-0.6851936042126932,1.5382740654387952,-0.03750398975794253
1992-02-28 21:00:00,7.576466012045593,-462.4783722382032,11.332847184627509,-13.418230500758394,-2.0613380355520623,0.8688239201903711,-0.03295195659642469
1992-02-28 22:00:00,15.073949447672616,-439.5169539148913,20.083413141821204,-13.815032733916711,-1.4451887870261382,0.10476449210251276,1.8873824863519404
1992-02-28 23:00:00,2.9017232846828875,-417.9147168877426,13.521061698131058,-4.95644801383373,-2.2141134008644117,0.4147719088976369,-0.07894779718358468
1992-02-29 00:00:00,11.680421624945605,-457.90718104246565,19.676240537632744,-1.61034349432004,1.3961608736923878,-0.012062612346792123,1.2782404325134964
1992-02-29 01:00:00,9.04645247953536,-431.96729203726056,18.29658302857262,-8.232056154197847,0.1710686443538641,-0.8701072835988963,0.7816195918236579
1992-02-29 02:00:00,16.178140187425473,-428.95802786404,25.384902525725547,10.864085108577958,2.697198964664774,-0.05346911600406046,-1.9476214063996642
1992-02-29 03:00:00,20.67565799656873,-414.3840191097733,11.390918348612454,12.51066376683577,1.0013308882697978,-1.6105327039680681,-2.2666146525021635
1992-02-29 04:00:00,28.20605371789662,-409.35950998664174,17.130233149999082,-1.6316186068650997,4.457928674326313,-2.6087385967038577,2.869269983331318
1992-02-29 05:00:00,32.848072288741314,-410.2583635342757,34.75520563956807,-4.436158821101709,2.358972614741277,-4.177059188865341,0.4820694312860898
1992-02-29 06:00:00,15.882014470663092,-429.8375019086036,40.28035905565477,-6.428177534337495,1.2267182622076946,-1.9619007817970524,0.05378672247212968
1992-02-29 07:00:00,9.290547995552656,-411.0351975986009,18.761591489628163,14.305627605217701,0.611793897825905,-1.1317628377662878,-0.2621395834050535
1992-02-29 08:00:00,13.327519721371823,-407.2435718619524,27.29442164926866,2.722034931329258,0.0468879618643608,-0.8543426339001725,1.3936517383365148
1992-02-29 09:00:00,17.65305448532464,-433.8121873165111,28.34699098965462,6.3710234578205105,-1.2383178049482724,-0.3686547018174867,-2.172438246250342
1992-02-29 10:00:00,5.061148507623515,-403.3943217338371,11.617629660580864,7.262127849898183,0.3266994172825563,0.5295354984818148,0.3151629391439801
1992-02-29 11:00:00,37.480803087332625,-444.52386822439416,8.878770551898251,-6.161832853863248,-3.2215421428107547,-4.252935695185154,2.281723295319406
1992-02-29 12:00:00,15.58799697840352,-458.9712475489547,12.918773394303669,2.29265877520305,0.2233883585217445,-0.33938660936762444,1.7388730787877829
1992-02-29 13:00:00,22.390927726425364,-453.59088717493154,-3.1627990665249888,2.68723854646515,-2.925320953219606,1.7661755293601127,-2.015939294234741
1992-02-29 14:00:00,36.35075339008511,-469.8244662242171,-10.544186529575143,2.634213211580712,-2.760236712115124,4.178275726426349,0.27552050899168895
1992-02-29 15:00:00,24.178688832984772,-493.30627140629144,1.4301863183762036,-3.371918569606039,-2.0112640934670156,-2.3982737070159557,-0.6062590105393669
1992-02-29 16:00:00,29.291370223498543,-478.68933566983833,8.207650991756296,3.2203385728270963,-2.1580168300637625,1.5656911980404662,-2.635157652106238
1992-02-29 17:00:00,27.31082997891869,-457.91273608975,-9.343590734040038,-3.5413265392297446,-2.7123064909797567,0.8725770699594395,2.812629057660248
1992-02-29 18:00:00,32.19183182570046,-453.56919674981725,-4.352742781622458,-8.392429773031092,-2.7462914702132,-3.4876754734907665,-1.7657561194740277
1992-02-29 19:00:00,10.526151416824515,-491.74684008952545,-27.355093622409463,-6.205382926579589,-2.153404198707084,-0.12569704658240882,1.0612560753343205
1992-02-29 20:00:00,14.937945910789235,-467.2673032880145,-10.602443679184265,-5.016932812426716,-1.5791533969218259,1.5361052472480492,0.4052741090785036
1992-02-29 21:00:00,16.74486520107677,-474.68573382633207,-1.8694114924521648,-5.117241925434353,-1.214663209688106,-0.08180691216374844,-1.775185561805217
1992-02-29 22:00:00,6.659102719363453,-466.8265919630674,10.059773361849757,-10.323646985546512,-0.06121286054238201,-0.655715266576053,-0.35001029522703586
1992-02-29 23:00:00,7.232452380505974,-445.4749831719081,-9.869983339060457,1.325196543024117,-0.45309216719262146,0.5912804604728029,-0.5438838474618363
1992-03-01 00:00:00,23.258731861217772,-444.5421679363628,13.401722422795082,-9.03883772015752,0.1955535798885114,2.6124389919140647,-0.8503190354662692
1992-03-01 01:00:00,9.4446362101208,-447.94650556167886,16.481705405703693,6.781230618441024,-0.742898892458743,0.44331145362592445,-0.9565219804537376
1992-03-01 02:00:00,23.129684075083553,-457.58969188850193,22.418270176517545,0.9255849070649869,-1.761395743325868,-2.152211605497376,1.1751844747100553
1992-03-01 03:00:00,14.92924861046521,-454.96057552036297,3.8931733811361453,5.136909980912533,-0.48674142216889593,0.6862415054312432,1.4977104577388591
1992-03-01 04:00:00,7.933444779950157,-434.8432944681106,16.757773867166343,2.605632441827884,1.782738884636382,-0.8899033159336713,-0.4077520306216002
1992-03-01 05:00:00,23.624848311099147,-426.5018043093698,27.102172517808288,13.306855894153939,-0.7918411634147587,-0.9903289845472556,2.5839466048253983
1992-03-01 06:00:00,40.819884440038706,-423.3662900223448,20.64511604358973,6.7726183355862775,1.4718863127955495,-4.395219761648795,2.361227429592337
1992-03-01 07:00:00,7.225273852190028,-420.7354664920053,18.762678675239293,10.52811430201858,-0.25100907463357836,-0.6470501641608004,-0.5450134709870069
1992-03-01 08:00:00,20.704515756918987,-421.1703603988402,18.14659048975004,7.183577691940949,0.8171820409667395,-1.2850743260137387,-2.2607650897611657
1992-03-01 09:00:00,16.31504548553663,-477.17945039332506,15.749975900071352,-8.314175768210731,0.36775204921374616,-1.703799470602422,-0.23724204035896013
1992-03-01 10:00:00,21.06873035660268,-434.2526919219028,8.338547689153227,9.91191970733204,-0.044900419930714586,-1.6065951787802413,2.183890035903458
1992-03-01 11:00:00,3.2356883512546615,-471.19345133484745,-4.570326824036158,6.332749686126446,-1.823745687719803,0.024992469007577567,-0.31616535759982994
1992-03-01 12:00:00,32.18942539960181,-446.95024390956814,-2.132829993171073,-3.3597473959433195,-2.7289614223974468,-1.928098642509096,-3.248607380595758
1992-03-01 13:00:00,21.696650891811096,-466.8885713767638,4.163116520284545,-0.4414941619923809,0.38467709180167464,-2.5124047181936286,0.47373625831035404
1992-03-01 14:00:00,12.436397251806156,-470.05284651320744,-6.240059936086476,-2.813387685002964,1.1262147579191195,-1.2552450585757833,-0.36283512187367434
1992-03-01 15:00:00,26.308516622171062,-494.1691566047912,-20.823228255646494,-0.5213265116970103,-2.899181430787369,-0.022013876379161967,-2.866465566808292
1992-03-01 16:00:00,9.375064523224681,-487.0389383863097,2.323421829766086,9.877818541302531,-2.4502800970724565,0.9027193030300222,-0.37640153398991105
1992-03-01 17:00:00,35.60228420007531,-522.4865478837442,-12.832803025041422,2.1720381617098328,-3.4717704933027433,-1.7027097953110202,-3.2117226795145157
1992-03-01 18:00:00,14.800131199869764,-479.37301998580864,6.007833451683742,-12.196278313167756,-3.5451138090355907,-1.1737782582268528,0.8577516066362523
1992-03-01 19:00:00,2.373855014721414,-500.0932654134756,1.4090320471305695,-8.068391373987343,-1.711109088376614,-0.2034371375324372,0.08619195526969174
1992-03-01 20:00:00,29.061218470904823,-531.2207296359231,-8.090243136002007,-12.501533814181183,-2.2429862484750975,0.05413069621271527,-2.909469110275254
1992-03-01 21:00:00,22.331522069104228,-471.86682113837213,-11.883658099521103,-16.572234478854515,-3.3800385297156876,1.777098802626885,1.5164910793243807
1992-03-01 22:00:00,21.12339918959862,-456.65603423180704,-10.233539449922493,4.239628869368562,-0.07973862724965275,0.7646645199081414,-2.181004791032815
1992-03-01 23:00:00,33.72961571357808,-487.84211927964196,11.105319400745682,1.5214932283589304,1.3031504763527597,-2.857281782955809,-2.8454059535026555
1992-03-02 00:00:00,18.943330768072116,-448.8928126972488,7.482034780785369,15.540720695131515,-1.2964341889745385,-1.691451948002351,1.2741838883199978
1992-03-02 01:00:00,35.13039264891621,-470.6237470770105,4.8684317596896,14.25947930466184,0.9625526080175476,-0.24986715403831566,3.909117583032916
1992-03-02 02:00:00,46.02764235099587,-486.2267880911827,29.30849271507318,13.48477377182276,-1.0475649816778658,-5.171747605873905,-1.0339626636930876
1992-03-02 03:00:00,10.749387032739044,-451.4103472074397,5.694632383328718,15.495701044333853,-1.9723832649888422,-0.6977558430358084,1.013264626785872
1992-03-02 04:00:00,12.82933950200881,-436.3612301805336,0.5557421233036646,20.274227535260522,0.12585295925233408,1.2816270834120802,-0.8434939482484037
1992-03-02 05:00:00,23.875594299155278,-436.23604168335936,24.145115798305522,4.663644250456852,-2.3608513735794867,-0.3663983373860177,2.7118508152198415
1992-03-02 06:00:00,15.006536084914375,-435.59433708472943,15.140590544162343,17.447859319972025,-0.057617763671168776,-1.497486082917453,0.8555758010228238
1992-03-02 07:00:00,14.631144675705086,-433.6663973526198,25.926998460086633,10.16055345585611,0.46659499509289204,-1.0804160809473138,1.609547326899142
1992-03-02 08:00:00,27.687702578285645,-437.75667268406227,13.824407975603993,-2.760747114375522,0.05172603746426552,-3.126921887184984,0.4837153730718591
1992-03-02 09:00:00,27.384456636586197,-448.8139489990479,31.717823375933868,11.069670575642956,-0.5886487314368108,-2.6171099037318624,1.6536157897279429
1992-03-02 10:00:00,12.858030465831957,-460.6964385495984,8.454848973411579,9.31763563469354,1.1473742808008893,-1.182239218758156,-0.7971487625755914
1992-03-02 11:00:00,10.186836803942255,-462.70250518053103,9.673536370418732,4.305449687673132,-1.2820534973458826,-0.7833689160462223,0.7568068356397859
1992-03-02 12:00:00,20.80806092981981,-471.69617700598883,11.836180272718519,10.542511117586573,-0.4626870350891141,-2.2277681522169326,-0.07709708640249793
1992-03-02 13:00:00,16.49341456764815,-478.5123974160461,9.770828793328661,7.37654795615058,-0.7699208928642635,1.5478664101589321,-0.7762170271786313
1992-03-02 14:00:00,25.469987761958624,-497.4518713901948,3.2867590803665436,3.7920027091746085,-2.9794318824307124,-1.413012030735863,2.1441706960759137
1992-03-02 15:00:00,6.4605430438035745,-494.9569962133972,-12.496952698150086,-8.929442666991136,-2.1035932583224843,0.5855436159348794,0.09616394302184797
1992-03-02 16:00:00,1.2733302917167575,-490.1004047743104,0.48343341367023207,7.559945687370094,-2.1360311986360667,0.00647195515514476,-0.09688261989229516
1992-03-02 17:00:00,16.890866236795024,-489.35578499005743,-14.016093033697189,-4.050084517949744,-2.4972186535945986,1.5386548369192319,0.600442814068232
1992-03-02 18:00:00,28.86527354766135,-495.6374538596751,-0.8046626556087926,-28.176617219014624,-2.872339784552568,-3.0797709044747,0.5420407745772449
1992-03-02 19:00:00,16.71806336674801,-495.98954841728374,-12.396399080528987,-13.800510357223747,-4.4872286099270156,1.4000826034059033,-0.8663352462563607
1992-03-02 20:00:00,9.555109165524735,-481.78294116869927,-5.578994970748044,0.3842615699573786,-1.2959544263841019,0.3208667750699673,-0.9319340008222271
1992-03-02 21:00:00,5.857515159931015,-472.43444393998203,-10.24974071660626,4.077937530054339,-3.4964897392870697,0.38994141401630467,0.3965068474594819
1992-03-02 22:00:00,17.7216145648523,-467.6523098391108,-9.208398380091984,1.6801167580522272,0.5183612588178127,-1.8699775182240042,-0.6411137388693819
1992-03-02 23:00:00,36.342782085992354,-496.45384323103985,13.19683792950325,1.343032021467398,-2.4530870123263107,2.4205539558215268,-2.7698794913918743
1992-03-03 00:00:00,23.894534514018762,-468.71714525781056,-0.9984050461399732,12.242004664970212,-0.04587009917467122,-2.25372332958981,1.2971102702974855
1992-03-03 01:00:00,34.96451026827437,-443.0379792133623,11.56155897681279,8.222860283468545,1.0959465711802,-2.1390473188263535,3.740295300901798
1992-03-03 02:00:00,34.41675353874918,-438.0610304168404,-0.3120198738128446,3.6704666563973793,0.08426365262832514,2.499265789661454,-3.260876220988625
1992-03-03 03:00:00,28.188104688778132,-428.7221759215795,17.42129967018125,21.572704933289575,0.9822610538301748,-3.531887948288781,-1.3651328521081851
1992-03-03 04:00:00,16.53614103042489,-428.7941695870952,23.36776166117309,19.546872201492565,4.141327685810386,-2.273126233377954,0.7207862641721801
1992-03-03 05:00:00,32.35044415527989,-442.70328108579605,15.366741490747636,13.945561705386432,-0.7252569126852288,-2.517638724337768,3.0547443688311673
1992-03-03 06:00:00,32.298783880037874,-409.90224935991006,16.179853031732094,13.039121306612204,-1.3626596957497878,-2.400709492122387,3.14518708042083
1992-03-03 07:00:00,33.384214575411505,-449.0422148312112,24.974042712529332,10.89061985341265,1.7644316779638278,-1.7631726197965816,3.638456446461583
1992-03-03 08:00:00,25.23584968314615,-416.22822611533906,17.83863716976239,13.5124732804405,-0.23678360334108928,-3.1385567753444503,1.1830775903109283
1992-03-03 09:00:00,11.237570020810443,-435.29664596531086,21.633651487136014,3.361932271392639,-0.7023072763194778,-0.20502375816495177,1.3895767995064745
1992-03-03 10:00:00,20.260469256483642,-462.6850881692929,6.7335662817956266,-12.331338482018792,0.9582082038290456,1.7381209768460613,-1.3385754809082517
1992-03-03 11:00:00,29.826812999043113,-453.05145430425756,19.43378002837088,7.697915702995992,-1.121249449872125,-2.096694722243803,2.5120526903235096
1992-03-03 12:00:00,32.61252878120031,-436.02117850460803,5.610900846142974,1.8586593762847383,-1.871360062291727,-3.4941861658662763,1.7034689811312917
1992-03-03 13:00:00,11.720396400228948,-469.9172939097851,5.392139135949247,0.6112743586088067,1.5075414138833645,-1.2642902276259338,-0.01586943125642412
1992-03-03 14:00:00,11.053962466278586,-485.8147012323254,3.475218114547144,2.328708436154979,0.30060088892860765,0.38572225600427845,1.06805454158364
1992-03-03 15:00:00,8.545395304281046,-477.5182287579878,-2.0609737724879844,-6.993425688938059,-0.026693630287191628,-0.41202556389838335,0.7938738994014739
1992-03-03 16:00:00,23.027921235140894,-489.55309497015287,-3.297715945347249,-5.617041857362745,-2.917503489101866,-1.8233589678922666,-1.6469948723788028
1992-03-03 17:00:00,9.836635631964358,-498.33864363229407,2.9346362532632213,-1.3985288257322521,-0.8042078838074443,0.41768747161513897,0.8941167725861763
1992-03-03 18:00:00,19.17225243094583,-473.32146987081154,-15.167403068411748,-14.701785713835202,1.1830284213186633,-0.2601868743415018,-1.965731970982111
1992-03-03 19:00:00,17.67676849219339,-466.08891789740164,2.290177918914989,-22.298102199894537,-1.172019504786769,0.5065379452862353,-1.8849775182554573
1992-03-03 20:00:00,23.07750184676206,-482.61763691379156,-9.887161855970774,-10.013381564774138,-0.36782756880893863,2.196388285841835,-0.9321791810934865
1992-03-03 21:00:00,31.706440973097365,-460.96900829028016,5.1293598370032445,-9.695877806839311,-5.253093071869846,2.3290865067278745,-3.1746508609120463
1992-03-03 22:00:00,19.837602100491246,-467.74087567286995,13.406683289591289,-14.190756412478223,0.9179668495426382,-2.1360993041822702,0.23342269832473267
1992-03-03 23:00:00,8.473182597508103,-455.46794710498386,11.421546813315652,-7.927342521632799,0.037578029450656136,-0.5002685168674097,0.7853543744870426
1992-03-04 00:00:00,25.21173907363995,-443.5819507769756,8.133621003238014,0.8028797118072378,-1.6502991599341073,-1.3127167219240456,2.5070047631787915
1992-03-04 01:00:00,19.825602086179455,-414.4757403418403,11.716193177930656,-4.469469168869325,-2.374444565309405,0.23088582858672943,-2.5822035382646584
1992-03-04 02:00:00,23.26285181918651,-421.16804124376534,13.377836062994323,-4.086889915869479,1.316171539143788,-2.9813541025990467,0.6949243110313466
1992-03-04 03:00:00,8.782426757401648,-436.77715919931154,18.612289116660197,9.963757576022461,0.7112111324499564,-0.7902598555644409,-0.6823243853931007
1992-03-04 04:00:00,13.950926061459334,-408.411131410265,17.41434788382134,15.43280434316489,1.8860285767423837,-0.3586569529044882,1.6118571646272637
1992-03-04 05:00:00,24.659285167231754,-415.8069230749602,18.068353502793183,12.84570240688601,1.9409454908213835,0.32049076625530715,3.189522367273269
1992-03-04 06:00:00,19.731980564410005,-417.62760684722275,28.955553132522528,-2.546139270946456,0.6516696387331108,-0.5558940174618074,2.315329809300402
1992-03-04 07:00:00,3.763856447388338,-423.50393127469573,19.23691950504384,13.149530989318555,-0.1768347681777834,0.3352018031224029,0.3061788740612781
1992-03-04 08:00:00,3.941304904384785,-413.47734954202656,7.420548284305089,-2.6777744091461377,2.4418858360897513,0.34652149915006547,0.2891772502804752
1992-03-04 09:00:00,8.120685466800996,-417.92852390251437,34.65479594188866,4.851872983292992,2.680318713469145,-0.7795733173536648,0.7613940708356508
1992-03-04 10:00:00,16.21629927475479,-428.49770951173895,26.375304461872506,-3.9813758794741947,2.714491687679141,-0.6326466035996661,-1.8051033539655301
1992-03-04 11:00:00,8.784922356596768,-449.88822470018863,27.35937569020641,8.000811488012918,1.4925619859827364,-0.9697679288992883,-0.4679509286600031
1992-03-04 12:00:00,14.169715091902985,-461.6574723704094,17.431252704785987,16.41597676150038,2.333103520389014,1.300348985090625,0.5677622107091058
1992-03-04 13:00:00,6.170951385400742,-441.1335816649293,6.222528005226108,-7.0969561737177855,0.601838642832955,-0.43213877542676987,0.5662252117409602
1992-03-04 14:00:00,17.316636451676022,-446.962785756742,4.765307836161412,-3.391899702020093,0.6648932436644205,1.8974416656362392,0.35854725766150064
1992-03-04 15:00:00,16.2811221157362,-422.3837771558516,2.107348737974269,-15.028875995766786,-1.1814758146360413,1.0287595789410258,-1.8596001438608367
1992-03-04 16:00:00,2.7131699331953034,-461.85559593465047,5.36874318356992,-14.461841869599752,1.4698454687431062,-0.23804570493486776,-0.14728117296451776
1992-03-04 17:00:00,31.1880004820783,-446.19286709517695,6.365802200142955,-22.572917344962192,-0.15076495881094087,3.490259257280029,-0.7740828222091733
1992-03-04 18:00:00,28.53999708643556,-444.03946237266075,6.696697553944703,-10.225816898192285,1.1174400533530555,3.198501284137743,1.0858334155663083
1992-03-04 19:00:00,32.267321863707394,-461.2870658475856,9.030779202149164,-4.539565919324466,2.016896713842884,3.783917281907131,1.3318610599409628
1992-03-04 20:00:00,19.82472134743547,-455.63720595340385,-3.705654406400499,-7.39914753201235,0.5275720721823308,-2.2849285904498773,-0.954980094545968
1992-03-04 21:00:00,22.868692774782037,-457.83766461384664,9.750802132121185,-2.2681246550078553,1.4773806289826046,1.7260013237200265,-2.1465550528757875
1992-03-04 22:00:00,23.107294972621368,-418.0012210905355,8.610996752111877,-4.7303907597167605,-3.1793694724072363,1.6764022999698225,-2.459336700742063
1992-03-04 23:00:00,25.385788360159975,-459.5334546749339,18.469730515314303,-11.607477773491848,2.833643290174143,2.099507441872249,-2.066974343520659
1992-03-05 00:00:00,13.13524356900115,-429.14809848885136,-4.49083658913537,-10.469934467914552,0.7728832838435163,-0.03383085079640491,-1.5108822031376947
1992-03-05 01:00:00,4.255974432598849,-399.491563457941,27.691981467395053,-8.586505815476219,2.253875016565375,-0.5273821355126638,0.4300841324231725
1992-03-05 02:00:00,25.454856667233624,-414.09543603701013,16.589171754198944,-4.645972250873588,-2.257081195098913,2.813325319608814,1.74410111274405
1992-03-05 03:00:00,20.490580149449404,-414.4643843277691,28.267945725242743,-7.127412248516547,1.7592296246665224,-1.9601488653941894,1.7727020017130877
1992-03-05 04:00:00,9.669841225593945,-397.29028916577244,16.76735051395883,2.488548657024344,1.3929703235605313,-0.20981086961283368,1.3552638150328462
1992-03-05 05:00:00,19.620385861546193,-389.44722196232823,35.80973089413334,4.683493632822917,0.7635681715828297,-0.8759855827254095,2.3665408878175374
1992-03-05 06:00:00,15.39807706145367,-387.4315209427937,44.057537367003974,10.182175062285745,1.1527753775920808,-0.7585690862231103,1.841239741548054
1992-03-05 07:00:00,21.583112376961676,-392.5366704046926,30.484650238356355,-12.122787849099907,1.8364972701877313,0.6535298603722923,2.6781842191477936
1992-03-05 08:00:00,20.847253262793053,-388.1700518657502,33.2382280864901,-9.317121769377131,2.0802106031190757,0.7707803156636591,2.5508139326821198
1992-03-05 09:00:00,18.199788164718633,-389.754018643083,17.841096755280326,-3.8680619585585108,-1.2414673562860514,0.037254304274705885,2.3199426078351557
1992-03-05 10:00:00,12.792847341603185,-426.42691982707936,26.51029043269569,6.103433572541415,3.252472496367967,0.14123363304585235,1.411089897870724
1992-03-05 11:00:00,16.784963395007594,-422.4517186641924,27.3856142635276,-7.30609102218243,1.3586383802507522,0.5296127008368896,1.9069683569820992
1992-03-05 12:00:00,19.753890536706077,-411.24220855165385,19.02014642155156,-14.541801447811796,-2.491497304337638,-1.0811684527099188,2.1553063692983425
1992-03-05 13:00:00,14.132328704009346,-424.60230831040525,13.332902536803811,-0.3101221436937207,0.5904716087138107,-1.4201622595706604,1.2363118736811285
1992-03-05 14:00:00,8.817574376680325,-435.4310952306063,4.191760506773482,-3.998954202182334,-1.6976300582383828,-0.786380139272567,-0.5887182945102523
1992-03-05 15:00:00,9.03404995246749,-435.06602412187425,9.680835319273095,-1.0128668539232546,-2.3230262891968816,0.9712054104532216,0.4765329002692819
1992-03-05 16:00:00,12.258807267715426,-435.59109503861134,11.091497165776733,-3.1376705086382577,-0.8804457941582647,1.0101675061746878,-1.0476117665321514
1992-03-05 17:00:00,4.614684033579332,-465.7685136564683,13.299933970337674,-11.484539721168073,-0.28334033982609896,0.4425989007526673,-0.24487803362815358
1992-03-05 18:00:00,38.78240531621561,-472.4386573939948,-5.63572085588393,-5.37190694632967,-0.20646772616885145,4.537041798810863,-0.1823105020472337
1992-03-05 19:00:00,10.184733499153905,-470.3516870115201,1.6013739613398164,-6.119906653183602,1.2137353047701596,1.0198045165483385,-0.3357547019651
1992-03-05 20:00:00,19.399318291142706,-422.16290039297894,8.952652871582742,-8.98794502269146,2.151671029081963,2.0667049333472347,-0.8577335929294855
1992-03-05 21:00:00,29.788417670399973,-461.15059238184637,11.00466189696655,-10.448478529318606,0.5264815342581353,0.7678759670137815,-3.3494608339169227
1992-03-05 22:00:00,6.839544547831544,-442.635055782668,27.89634474854095,-5.477587019675638,0.7795862001892704,-0.2516586786713164,-0.7342915523187556
1992-03-05 23:00:00,32.568544762390616,-434.87020006748486,20.162831577092145,1.7996035536574375,0.15531321710451007,1.5797591648653433,3.739892073552879
1992-03-06 00:00:00,29.13133254189941,-409.017849808012,26.049240119904702,-10.360495490090923,-1.1767675160877251,-2.290226934427774,2.863045702541915
1992-03-06 01:00:00,16.059564342754587,-442.99312665071943,40.03963512071943,4.991756184420958,2.0751005882557862,0.44816902798861946,1.672103587822833
1992-03-06 02:00:00,18.00485468630491,-410.42558588398435,16.984228066493728,-11.080829470418365,1.346031103672035,1.7315093171275002,-1.5607273294314443
1992-03-06 03:00:00,13.38507290077369,-385.6469258650927,24.715873999292768,-2.544938369476026,2.790074180295355,1.4308159425175515,-0.8576822897311597
1992-03-06 04:00:00,12.771992835954046,-382.56516932175936,25.20208922712568,9.078415941367403,3.301297688488127,-1.4386274237509964,1.063368069757129
1992-03-06 05:00:00,18.477278012337607,-390.3973039055487,38.416456015290926,1.022851483536293,3.9875774004734073,-2.829973376316045,1.0978392044154988
1992-03-06 06:00:00,16.565792635907844,-399.66752682670426,25.66203178600733,3.56676812401379,5.51614666261797,-0.15694555704722224,2.0096839041118306
1992-03-06 07:00:00,16.04345557144146,-370.8605132963963,40.38145794524068,-4.561142473378326,3.8959115126999477,0.6012328338840087,-2.001451986046851
1992-03-06 08:00:00,24.37521712164049,-425.62715069107514,23.615922932768704,-11.29479346368537,-0.18512860611301318,0.8991771212300536,2.819243304863688
1992-03-06 09:00:00,11.953405768094338,-391.0039403713144,21.568323715157504,3.8001206148284625,1.0896261534226848,-1.5734625111038916,0.20277242556088382
1992-03-06 10:00:00,11.292249051088385,-404.6849499795051,18.50177940136453,3.7254475415201886,1.8422946957290494,0.9791720129107352,-1.0617062933953139
1992-03-06 11:00:00,24.13382097960261,-411.1264774473496,24.086510271186103,-9.542464002932363,0.5039022653843863,-1.9959040720577235,2.1891602459380737
1992-03-06 12:00:00,14.819174872974441,-424.1408568941288,27.259059269719287,7.47847432037724,2.237851170661343,0.6217268775903044,1.528406486797091
1992-03-06 13:00:00,8.14443141583558,-433.29818404373805,9.027639377164437,-0.5836074653369212,1.599265346415783,0.48660987081243773,-0.7805895701447154
1992-03-06 14:00:00,2.1293731196817416,-430.05543183034,18.136806633824822,-7.790180028154955,0.9635548021152907,0.03851807899828641,0.2517558789958614
1992-03-06 15:00:00,17.960794172442704,-467.99130829623465,9.56578067027899,-8.870716843899286,-0.30903369752384935,-1.5058391147290886,-1.3021914061285318
1992-03-06 16:00:00,24.06937174275127,-474.67786437643895,8.163117011852599,-17.079285600283775,-1.0824430450630975,2.755094563992575,-0.2391104843816022
1992-03-06 17:00:00,5.601902271830132,-457.0547158165019,13.270959360653137,-20.27234712476911,-0.7821508870566587,0.33419289498426885,-0.5624534066236844
1992-03-06 18:00:00,23.323895503998923,-460.321319805394,-9.938721229237439,-3.981942183137037,-4.349240152504111,2.5039818515589474,0.5421798834238281
1992-03-06 19:00:00,13.593973467269254,-458.2693695886429,4.583632603431192,-18.055631173912047,0.25714318440995015,1.3203138588338106,-0.6590097725018224
1992-03-06 20:00:00,13.969823594038676,-434.5293191723349,-10.796820433548845,-0.4661735520187813,-1.3187301056514593,-0.12400518849196618,-1.6057967803288444
1992-03-06 21:00:00,14.69436672730403,-462.84417388887334,13.523735062413987,6.877563511629155,-2.8577686389373835,1.4316703984756507,0.975017398518379
1992-03-06 22:00:00,24.08121479306702,-437.32957956685755,-3.823584258034634,-10.403958888574063,-1.73133802660597,2.291744577297963,1.8662952023684407
1992-03-06 23:00:00,3.775381693672789,-436.20319626733476,8.425598722835815,2.7094576978084652,-0.0020281103269086387,0.01391353850912197,-0.43243752901813537
1992-03-07 00:00:00,19.975816746374015,-399.37020175546866,3.6881062590107208,-3.6513030922296115,-1.5984579279358107,1.643523376998444,2.030921833613329
1992-03-07 01:00:00,4.619572744728053,-448.7678011601644,23.5925392427053,3.496755396542385,2.1561784710079546,0.39948390281610835,0.026849251247667905
1992-03-07 02:00:00,8.571178610663791,-429.31816297065905,27.91642501415861,-9.93235425203951,-0.02908130159911798,-1.1220283758063392,-0.1043507667659298
1992-03-07 03:00:00,17.951320624223147,-422.4156125593885,6.486693029454381,1.6223284863874843,2.7828256581068587,0.24334542946866705,2.0945754374524053
1992-03-07 04:00:00,16.16442058723475,-391.5799628007022,28.342162847448623,9.206870582630017,0.8834534443791727,0.5439894646498786,1.9474980637264085
1992-03-07 05:00:00,18.0660968645975,-421.45425051421955,14.237968258057796,9.439497781993849,1.9893040295724191,-0.3897189433473886,2.335700146982475
1992-03-07 06:00:00,8.680113457973466,-384.05009016508143,14.061359223846623,-2.8817869408000023,2.176206381090114,1.0058988031148195,0.32971223925647464
1992-03-07 07:00:00,14.632188158584645,-386.59626959952857,30.073982835413585,0.9033516670262945,1.7585922285827162,-1.5149769276224934,1.3233007855223844
1992-03-07 08:00:00,6.873465419583212,-401.3421151880353,22.036724350755865,9.313536886206684,-0.31182113047529797,-0.8307655405525741,0.12417042187183258
1992-03-07 09:00:00,23.62967311679451,-413.2717540046499,22.53865827908964,3.3260315876845725,-0.2801821523821035,-0.7083729021597891,2.9512075584648967
1992-03-07 10:00:00,4.431254330504753,-449.952572811723,33.652857076962704,-2.455047336959587,2.5155192780373272,0.24400361816620933,-0.22183666022253257
1992-03-07 11:00:00,9.01642149933409,-431.7719960036257,12.338688585499678,-1.928766533819738,-2.5225592212759165,1.1157502911655632,0.4731580059702988
1992-03-07 12:00:00,14.565538968020658,-464.6091249766007,17.1178521384206,-5.2944270705271235,-1.815049093439424,1.4959014879003971,-0.6648047441088019
1992-03-07 13:00:00,9.166615929188108,-457.0208776616876,-6.125588386443181,1.506361863161918,-1.1447763258220922,-0.41301180592798586,1.0195311445786417
1992-03-07 14:00:00,26.954545220853703,-456.46648048302757,-1.0481669917564507,-1.8751858425381327,1.076330149587635,3.129245493648806,1.0131638021250786
1992-03-07 15:00:00,32.72655122937037,-471.19719206400373,5.890336759530561,-0.9543590834778607,-1.8202262056249816,-0.26713330355437026,3.7324596053019503
1992-03-07 16:00:00,23.344735399827897,-457.71639490855983,-15.481948218755644,-2.8256504265835862,-2.570792675336754,-1.7041372766375864,-2.162263562154539
1992-03-07 17:00:00,5.951075136617796,-477.55419959753743,0.13244301428432426,4.138933273322448,-2.6602378348494025,0.5598698877073549,-0.25185092183495383
1992-03-07 18:00:00,24.725970851925975,-500.62808863526095,-3.3576534178346167,-4.2462227066728335,-1.27297468435508,0.18809196502297523,2.733800654947944
1992-03-07 19:00:00,26.379068322574266,-492.9495352170904,-7.478893083007925,-9.330575778068956,-2.5877129164336004,2.695130841210471,0.8603159446826456
1992-03-07 20:00:00,26.098452871684376,-493.80665949060347,-9.705605387557977,9.548630748882537,-2.2432613790096188,2.7798163495565653,1.0126005113527103
1992-03-07 21:00:00,11.849382633949176,-475.41215727969796,4.317614297744489,-2.5629221526178183,-2.688190072475037,0.23886408403061526,1.2130785211670623
1992-03-07 22:00:00,20.3335048315105,-446.4300909068171,6.373876858279665,5.061456995956449,-1.162525598732333,1.1859370595889698,2.323305264785887
1992-03-07 23:00:00,19.59746977858135,-450.9348542317018,15.813407147399479,-15.338790055867547,-2.9764356497715574,2.1778654928388357,-1.2327434281311231
1992-03-08 00:00:00,4.813738668008094,-446.2714624986654,0.6482607240830451,3.369964554554212,-0.6957283183067606,0.5333763128807478,-0.08102987932658468
1992-03-08 01:00:00,23.34573205109012,-463.52885624951193,26.52855718528521,8.309753714143127,-2.9973377020759195,-2.58190169588304,0.3685604316294452
1992-03-08 02:00:00,24.297064630706405,-402.17627401338854,22.791994568570374,-6.040804887977314,-2.192632001713076,-1.0146595208311462,2.761261964440709
1992-03-08 03:00:00,17.510070705205997,-432.5895142197309,13.938034258373179,9.124871034891989,3.071113330441102,-0.3263014157611826,1.9450726121861903
1992-03-08 04:00:00,5.4867504781813174,-391.7158617850384,13.21152346974907,13.589174172638309,1.1760146108100082,0.6601622888287961,-0.028054611351304826
1992-03-08 05:00:00,3.4045885908583546,-438.6108174836342,5.867538950616729,13.154727586485793,-4.682286565722227,-0.22787874578217054,0.3974950180823965
1992-03-08 06:00:00,22.615472627036578,-433.5736214088726,25.651864313262866,-5.171896549061426,-0.6970093235207264,1.6647151189544251,2.0280042622362306
1992-03-08 07:00:00,31.82654127940144,-387.63625953845417,27.99340482416743,12.757441276750466,1.8215896370093851,-3.5338612598385533,2.3624891062625037
1992-03-08 08:00:00,19.394976122355203,-446.36481641526746,11.121744975839109,15.124828465624654,-2.497652846397334,-2.018538840504979,-0.5377268805805068
1992-03-08 09:00:00,16.331497631949098,-429.4303777797178,14.753375298814003,17.16482967647496,-1.7184932394569494,-1.229427574435737,1.586436403100751
1992-03-08 10:00:00,20.284088934687386,-447.4833762935564,3.084978809965782,2.722571529603061,-0.41636096629469743,-2.173409980268806,0.6352634859909438
1992-03-08 11:00:00,31.97643782504933,-462.2765845205973,11.533353726138646,6.9034410012299645,-1.3170887995161014,-3.326609043448048,1.4703852600851393
1992-03-08 12:00:00,30.020828405912155,-425.88566585477116,5.36848560154295,9.788535124523996,-0.6031726366131767,0.006362866969110648,4.062719347212295
1992-03-08 13:00:00,27.530427663791198,-481.5710914048186,2.24058508812334,8.936758716409436,-1.6093220676821445,1.5248723624949616,-2.4287090679264276
1992-03-08 14:00:00,12.92103299750655,-460.73271473480355,10.287994839501177,9.54274102673231,-1.8437037543490082,-1.3590178602500576,-0.032262573722512955
1992-03-08 15:00:00,17.718298681356387,-464.26324241814643,-16.09589325398779,0.7338988746528865,-1.7540036537947319,-0.4256270557098334,-1.8746340302928721
1992-03-08 16:00:00,9.795798578440747,-501.1912350362608,-1.8860729111614152,1.7220405489935269,-3.4434985661419333,0.1602128210137731,-1.025616980398698
1992-03-08 17:00:00,22.44905975414298,-517.7415777836172,-21.243628309979158,-9.861317892191543,-0.6577138341361326,1.017313081521404,2.2493053277331034
1992-03-08 18:00:00,40.087123452168164,-517.3489521940069,-10.166806709484469,-1.4975238995321067,-3.6620719029976496,4.096002864325612,0.1813427763115973
1992-03-08 19:00:00,19.57450724399456,-501.8761382880554,-18.825391354221,-7.529866648949488,-0.10696257283950927,1.140551213725972,-1.5786807211428096
1992-03-08 20:00:00,24.00262166780259,-483.7790605647358,-3.467714007628489,3.000301805812076,-2.5559642696353926,2.340791015162093,-0.9885792680730655
1992-03-08 21:00:00,22.97675843016455,-477.4114915814531,-13.092173235225712,-0.5182780787907824,-0.44813126838535466,1.414189311289093,2.0715063485391645
1992-03-08 22:00:00,26.82773557499756,-479.2850068901885,-9.037040640323623,0.7353264464845299,-5.745199888117318,-2.182262641832419,1.8683021867702045
1992-03-08 23:00:00,22.643900083008408,-470.9742126789368,21.75310148802309,4.648368352784136,0.38318224222545627,-1.7871866854759921,1.6208087162312905
1992-03-09 00:00:00,18.435463126477174,-447.09943290611227,13.685077042619898,1.6366339704124706,-1.780901894646417,1.994952131804645,-0.689454607806227
1992-03-09 01:00:00,21.152033719111152,-442.480134140745,-2.5524756999682117,9.814894048124954,-0.8803495631397218,-2.366378940454764,-0.3467941325348841
1992-03-09 02:00:00,20.715254802051312,-441.10697658506103,-2.657251881713168,19.069109333696545,1.085230291119792,-2.0577588866557175,1.3672629570792556
1992-03-09 03:00:00,27.004363733936046,-449.90434109913,9.764002258558914,9.568941599827212,-0.43322319126743164,-2.3427290528900184,2.1481513846829774
1992-03-09 04:00:00,13.978796467844651,-424.3513958366313,9.220312050227047,20.244862909244453,0.28789486761522076,-1.589282693467644,0.6489656728444904
1992-03-09 05:00:00,36.70411014627792,-430.35285292995746,31.044698601188177,10.785037898581278,-0.8175501112157668,-4.382253229302372,0.6440436204253279
1992-03-09 06:00:00,13.32265666469076,-443.40890966968516,13.57008324859175,7.398383055324799,0.619180707872985,-1.5154538150767856,0.11828365805959451
1992-03-09 07:00:00,25.173128239931213,-441.92403728479155,27.85840237363182,11.828713728948141,2.284326624212351,-2.9535932506206866,0.8645154058433197
1992-03-09 08:00:00,12.105746211439111,-417.64131481224996,11.867293432757055,24.502456672015377,2.010843747974833,-1.3264088873827666,-0.815421895446264
1992-03-09 09:00:00,21.88895169954492,-413.0077510277631,11.729420931768242,2.5569156581720947,-0.7941383551629055,-2.5520318729913902,0.6314765157654307
1992-03-09 10:00:00,16.500822036557384,-454.7546371208391,13.027239446764511,6.292819496284838,0.9019060137869042,-0.9777483965805123,1.5309229389138437
1992-03-09 11:00:00,13.789548354631156,-485.1027502602972,-0.8185744602104643,21.907992557251525,0.49638528545724037,1.0073492604371292,0.9799847318751118
1992-03-09 12:00:00,11.27726771369495,-452.76256461037985,2.7379385472506224,-6.288409114463766,0.8305691202945334,-0.6874487261167214,-1.0301108734706153
1992-03-09 13:00:00,25.636255146292612,-482.7372874032517,4.065966780769631,6.871197252950946,-0.9778623542299142,-1.8919832272587316,-1.9575509852687294
1992-03-09 14:00:00,13.927197437597856,-465.18228560693944,-8.139699297615067,0.6626066960201227,-1.1336061895388567,0.822615084110706,1.2388082013924744
1992-03-09 15:00:00,5.702908536003404,-487.7124797440806,-8.82799212591358,5.407231492804941,-0.284789357623745,-0.3509989566680475,-0.46808031792891636
1992-03-09 16:00:00,15.164297344466698,-453.1197323585497,-3.5685875784266585,-10.022152559203764,-1.8933038367429937,-1.6700155725757342,0.2671860968834062
1992-03-09 17:00:00,8.211803956910162,-487.4904036467399,-5.551950656909604,8.966310658008474,-1.9127118068735887,-0.3551552495290877,0.8086438014069419
1992-03-09 18:00:00,27.411622299795344,-476.4663321321403,-9.113105057556622,-7.390905994203827,-2.120437503450935,1.6023345887043883,2.6413015337562102
1992-03-09 19:00:00,20.919472206880474,-506.79185946424786,-5.370336821745822,-21.487623026010382,-1.3452746863586924,1.9744213549395417,-0.6018130325574916
1992-03-09 20:00:00,21.75070866324076,-527.3585134629502,-11.90978395707269,-4.377191280382414,-2.2242436503321983,-1.0602357191964575,-2.0008792856444346
1992-03-09 21:00:00,22.6075662193405,-477.820755625538,-11.80574504853616,-0.8449583786339492,-4.451668132615469,2.199981030649605,0.5581985351729749
1992-03-09 22:00:00,17.871184243231056,-469.3175385373324,-11.100547341462175,-1.1690322894429164,-1.5060194150596407,-1.6717045527975514,-1.024870224621388
1992-03-09 23:00:00,17.284312034498257,-454.77599307740223,-7.409014649112981,12.277728261516938,-3.630367657338885,1.1875941796843872,1.6189049769639192
1992-03-10 00:00:00,10.645299223696188,-465.72130991532396,-1.3545061831110794,3.4562851449075573,-0.5665207168987594,-0.6353027810800413,0.95533997611487
1992-03-10 01:00:00,26.564752340003615,-468.5821112664762,2.9115734788310466,5.981009790849479,-1.055717806743939,-2.1687324074336445,1.835518791169704
1992-03-10 02:00:00,18.227802432696162,-465.5614294518784,11.206432662627297,-6.841273356665237,-1.3222677712587556,-1.9852428075923003,0.2797261621703826
1992-03-10 03:00:00,27.738504289078016,-426.4853756441147,16.418642972334673,7.188950644407901,0.7945080715810334,0.3913205850017865,3.6687264174443985
1992-03-10 04:00:00,30.380871707980898,-418.82345202867174,13.85698445522661,11.922794153586578,-2.2804614803715597,-2.613803157632688,2.947223759807174
1992-03-10 05:00:00,27.00965298506513,-439.01149965119265,27.774261761534635,10.013230550198424,0.8588383458463397,-0.46813817498222793,3.4002726658143536
1992-03-10 06:00:00,18.016722834697937,-432.1360544724446,21.18134877803447,4.478002039481646,-0.2740112575216889,-1.3953465460160697,1.536753962876703
1992-03-10 07:00:00,24.481048290967387,-435.5297188951856,26.295568399102848,4.600815053083446,3.000322822032885,-1.5850938538157744,2.4791209448141225
1992-03-10 08:00:00,36.14904329100377,-455.45109058953744,27.698791396846467,11.551402472416854,-0.9464221593569283,-2.843645185347225,3.0683562212195654
1992-03-10 09:00:00,21.145558549092534,-428.2103849778057,14.239464102199427,20.77559212012371,0.4348524464608347,-1.8101225990469039,1.6116115767171355
1992-03-10 10:00:00,14.312152544567029,-424.04554833709796,10.031999336226457,7.002303682859765,0.22410153475748884,-0.7257366687294029,1.5216099691955847
1992-03-10 11:00:00,20.054506307934094,-446.7053793966768,11.128072176372166,6.72102266969135,0.039257763831035686,-1.5998446266780222,1.6307689557180973
1992-03-10 12:00:00,8.499260887166727,-471.7392242685954,-0.11992841813252131,5.365414228470574,-2.401144778016329,-0.3209274368006036,0.8692740145304239
1992-03-10 13:00:00,25.8953505258918,-460.4013267645457,11.611142334339252,-0.6457432706222601,-1.980699812603622,0.38043389725653076,2.789095256587905
1992-03-10 14:00:00,9.671033744319464,-443.4845489672203,-0.087506148619795,-1.6052250094914249,-0.8574085543400887,0.9784752701933851,0.47762304365466424
1992-03-10 15:00:00,14.462582927622812,-437.4837895377086,-9.489670077303867,-9.81123089133073,-3.4444327695542145,0.9397193143544091,1.2277679795241712
1992-03-10 16:00:00,38.09927452958514,-469.4447244590114,-10.794014869655559,-11.090850120073735,-2.8856065226728638,3.919771416880125,1.0974216248699307
1992-03-10 17:00:00,18.491920423102517,-487.5338017611658,-0.18204671653139037,-2.385152530017159,-0.7695192310681731,1.6691751545851905,-0.9034551240328287
1992-03-10 18:00:00,45.20981856993107,-505.7834043708548,-4.143644426784577,-8.971255508655664,-2.7814199956026906,4.874003130805389,0.6260877321465177
1992-03-10 19:00:00,33.2612278044504,-497.41944570308874,5.28586674209292,-6.213010045058648,-3.2829082591117587,2.3118858620206306,2.5987383811603535
1992-03-10 20:00:00,39.52544400366952,-471.66993031655466,5.637490260536809,-18.606015184972726,-2.026117071192439,4.1999837524017085,-0.5970949527651955
1992-03-10 21:00:00,7.776075604817692,-461.4758468118988,13.795558398717851,-4.9255495023538565,-2.2353014623164573,-0.18685410239539285,0.7792843194643593
1992-03-10 22:00:00,11.387278882748864,-454.0479073003567,2.517426774145693,6.288262159414467,-2.446753917032142,0.617423198989732,1.1328855001206994
1992-03-10 23:00:00,11.127004089937191,-453.8025389798431,14.98083369637953,4.682773872944867,-0.3060583385040663,0.23509611152721657,1.2077282852841504
1992-03-11 00:00:00,20.29663534324941,-464.5007716143414,5.508147388587762,-6.414455668284356,0.5007252664200715,1.689728144355597,-1.7049025171573122
1992-03-11 01:00:00,23.030201491343025,-456.448644882486,18.232894579034443,6.473466510598994,-0.537053585056117,2.5367400627789203,0.19960552383129893
1992-03-11 02:00:00,14.705308370718877,-422.5781809613884,10.827809913151624,6.1996044045153935,1.1749047087263034,-0.9625237209571448,-1.6109656445291716
1992-03-11 03:00:00,16.861923142244546,-430.1515488181313,28.56965798573862,10.707517426831734,2.0005714605783735,-1.967473455529465,0.7608730856834713
1992-03-11 04:00:00,24.532829615920264,-392.64045649757264,20.52321590496871,0.06979406906122465,2.8616293533847297,-0.629123004630643,3.082337110352202
1992-03-11 05:00:00,18.45044336808329,-430.2238491163638,26.677614013989402,-0.6479203356538977,1.1326557617352981,-1.6973826988295568,1.396423636234493
1992-03-11 06:00:00,21.062552657488755,-381.2085662741857,19.206065220895773,10.071596527267484,0.7026696674455535,-1.632357489309556,2.230329534266915
1992-03-11 07:00:00,27.592031259562873,-416.7415694755212,33.59535582647021,13.590497770365225,-0.7237185786244998,-0.26883112185937674,3.3063191630862407
1992-03-11 08:00:00,9.445945182790394,-405.59169133212384,21.0250164117314,7.979389157394927,1.6030411365748087,-0.5778075196247341,1.0206554385667421
1992-03-11 09:00:00,32.91870071538032,-409.61343465995765,21.026339480509556,-8.135505919147048,1.1813682490937727,0.3736788419474428,4.558921236427855
1992-03-11 10:00:00,17.141897882038013,-423.50305331991956,10.534701284589232,9.93271647975773,1.6686927946307675,1.9022827824894573,0.869892872158879
1992-03-11 11:00:00,25.183469298914755,-455.1085301761256,9.462361867384761,10.741531922326434,0.4495930457075937,-1.6200509017053295,2.565807255920117
1992-03-11 12:00:00,10.874872358612063,-439.2152748490363,3.056397403870151,6.172544172947413,2.4577470602012634,-1.23118144814838,0.20686910266033254
1992-03-11 13:00:00,31.436472008059734,-416.17956510343816,16.097476015659037,-13.060498821961373,-0.8126369197659835,1.5399659683478033,3.6268832062168075
1992-03-11 14:00:00,20.62163690491183,-464.7885304764281,1.5678266904275366,-11.671230791169975,-1.774752045246733,1.6093088189592244,1.6199166620697545
1992-03-11 15:00:00,22.027620782957886,-478.7966612247395,1.9538104231363906,-17.604482737919664,-0.7143544062852479,-0.3421686389544321,2.335238025787307
1992-03-11 16:00:00,4.84674355413817,-458.59970602321107,10.601601408148401,-6.1083973171141865,1.6836518224857413,0.3262876170604289,-0.35946865988009435
1992-03-11 17:00:00,5.467025808374882,-463.8746929035995,-4.718958379173845,-10.53197486840088,-4.063724426445157,0.0747936812304249,0.48544797754421903
1992-03-11 18:00:00,8.504700739839619,-477.5602971825754,-3.2654532849153917,-10.288473666838335,1.5976772100159438,0.8478536811886315,0.33800613848927774
1992-03-11 19:00:00,25.230180909817065,-467.880811035219,1.3142592550744565,-7.151155379304025,-0.466259225092839,2.676231348766047,0.32849338975804276
1992-03-11 20:00:00,28.61743825010659,-460.25438095484105,16.569354430601415,-7.825149024241038,-0.5855246366005549,-2.6443949121804033,2.2205403183101575
1992-03-11 21:00:00,33.4335127438977,-453.95199954357815,7.542109093927631,-7.166391449559174,-1.1626693297767936,2.8471102513520115,2.3390433438967824
1992-03-11 22:00:00,10.17641093164616,-438.5171409056215,12.83067875520043,2.2885698233096092,0.8343238195782015,0.05947793083979108,1.1357594560627549
1992-03-11 23:00:00,21.177332436430483,-422.6423266915879,9.427535016465175,-3.009711512101222,2.106989704021254,-0.29715213953387604,2.50725271373222
1992-03-12 00:00:00,23.985237224720628,-419.1388835305044,23.21103561344801,4.4220652929406725,2.2937578010979394,-2.6008205442172865,1.902351323494857
1992-03-12 01:00:00,9.948147190320501,-411.67400472435855,11.430180545805793,-3.3776854265585774,2.916501011661804,1.1201092708798175,0.15466222515659855
1992-03-12 02:00:00,29.364440911538036,-383.90669586060653,23.03818896403583,2.88051786680437,1.522966063331309,-3.6095454332605303,-1.9239592085850308
1992-03-12 03:00:00,41.13846728225933,-385.9429540758164,28.983814694253336,-0.45661727398978735,-1.1258192426625824,-0.8273418595181964,5.658023673456862
1992-03-12 04:00:00,12.48482060655301,-440.93364504925387,25.15120234038671,7.564636898618264,2.882550501612947,-0.48713139763416413,1.4837206985200448
1992-03-12 05:00:00,9.66971723813964,-399.21126486433064,35.05936804961231,10.248350621559535,0.6347092500511472,-1.10741959650082,0.7468749664680632
1992-03-12 06:00:00,12.557007059683722,-415.93390168203706,29.968328065969928,7.616111574336843,1.1283168679753983,-0.14829282754843498,1.568203726719373
1992-03-12 07:00:00,6.936364243528085,-403.293071204555,34.126660224362695,7.2270313340844945,2.7340564795395843,-1.0911116147666031,-0.06144655890618944
1992-03-12 08:00:00,11.173101290283562,-384.094639122715,23.83723115876798,-1.8128465035196966,3.8103779847175394,-1.117265988085766,1.1734642933019357
1992-03-12 09:00:00,13.141609895057625,-403.1261503410022,32.36718234160497,3.6735394298450412,0.7303125934635467,-1.569445144924951,-0.6173865359713038
1992-03-12 10:00:00,22.387773642519026,-412.62616819441473,25.078600576271754,9.7330286196713,1.2653865147600685,0.2477062349151773,2.9244501147430517
1992-03-12 11:00:00,11.032374483746052,-393.4476376746082,27.84622370657568,-11.820693877188685,0.5892637338598898,1.3578609768580048,-0.05646670320206515
1992-03-12 12:00:00,16.59939761940162,-443.2676985697647,23.01655915354706,-0.5397290252470581,0.5222469675140533,1.7463224979698952,-0.5992917480691092
1992-03-12 13:00:00,9.357802536885208,-429.6929756589116,9.27423517235479,-6.615648784317832,-1.7441629137174985,0.888679503038927,0.6518660950467026
1992-03-12 14:00:00,24.243704435787905,-427.16549258367223,3.473120792525263,-0.9726950871706643,0.1796527107706849,2.7671636276135776,0.6227970216722549
1992-03-12 15:00:00,10.952377965145004,-441.1121315829772,15.450512566255743,-7.172293797500544,-1.070300102320906,0.3485348852800999,1.1835258751807696
1992-03-12 16:00:00,24.06844756043954,-463.6317554240536,3.3454364245231414,-9.550251665701353,-1.1011614583185363,2.6736678516903423,0.7992590674525524
1992-03-12 17:00:00,13.26388082621635,-449.48820176604636,14.656620131201825,-8.162135602396855,-1.7343462478372724,-1.2616144865524754,-0.8129350053957033
1992-03-12 18:00:00,31.051373686311685,-438.0023562304253,5.284581032949889,-13.243513716306651,-2.2288076940024135,3.654263596498949,1.3728800415774614
1992-03-12 19:00:00,25.882994003298776,-443.7430077828199,11.22646434849058,-13.822774429731147,0.6713948116725602,3.226236392076133,0.5744902135134867
1992-03-12 20:00:00,24.839318318493586,-441.38660003055963,1.692919247253875,-5.699566276015978,-0.8277104366004768,1.4311931350911988,-2.7470074447172355
1992-03-12 21:00:00,23.57464300204982,-436.919947103608,-12.707690269954249,-4.908529611743475,-1.2284115756491727,2.1214719035195873,1.936917563793557
1992-03-12 22:00:00,21.087209493296747,-433.29741422836634,10.10483599199348,-12.995223727854757,-0.3808647210168168,1.7063093976496222,1.7297021019183738
1992-03-12 23:00:00,13.847008958285281,-446.886096103945,6.510770742151422,8.624518910489144,0.17597661695904188,0.09102885122562326,1.5982419872107672
1992-03-13 00:00:00,27.466360322809056,-425.3252060825819,6.97949837106017,-0.9330083987599722,2.9009305375585384,-2.543298246270789,2.3934504880024594
1992-03-13 01:00:00,24.152478629641482,-406.6183792305079,10.875300848097002,-14.096394155364566,-2.71680831550488,3.0218295091837675,1.3615449447589516
1992-03-13 02:00:00,7.087943975118715,-452.76370760633665,20.486078054394476,-8.677488542672254,-0.07255941905028696,-0.489897773724547,0.6061720375814933
1992-03-13 03:00:00,15.32835820927323,-388.7787205628792,41.44180482917392,-1.1171565157652799,4.212018545556745,-2.4091505939020297,0.6737587501034981
1992-03-13 04:00:00,8.148123728898524,-390.58721698717,1.8800551639262135,2.0670799402235573,0.6184551389552067,-0.6216895763948861,0.8364392892101307
1992-03-13 05:00:00,21.124888279918476,-409.20272462570966,25.498785239239808,13.716091687191344,3.947974055605338,-0.9458672846228895,2.50907075981425
1992-03-13 06:00:00,13.563867991707689,-403.3410411632865,46.05306834646417,1.9166138323474504,2.4801927074399046,0.14795894219959105,1.603176295932732
1992-03-13 07:00:00,33.74642816432856,-396.5984757265119,19.643126678878023,17.3843987027186,-0.4487862648421539,-3.7117401177555074,2.2488754959885
1992-03-13 08:00:00,19.142253602685578,-390.74352616800974,33.637913347828494,3.2222780095570984,1.687379338262999,-2.5946433828501663,-0.01718787853259529
1992-03-13 09:00:00,22.2504430894119,-407.6850269820714,9.258237014715604,15.70183148241366,2.343988436551443,-1.6619820729787298,2.1111199722932703
1992-03-13 10:00:00,12.98782594107409,-391.21349555399223,21.160575800284775,-2.73735848715088,2.044161415109974,0.2823944997302688,1.6245553327394258
1992-03-13 11:00:00,10.612666693733486,-410.2349435024619,14.077733450072008,2.3968288836906355,1.0943999053430775,-0.1016361065934911,1.284731158417387
1992-03-13 12:00:00,21.110781355029726,-436.40988408196193,17.554898802235396,-22.57241046785351,0.49294427056936496,-2.2095196277864595,1.0502474554080723
1992-03-13 13:00:00,16.71668029736916,-439.91935234175855,16.44370578982136,-14.139303442231355,0.33611177374002255,0.9167693630604519,1.6654381983531101
1992-03-13 14:00:00,3.2570468651275726,-437.16304542475496,26.30052162494647,-13.145975794508807,-2.301469776516828,0.03407967814371665,0.2879194105350734
1992-03-13 15:00:00,34.7391219360913,-436.30699219757867,6.390378202032286,-7.32425493476601,-0.5220549337161683,0.527213975610622,4.3163142901509355
1992-03-13 16:00:00,17.018994256090313,-442.32496253175213,-1.1670953293926267,-6.936426455239703,-2.3337963434127795,0.9841775785969837,-1.8886229380785813
1992-03-13 17:00:00,30.903966051185574,-457.56040739217065,5.535884329968459,-10.353469141700034,-0.7919637888637231,3.304463734885063,-1.3149256257853785
1992-03-13 18:00:00,25.375141501274594,-455.53565864653973,2.2835751029081175,-4.075584753817896,-3.0628645290415717,2.7426393701413065,1.254763758081784
1992-03-13 19:00:00,5.7194144727642025,-457.79021975401963,7.029175143631456,-12.200627412608856,-2.1414078006690707,0.6563578043881362,-0.09225674405198758
1992-03-13 20:00:00,6.054632916399785,-442.71516060129596,-4.809436805365489,-11.806092061912604,1.129574446668998,0.14311392718276883,0.7012841779124745
1992-03-13 21:00:00,13.004162197228336,-465.7166202521597,3.8000579227872993,3.8402276390655965,-0.5019022011405126,1.127234043151014,-0.825032348275208
1992-03-13 22:00:00,8.008979032535262,-436.3764381249829,9.088113642328416,-9.082951217955594,-1.3706812229280447,-0.5991555787418597,-0.6973927376777481
1992-03-13 23:00:00,30.916919338440337,-466.6397285618148,4.531397510416167,-3.387833453064157,-0.3263263109412114,-0.29037549761148324,3.682242427937352
1992-03-14 00:00:00,14.016019068214717,-425.00376246057374,11.65440685385248,-9.24928628408043,-3.65327378476824,0.5244482987420851,1.5130281163653274
1992-03-14 01:00:00,23.15347506001901,-420.93094194024883,21.644517665451172,-3.3702069167047948,-2.1528259623522934,-1.8959444245493848,2.053561378113797
1992-03-14 02:00:00,23.039350509839654,-418.26378635895196,8.353974709482157,-6.860444310444323,0.6584573299040909,2.7548173362455657,1.5578518289373569
1992-03-14 03:00:00,7.42038528655384,-444.82072464369344,23.44356891597461,7.4469081776094725,2.5580225340032103,-0.13146214720741556,-0.8757462997546117
1992-03-14 04:00:00,20.030080508982245,-385.3632765903384,34.66739790084367,-7.613625691405945,1.1099291024930669,0.7677965008288968,2.4943556675233327
1992-03-14 05:00:00,33.80502864212859,-393.03644747466166,39.222977697545396,-4.636253992295929,0.050018910411670836,-4.257120855278898,-0.8242944088030701
1992-03-14 06:00:00,17.89415887160239,-405.79209805728544,21.75354431562869,5.487986479725908,6.475309415801899,-1.6590697615547223,-1.8579352591824914
1992-03-14 07:00:00,21.47435575549804,-401.1644606102265,22.43354862469883,15.869037354047409,1.241410729328057,-2.2907645216847414,1.9900689329467718
1992-03-14 08:00:00,8.802847958093041,-425.93253829807264,14.71138394821653,2.8904735436757405,1.3311090195984758,-1.0509932403210296,-0.4327397908852566
1992-03-14 09:00:00,18.404698947985185,-409.6669080832007,27.247383904614747,2.512527305580103,0.16156057214178166,-2.199717894232964,-0.8796828907795526
1992-03-14 10:00:00,4.441863554450024,-400.9298451413465,24.662057260508835,8.507055758240515,0.7228932044459511,-0.4619407936636486,-0.37918997754649575
1992-03-14 11:00:00,23.412404022549563,-449.97995499010256,19.111379973016017,-7.20528455404894,-0.4120682144371579,0.22597331413386637,2.5840501205634863
1992-03-14 12:00:00,18.960958044329956,-400.4253131815263,13.731494318866867,8.0204857758405,1.0685961196051788,2.352441786233989,0.625757253394454
1992-03-14 13:00:00,7.73600447641473,-455.85288650288703,9.082886317675822,0.9258880953743132,-1.4649888129561754,-0.031604190549906805,-0.8431981250913471
1992-03-14 14:00:00,25.323148092509722,-444.9586043116396,23.43077559311331,-13.916080955105707,-0.29506275343974675,0.11736577282763541,2.8304080801572193
1992-03-14 15:00:00,13.435680276301104,-476.7182036796021,12.450185165934554,-10.183068219718528,-0.3449483158134095,-1.0849854400720418,-1.0640266280121848
1992-03-14 16:00:00,6.417860847990688,-463.9552938194904,2.1371767570569995,-5.994613153056943,-0.17668646130911672,0.4864447073449265,0.4901240120098062
1992-03-14 17:00:00,21.899586375551117,-492.7271165586636,-1.2652093154174349,9.507671133821992,-0.08546687449148443,2.150123628249666,0.5608677857749249
1992-03-14 18:00:00,19.8664548747995,-485.24017989423976,8.989162786327075,-12.683746070183116,-2.8651783420909798,0.529187047826055,1.9520906831570413
1992-03-14 19:00:00,10.911486318074422,-478.4121344172761,-4.858975473025497,-4.722642311056575,-2.8189229634589767,-0.9605022308936709,-0.6851607374574394
1992-03-14 20:00:00,11.01660322642156,-482.5691924116228,6.3457022188927095,-12.165420526864924,-1.8083872685481315,0.15550343508291795,-1.213419860661468
1992-03-14 21:00:00,21.672699925333568,-472.2735644724264,7.909269310756581,-11.96856443981935,-3.8901234133827503,-0.3531374205586183,2.2036476933207343
1992-03-14 22:00:00,21.22446193739417,-448.4997850406015,-4.504662880393042,-6.924809239620579,-2.290047148416825,-0.9884778161973832,2.4805677558567476
1992-03-14 23:00:00,31.164738126990823,-475.5827811602637,3.399000525756069,-2.591272775883715,-2.037318275174858,-3.3733163871343943,-0.47973517842011904
1992-03-15 00:00:00,18.00775729685504,-467.2138346508475,-6.74511357926856,-7.303153491706287,0.8135409646413151,-1.550628358132927,1.1401975821448271
1992-03-15 01:00:00,31.316851779591353,-441.4875206313366,19.85173435537721,4.494951600805804,0.591020332361921,-3.2976311151909257,-2.3422432550931993
1992-03-15 02:00:00,14.073241319772158,-444.18227503268787,12.322870470112699,12.38905392110499,-0.11882876639409645,1.2737474641433693,-0.9410180395654477
1992-03-15 03:00:00,20.55123638495076,-445.16996161985185,16.12873964885256,13.286701255731922,-1.5650127506662042,0.14712801541365517,2.469975129500401
1992-03-15 04:00:00,20.64282730895318,-424.0034982748038,19.695427663282043,12.7396100351972,0.9385842559277333,-1.402661656907361,2.3350800027343936
1992-03-15 05:00:00,60.95476009502621,-431.9523848740575,20.40153904919321,30.7513342536977,-0.7382876136809531,-5.286370959450213,4.555742226682799
1992-03-15 06:00:00,12.174131512138125,-417.90415362422436,19.525394985336877,19.016753954438094,0.6107873073748604,-0.8824992541567629,1.1484472038965687
1992-03-15 07:00:00,23.645246134498134,-425.04912717578395,26.9628857940779,18.53068234005103,-0.8943459109202049,-1.5784061274322523,-2.530494672199006
1992-03-15 08:00:00,16.000728971859274,-430.9982252716484,30.095586511138734,12.544297079409949,-0.18049424632988742,-1.1489277247818208,1.567509413220726
1992-03-15 09:00:00,15.388293534902571,-434.381660402345,10.75956496841266,0.718315284600096,-1.7904864886338474,-1.298241170908952,1.1579312811600952
1992-03-15 10:00:00,26.54874154765912,-424.67513133974717,13.036345241536727,8.56085474936242,-0.5234225975532841,2.3744226430488533,2.137105245574239
1992-03-15 11:00:00,23.41552351138309,-428.04395390023615,14.619133848376295,-13.967565905463502,-0.8880724790861361,-0.35134199564589713,2.6782560499303782
1992-03-15 12:00:00,16.11632628851569,-458.3065548203308,14.00711038147911,14.982653301109043,-2.140637166209903,-1.6918580463600597,0.058360841329559876
1992-03-15 13:00:00,16.444592297515673,-479.5976195229174,1.8224683251095328,9.203670747580219,-1.2768782029339654,-1.1832150263182886,-1.2113721484941014
1992-03-15 14:00:00,8.511769088309915,-494.58074281333285,-5.300738326123,-5.23509704306626,-2.2417253393487844,0.8350257123295192,0.025495839163153122
1992-03-15 15:00:00,30.95436313675663,-512.1438708048778,-0.11467549177920233,9.94023097154175,-1.878735281198355,0.07811755002691267,3.218578815913496
1992-03-15 16:00:00,19.927656273303384,-501.4977237850757,-16.04761268745323,-2.312511272548533,-4.641320794935111,1.8046436983325909,0.34271034230695085
1992-03-15 17:00:00,33.403930562143735,-499.94256947115616,-11.231502121884724,-9.3843826489808,-1.470314430486019,-0.6037363925469628,3.2629816273706678
1992-03-15 18:00:00,9.695023218174304,-489.3920739118897,-7.954290866476491,-2.5444769067905995,-1.8352728025358362,-0.9878727226721532,-0.2610896223478618
1992-03-15 19:00:00,8.854786110566538,-516.1021914574524,0.8951115782931645,-4.991236825045086,-2.6721590541180285,-0.8308515958543989,-0.22027039376850233
1992-03-15 20:00:00,13.045235004010872,-463.7793064003628,6.472398181326073,-9.767880607762134,-2.5363300669089575,1.3393696998454176,-0.5799408954668799
1992-03-15 21:00:00,20.43004441630276,-464.68147036585333,-0.12704181477415766,7.936824690122022,-2.351279963337564,1.6251484827684783,-1.57971221321923
1992-03-15 22:00:00,15.564823653480692,-455.9733604766316,6.443511626708284,17.006638381513266,-1.5406731488102556,1.170017649166191,1.3199873930202677
1992-03-15 23:00:00,13.604431860262476,-475.3733193014235,-7.415243917632229,-10.047669490547442,0.6221083592826998,-0.819167311947461,1.1790100562008556
1992-03-16 00:00:00,27.252320742469028,-456.4268072435163,-1.3389193252904565,6.068977517450419,-1.9223836466379725,0.6390925305434818,3.1612362085420633
1992-03-16 01:00:00,25.233100144124283,-466.60842281072587,2.8589340376776127,16.399781600465033,-1.9613627479165059,-0.2021427534889363,2.931480263549566
1992-03-16 02:00:00,25.49464449056323,-422.019319312147,11.423079210512217,6.54280170441114,0.08414343468087959,-3.0025268547057804,1.5389001286887751
1992-03-16 03:00:00,10.206987181500212,-457.3305294558231,10.056877367500295,7.4978335461447045,-1.7988779600885376,-0.24786568285424793,1.107398680223846
1992-03-16 04:00:00,32.468995212835694,-442.23487386427763,6.607299575666665,10.596747451566541,-3.0603649933455253,1.7751369560450767,3.5920077218422453
1992-03-16 05:00:00,18.835981368041637,-410.1653230698804,-15.309275001683815,-0.2619227163008784,-0.793947421007813,-2.086829603100786,-1.019760837057151
1992-03-16 06:00:00,31.468944982470095,-393.1517902211483,15.932256937735293,1.0447781023348401,2.428635480696217,-3.773403175581722,2.569292304735976
1992-03-16 07:00:00,33.767288687889646,-432.8264116248368,9.756955241700538,23.96917087461952,0.30685422841453214,-1.7347687891337507,4.033530182504711
1992-03-16 08:00:00,29.248372555854022,-440.6366327438277,24.933924930963304,5.96869251487765,0.9411574661033746,-3.4519488775657123,-1.324186562933861
1992-03-16 09:00:00,19.797461674155702,-476.7635293149505,19.0208067243496,20.03208045097485,-0.10573647951148513,-1.9941453954330526,0.5576604104933537
1992-03-16 10:00:00,27.296610383980862,-419.53196893348985,21.054885638718822,-5.087249219079648,-2.830403962059416,-3.316110361260239,0.49265837743947294
1992-03-16 11:00:00,16.248394836563396,-447.7465677273347,-12.186855990232743,10.520049341054008,0.39137704255634376,-1.5080170611641575,1.074363726746525
1992-03-16 12:00:00,18.226744383379625,-488.289999112904,7.903656945430876,2.0061428760108098,-1.2373982434721909,-1.127142173629231,1.4770137003511596
1992-03-16 13:00:00,19.344260197040068,-454.53468568911904,2.0280000628543142,2.3930526072341056,-1.904271567756286,-0.8641189593184313,1.9309510695478354
1992-03-16 14:00:00,2.1857026000485194,-465.5641222675045,-1.7414962581822788,1.4117365786097555,-2.540514203261708,-0.24032267315241562,-0.03499347273587361
1992-03-16 15:00:00,2.385930959893958,-486.0761737198395,-0.9778527093893281,0.20702814973088923,2.572527623345614,-0.21757046559368043,-0.10414427843301755
1992-03-16 16:00:00,21.16651837910227,-493.5576216128203,-3.1966797031937473,0.09408448218321208,-0.19732125945273082,1.0543779760167284,-1.8663459029831244
1992-03-16 17:00:00,24.975079729014787,-477.01963019796466,-12.129285168451796,-4.427741527818768,-2.6080993653846543,2.6367795445722053,0.34182485843116217
1992-03-16 18:00:00,18.866997052599313,-485.2683490496292,-10.817390804342129,-7.112186257396374,-3.9972474010994183,-1.0047742358114196,1.655453334388298
1992-03-16 19:00:00,2.002060782459357,-480.1440813279359,-18.309503257585426,-3.4075359767694584,-1.1352266569468261,-0.04550695794472198,-0.21637941057688292
1992-03-16 20:00:00,14.930105509666834,-465.619761709025,-3.8313862530032656,-0.5681885995121929,-3.035113555843502,0.5214602777200569,-1.5109035345773894
1992-03-16 21:00:00,7.930946079632005,-461.0021534019411,-7.109157860294255,-9.791113915493398,-0.6885429747675574,0.06460673310116705,0.8421872469016056
1992-03-16 22:00:00,23.787230941860695,-460.9731874290712,-0.61860231356067,-7.286340547711609,-0.9284602094625584,-1.575144126830279,2.0295966963810748
1992-03-16 23:00:00,23.62900728889797,-455.8816474699418,5.348787308382447,0.0593404637465742,-0.20730076697539007,-1.9361035508397133,1.9141600670044108
1992-03-17 00:00:00,19.333295261542084,-475.6281404743341,-11.276608346009905,7.6455174070114325,-0.5054493630050423,1.466005773815262,1.430820264471126
1992-03-17 01:00:00,12.09836100493367,-464.93843621997695,7.452274412665426,16.180764552078642,-3.029924721881338,-1.2254343097318212,0.3649847833061435
1992-03-17 02:00:00,5.262726726389768,-428.03469153060854,7.650420703229859,24.289572166089833,-0.199715124223307,-0.5332170781738459,0.4252119006180275
1992-03-17 03:00:00,12.869682011428552,-423.8934620607576,3.8120411555572833,10.273188733108531,0.18798954173714677,-1.1638516575674929,1.2838436920449503
1992-03-17 04:00:00,22.562821342291233,-420.63416331717355,10.057162274538221,3.626053288687037,1.564782111112935,0.2770713430687864,2.68032995453309
1992-03-17 05:00:00,3.892744126694152,-412.1990926957593,28.4785361344165,-2.073368166308858,-1.8601530802965076,-0.3407243146636442,0.04333871710029502
1992-03-17 06:00:00,35.98748472754633,-431.43915220945036,6.779502825652077,11.365036155178217,-0.25714029009214434,-3.408105178520733,2.9701585164034214
1992-03-17 07:00:00,24.726150824462376,-415.08232664492846,6.666764684078585,13.621878287596576,0.5806684003237876,-1.0163489139794177,3.2908550618898764
1992-03-17 08:00:00,37.716543560132884,-440.74585861769657,13.247379835265468,-1.3804802066023676,0.7729688280315435,-2.243044966074479,4.1842629743130635
1992-03-17 09:00:00,12.04134231284755,-429.0998001698276,9.572745244327464,4.326157357959858,-0.5873872210489234,0.8664221880431907,1.225424737399433
1992-03-17 10:00:00,7.358219857440457,-421.6379580412325,8.176767446443831,0.04880670917996888,-0.9927136569300332,0.8903536661079829,0.05079544071361364
1992-03-17 11:00:00,14.913598767244721,-452.2076928946841,12.582144865391406,4.899997720143956,-3.025283389896011,0.04417944055736134,1.6806228625566857
1992-03-17 12:00:00,20.489038740004432,-419.96319541226245,11.82724721071038,-5.0695117984255855,0.9918956284413256,0.9790886885844178,2.2548243984289904
1992-03-17 13:00:00,18.55286943037142,-439.3483228181823,-6.073727056792054,7.237157911098163,0.0008063930965467869,-2.2280795789985004,-0.2551647600634084
1992-03-17 14:00:00,24.86073888604286,-442.29981243389295,-15.753891681076801,-9.062294498456417,-3.3190299192183597,0.8158105915181085,-3.119038624127162
1992-03-17 15:00:00,22.608405279116397,-471.4992765154232,-8.72004651619371,-4.762667747586393,-0.02900523325423221,-2.5310433179409286,-0.24108954363293988
1992-03-17 16:00:00,31.951920871539826,-493.3281511927817,5.925363384717028,-8.695972389056031,-2.585082469671701,3.424441077019329,0.17450938517477066
1992-03-17 17:00:00,3.8600785439552974,-485.2519598540983,0.16947633504200654,1.0424331880908466,1.2639509472403985,0.32136750056030416,0.23194612470615839
1992-03-17 18:00:00,18.687091658286995,-466.81944221543927,8.873677392710158,-11.972640807288807,-0.702272368841732,1.88419315478927,0.6907211401190856
1992-03-17 19:00:00,28.859948489638086,-477.59112005355814,6.559676065842782,-0.09431116974729226,-1.721678788514474,2.4464229428467434,1.8053092659107093
1992-03-17 20:00:00,2.7487817564401733,-458.77566012036533,-6.548865062726008,-1.8193809764022468,0.8258645206235878,-0.11666456300881803,-0.2673452821150297
1992-03-17 21:00:00,11.13030716803507,-461.7945349676839,8.00189242240483,-7.200243406096757,-1.6824314715468758,0.7633757373411885,0.9289819066541812
1992-03-17 22:00:00,15.267021668669537,-465.87306949080636,-7.421199940389011,-1.197126541245892,1.5036555150128312,-1.0318124501656363,1.4485359517366905
1992-03-17 23:00:00,16.294888918486624,-434.97544266531787,9.724850907935192,0.13123404742908906,-0.535897868277754,-0.35569237971198253,-1.865275304251796
1992-03-18 00:00:00,15.237170566291029,-420.1906729578887,1.5748416029132317,8.18256489291259,0.33995039716748043,-1.6685339084889956,0.7050226692044133
1992-03-18 01:00:00,2.974035161598321,-443.0082221516736,19.921186873496303,-2.1569393964307495,-1.045666874285323,-0.2877912848191446,-0.028822819713914538
1992-03-18 02:00:00,10.651346737927074,-416.46901573577696,13.684533998703891,0.9550588592603939,-1.2370013049292026,1.0575559434977295,0.7778251786451984
1992-03-18 03:00:00,9.250261832446675,-414.83761179379553,8.212102265487452,5.935136396888724,0.31776207994655725,-1.1115667542973626,-0.1503415383447727
1992-03-18 04:00:00,21.003592306979527,-407.47336065679275,11.473515695415564,0.9639434575353019,1.0054106207015026,-2.075796706386249,1.4640735366476973
1992-03-18 05:00:00,24.960822511032983,-409.582243554015,27.68030049984179,7.019401803265145,2.2923413068536838,-2.744909496359585,2.3100485142800866
1992-03-18 06:00:00,27.99050281373877,-425.06442651991716,26.77177726584019,-0.9838752141887424,0.500991137976009,-3.4732602645853543,0.551547203508033
1992-03-18 07:00:00,20.097862793834732,-385.46881354669733,22.75725057088448,10.795740247362424,4.494393605702965,-0.2684288456660666,2.4765258206347887
1992-03-18 08:00:00,13.446774945582174,-424.53097845720754,28.189547430659008,1.2539665571760095,-1.0367075046320087,-1.4581658209087456,0.9653717446559442
1992-03-18 09:00:00,12.706198317856474,-425.8674751868755,31.41871401910302,14.906823699174439,0.668693764418494,-1.572238161763134,-0.08026759075332035
1992-03-18 10:00:00,10.906105085075144,-408.47774519289084,14.293469370584349,1.5632878221094915,1.9293969593216733,-0.35755547021277095,-1.3097057684759372
1992-03-18 11:00:00,23.73932643196272,-422.143114501404,1.652261060261253,0.7575527749558657,0.903538775854104,-1.2426266576703846,2.686612444299803
1992-03-18 12:00:00,16.19228974186522,-443.8428823431423,20.159700689060138,-1.1729234207560317,0.5801918613603709,-0.4165197839248258,1.8016966752929904
1992-03-18 13:00:00,28.73458958455666,-448.7665665161428,5.439687994349683,-13.167040081709855,-2.10994009754733,1.118665273777173,3.4808724191328704
1992-03-18 14:00:00,17.06528955688224,-447.897533786725,-0.8286386446379908,-12.344976463907251,0.6270497029775388,-1.8370202606742576,-0.8509876941522129
1992-03-18 15:00:00,46.41241134426973,-457.70482990250395,4.459076905578669,-12.44244960544647,1.5659529540810397,4.295941429657625,2.6052070770178615
1992-03-18 16:00:00,6.378132440685293,-445.6435638733835,11.884951485547314,-8.18973191658912,0.865315504727214,0.6911272344158994,-0.0272842135281548
1992-03-18 17:00:00,17.097694412410537,-475.2661742553584,-12.13549887499958,-9.840367398604943,-0.8543788483361894,-1.7932443475845434,0.2914275844225014
1992-03-18 18:00:00,22.434451423750826,-452.7434990516772,12.668725582095657,-8.736170713963597,-1.7142215346558844,2.1293070218543226,-1.3771681667076092
1992-03-18 19:00:00,36.69972347425269,-433.64375259611893,10.97373844079792,-16.94143795629889,0.7036751260595947,4.112870965602307,-1.9274466613809473
1992-03-18 20:00:00,9.746151420059702,-450.12873639919314,5.6115869909751,-17.068646346769178,-0.9197989716921291,1.0650280746661296,0.21042353655327117
1992-03-18 21:00:00,14.569701265792357,-461.14618608478935,4.143172795747208,-11.22877224508759,-0.5402070835863985,0.318840111619291,1.5644010454576929
1992-03-18 22:00:00,18.030005153163252,-452.0435800070674,2.1897916375108895,-1.060309515010717,1.4170919411703815,-0.04189107999150171,-2.1298756177288594
1992-03-18 23:00:00,24.490974385774134,-432.87327321856,17.02010298269063,-4.968201859892167,1.1174683536709564,0.6538752838520681,2.751850871238278
1992-03-19 00:00:00,29.076740021213517,-434.63034867291367,4.29771574708993,-1.3926930837431049,1.7129773171083298,3.053734394724686,1.8866094147020096
1992-03-19 01:00:00,22.06654496780952,-398.63977150184974,1.6807588770545205,-2.9696448320412934,0.11483531413931614,1.5945537733273172,2.2626521934607426
1992-03-19 02:00:00,10.962334949544761,-437.0632579180603,25.518679388323072,0.05713687410470847,-0.39614200155555124,-0.5456236509820553,1.1158511558800959
1992-03-19 03:00:00,30.68924779726888,-378.32708556709406,32.47861747801961,-9.939130642703581,-0.34199279895405077,-0.4904779460276012,3.999878796872761
1992-03-19 04:00:00,19.657936673215424,-428.2730351929522,17.50733528257575,6.57075507471075,-1.423403114787805,1.6673605234462658,2.0216183777530805
1992-03-19 05:00:00,22.798629400811713,-395.13666169707716,23.78414811013515,-0.7248478945697858,4.83916884735363,-2.6200122880027346,1.9181196465766375
1992-03-19 06:00:00,16.311843176766484,-409.3785429028441,32.06600049680499,5.596277764398024,-0.23499995165537535,-0.8918958972781507,1.768929992085067
1992-03-19 07:00:00,22.65791734835972,-381.579301911208,34.46735326583288,9.15105836848414,0.6759337835007506,-1.5729185383773077,2.5251226161677014
1992-03-19 08:00:00,31.68849129868125,-408.19803030775364,22.318717205554037,4.79720620174284,5.050482726155976,-0.7073507546671625,4.268890161987478
1992-03-19 09:00:00,5.300180116770965,-418.1774081207996,26.2232319208508,-0.5407596321074131,0.6656966648027649,-0.6552295568535395,0.15947538683429863
1992-03-19 10:00:00,3.277856147898325,-412.2355100786482,31.133331155536247,2.2913445445863942,-0.49826209747867745,0.15589876000344832,0.38131272713765146
1992-03-19 11:00:00,25.820407870756245,-420.2276256579864,4.649811408338567,-0.17955372995506735,3.338992716607846,-0.8045911179128289,3.0036910779711
1992-03-19 12:00:00,14.848229166081131,-450.753341684741,21.27013376606951,2.0240232363930666,0.7365023639171577,-1.454309196172773,0.8306787312662286
1992-03-19 13:00:00,29.062471241881184,-422.6008853437108,8.226508659431097,-9.638839080858013,0.3208056006490243,-1.7483877929601186,3.138696757594979
1992-03-19 14:00:00,28.05232296709165,-472.46525899577455,10.08191435318493,-17.407700005103667,0.5256583098804481,2.9401168109220333,1.4609407756982273
1992-03-19 15:00:00,30.945537471144533,-424.9788066320242,12.332338361207409,-6.433752076355139,-1.477598578892469,1.3125836767072019,3.3931765042462896
1992-03-19 16:00:00,15.34685575644879,-452.3391556062598,2.065294244827955,-28.839686468333664,0.24403606386882082,1.6556134631434976,-0.33396008075020733
1992-03-19 17:00:00,30.4332707629737,-436.06828518303666,-6.48296552025638,-4.048990247840252,-0.1284124649462326,3.586373337202491,-0.5056089644211416
1992-03-19 18:00:00,16.986362511880753,-460.42791438351003,1.876728692998487,-23.294526490395867,0.8122133722219054,1.6970704699913806,0.7844871919289752
1992-03-19 19:00:00,35.35405261679295,-462.3659649476291,11.350282523204939,-20.919568796409866,2.0821025870624355,3.982261625838901,0.5878027029462278
1992-03-19 20:00:00,27.69266932536064,-437.79597182516704,7.009914805530559,-3.440593610204642,-1.505393213105581,2.93307271946107,1.2287258928442366
1992-03-19 21:00:00,35.96755046519042,-451.6151729239249,4.612327547266321,-5.071261495400515,2.958386561069294,4.490586485101334,-0.7064238419960395
1992-03-19 22:00:00,9.837135134570124,-459.9945928738137,1.9852183260750382,-12.390477506415065,-2.0050828637963325,-0.5241357459041083,1.0159982183206315
1992-03-19 23:00:00,32.95579441001172,-430.8741708466904,16.04350929246676,-2.619318026701395,-1.1568428861120001,3.972187600351308,0.5343069527835707
1992-03-20 00:00:00,12.945523858117161,-442.6653255564433,14.524479112705151,0.6874603259451604,-1.911042057087506,0.3714694406104301,1.4314680917223468
1992-03-20 01:00:00,23.17572217762558,-414.5400593274315,23.42795915627955,1.2559742041873267,0.7481834660257374,-1.2231328176612561,2.5271851256651505
1992-03-20 02:00:00,16.449154480846524,-386.59296224391943,18.715561658538682,9.458572380746958,1.980056137789692,2.0186982475614075,0.1818935652547008
1992-03-20 03:00:00,19.159355560539378,-386.93266099111815,28.595989022089643,-0.09226179650569932,0.21826894609508463,1.9489078899665149,-1.5019427464716628
1992-03-20 04:00:00,8.79769512894488,-396.79015389765567,35.83151316740444,-6.70810113229888,1.0528146703722854,-0.2718901020929201,1.1080437828108542
1992-03-20 05:00:00,14.998928434453369,-396.5633738151252,19.93349215746391,9.933889416813884,-0.6968875851257403,0.4182192401368928,1.8674629933356504
1992-03-20 06:00:00,29.695391514794213,-398.154603860223,35.142285589508525,-8.689228242449028,4.454750283041298,-1.833987910809537,3.824122871584253
1992-03-20 07:00:00,15.427066568051849,-404.35766955793724,18.95774664045894,14.892519515942181,0.7081435628062095,-1.887006274642109,0.4148672663084867
1992-03-20 08:00:00,35.36973912991337,-392.79542336489965,30.938837147542877,-3.579034916049528,0.20800012056398443,-1.0783665076363254,4.538761447304182
1992-03-20 09:00:00,10.425658763843735,-405.65844706026286,10.941245826432535,6.290566486581598,1.3349390735750783,0.09965741601550648,1.2567374823076847
1992-03-20 10:00:00,36.656935754022456,-415.6175591682142,13.970478457287506,2.230644980818406,2.414243078469421,-3.0950862756226263,3.916951598925174
1992-03-20 11:00:00,22.66973064846791,-413.49400054462217,4.707021367724571,-3.7755032568632214,0.9942683654739913,2.331252331766636,1.4322262526265856
1992-03-20 12:00:00,3.198562199564912,-455.98024574815616,18.031223764922295,-3.1800075258279206,2.61020328292233,-0.43350702781073946,0.1361786894190774
1992-03-20 13:00:00,10.888185438091472,-404.64489200820077,9.430731652776107,7.843315621276831,0.9246950620981275,0.915909797252815,0.9470892701389704
1992-03-20 14:00:00,17.21592079492826,-432.34789120092904,-6.867757457738931,-13.671507122136873,-2.372857566642453,1.6362876036604592,1.0297112116602287
1992-03-20 15:00:00,19.22869462364473,-469.37710107661155,6.629667942102377,-10.572362180589499,-0.46208502160654275,2.009193885636022,-0.44975441956399387
1992-03-20 16:00:00,4.638325604969079,-452.1113196418178,-1.6123347098310852,-16.087970055519826,-3.8121252110276016,0.3882453974683417,-0.45411126121439405
1992-03-20 17:00:00,30.715766620582436,-474.26730539711326,11.79609779917179,-18.883121991050356,-1.15217313337746,1.898881265970739,2.9483795212891097
1992-03-20 18:00:00,20.21020962911893,-467.0458330871803,-2.965029784315863,-9.453826259804863,-3.5191579404950177,1.488608759812554,-1.619347443039074
1992-03-20 19:00:00,23.397673630127233,-472.01708501315903,-3.720393950863367,-12.835015720513,-1.7825080211122135,1.3341540653168256,-2.30365869930771
1992-03-20 20:00:00,24.29907467150721,-439.8018312677724,3.784708259042403,-14.538965761087095,2.9265306393041675,0.7505925547219412,2.747640029304795
1992-03-20 21:00:00,28.506707012777486,-480.8294536830986,-1.8781765049061132,-3.440968143899644,1.5128447471901674,2.88084019134571,1.6241636950014522
1992-03-20 22:00:00,11.233235309525368,-451.6940728125937,14.377031333949194,-22.77122654308577,-0.5295041440302299,1.1762865536024034,-0.47384404340146113
1992-03-20 23:00:00,22.92860114016609,-464.6157176143237,-5.949137090036814,-2.9093581827204757,-1.3674151725358157,1.5747824267238588,1.882845707126096
1992-03-21 00:00:00,17.941352652388705,-432.98259255595593,31.948806311405722,-0.16163054815122857,3.2094230383844495,0.8229324947588463,-2.114226934857828
1992-03-21 01:00:00,8.598136151261697,-430.39211921300375,6.802769465784127,-8.320859459939882,0.9160190249582953,-0.6596461230472526,-0.7444607861407372
1992-03-21 02:00:00,38.417273812331295,-440.2173084634785,17.108683088238667,1.2032566904485014,-0.38197662330175697,-4.733385360317197,0.5931912940547157
1992-03-21 03:00:00,35.197271829975826,-392.0280755074142,31.918665268535356,-2.8690065629750423,0.30439726868121825,-2.664225116980553,4.057617648556177
1992-03-21 04:00:00,13.686619536345072,-386.10942671595046,25.301278675375276,-3.800162938793769,4.104377488619806,1.201066598004221,1.3618217222424032
1992-03-21 05:00:00,21.02042404186128,-415.79240731260137,39.23635398777116,1.7819318269880728,-0.04495965237734198,-1.8092960081523568,1.7525188562899272
1992-03-21 06:00:00,27.89886856758355,-399.24374124919547,30.38543418913957,18.279562595284723,-0.9631199207860597,2.707773366677961,2.5906106296774696
1992-03-21 07:00:00,15.074355841103712,-411.1053696004109,11.408620950965615,17.78593041874,0.6037349369741499,-1.8395548068830818,-0.20855549051514455
1992-03-21 08:00:00,9.025770659274237,-408.89244600310917,23.277948384488536,8.068562926273925,0.6120178326824507,-0.3749736200618249,1.0357909673259642
1992-03-21 09:00:00,9.498321837211,-395.18338136448926,32.54071630227459,8.372979815134498,-0.8941914268680531,-0.8192418953197778,0.8188335807465754
1992-03-21 10:00:00,32.46569149563544,-429.2357750874853,27.649919530966503,4.85161892540286,-0.45770706317202564,1.6649311532055537,3.8875918190536822
1992-03-21 11:00:00,6.063713686998006,-406.34385463760543,32.23410787753277,2.3506034545027177,1.423073077470289,-0.37502114320793295,0.6880273155221932
1992-03-21 12:00:00,33.49077796154033,-446.09457435175784,13.566238431598917,9.222290089179683,0.7910776669067419,-0.2818898256605465,3.981658435695499
1992-03-21 13:00:00,26.189625646699103,-451.7874880307635,-9.504227508964872,0.5821796841482788,-1.66938405577927,-1.7065345559864735,2.7789526924938452
1992-03-21 14:00:00,21.448215127976297,-430.0966666978614,0.2567494947709727,1.1972264818964156,-0.06252819503598006,2.3675043588605167,0.7826032971151788
1992-03-21 15:00:00,8.579340216488514,-461.32224579948206,-0.8050092838468393,-3.1037169905304043,-1.463282256662121,-0.5566603930091157,-0.7565755880277919
1992-03-21 16:00:00,23.169861162493586,-501.41883878687446,-9.030631921775507,-12.107182994878354,-1.763926956730895,2.1431104450130847,-1.1695089304591568
1992-03-21 17:00:00,29.68902342100694,-471.3009762150877,3.419896003584025,0.4651921238656328,-0.5569614041999807,3.313033865684184,0.11879762480514766
1992-03-21 18:00:00,14.840737758763396,-495.6207448539657,-7.3750607079675365,-9.893986124781355,-3.7303907004424794,1.0871863504271413,0.8928690227779419
1992-03-21 19:00:00,20.280478671847856,-501.0960993409473,-2.7382697611649562,-23.211241831208433,-3.1169915367582792,-0.5064868892708518,1.9133755302682025
1992-03-21 20:00:00,2.283580428807957,-488.1130669775346,3.6648750797794647,-8.39880382110538,-3.9087690039197156,0.21351193402449437,-0.21147029132473028
1992-03-21 21:00:00,15.048740185312182,-465.0047403340725,1.913619536719727,0.4648960513316114,-4.675843352936354,-1.202071469439139,1.2216992614586415
1992-03-21 22:00:00,21.003555849217506,-481.145540402276,-4.085140100254684,-7.1861449835699025,-0.7434299105254326,-0.7877935552126578,2.026654575525983
1992-03-21 23:00:00,18.456113440736672,-479.0206868168483,8.265313998941515,10.079365640254832,-0.39377821415103587,0.5242506508442264,2.0990729429514627
1992-03-22 00:00:00,36.965691186877606,-456.68022850699884,13.412774875442581,10.417812230555013,-0.9382878836343793,3.210806280348208,-2.5119181961965955
1992-03-22 01:00:00,5.852972015126624,-437.84215330880056,4.259526888852664,13.0459247580151,1.7978533611742684,0.22731431446530825,0.5683734788594067
1992-03-22 02:00:00,31.740619933611594,-447.91936570063814,16.838658633577307,-6.615913657660474,-1.8009195554574104,-2.542594405684039,2.661103925811763
1992-03-22 03:00:00,11.18588370678765,-451.54907030696273,11.798054304397215,21.15798982972475,3.2971543612534036,-0.005968532490787493,1.1315383264559016
1992-03-22 04:00:00,32.33621099365988,-460.36129381982295,8.444598476317283,11.903141163885596,0.8886126979488366,-1.2970386830482077,3.4060647709193588
1992-03-22 05:00:00,22.077587715895916,-437.0835712830905,21.817995633894917,-1.0675411046920003,-0.60326891564412,-2.104289821715587,1.3471933552216404
1992-03-22 06:00:00,20.32637783570141,-412.3310884295866,22.318812367930736,11.737234433485051,-1.4042319336063849,-1.6515994542520918,1.9514575228368363
1992-03-22 07:00:00,35.86448117191895,-411.5046850480133,17.868923031500895,22.877384192312842,2.5765885833124567,-2.719484542124387,3.7225526511043614
1992-03-22 08:00:00,6.963571340802356,-418.250465126994,3.99994770071914,15.127463950033363,-1.5964090441992687,-0.20814770830122303,0.9621727961033977
1992-03-22 09:00:00,11.876023665590003,-438.0582185953773,15.520508213211668,13.777629673773662,0.9651329483509805,-1.3204338001848352,0.3938775815304807
1992-03-22 10:00:00,47.34662067406342,-440.24788269661514,-8.087740433275712,5.102987845869104,1.787546054191369,-2.7108794233325844,5.208323885347316
1992-03-22 11:00:00,29.450533592679275,-430.80103448348757,17.890693899689502,-8.744276999677085,0.7367834752590519,2.4351399636983873,2.633125585838615
1992-03-22 12:00:00,14.628137966716618,-471.09725480351136,20.308812831363802,13.332754248525607,-1.027740156028519,-0.6384410373145866,1.42120956930689
1992-03-22 13:00:00,14.118921843253855,-460.81703287077016,22.059789735381173,-3.025235005249028,-2.057133202273114,-0.09407395577862981,1.6637271009780208
1992-03-22 14:00:00,29.202610625939297,-501.9795962696429,-1.4381314143160209,-8.098764523139504,-0.06519989100365153,2.9080324397248174,-0.030168301886495885
1992-03-22 15:00:00,36.53545627245126,-470.3561071670915,-4.068925680464114,-7.410440864459766,-2.1391696886260654,0.03273584769251048,4.3143394090896985
1992-03-22 16:00:00,6.211790099255661,-492.48444925975963,-9.59772407446215,0.9237991344125716,-1.0354456381394344,0.1727646123145552,-0.5983695665404343
1992-03-22 17:00:00,16.418936597886884,-506.55856891632163,1.0281336927059899,-7.318858139039241,-0.47768713869696033,1.3369710507543937,0.9102196709976677
1992-03-22 18:00:00,6.128401740256927,-478.9928742386242,-3.6699834368046984,-3.8095444690195857,-5.363576324229444,0.22398932513455738,0.5395475931752778
1992-03-22 19:00:00,14.651547050427538,-506.5350993574146,-5.47018506437143,-6.730389737652249,-1.9467167109325765,1.3979237445411405,0.2533895388287445
1992-03-22 20:00:00,23.201951514626053,-500.1838253202687,3.8255697134772353,-0.14534625827667913,-2.7873191781050655,-1.0746475677151037,2.348465508765196
1992-03-22 21:00:00,16.149417037238436,-459.68267343012303,1.217549575712141,-4.79655227498909,-2.1476529925420573,-1.4485960079560685,-1.1504385875346506
1992-03-22 22:00:00,21.716788912284862,-492.4851435100947,1.3421468077771284,9.325855831162592,-3.1220145852531878,-2.1655370296338043,0.4237642392905556
1992-03-22 23:00:00,19.76942543927905,-479.552889635867,-15.501110638677492,-4.356248628574484,-0.9832383248434771,-1.1149781642761845,-1.7619817299579474
1992-03-23 00:00:00,18.759811826061505,-472.3698018846575,16.45857528467844,-0.6928717906071578,-0.6829628546990588,-1.50091176372365,1.3889053745208875
1992-03-23 01:00:00,6.102791989777107,-442.73947212795935,8.90220002061628,1.680793635936182,-2.2467258168707747,0.1830827455091989,0.683672930861813
1992-03-23 02:00:00,31.114281587737274,-474.97701479334296,12.177327945821126,3.421595433689364,-0.7365797314751917,-1.1547683133090283,3.099789733175494
1992-03-23 03:00:00,14.008147598429053,-422.6653717730133,2.7683589301106144,18.25957545508152,-0.5841806910885272,-1.5595663772834523,0.5700260466350736
1992-03-23 04:00:00,26.176264561621124,-440.44969841584185,11.52888059598132,7.6397840858191906,-1.5059563258430468,-2.4495503471909936,2.298342528769877
1992-03-23 05:00:00,34.58316866430433,-438.64673141082625,10.26528087390736,14.89638059081724,2.468549745581987,-1.373060918964807,4.015899574759323
1992-03-23 06:00:00,21.649692626090136,-446.34056436645903,15.000779620023465,15.096377966613616,2.4548035072594923,-2.2772094027380336,1.540568058456498
1992-03-23 07:00:00,39.20669602591992,-436.0398862533371,5.180657918046528,16.818938680845896,1.6545534694179453,-4.844728526195533,1.2197327863017917
1992-03-23 08:00:00,25.843538862943024,-414.92362473384793,0.3995184823098672,13.393003163233306,-2.1381939519640443,0.04483999982780773,3.182975368192194
1992-03-23 09:00:00,40.468826170074536,-438.5704350869971,9.831023939366723,3.8357889866847454,-1.267103760982991,-3.9463450339109762,3.1833500112120485
1992-03-23 10:00:00,15.727753304402087,-461.8883540054006,19.597122502138916,12.410385182017139,0.0943096502019013,1.6854643382310655,0.2049280452589759
1992-03-23 11:00:00,13.112895376722147,-460.1393252026171,19.938039491311343,13.315505997102253,-2.514493220712576,-1.189492082477345,0.656184320543539
1992-03-23 12:00:00,29.026739453270068,-454.63826519529835,1.8718917759778,10.015315402862782,-2.5476568546514584,1.4418456022798414,3.1163176442267373
1992-03-23 13:00:00,27.693837873576445,-469.0169915306737,11.412144531557356,-3.7600684237017052,0.46038233100312786,1.484052681394516,3.009609996282734
1992-03-23 14:00:00,16.636678711245338,-481.13826421649827,-7.34359287052708,11.41026419886041,-0.47636683445093286,0.08346841672759775,1.7375665492098715
1992-03-23 15:00:00,27.160025778652372,-474.18452756976944,-8.537908152825098,-2.90139470122877,-2.682494635485798,-2.059226847440436,2.3555585707889253
1992-03-23 16:00:00,22.059738028974934,-482.5003728665958,-8.1256024430927,-8.083486317661475,-6.84996356439291,-1.896945307256102,-1.5471086592705579
1992-03-23 17:00:00,16.13482911658855,-506.94620456195804,-14.082434994259337,-4.580988552067639,-1.8673795325363,0.9554869375844656,-1.2480621057779382
1992-03-23 18:00:00,23.619319456955512,-520.290070088549,-9.179279777101327,-2.4465531576622643,-3.83307524934031,-1.5255041422436766,-1.7575973614400704
1992-03-23 19:00:00,27.97130208973111,-482.8269419174112,-13.01317549849626,-3.8953388534334863,-2.8284019034428187,1.5107375926990703,2.3998179081335778
1992-03-23 20:00:00,13.222585738460673,-459.15151367021076,-19.22750565246711,-0.7543079567173292,-2.0144754479171616,-1.0704559652222696,1.0449430892956841
1992-03-23 21:00:00,1.3394117865613453,-494.1350818656523,-10.289332268243179,-0.18746802796695317,1.0555218411350968,0.15078411620672416,-0.04175435864142585
1992-03-23 22:00:00,21.983114944851344,-477.3533174189703,-1.362991259481877,12.471818183082899,-1.6204584495506482,1.1400734530201473,2.1717691409189386
1992-03-23 23:00:00,12.684003847029826,-447.2779476509582,-5.424158521213535,-1.1784343451711932,0.34421593146129736,-1.1519633312718869,-0.8199273028330124
1992-03-24 00:00:00,6.843795296481097,-433.38355180481074,6.335559733252602,-3.6035355850459103,0.3190708585087414,0.6219179428626814,0.48294153826062824
1992-03-24 01:00:00,26.598219862829914,-450.33889032429965,21.041138964153376,8.453964820247501,2.351923522527649,1.98689521461023,2.0345886035404046
1992-03-24 02:00:00,21.029633559200764,-424.8311987493564,5.179597605362543,-0.6023453051883427,0.3392037579408129,-2.56715387192516,0.0459116468916122
1992-03-24 03:00:00,14.7490925618338,-425.58627338219446,11.402421695493802,-9.589102206160074,-0.1682910847703969,-0.9115025596850457,1.4669754192451379
1992-03-24 04:00:00,22.103472085127272,-439.84928211663566,4.809773915149715,18.721131333580527,-0.2676192389243959,-2.237933255422846,-1.1260331369406333
1992-03-24 05:00:00,47.24223416720222,-458.24030272874575,22.315296948661114,-4.572762635665046,2.3735090873950266,-3.7395531147830043,4.486884347611943
1992-03-24 06:00:00,25.95473597780021,-439.95704487497466,25.41345768158386,8.515048045229147,1.220810745143433,1.075281643662537,2.7398178613000583
1992-03-24 07:00:00,29.998672142320405,-421.33474217763296,9.075232098186973,13.070297645160379,1.6201418173516513,-3.4639540556621857,1.0521588799262283
1992-03-24 08:00:00,22.614661258051044,-422.93250819174557,31.57996870017464,6.314291523911697,0.8428480859455382,0.6028029073880343,2.770720079190295
1992-03-24 09:00:00,15.797277635685742,-441.08152649180806,10.32553892995952,3.9300785634795323,0.5917559281872458,-2.0730684448311107,-0.29988932904920007
1992-03-24 10:00:00,27.56962731244486,-451.98411508463425,0.6092611279596669,12.093062724608657,-1.0312280622439411,-2.1761407196598226,2.285177442731239
1992-03-24 11:00:00,15.122071359888304,-469.60713851297965,-4.198592124515831,-5.457215231573156,-3.7873979093795627,-1.6899624801588553,-0.05600494110579446
1992-03-24 12:00:00,9.810107145052454,-477.9615976384299,1.8274028235183803,1.8011288946554422,-1.8092542356892647,1.0636971299851339,0.223566408973224
1992-03-24 13:00:00,24.27311764572645,-461.67998954414054,1.6405418059330357,-5.0038763891717615,0.3343999310719878,-0.3074893319355455,2.614493394074781
1992-03-24 14:00:00,2.499275950009463,-490.05639496390495,-5.40743164359342,4.387726831248157,0.6801375647639061,-0.22067079075805204,-0.11988501335456125
1992-03-24 15:00:00,4.396072562603248,-472.2732162606786,-0.6705376524803923,-5.317615440108667,-1.838005572403395,0.4458789784369109,0.10358876787245219
1992-03-24 16:00:00,37.85481363454397,-488.1164835450587,12.885087193949758,3.0126460453546713,-2.841179998639886,-2.793305236759776,3.031649145272331
1992-03-24 17:00:00,32.49253055399688,-484.827786894528,-0.3853588444377176,-6.791769577293923,0.16052048184954598,3.1680886432011244,1.0935307828880374
1992-03-24 18:00:00,11.289621066363479,-446.87723500854776,-1.1459069301833076,4.4006223458872284,-0.7294551982362835,-0.046042967109616334,1.2695756831423224
1992-03-24 19:00:00,35.139797634857,-476.2802591700966,-1.3253907427762068,-0.33567670085209156,-2.0507709447420575,2.5843186356545327,-2.7529805168240995
1992-03-24 20:00:00,21.14782773191428,-478.4700116313159,-9.415430217172595,-11.83005898984452,-3.0891797487075214,-2.1882068135034163,-0.6732661600703364
1992-03-24 21:00:00,12.272630417494318,-470.5405263986799,-7.937322522745518,-12.019015112261199,-1.1439707685525051,-1.3104578945561551,0.15045067158278935
1992-03-24 22:00:00,7.143386916887612,-483.0373072088347,-2.6585700825188545,-7.180099071150615,-1.4150019330749117,0.6683647390792321,-0.32007917483597437
1992-03-24 23:00:00,9.140394507847118,-432.90182181964326,-3.087373207580494,12.206325841741512,1.6588925099267111,0.8701133162287115,0.5672793105572949
1992-03-25 00:00:00,27.969130548245428,-431.86934467580073,22.027834605308666,1.7318011698286528,0.12269419859674047,0.9070903622589747,3.4767496894529435
1992-03-25 01:00:00,14.579781874152975,-444.1402291175943,17.34591424325169,-2.8957216927981677,1.5057038986343256,0.46416442058556956,-1.5449320462715612
1992-03-25 02:00:00,21.329495191927148,-424.822707448134,19.139923204216476,-3.926566307087552,-1.5010711673340797,-0.24300577338157195,2.867547675236659
1992-03-25 03:00:00,19.67578800906025,-431.43250125368047,20.028636409569913,4.536168975009476,-0.3626052054180924,0.24034682678615135,2.5851257957731213
1992-03-25 04:00:00,23.61861605367991,-409.93680960255614,3.524077052224734,17.415831341690687,1.2390249497426082,1.600562996694516,2.33493023910018
1992-03-25 05:00:00,4.103077900198646,-432.3694897852005,19.018748099763233,3.4536653318905364,0.9880172428118447,0.4081463986028936,-0.15311580084960053
1992-03-25 06:00:00,37.18441061609344,-406.60829431179917,11.64403136441359,8.708447949721172,-0.7431143366428886,-2.570876144148809,4.443577950064541
1992-03-25 07:00:00,17.836117164651377,-388.4700823157915,11.413752911646379,3.607619353573989,1.12941048577573,0.18814850271350828,2.2735781526547956
1992-03-25 08:00:00,6.106819615480762,-406.51069717024046,33.88212568965339,17.589356964254634,0.9542323011859972,-0.5372091840210461,-0.636131541900702
1992-03-25 09:00:00,18.283614351396857,-426.14143694977923,18.938533858260946,0.11662341830370604,4.11673957855288,1.722738437556685,1.2321262373207063
1992-03-25 10:00:00,20.87456496534968,-408.52207531663794,16.319016528467277,5.507943135949467,1.81558660346639,-1.9843834915065282,2.0896635396814647
1992-03-25 11:00:00,12.419792084563543,-400.16027490183234,13.057023449749574,-3.4908484695829944,0.3340015146535339,-0.14243747637296852,1.618383970205819
1992-03-25 12:00:00,8.129094251321334,-425.56947474079624,21.99290683273724,-10.893385737105369,0.6269330579791165,0.2931729792890868,-0.8810268479007637
1992-03-25 13:00:00,24.803339610914254,-442.21882042439887,0.09544271570538676,-4.556529781993795,1.2826211506716811,2.9578804557481453,-0.5296434546337343
1992-03-25 14:00:00,11.441922106216479,-462.1868988329036,5.920919917331217,-15.573323047601253,-1.1622334613275207,0.6708461262477758,-1.0888280834328734
1992-03-25 15:00:00,13.15781410090185,-449.1299432015903,6.880993538035838,5.982593013155922,-1.4364979962339361,-0.03327633062078189,-1.4444724579016235
1992-03-25 16:00:00,12.138846067031405,-431.1111123065135,2.1358757313625762,-8.914811529569425,-1.1658996975471356,-0.9509309696729187,-1.0566543775315511
1992-03-25 17:00:00,4.714495342936116,-492.6505270584431,3.5031329788815855,-16.435877231713757,-2.1617135427102365,0.12641883242929303,0.40288756924350894
1992-03-25 18:00:00,22.83640294256573,-448.1312876679589,0.33557688468156943,-12.212141439264068,-4.114214112226675,-1.8817921523300227,1.601603746549312
1992-03-25 19:00:00,30.128007372685186,-459.0795628087012,8.677378199346473,-13.393968108010666,0.9919735796535486,3.4545213231294527,-0.5177800227439222
1992-03-25 20:00:00,19.480136979813338,-435.2164233067086,12.207471662053326,-2.5862794722631177,-0.8025032765056233,2.431805898228237,-0.7080171936555099
1992-03-25 21:00:00,16.45926911714487,-454.57564644116405,8.613091089466764,-17.065393458647424,-2.7015732953248692,0.47907172184323255,-1.860444183066373
1992-03-25 22:00:00,11.533145010449571,-478.37611780266747,9.746359981174288,4.061853189525896,1.4149046562089498,0.04366346217736922,-1.215017289251175
1992-03-25 23:00:00,21.94998811450249,-408.3490088490857,19.638422160278175,-21.393216355418225,0.9935410842370924,2.3283185907479287,1.6739646431636164
1992-03-26 00:00:00,10.268247947513375,-447.42374973822535,9.934180728203645,-11.646880081858903,1.8472255206568535,-0.9002150328375482,-0.7735607468754824
1992-03-26 01:00:00,18.43209413571201,-409.7679108660286,18.638565058744124,14.132662367511626,1.9124045211164402,1.029564889300027,1.8857565906288636
1992-03-26 02:00:00,17.59807375871352,-416.038342592035,43.23937725421828,5.272857144628559,0.3946209195693625,-1.2726922088381385,1.8627945713313443
1992-03-26 03:00:00,3.405064363162138,-408.17611862717894,33.057165310155504,5.257047176949554,1.3252905214846797,0.021093814078579465,-0.4124814626994749
1992-03-26 04:00:00,24.14336294377596,-400.4271087724899,38.09441277453949,7.245697379772822,1.159715255254858,-2.3364370444295988,2.369086925638086
1992-03-26 05:00:00,11.959323069596602,-407.38373524412776,29.350535626833427,-1.5633627760962652,1.4445894285880976,0.8557179964638782,-1.299567852370664
1992-03-26 06:00:00,17.53801349556452,-395.02388855007416,33.21718325059103,9.904130676077763,3.0192985580228653,-2.334208038730774,-0.8502454977897711
1992-03-26 07:00:00,20.480204000065566,-393.9344763849088,20.129739730973462,3.569232018120905,-0.7824405644727682,1.199290168483302,2.271996565744911
1992-03-26 08:00:00,13.567151382519484,-389.3720891520965,22.527941057357353,8.038094082297203,1.6622518689475259,0.7784690898507274,1.470822502154498
1992-03-26 09:00:00,25.57113832735513,-404.03499913639763,21.766296089891146,9.786826670471122,1.0444819543459642,1.7856641991473272,2.7891975257636257
1992-03-26 10:00:00,19.75044932102183,-407.2242171060321,20.474999871025833,15.071025896274145,1.5279442031160637,-2.4954302828726487,0.8889006232347934
1992-03-26 11:00:00,12.158389550936567,-399.1742993890357,7.49496852758368,-7.259995592974491,-0.391873519529616,0.6100845554080261,1.3909748556341834
1992-03-26 12:00:00,14.674593083758952,-440.1663276995327,29.136476197261892,-3.8338571385675584,1.1100047315194708,0.16397701056781339,1.7380871482966107
1992-03-26 13:00:00,17.26591970351435,-433.3342336490219,16.01542212498219,-2.743155386180832,-1.9546784987032444,1.848303624550001,0.8890419178095029
1992-03-26 14:00:00,19.180487260992134,-434.4043081673725,-2.7998990379428452,-6.571013182687863,-1.5040559198452663,1.8920564670617228,-1.1657824779710078
1992-03-26 15:00:00,6.262271984507798,-432.22904145403294,12.374540077469632,-16.045035969325717,2.269752680512326,0.5663572149223641,0.543147378981704
1992-03-26 16:00:00,32.55592661996569,-453.5238331341752,12.472380653031923,-17.071132336370614,0.6045549161094034,3.031475529580351,2.1342848192511923
1992-03-26 17:00:00,10.3706139923724,-454.0025747058351,14.99494611681595,-10.73598770067489,-1.542413222085523,0.5853047436468009,0.9718968531152538
1992-03-26 18:00:00,35.655887626848084,-461.7474418763492,2.3231523069356523,-19.60575965003072,-1.2187542443405583,2.22723520994779,3.5210393475715733
1992-03-26 19:00:00,30.619585134959696,-436.99861802293697,9.823063457524004,-18.024894206234514,-0.23268319785297764,1.790743443670285,-3.269726605297712
1992-03-26 20:00:00,19.150608515982963,-457.5149106252189,0.36280334697556516,-12.205274144522388,-0.24356024233095352,0.7616565904054416,2.056834598941793
1992-03-26 21:00:00,6.866245378107887,-437.70722719004533,6.406495639139092,4.493051138732355,-1.046255800532881,0.1078739270725626,-0.7680238776082856
1992-03-26 22:00:00,21.1269571849981,-443.41366741097625,16.859055089319543,-1.288724518831014,-0.5383998919649559,1.4746205529279826,-1.8873764499347048
1992-03-26 23:00:00,26.2035323387314,-434.2838507517895,13.638917084881538,-10.490202638809661,1.4711754795705538,1.2021909505436534,-3.020107151170972
1992-03-27 00:00:00,10.584104726744842,-445.58368081258203,16.51149166688278,10.281639254689512,0.5178548182514772,0.3915352126782239,1.1019842510924835
1992-03-27 01:00:00,14.010619721420422,-418.8616354526893,9.629705767348616,3.36253819136172,0.5256056717985932,-1.1772871197581738,1.1949775480857565
1992-03-27 02:00:00,7.6277287129078495,-413.11377046986996,27.462793405632674,-4.156423639642327,1.8338025284009352,-0.24142994493780923,-0.8948829822232324
1992-03-27 03:00:00,9.818785939058243,-428.9487638602821,19.00305218118621,6.17103615878823,-0.6313109292314575,-1.1783633003341323,0.09128448222772129
1992-03-27 04:00:00,16.845777635370183,-413.2946775697646,34.948941828794986,-6.808831388687398,1.5386048267383408,-1.4709670112024649,1.556345445961542
1992-03-27 05:00:00,16.19285382146037,-406.3136856913533,25.217302370498437,4.595437181406681,2.3353864989217414,1.8321715258622047,0.7339244916095675
1992-03-27 06:00:00,17.51951540549885,-421.8120574103679,31.880440931103664,6.895191474551583,2.76973761076374,-1.7367784404687443,-1.449909927504337
1992-03-27 07:00:00,26.84662105036174,-418.5244392849796,30.15828940434575,4.3255322068158435,2.4705330572853352,-3.385085198742974,-0.008035477324273899
1992-03-27 08:00:00,13.284762259091222,-381.63438412896323,17.924139985563833,1.6598845247717282,2.735288342113564,-0.3331648188411782,1.714588154222925
1992-03-27 09:00:00,11.191416956760902,-424.29636108883136,9.160469671775493,11.589613864804377,4.126922370367369,-1.267908718648072,0.6559507650062766
1992-03-27 10:00:00,13.745270816195116,-428.4031879832152,30.04870793649726,-4.624753214439223,2.0172856364596194,0.8764754788208711,1.2578172491732964
1992-03-27 11:00:00,12.774683591352112,-444.2538105796914,2.371892271400428,6.108618080335999,2.9164600133620837,-0.3108866522583932,-1.4472110355815173
1992-03-27 12:00:00,2.0193614017246113,-413.1824601040787,23.78782930092282,-5.691687046283686,2.3316143125363973,-0.22653722702271917,-0.19369543827290808
1992-03-27 13:00:00,21.93082500660579,-426.0442223517673,-0.2345969653129476,-1.7334019788290878,0.6497934293716392,2.2986780506936317,-1.485793118883098
1992-03-27 14:00:00,18.918073355069186,-442.74305344172495,23.235674251852256,-9.255701506324826,-0.32824902323903415,-2.3091578431283737,-0.41673837423103877
1992-03-27 15:00:00,13.739943255109775,-453.0736840934728,2.8766395089864156,-5.6246936595791395,-4.878000488496151,1.3170503568425143,-0.9850594261464038
1992-03-27 16:00:00,7.8504441156351135,-467.028366720225,-2.59600505881086,-8.594560173372429,2.1039956091104726,0.10754493443294749,-0.7962405245059647
1992-03-27 17:00:00,16.267895521932598,-467.488167808583,9.66605972377744,-13.271626442673337,-0.31640795741979955,0.04114312058433334,1.7302069426128739
1992-03-27 18:00:00,17.318608156812683,-475.0836719702814,-3.4688464770806404,-15.35564316706608,-0.8424278459870054,0.3532560976845681,-1.813962896267526
1992-03-27 19:00:00,14.197559594029872,-454.7438955561935,-5.40034199924397,-13.838890953729358,-0.6377683509402445,1.441113158903938,0.5609357301743431
1992-03-27 20:00:00,7.414578363526943,-451.8379668588049,0.6344799240974641,-6.123297111610639,-0.6797046678367928,-0.719500709819694,-0.401694715910024
1992-03-27 21:00:00,16.263061249258904,-444.37581839956687,4.365642740893221,-7.352549185267289,-0.5624779520158562,0.6627906576222014,-1.8066155006918874
1992-03-27 22:00:00,19.26846667503326,-421.8590210921502,15.47405041573332,-1.4899095398219302,0.5493576238883431,-0.853667918503278,-2.2452843948433534
1992-03-27 23:00:00,4.678377417019955,-435.45293226718695,4.049954931129757,-10.199259276286533,-0.24700955811899655,0.5369485968683355,-0.05648786134592515
1992-03-28 00:00:00,11.47306627909804,-429.5470618437025,12.072777769453847,8.692534038878932,-0.10161182729061718,0.8340574846577525,-1.279683379300176
1992-03-28 01:00:00,27.193547991891556,-417.0454751142102,22.764988516605435,-3.844412990490092,4.668338199866101,0.4217772073623546,-3.2250204106706604
1992-03-28 02:00:00,21.339873501378026,-448.761241621309,19.587365451781626,-7.334732593329374,-1.7091943606327242,1.97422672465655,1.4142000673591721
1992-03-28 03:00:00,9.593019798556966,-420.04966544010415,-8.32500726763234,10.269712324195725,3.3237754188598094,0.6604280578955236,-1.0561460392826532
1992-03-28 04:00:00,10.739070122570958,-438.846183922654,9.01560261543194,10.389947506513248,1.0323398977391491,-0.007995591668954943,1.2565926893944894
1992-03-28 05:00:00,19.822940898235387,-390.27729196785634,13.491478629836905,4.741105995451897,-0.425793320071598,-1.9948063136327558,-1.6770151373104845
1992-03-28 06:00:00,20.606525233725762,-421.1704969940676,20.24061238559362,12.7495646191339,-3.042046785985766,-1.354454352349142,-1.9243384434229094
1992-03-28 07:00:00,28.84589491386302,-388.99083881486257,18.001593211267146,-4.118889251112262,-0.29607967024377635,-3.191965323207567,2.4525676287935885
1992-03-28 08:00:00,17.894492245033454,-403.5677001635976,27.912695902840788,4.877203655716508,-1.1068557415346825,-2.2963255978626647,0.6077722134110772
1992-03-28 09:00:00,31.562440121110374,-433.32498379151804,26.98609914911521,2.387153597633124,3.735884000728723,-4.11124676475394,0.663589272639261
1992-03-28 10:00:00,22.534437291457632,-456.8136941262586,17.82049752257783,-5.6501920546785165,1.9369502845916715,2.3249031807777585,0.7628375714223028
1992-03-28 11:00:00,14.54020888214005,-456.8056934486037,7.723958567186836,9.890173636435104,-3.4603811835574536,-1.596235098534914,-0.5827460586429506
1992-03-28 12:00:00,15.526497310131111,-432.9491453304548,17.98209408316739,-2.340519300421025,0.6722465152348017,-1.7172456560583278,0.7370341589202853
1992-03-28 13:00:00,32.529020587854326,-461.83615479858656,10.317959600055639,-10.897360739644249,-0.5019994060533006,2.8141537918876462,-2.2899472089266872
1992-03-28 14:00:00,22.789096060862693,-487.3022050248626,15.892057780307086,-5.734588984562384,0.47666114345896277,2.076046958471395,-1.0282072856827833
1992-03-28 15:00:00,3.2947095294900106,-475.37687337290646,-6.29930252060565,0.10162770450700043,-2.8948676255681374,-0.11047673154627057,-0.338300773893933
1992-03-28 16:00:00,13.721508245106547,-452.1620144660498,0.5473570548365108,-1.3697017025919953,-2.811022635286979,0.46506786300363107,1.4070517670911786
1992-03-28 17:00:00,29.99708397748848,-457.2080856787701,-15.753662834350319,-5.314987395905416,-2.5353194765243616,3.0047460119012936,-1.5942996155458244
1992-03-28 18:00:00,23.18534766979203,-490.1629564108802,-5.8127923577839535,-15.811339704605496,0.8986281003160467,2.228505085474701,-0.8878652196950468
1992-03-28 19:00:00,14.075441783836142,-478.2371910643149,-11.258242484241427,-16.69953258391216,1.0822666462447204,-1.1916317233310854,0.8626590339718965
1992-03-28 20:00:00,7.973002460747878,-471.40541168262706,6.079656821409328,3.1387653726569535,-1.6278527158472333,-0.42484242819526397,0.7293274039228156
1992-03-28 21:00:00,23.007922340393435,-498.80964364782255,-8.706461258593098,-6.976078094530022,-1.5912339686256762,1.481863952973974,1.7212614116767329
1992-03-28 22:00:00,5.154863021745888,-479.19863768412273,3.330838527964176,-4.667952658474897,-2.964444125471844,-0.4049283149016417,0.3000819072572357
1992-03-28 23:00:00,10.795114311959498,-470.687253891074,5.480477072771996,-0.31415153621874126,-2.1854446625246737,1.107972729431205,-0.37979027358552075
1992-03-29 00:00:00,2.5357696728622092,-451.51113081264214,12.66599851433807,5.272508622324047,-0.9597206794267927,-0.23609561248424427,-0.08715534504348665
1992-03-29 01:00:00,17.726460036123505,-458.19252954434194,7.804821884573398,-1.9409772381605617,-0.2287072025797509,-1.7545352017954847,0.8050989609651593
1992-03-29 02:00:00,14.425099189476926,-464.83565996969617,3.1618964249162156,4.337538278449292,1.143010603126794,-0.10976803294124043,-1.5589147253393656
1992-03-29 03:00:00,15.787118570615167,-433.44051936168125,16.031467135809038,7.7151866946469445,1.1551606919201944,-1.3781840183374365,1.5639173609453358
1992-03-29 04:00:00,30.78705258206568,-443.71112821032744,24.260617479062468,25.07162053378842,1.9366781327323876,-3.5976589103203036,1.4016954007358333
1992-03-29 05:00:00,24.23385284639952,-450.08079882183824,20.23112735353681,9.120255583066932,0.9776668576358376,-2.407259608465121,1.2652374874664054
1992-03-29 06:00:00,13.28153647416106,-449.6030108046394,8.14616385622444,-1.4834621813145623,1.569790678208511,1.3957731159323845,-0.38625390047266484
1992-03-29 07:00:00,17.201367376559247,-436.25601191786643,37.84359284862414,11.723593596187543,1.8446243879528956,-1.9621740592335142,0.887608035730104
1992-03-29 08:00:00,12.123931103309912,-414.6623952309977,17.490826741077246,24.613045147754026,2.336023020737073,-1.6431465177227924,-0.25539294366301835
1992-03-29 09:00:00,33.76613268417934,-444.4322641660926,-0.6546104635194503,17.907931303299247,-2.1217666432191495,-3.9102424665088877,0.9849566872787208
1992-03-29 10:00:00,5.078611581944612,-432.43634451922725,19.297280077750727,9.34580731662486,1.5463887801626315,-0.6557809120741576,-0.015285860159355374
1992-03-29 11:00:00,15.365405881086243,-489.99020704151417,-2.8355406423066993,-1.3987606441866336,-3.1918074135885117,0.43936648586643645,1.5772264756118535
1992-03-29 12:00:00,5.332073167098302,-477.08487182442883,7.856102347967719,1.5375364266668998,0.25530933931615085,-0.11185126066631812,-0.6018905882687055
1992-03-29 13:00:00,20.37340702776194,-491.5785606301198,-5.540067041651026,-0.412097292208637,-0.03036793260550108,2.1114230262373863,-0.1916755329582766
1992-03-29 14:00:00,15.663090810120154,-484.60084967246695,16.908159899228224,-10.407927950286968,-0.945358997258792,0.5531458179295924,-1.5736213126200025
1992-03-29 15:00:00,26.659632423725924,-475.5375626598356,7.929187451599927,-10.238619154755405,-0.32487793197268666,2.2651177443285517,-1.9291695897853032
1992-03-29 16:00:00,18.770809971454447,-500.5090635174236,-0.9222775235278631,7.7756113661800415,-2.507866805416249,-1.8709441686982764,0.218644874210859
1992-03-29 17:00:00,7.307285789270075,-514.343054207502,-7.65859187988505,-17.005889907989392,-1.7287290408670786,0.3636463494314346,0.5369472111003335
1992-03-29 18:00:00,22.71253908248876,-482.8449724780453,-9.81142621848251,-6.095437726798334,-3.9631944958259666,2.124598377182566,-1.2774955574160256
1992-03-29 19:00:00,18.018642674750975,-507.8380145960134,1.2446097543766967,-8.129832408032659,0.6570638194187699,-0.5633189362888446,-1.6779057636314294
1992-03-29 20:00:00,7.5092023486003825,-489.6565506002975,-11.71068256671428,0.8154213645926314,-2.153789535455098,0.6396533330286718,-0.32838065456461
1992-03-29 21:00:00,8.236766014942333,-499.22022996452483,6.154475177428576,8.334109514112718,-2.8482377536110883,0.42435270087273236,0.7749081490276022
1992-03-29 22:00:00,13.665826287967182,-475.49931481031297,3.2043415585750514,-2.3321603921848473,0.150258601089032,0.7151841323101468,-1.4236354134129294
1992-03-29 23:00:00,6.636508342260706,-481.96135902783004,8.563500065450945,10.382454139723098,0.0008938103215089255,0.4079266373481254,0.5545975411101713
1992-03-30 00:00:00,22.1190224983316,-456.8030564619167,-0.9428735011974156,3.947555873699134,-2.7680719162901184,-2.510400735095284,-1.0758430422208705
1992-03-30 01:00:00,13.942381836636486,-451.8347207342419,-6.090988487163484,-3.7969624959898667,-2.768943737628401,-1.5721189083646585,-0.18050666026741796
1992-03-30 02:00:00,34.06950324230042,-420.7078346151302,11.041780209109742,8.98380126398115,0.9574652809505724,-4.452765147618217,0.17504621705153844
1992-03-30 03:00:00,31.218667690340187,-448.99619578154943,19.14840231775841,15.000172367139655,-1.1958555385097571,-3.352592091743854,0.9792590406351301
1992-03-30 04:00:00,20.040580068481233,-457.786657190533,37.804454092889294,11.348692780131303,-1.7638743150847829,-1.532212275067376,1.4795324442900424
1992-03-30 05:00:00,15.815100134327304,-457.6677817903634,13.693122943099052,13.230760962793575,1.0250309826708905,0.29913094397584217,1.833394299528619
1992-03-30 06:00:00,33.0334321704959,-448.1542712921668,11.00744563196572,17.73201098265234,-2.0630285851302697,-3.236405758282598,-1.9373659133816934
1992-03-30 07:00:00,5.539618110027379,-434.64739936128024,19.93103968184441,1.7909501286002705,-0.7964925128020846,-0.2020038171314088,0.5935452780261512
1992-03-30 08:00:00,20.539212795505225,-454.00755272898033,28.47762116472135,18.387403905397612,-0.8520176187519206,-0.8790903744479943,2.3632294246210055
1992-03-30 09:00:00,18.12701060077257,-425.1641366379037,7.3004746525793145,11.381235958137317,-3.434154077274625,-1.083219800090764,1.826024494238875
1992-03-30 10:00:00,27.554951454400523,-451.0526006359754,17.54881459442504,8.20876314036482,0.011066625781790407,-2.3137763094524977,2.34577174928433
1992-03-30 11:00:00,20.999551836734376,-475.8216713925155,14.413507256711881,-0.16860143102492042,-1.604716016422532,-2.4203505533002314,-0.13293594540828124
1992-03-30 12:00:00,20.161213108179435,-475.7618737230185,-3.6217858850851865,0.49658045514914306,-0.843732131006668,-1.9398176186940939,-0.8659356378853097
1992-03-30 13:00:00,20.39397407667295,-486.0904345035986,-8.837886116968116,1.119661183369434,-2.017747880293431,2.1792551039130945,0.04131331715529168
1992-03-30 14:00:00,30.46184369535698,-480.90940975019316,10.574275908412094,4.79359155780277,-1.3568175485283116,-2.539939795899696,-1.8375862978417412
1992-03-30 15:00:00,19.56737196262184,-504.99272254004353,-5.791144519406968,2.839439164652181,-3.722336290797924,0.5658950258950074,-1.8183096841580084
1992-03-30 16:00:00,19.666882127493405,-475.03862136121313,12.605912193625525,-6.5018301300061205,-4.222134517054414,-0.4097911982100054,-2.0600571799195695
1992-03-30 17:00:00,4.885290326696775,-502.37745583687865,-29.05172572053943,-11.761958123872134,-3.302306048028256,-0.3245055006544706,-0.5442252390215523
1992-03-30 18:00:00,16.29354393130018,-501.3541490650522,-1.9137419511315432,-3.6951362249394046,-1.9356099452585305,-0.5989710779357534,1.499141130977455
1992-03-30 19:00:00,12.339025268483738,-482.5988560682856,-1.8258794930165294,-13.327270189513147,-4.09158336094954,1.1619515969875556,0.6491711879867925
1992-03-30 20:00:00,6.3868486609600374,-504.3746064962514,-11.211556053183191,-10.34466783388324,-0.5492923988213073,-0.6013312090859927,-0.24313062442318484
1992-03-30 21:00:00,9.496774177247104,-488.0131533206983,10.216825272130666,4.341264126032014,-2.5847385621233565,-0.8840045098346329,0.2808370598331763
1992-03-30 22:00:00,25.596748081190302,-454.55671346513077,8.979092426079042,-4.819741633631751,-0.46541119811851583,2.6904530597639185,-0.8640999459017978
1992-03-30 23:00:00,5.978363336775913,-467.5599916679838,23.697205480965486,6.841775147693186,-1.6715159446770236,-0.10028980890659017,-0.586848267839826
1992-03-31 00:00:00,4.567577247783204,-461.0002330404144,3.409226149744498,0.14579825412739034,-0.8380368362364915,0.2637414432632989,-0.4229140839450853
1992-03-31 01:00:00,9.575557417951128,-464.4041753274854,19.2332814974591,4.684340236707923,-2.579393653523538,1.1069995178520116,0.2760406888440432
1992-03-31 02:00:00,22.48613870667261,-464.4079444515809,18.656100871274095,-6.86099538745246,-1.8266599375013022,0.37197321040880904,2.3733588763097364
1992-03-31 03:00:00,27.55039548681879,-416.5232005510588,15.178680347480709,6.814201445524213,0.10102100608801534,-3.1130124195132294,1.549176523480283
1992-03-31 04:00:00,37.36618186576082,-439.8345958811947,17.980212124014187,15.710774189347749,1.4229096653626678,-3.0294388495506843,3.456212679213177
1992-03-31 05:00:00,9.032756337093147,-405.4631777403491,10.2232075581625,17.673003330508934,1.3118630740742825,-1.2049494818972348,0.21374460970255565
1992-03-31 06:00:00,9.478326328759492,-442.62820094123504,15.945937487457078,1.59758363268715,0.27612002523143225,-1.0729331065286143,-0.1291826609476976
1992-03-31 07:00:00,26.406666293896542,-413.99379293238223,9.570658420071585,22.300557974640522,1.0143620161610463,-3.147147248137217,1.4326225114967468
1992-03-31 08:00:00,26.595156632430804,-438.31525991121157,14.145743346686341,10.112834520439595,-0.34500207120275295,-3.1711670562318757,1.313524852426807
1992-03-31 09:00:00,21.344904341855404,-433.0796304365461,17.72290474201707,7.471756691973292,-1.0345283264993568,-2.2301566995384885,1.4878197229791024
1992-03-31 10:00:00,16.500965156482764,-426.55886097508466,21.9579231665011,8.553094517782583,1.9930231996175012,0.8105773255558048,1.6636846158233762
1992-03-31 11:00:00,4.84642938562615,-444.8426063399951,13.728111669111364,0.5953376068149883,-0.7274265963023591,0.030813419669362352,-0.5434380236221646
1992-03-31 12:00:00,25.083833290859094,-446.64040738681837,7.324086742513848,-6.053107639335689,0.5304479276099046,2.909298088813211,-1.339494074730931
1992-03-31 13:00:00,15.587165478612254,-489.3079590061335,-0.5590401913888345,4.7210894678139566,1.1694681333827135,-1.6788175684673476,0.2554546860862961
1992-03-31 14:00:00,10.28732868528863,-479.27420692436306,6.179195806099263,-5.4538147241115364,-3.6351878600640486,0.8999566435641085,-0.6925478747371284
1992-03-31 15:00:00,15.750475723087273,-447.2196322115023,15.707697886933836,-4.843565373675618,-1.9255854609988314,0.6667623978939323,1.6337612291433008
1992-03-31 16:00:00,15.129766111738588,-485.42090080768,-10.060416868129554,-11.844321203135264,1.4905634069267975,-0.886271726944713,-1.2235748691097594
1992-03-31 17:00:00,19.143125031867786,-479.6134753801591,-13.59256108240828,3.829104001037261,-1.9468729622308285,-1.5089963423270896,-1.5927076775528517
1992-03-31 18:00:00,39.25228186713287,-487.1955921139953,-12.630939787996674,-17.163054948126423,-2.343186961007429,3.2309199698385695,-3.242153370649842
1992-03-31 19:00:00,5.7110305513652415,-492.3805130745791,10.164185794951937,-13.060272593184942,-0.690278506920855,-0.48448081909237406,-0.31364994227462506
1992-03-31 20:00:00,9.941570699737397,-501.67380240318465,-7.834184043409585,-17.958754107198654,-1.9136132102077565,-0.9157310640426333,0.3737033789083324
1992-03-31 21:00:00,5.396821001091606,-490.9202760882261,-6.236105986193139,-7.939710701797717,-3.262150098519114,0.21833324521975866,0.43164243701143495
1992-03-31 22:00:00,16.097384681665968,-441.57392167664995,18.184890682556894,-6.612167881905209,-0.6796978864584263,0.6594636300130657,-1.7189406192291672
1992-03-31 23:00:00,11.398079342249776,-460.0849719907141,-5.137381572210604,-7.809928274333787,-1.1844007348873178,-1.092640652104985,-0.8550228425279732
1992-04-01 00:00:00,13.596512306725998,-468.2162168534282,13.169728105527609,-1.9001146173438583,-1.1033478741853655,0.9462869359745122,1.1221157030999958
1992-04-01 01:00:00,30.45340211487495,-455.4883162987373,20.874706806131723,14.170371879170004,1.3139797783434706,-3.664170178103314,-0.22100195587827542
1992-04-01 02:00:00,8.068947995140183,-420.8418193352411,16.458811800540765,0.8907962343429792,-0.31133413331957005,-0.6500733632007011,-0.6920236874155805
1992-04-01 03:00:00,33.01874330422131,-441.17746712033187,11.21942427070818,7.55139975935482,1.1177150588834053,-2.940965349226081,2.846005653128265
1992-04-01 04:00:00,16.88375256391618,-430.9689268672957,23.56279444264867,-0.701490346058729,2.635386381696662,1.7074873022691677,-0.7275907441864532
1992-04-01 05:00:00,16.613535697109846,-434.56768077257993,17.805129413094036,6.784154622545539,2.312857922492163,-1.8957552378725409,0.6021085880341148
1992-04-01 06:00:00,19.13414216924236,-434.88161077749754,13.89258930191096,24.089783898389467,-0.6934333928500634,0.958667671819103,2.029008214923925
1992-04-01 07:00:00,11.806751168906171,-391.498665409468,14.462672383372954,16.393237846056227,1.7746552461004466,-1.1275787759143232,1.178966884736305
1992-04-01 08:00:00,14.012666293672407,-420.6580690474695,15.079614285158543,6.477245721860671,2.7822866561493003,-0.928381048279997,1.4997182076618543
1992-04-01 09:00:00,12.309640771305661,-427.4076137063376,15.551491872349974,1.980594065590724,2.73793640660763,0.42970203406839635,1.4779832236339785
1992-04-01 10:00:00,14.77542235071523,-437.1441015102101,18.336997720160063,6.161967042369714,-1.575285592263674,-1.6095065353624398,-0.19753861943614953
1992-04-01 11:00:00,2.217914563226211,-424.0406132709133,16.585688483471387,1.510890359083028,0.8710351433405993,0.1713316169694866,0.1586761616648781
1992-04-01 12:00:00,16.935282430677365,-440.9825566192991,24.546002492341874,7.444946457826587,2.894819519331567,-2.061140714442321,0.5395844812033327
1992-04-01 13:00:00,21.212175452111712,-444.6993744280861,3.0677400534816606,-3.9771352391416714,-1.7258759749352546,2.2270971794124477,-0.899161794316405
1992-04-01 14:00:00,3.62912698393922,-453.64160672071483,4.778075584279744,-12.316246242544386,6.8864557124360966,0.30086625622010654,0.0437942631539715
1992-04-01 15:00:00,36.82347284257327,-466.66930141410666,0.3182618579048979,-14.990432731903503,1.4037764104470274,-1.410912604772563,-3.6521936922975256
1992-04-01 16:00:00,15.389333190794469,-472.64198909042335,-3.0961831611091992,-13.830499569828575,1.179154556196991,0.7674185171538115,-1.4050385683031172
1992-04-01 17:00:00,15.617817458867906,-493.9191576150505,-9.116284117254114,-14.807294969214608,0.4356465668488402,0.8253963643721843,-1.3393722712643406
1992-04-01 18:00:00,15.99564772591423,-475.69307727960575,6.189527379505286,-21.05782332430644,-1.8194927804520973,1.174558317461187,-1.305701033110968
1992-04-01 19:00:00,40.604216823765505,-434.4060218743911,12.88073463609156,-5.819774326452546,-0.6968739800229901,4.000036122957003,-3.4119769154029482
1992-04-01 20:00:00,21.76396869636478,-481.9633130289415,12.797119709484756,-12.590706598946326,0.9855222693272412,0.010357336404440809,-2.3583408630134306
1992-04-01 21:00:00,35.29436562599337,-458.05887990159914,8.053160522338427,-23.052123894517702,-1.442130708928504,4.282694023776877,0.1757917584703415
1992-04-01 22:00:00,5.377121093189045,-446.350089597187,5.736959224495694,-11.377968328535259,-2.0413724431062428,-0.33347929004911275,-0.5349289920225497
1992-04-01 23:00:00,20.368839410684856,-425.67880296467285,8.899753194973753,-8.959238689320006,2.2239449983520028,2.6742296088841684,0.5661707437984766
1992-04-02 00:00:00,26.191391267549733,-395.5862028960383,-2.5441494895167374,-3.834195852723143,-1.8127979834563144,3.2859075501537562,1.1654909911345948
1992-04-02 01:00:00,19.238889524898617,-433.29223897182334,15.56556510987157,-3.5544764640165725,0.9945477530069381,-0.00909512064245166,-2.2103407363570113
1992-04-02 02:00:00,13.551088638428062,-432.8952702577473,29.574403097621815,-3.709670474463943,3.832626347370321,1.2344107938095403,0.970603117176313
1992-04-02 03:00:00,8.464769944032337,-397.45778586456754,21.432645586776417,-6.570797094351613,2.075899667446597,0.9443431378971544,-0.10019475182430296
1992-04-02 04:00:00,19.738727709462598,-404.9928639119236,20.908833309600574,10.707930415774456,2.87083388236622,-0.8182612566683465,2.36290499107728
1992-04-02 05:00:00,16.029700698380303,-374.7797267566505,15.776585081959325,5.333879462087624,2.5646348341116116,0.5961638133420333,-2.0649905182570403
1992-04-02 06:00:00,9.342254923449879,-392.567666731173,28.89543335849339,2.1079529274580118,3.4845726836929782,0.9299121319136645,0.07238932165519812
1992-04-02 07:00:00,28.650148618896033,-414.29141494803673,18.73967725784793,1.7875071097183728,3.130047146458792,-0.8226315669490125,3.3728926475640164
1992-04-02 08:00:00,7.800920628952981,-409.97202719801174,32.88627045481035,1.2588388324170126,2.5633468497789704,-1.0934902369740045,-0.34880766029726196
1992-04-02 09:00:00,0.5920363792581756,-405.3215592009684,11.979401266731166,-8.325605942835928,2.9034599431526793,-0.09214955608909836,0.13236867963243598
1992-04-02 10:00:00,31.68338497241649,-410.3217289942887,19.603427957664508,4.025627149945417,2.248187972840747,-1.3194746426627155,-4.275059476386104
1992-04-02 11:00:00,17.99502212161718,-441.9587942686024,17.73507322486266,-5.468347122885126,0.6950694101563432,-0.30880941553452235,2.0234660117761836
1992-04-02 12:00:00,7.75689293477479,-461.3621718014477,27.906264834558307,-2.544429877927005,0.2917702122299934,0.5837731323203631,-0.5848656598373967
1992-04-02 13:00:00,19.618035741436852,-464.28557110890944,32.70917716100313,-4.664886521627305,1.1654554954541543,2.037695538482472,0.03858710082447833
1992-04-02 14:00:00,24.146990880888563,-437.9884156035612,4.460353130480864,3.9272855702859353,0.7261859660417264,2.766828897012525,-0.964912131938084
1992-04-02 15:00:00,4.61739678342014,-455.6548380650138,5.7707297865123905,-12.197611273431635,-0.7533898845089182,0.3661963143389121,-0.38002057936452555
1992-04-02 16:00:00,22.590933127403556,-485.64328131142804,6.969041425089735,-0.048009759439713307,-0.6430293870890919,1.8235576994383118,-1.5168148676151665
1992-04-02 17:00:00,8.015750529096247,-469.4117153768652,4.287850779671556,-18.25726811871615,-3.1196513676443987,0.36959320749927926,0.6611123122633825
1992-04-02 18:00:00,27.291567963675654,-491.18311419303535,4.533254557161921,-0.8911451157492127,-1.1073005495905046,3.030125379250627,-0.709944558528434
1992-04-02 19:00:00,17.562237111742828,-465.14402818672676,-6.681384138393666,-13.595459799835982,-0.45180442437509216,1.5506181261042498,1.0537517121518367
1992-04-02 20:00:00,28.738181760750702,-471.28123635679765,10.928629469495057,-0.8372977709925857,0.4302052160773321,3.026765241125319,1.617218581652555
1992-04-02 21:00:00,22.744795603078142,-461.9120913827507,3.8993639619674028,-10.41847853606108,0.19851154578585994,2.311586795324365,1.7302405342459908
1992-04-02 22:00:00,7.923343860696547,-448.6722829528055,2.967437104230629,-7.832649770243643,0.7636502288688941,0.07584936865471725,0.8925644701263717
1992-04-02 23:00:00,22.647616145041365,-437.59323653496216,6.727492320048205,2.9688691153460143,-2.175434268275782,1.7399831413148479,-2.0537547352052568
1992-04-03 00:00:00,24.018823011058682,-431.8730243806041,25.858506453420766,-15.263077746825793,-0.941827647019688,2.681693292790294,-1.7080551504177157
1992-04-03 01:00:00,8.06658309768889,-405.75185549518415,18.09038705882689,-6.587981159093931,-0.8145453461410381,0.5485577421311705,-0.864591349101064
1992-04-03 02:00:00,25.773047519169705,-382.06537648955634,12.489517389134006,-7.835558007715693,1.0745642162049889,2.3714286225172625,2.388246605183003
1992-04-03 03:00:00,18.21434943444694,-399.2938408028134,26.199387395951526,0.16949947116714892,2.572541217244392,2.3168390427029557,0.6897502691106567
1992-04-03 04:00:00,8.921791804234442,-410.54002792321927,14.829386088028528,1.1417709128618379,2.8818136762105464,0.9232472948992638,0.3457509390262876
1992-04-03 05:00:00,36.431558495796075,-393.70723666230185,31.799118860967393,3.71890053165302,1.101548866178629,2.427804060251617,4.596123894638207
1992-04-03 06:00:00,11.7826595231243,-415.1708072172267,26.123795738189916,9.545655843919025,1.816750855350001,1.3031675229852064,0.01745946134465265
1992-04-03 07:00:00,10.6290072004258,-418.0244472681539,34.29337480983213,-7.244298984297888,4.953852584071619,0.6621958594035724,0.7705601843262341
1992-04-03 08:00:00,17.51569545006246,-422.07145645165804,44.310202664099286,3.6568923299808542,2.7625842734832293,-2.091548200044915,-1.0493763391852895
1992-04-03 09:00:00,23.35156008419246,-409.89682550104186,20.70895800066875,-3.9385409028055873,-0.3961339070516965,0.5687285569423955,-2.7956241113223608
1992-04-03 10:00:00,11.324837317745024,-402.3716164902403,8.310019828279522,-7.072138763448255,1.5580713386492215,-0.19581352155271803,-1.4445316258379632
1992-04-03 11:00:00,15.916986607923134,-395.45521460093664,22.445397013887263,-3.284598023015781,-0.6222547215295798,1.149771685365901,-1.678714332898235
1992-04-03 12:00:00,22.364010808923414,-417.1675308200944,17.171292390163952,-2.0059209007663727,2.354718437484332,1.7191821092643458,-1.958800301522893
1992-04-03 13:00:00,12.00890714529137,-434.87905016443653,8.668085510437031,-6.3816483942834346,0.2494155483201717,1.1515829629969945,0.8943503946892815
1992-04-03 14:00:00,35.15268021618219,-463.4325559591744,-0.9237525006786518,-14.71151989137988,1.0233398752602114,3.5307499929481954,1.8521538014881929
1992-04-03 15:00:00,17.889957900959484,-458.6707253991849,2.0744523722814723,-18.003346885193185,-1.1111071580364515,1.2397521617714473,1.464916182650937
1992-04-03 16:00:00,20.778493419913282,-456.95616321096014,7.0876086717516475,-7.278282155923479,-0.017184522529792967,0.8587999598591487,-2.3517466797542284
1992-04-03 17:00:00,25.885647408677627,-470.5436732189211,-11.162268684552947,-15.184485832781391,0.1566881244391054,2.6541464307649414,0.7374747186541941
1992-04-03 18:00:00,17.7145838212721,-442.36133256106274,4.02966643074345,-4.378673917264232,-1.3852561436575395,2.1323802496084876,-0.03537642677599928
1992-04-03 19:00:00,15.542654911023062,-482.26493305772937,-5.410987762247608,-15.834569915760383,-0.9172830598130288,1.6855353879875752,-0.1584409610520477
1992-04-03 20:00:00,31.292270120216003,-478.2749545466767,11.545304087583546,-3.2172667955085266,-0.4605141528361532,1.8869448552964287,-2.986326486665536
1992-04-03 21:00:00,16.757898332346716,-457.7179012356645,5.173904748041536,-8.571362960471154,-0.2645922518109362,1.4314453148851958,-1.1496800242224021
1992-04-03 22:00:00,15.817734018505389,-427.78733500985,13.885008983106758,-9.59286561180126,-0.3825141727096564,-1.8745403511999768,-0.4184388735653515
1992-04-03 23:00:00,60.099761540692,-478.60591996208444,21.33126591895943,-6.15994889081513,0.5401075046520478,5.0654808583692175,-3.6650021188667092
1992-04-04 00:00:00,22.516627633929193,-457.0799564497061,10.104439443349378,-3.063717485622617,0.621051057880369,1.9065410767565023,-1.5439560407407384
1992-04-04 01:00:00,23.411216076934785,-418.0223974274206,18.74563946486761,13.993709502121014,0.5474659736566208,-1.765692152341735,-2.495167320982726
1992-04-04 02:00:00,33.57213898302409,-441.023181008674,29.301403650018607,3.201509437482809,1.121726946380427,-3.2248637888984084,2.12147105641468
1992-04-04 03:00:00,15.753727928873422,-394.52765279184086,16.317165098351147,-7.36884153321201,2.169163179112623,1.457972497228948,1.2991827246726486
1992-04-04 04:00:00,37.88625699812538,-433.72174947790694,38.790050923790936,-6.966382338621856,0.8029586249023081,1.9232735765515034,4.21874053550322
1992-04-04 05:00:00,11.884086364632807,-403.03819610833716,34.62036008849979,2.6497174730328554,3.480379297997736,-1.1169137061004064,-1.1787422194107628
1992-04-04 06:00:00,20.417365331603847,-420.24536052233043,33.39367324862314,9.754527536328643,4.519545267245226,1.4401843478342433,1.5756598123902936
1992-04-04 07:00:00,9.50541658076164,-413.88474965389867,17.049802778752913,10.296424787950954,0.9158918222305947,-0.356652141472509,1.0790663325243948
1992-04-04 08:00:00,21.277834616192052,-440.15018075624624,10.884277772055531,14.841850623084442,4.912291143082482,-2.4314090458079556,0.5397195175137615
1992-04-04 09:00:00,24.626692786343657,-454.25132225701685,35.20277752764032,6.241750768257339,-1.7156714642572641,-1.832803765512307,-2.052845470380469
1992-04-04 10:00:00,5.311097996338958,-425.4745750455923,11.06099794708987,2.389153257479577,0.39376189828745545,0.5812665625128608,0.196959673775276
1992-04-04 11:00:00,13.155952537323516,-452.99283218194336,17.486070387136163,5.011363488030734,-0.3983754213723317,0.33010980355208147,1.421079139830193
1992-04-04 12:00:00,16.414144151496483,-467.36530501109803,8.476886589134933,10.978412712943607,0.847006433044038,1.7376666063675028,0.07481601633139523
1992-04-04 13:00:00,26.915093586861726,-478.743943830112,12.944960869238548,-6.540156416027325,-0.2931664901872076,-2.6121999685745516,-1.0992822272129628
1992-04-04 14:00:00,27.485014379341766,-485.9339387865884,8.783521264627872,8.534866958296677,-1.056988183038867,2.811681444293604,-0.4243719779533656
1992-04-04 15:00:00,20.417680156538044,-456.92464274168486,3.294418664705002,-22.176916730218604,0.14631085637214924,1.3167051625843293,-1.9070632965391767
1992-04-04 16:00:00,31.67733276221604,-496.5992374785535,4.70290296281183,-23.51386210622417,0.7342614751615544,-3.152058863607802,0.5446596836866575
1992-04-04 17:00:00,20.800950302072163,-494.6865918118873,0.8500990380565818,3.3550826639919635,0.5591260025498581,-2.079953401904087,-0.9163499774068684
1992-04-04 18:00:00,16.03110664108707,-458.7459897478003,-6.7282978579907144,-6.872842167069874,-2.870052346517893,-1.3635338995555422,-1.1861334898630682
1992-04-04 19:00:00,19.061084268329836,-494.52096179174634,9.803502966447706,-1.7883155391415344,-1.457832145679326,-1.0052118147901485,-1.830738996646201
1992-04-04 20:00:00,19.036875747340993,-485.8449259328349,-2.817089422933079,-9.452167280339253,-1.790962227828739,0.04094387511876532,-1.9932833446998048
1992-04-04 21:00:00,14.107906200362798,-476.29354645380045,-1.5506872430173848,0.8132056758135673,-1.2800356034633964,-0.7379739695587987,1.288618070383492
1992-04-04 22:00:00,6.228741262323894,-480.7529108535904,0.20782988591359075,-3.963284908263875,1.1865573788119916,-0.13802270158941016,-0.6389102730184965
1992-04-04 23:00:00,25.72125772952702,-480.0970782581955,7.902302128768346,5.929755743419845,-1.4460831434473602,0.35611911467492574,-2.873572779580119
1992-04-05 00:00:00,10.74344355278444,-443.6161065566491,13.605938431828534,-8.062336649635213,-1.7126791289293641,0.950099551439633,-0.8438731989131872
1992-04-05 01:00:00,43.67995930826269,-450.7988932114219,15.622067769684278,10.94398070720156,-0.9384117657183075,4.587399639601612,2.465367699888388
1992-04-05 02:00:00,27.696150933935165,-458.4216595354163,12.681014886833438,12.199809690362482,-1.7675034359867257,2.5907874855423576,-1.5891665642966448
1992-04-05 03:00:00,22.495524700602786,-464.3206643117578,17.360683806479027,12.854943806221787,0.8683360740025121,-0.07955579363324594,-2.46830374311791
1992-04-05 04:00:00,20.637682442010515,-456.78939202611485,29.026778240793952,8.490490099221331,3.9154668900850336,-2.5069303629241637,-0.028792342339108323
1992-04-05 05:00:00,26.352304213950465,-452.40696744414504,31.489213937825475,19.33872198414025,-1.3754048482969017,-2.079235120375412,-1.9913896169304444
1992-04-05 06:00:00,19.575151654881807,-468.9247610739686,9.517027523907823,15.16269608339454,-0.53060102026689,0.018650548692479008,2.1694496694724057
1992-04-05 07:00:00,22.886196391676044,-420.6396141747113,6.506969980877539,12.190573242666648,3.2401793588603014,-2.201068671874693,1.640608702064431
1992-04-05 08:00:00,25.179307468092333,-440.355712916903,9.157532075525054,13.20823344656094,0.7767046747072609,-0.5149991525650734,2.9162195834077567
1992-04-05 09:00:00,9.816867958875148,-439.22493589580137,23.213297799985785,-2.759738250606363,1.0060478084788695,-0.1672497953333839,1.1164931030569798
1992-04-05 10:00:00,23.871532240130197,-475.36477829280244,5.638621921630241,10.850744081933659,0.9502338670669659,2.022498255035261,-1.997327240784559
1992-04-05 11:00:00,30.209231025628156,-469.1427493715832,-3.065385364702313,4.458790798113428,-0.7005268100303782,3.074616006977904,-1.074090372843456
1992-04-05 12:00:00,8.802556039220262,-473.7748222150508,-3.7229017702127827,-5.293465560063366,-0.19217797862289593,0.4902037247822153,0.7860296073268542
1992-04-05 13:00:00,4.592966123184117,-477.2787073703408,8.492713173824109,4.870183156845215,-0.27918882171023945,-0.4265874432817163,0.21547456044437496
1992-04-05 14:00:00,11.528486806461514,-489.2677015717793,-4.7001334365594944,-1.9831948895403766,0.7237833550787822,-0.9803958857963339,-0.6398290440332846
1992-04-05 15:00:00,11.627153047574119,-511.5216618711303,4.8368891625587835,-4.394175925500159,-0.7856533003257135,-0.9121414845279697,-0.6744910116169625
1992-04-05 16:00:00,4.245484184579244,-481.64749379194467,-8.706101293175433,-9.084132909606684,-1.5855966362790062,0.3646631104885669,0.16889235711079564
1992-04-05 17:00:00,6.654904926166153,-490.72097785344,-18.698788348850925,-8.23043633931599,-2.386482712262861,-0.14761778081671661,0.6351477586511531
1992-04-05 18:00:00,19.19641566948733,-501.5952935588677,-14.568673015644983,-11.961265277741042,-3.628769952098608,0.15278828282748935,-1.9815837920075512
1992-04-05 19:00:00,22.653537880108622,-486.48727565001514,-5.652415369575353,-1.0452880732300809,-1.651313253282931,0.8032616871426034,-2.1657152555400194
1992-04-05 20:00:00,11.73515256096633,-481.17527579795586,-14.845056289464132,-11.409894243027864,-4.171660107224954,0.9994122366744735,-0.5600902001468867
1992-04-05 21:00:00,19.818884258786404,-473.9305773473049,-2.0629498916419413,12.081524599559149,-2.135049618751229,-1.478474717416629,-1.6844842125525736
1992-04-05 22:00:00,7.266813320039417,-486.45522514846846,-2.723195732398241,2.107431866894521,-2.1293647143263614,-0.5789068162117118,-0.4641299281101514
1992-04-05 23:00:00,24.16855201502803,-486.69339506572396,-3.2482963127054143,1.1790064568458298,-2.5376614995353663,1.0918424426740223,-2.215433625970349
1992-04-06 00:00:00,24.024278701854747,-481.67168636625195,11.692735299519603,3.6986248571338707,-0.20709177328700834,-0.507004978536216,-2.725583226025934
1992-04-06 01:00:00,6.783372601290875,-453.63033958268,-0.2474319925155637,-1.575043393071339,-2.765562905902568,-0.6921947305083419,-0.3918189125592007
1992-04-06 02:00:00,13.475694383486971,-470.50928196461456,16.863374174904962,3.380875210421871,-3.891238157192766,-0.25405611827459246,-1.3836891254431536
1992-04-06 03:00:00,21.804462735878626,-467.60743881304916,25.474131252338957,21.903326293270673,2.117078302302361,-0.20955365432338524,2.418340570892842
1992-04-06 04:00:00,30.99693357153925,-440.8307136041405,34.21826418022028,8.891739573751453,0.4763618370836502,-3.6409991591541475,1.8318924534344914
1992-04-06 05:00:00,1.1710931820255226,-438.3293090106185,25.116114954679638,-3.795489701299232,2.3364975093358242,-0.10649023980458228,0.1507516662683308
1992-04-06 06:00:00,7.900488629327305,-435.64739516930007,15.023123150827011,8.66033914821053,-1.5631458289671862,0.04814051188989599,0.9372658726218125
1992-04-06 07:00:00,17.951095923661146,-459.0238674093792,21.545235957597633,17.72973510248596,2.0087067724181025,-1.8222150600074247,0.8310933905911063
1992-04-06 08:00:00,7.692617959065163,-444.70105813379337,5.175392272402909,11.185476101362015,2.980759632000514,-0.1240006088578639,-0.9352361038504462
1992-04-06 09:00:00,12.541536867930564,-440.18390696341095,9.299364166289426,15.318452216770421,1.6157575558147164,1.1751538662093575,0.6963414541751185
1992-04-06 10:00:00,24.267203623988976,-467.27311019654064,5.642935960327328,-0.30533715743769285,-0.18820063987840774,-2.7023167916552993,1.0995233826612183
1992-04-06 11:00:00,26.608930191879764,-471.187724049369,-1.0211429285372695,-0.934956863937427,-0.42626281454535514,-0.3386814383451036,-2.8513662006919365
1992-04-06 12:00:00,31.33466930017645,-479.34901751672373,11.774238831246269,8.097959910410388,-1.4687354779933786,-3.196651268261711,-0.8621612219832991
1992-04-06 13:00:00,32.427997678088936,-459.69907317633226,10.08405986220223,5.906340282990049,-0.5861787221053578,1.515041865824886,-3.711837501911929
1992-04-06 14:00:00,13.940830217926923,-475.9922635259368,-4.535888576911435,11.464006283432232,-1.8120649555075585,0.6252043251540387,-1.2746613952236125
1992-04-06 15:00:00,25.47047582806627,-515.7254024696457,-3.4618773121726836,-1.554217524595467,-3.8249515705813306,1.9056757180139972,-1.6003822721513534
1992-04-06 16:00:00,16.45386986097387,-522.986698807503,-15.852987886016297,2.417255429907878,0.557153840880507,1.3876290644462694,-0.774146329739719
1992-04-06 17:00:00,18.352779572908037,-493.18246799535694,-18.177201459398262,-5.248212011495951,0.12360474585728953,-0.31037756858480425,-2.1421516457287932
1992-04-06 18:00:00,20.930811335347208,-506.9722680420733,9.919144744617164,-7.3351546856225,1.96602410587393,-1.077678363172064,-2.0116710725766427
1992-04-06 19:00:00,8.80701395363658,-494.45834666170947,0.0895652569669787,3.2428145940206177,-1.9735229755779682,0.8819916573461777,0.13866600246964134
1992-04-06 20:00:00,15.535854586546881,-495.1516004479241,-17.10744356921875,0.6908550843027932,-1.0667896516831217,-1.718398778913544,0.30574003918579884
1992-04-06 21:00:00,14.275019807157534,-478.91947653919703,-0.36648795986326466,1.605504244032823,-0.637306835577354,0.387052466972174,-1.470944595898005
1992-04-06 22:00:00,13.111404356846117,-511.90616990104553,-4.0529805745685366,3.9136414346592185,-2.700040672323454,0.7065250015241413,-1.033019145592608
1992-04-06 23:00:00,11.623358841067375,-488.0283686713812,1.8518685087172466,0.3516709472481008,-2.810830673893331,-0.12419238814619638,-1.1811543663645883
1992-04-07 00:00:00,19.819651651644676,-467.9212536585112,-2.3734500400406007,1.5818485427910192,-0.40068236650786027,0.8568237102408373,-1.9345087685916993
1992-04-07 01:00:00,15.275346775077782,-459.88966741353886,13.506541296281398,0.46023182102965077,-0.6611911447383306,-1.4474050546865742,-0.7778634721226002
1992-04-07 02:00:00,25.376593134012634,-469.9393585100028,16.36843535764715,5.396384019353087,-2.1885182045153884,-2.72643489785418,-0.7774396021001142
1992-04-07 03:00:00,6.430198066925931,-456.89182016220593,-2.5734682969698586,9.33143884531003,0.8327107642787863,0.6849783914620968,0.16233799170602092
1992-04-07 04:00:00,24.233363655591024,-452.52970257167635,16.406209728132602,4.291019245598658,-0.22069796645178086,-2.766208309270006,0.5467457509847777
1992-04-07 05:00:00,18.69176175439213,-439.4888842928837,10.549931440592509,8.510469685271378,1.1522090574079291,-1.5833788689721628,1.4260219791982693
1992-04-07 06:00:00,25.17612716960554,-428.12272858776333,37.3692116867527,24.561556457699297,1.9913629171816676,-2.896376422725038,-1.3296227307373607
1992-04-07 07:00:00,22.370170115247557,-443.1700772887587,32.07007838266141,16.32399578847501,-1.6587536650363757,-2.627064161200239,-0.44554588394830974
1992-04-07 08:00:00,21.900036223539953,-443.6842428799023,17.636742642647093,26.341165404998453,-0.22718734084666597,-2.5534813469138684,-0.11207426721293245
1992-04-07 09:00:00,12.724698979058187,-477.03388443351747,1.148914548868154,-4.827696219703947,1.8628145736832882,0.3516079702736842,-1.2664631015983299
1992-04-07 10:00:00,26.811881386834994,-467.1002280182485,14.993005175657375,1.4997713937219737,0.08102110421221953,3.1272796667984095,-0.022572475139508108
1992-04-07 11:00:00,2.9057958369349355,-430.04185555004614,16.62785742376316,10.628061564183747,1.8310033422344314,-0.00366406796862645,0.2856745479078233
1992-04-07 12:00:00,21.085247409663786,-490.6189200013552,-0.4823511431026013,1.3222779440388805,1.45855435206719,1.0900446980778162,-1.8797593081385053
1992-04-07 13:00:00,18.109449397690533,-451.5045951857248,2.4363710665749085,-9.57854088248119,-4.748324951623862,0.056972269358818495,-2.161099337354127
1992-04-07 14:00:00,44.15822297706302,-483.0488958627388,-0.9308180231515673,-3.385958422570471,-1.2603986217722785,-0.10468694272678106,-4.88433075409133
1992-04-07 15:00:00,18.10251255937744,-513.5639541627866,-2.5498753330308976,-2.18646625241895,-3.2156712408162984,1.4728099178411302,-1.2932346517419928
1992-04-07 16:00:00,7.0956820386822175,-466.3222488027088,-6.025851595403912,-15.408702216548766,-1.9926533822721233,0.7141557309544463,0.10989931475239845
1992-04-07 17:00:00,44.500698771410256,-471.31373078198664,1.9765502914057314,-5.5337613070250145,-0.7756807019821266,-1.628007258572478,-4.951914204201049
1992-04-07 18:00:00,31.62385953093029,-498.33886130043953,1.651471803231677,-2.0181248170573993,-1.4404852795583252,2.9746726835669977,1.3860410307528506
1992-04-07 19:00:00,21.969040622385393,-476.0615738250451,-0.19372734580404471,-4.851892091845997,-1.77518507319886,0.7902154037764583,-2.1856511045901716
1992-04-07 20:00:00,13.08570379815423,-490.65597984252514,-0.9705750547811054,-9.284020406510182,-3.121660415245596,0.34570996151823247,-1.3452589203268306
1992-04-07 21:00:00,15.008084053330718,-478.9968084005402,-0.06246900732556804,0.2586337284249004,-1.1636831698927796,-1.3842258011046182,-0.8202914270571284
1992-04-07 22:00:00,12.97033254897413,-470.4021790730701,-0.971992543857265,-3.099647264503882,-1.5494542893126222,0.5847835998164513,-1.2571613908914845
1992-04-07 23:00:00,16.84820346265841,-468.48329485276446,-11.377889258983796,-13.148080972299649,3.4078701652172074,-0.2516505596914213,-1.937014028787046
1992-04-08 00:00:00,1.7183180592912681,-448.7408337354837,18.222352729357617,-11.932840870418017,-0.20320435724256386,-0.09350546755975786,-0.1673179579931231
1992-04-08 01:00:00,11.022511384298209,-442.29253956503254,7.224022344167212,-1.9924262364067933,1.1367464794408881,-0.4842340158968705,-1.1504716284229466
1992-04-08 02:00:00,20.53097475989761,-447.9812502059422,25.669350128934994,4.027873467539957,2.842063372258055,-2.350761279781634,-0.7064652988522526
1992-04-08 03:00:00,19.05854418917326,-428.7090805630227,27.64970708566763,11.610787772010834,1.9036470209116665,2.06278606626043,-0.4476635036118657
1992-04-08 04:00:00,17.679461285345262,-435.42076935126363,24.096451903321352,7.205765386602016,-0.8442706327389508,0.5201866545392687,-2.1768455240201265
1992-04-08 05:00:00,13.391085541979074,-421.90154204157676,14.632333616829435,11.384798687664272,-1.4644565303127137,-1.5331989922534826,0.12571514169702047
1992-04-08 06:00:00,16.292450963947537,-429.54307896018514,24.591486870813377,6.218466921692488,1.276985718483554,-1.9242909430706627,-0.4305196616443131
1992-04-08 07:00:00,10.080121742199868,-420.93376261850455,20.71377875395567,5.3159218302430515,1.5408938939561587,-1.2698908283417372,-0.10747508441916487
1992-04-08 08:00:00,27.95237352596789,-400.73823062907076,12.440111841341302,14.081252432573969,0.7208314553213604,3.734732139733785,0.637209278550864
1992-04-08 09:00:00,20.353301668616044,-438.5907536751755,9.611989635837382,7.3181493227008385,0.5861665102047464,-2.363358569895427,0.5681463148786631
1992-04-08 10:00:00,17.62186740185255,-456.29456189307604,24.592594471557057,-8.613594201915241,-1.675215593460071,1.984860764098135,-0.7371558893284745
1992-04-08 11:00:00,15.31094497963987,-416.9731939118026,17.77349691140226,10.39979994378149,-1.5145263570891911,-1.628910615670214,-0.6712980124204694
1992-04-08 12:00:00,25.166996209791023,-443.64646835407143,7.259523003566468,-2.4887564989585136,0.49924659040304853,1.4780124883191077,-2.9459590733615797
1992-04-08 13:00:00,25.149084618032827,-464.8604004552586,2.4731230753931768,1.0097758192050947,-0.4534162514301172,2.880711352787225,-0.7425003822081107
1992-04-08 14:00:00,34.916306029774134,-465.4550316413613,12.705910019591448,-7.239147157258902,-0.4832854624100804,3.5880856280319446,-1.8482432399962025
1992-04-08 15:00:00,32.84945149980668,-481.0202824286073,-0.9500797080558021,-8.330546398063063,-0.7375805183653008,0.2919884169384138,-3.6659907002484626
1992-04-08 16:00:00,24.97125917321335,-457.44276102164025,6.641023422673373,-13.335593013565322,-2.857059907144935,2.7934956161533413,0.5930741998588812
1992-04-08 17:00:00,34.1640259994422,-463.1076150776965,10.486831698887531,-17.33547101589363,-0.6457902641967305,1.2734475826057443,-3.910784399561053
1992-04-08 18:00:00,22.95747719513921,-464.8370191236762,1.9528878794626192,-4.393070399355447,0.616600547613614,2.5264875887150566,0.587466448449006
1992-04-08 19:00:00,44.714152136974555,-469.29482578148315,3.910317867070729,-19.319831049564172,-1.5256489382350904,3.6935196789944618,-4.0343247427024105
1992-04-08 20:00:00,22.32552854986644,-499.9964606560812,6.232598948214615,-17.84798104873231,-1.056912567590166,1.8262801959561221,1.1863203805528761
1992-04-08 21:00:00,28.353840134243924,-481.7637333149071,10.34549266115623,-10.36615658255053,-0.4096482876564944,-0.30968703738662245,-3.0638403725051253
1992-04-08 22:00:00,8.1165729874876,-452.99808276417195,15.08887294610416,-9.057392522285776,2.2126808603637236,-0.9330141560453005,0.29740917911583076
1992-04-08 23:00:00,9.593649954537732,-489.35575327752724,-5.655668299050804,-14.246415213171758,-1.2532478555193187,0.9490542499993571,0.1417676374519531
1992-04-09 00:00:00,11.546217237613744,-442.4485006922082,24.68996645512531,-9.61075000081725,1.6367627588566962,-0.761242235623512,-1.0815148774210916
1992-04-09 01:00:00,16.210101871030098,-448.50801450734826,21.639077457722138,-4.758417541246388,0.7534253026498796,0.41540347507398123,1.755460175741311
1992-04-09 02:00:00,35.821967206254406,-415.84409552827253,21.827103851773735,1.772192354454445,-2.5986391986883772,-3.0889044841255595,-2.8403092407645083
1992-04-09 03:00:00,10.083101434791239,-421.6308131898015,20.397185368963274,4.067149421710083,1.732964300117871,0.3246661013581791,1.1059369170433304
1992-04-09 04:00:00,16.343441527885304,-397.64920281172203,32.278176824506545,1.5712545587489535,2.240872589947549,0.05127338939824244,2.026262485233066
1992-04-09 05:00:00,22.567157521192666,-405.13283748921685,16.645441014022207,10.607379017703497,2.0233514797872285,2.69773962350056,-0.18607252609985192
1992-04-09 06:00:00,4.2969049164301065,-407.13974693433676,20.630248712470372,5.426058095136209,2.1841005530353557,0.16445359431418805,0.420782588080168
1992-04-09 07:00:00,21.24497781045282,-424.2355166833142,32.10441238415029,7.332882556900894,1.9565247464506603,1.7806985548706855,-1.6231165112234884
1992-04-09 08:00:00,15.081606209806353,-402.97260997155934,23.39040709816185,0.027943795194448562,2.837344479373983,-1.1219617197037421,1.6050086280218387
1992-04-09 09:00:00,8.58857735712634,-381.25130781351766,34.481914832794445,4.723046569161983,0.873919744587374,-1.094789881993691,-0.49659733856043464
1992-04-09 10:00:00,17.505169341076833,-448.63370648260167,15.897373811387283,-3.040331721187198,0.607610251404907,2.0706331783712706,-0.4241553620310148
1992-04-09 11:00:00,5.192790261236159,-445.3375288808217,23.656292804467235,6.104969333354871,2.9259817954488496,0.05673403892430995,-0.5822286421443619
1992-04-09 12:00:00,12.736486247547285,-412.6489012443966,24.515386471185927,5.479065314693646,1.1452790102791184,0.12087970403121856,-1.5699805878689346
1992-04-09 13:00:00,20.095892780745892,-437.541234065736,6.662920908333671,-12.221318682143794,0.9910449696022268,1.9349561675544602,-1.3280891965280741
1992-04-09 14:00:00,21.691441816264543,-456.72740825946323,5.089134737811118,-12.518131506785355,1.7945631733511351,0.3053729992749086,2.4011870312295285
1992-04-09 15:00:00,25.539148709212927,-446.6522249301521,24.233809519051352,-0.34212964451088546,2.090777993847793,0.7741932318181071,-3.0314800131053405
1992-04-09 16:00:00,32.32904169288389,-458.0336074697059,-4.410955241100031,-11.958492664757003,-0.018814256864402967,3.8229759323639487,-0.3004098971087489
1992-04-09 17:00:00,20.48249294255399,-475.79811553377033,17.460526968291347,-11.51927970272122,-1.3957468958773116,-1.6488173768481076,-1.3509251441210668
1992-04-09 18:00:00,37.78040952653557,-477.0360555236214,15.7938766935371,-16.13249106700713,1.447903604039782,2.2857434844532643,-3.892309425059822
1992-04-09 19:00:00,9.155831938966188,-453.23626897023206,12.545660342916356,-14.925101562436023,0.32640832934409214,-0.2698991088534083,0.9863577864209154
1992-04-09 20:00:00,37.24769919608173,-458.04420423964643,9.63575751813806,-1.9939052357725853,-0.40399511262546595,3.7879817241888394,-2.4326159349438106
1992-04-09 21:00:00,14.63012538936731,-442.3359706074389,4.051797720782901,-11.705947168124297,-2.104427479188803,0.1970372568109755,1.7110038368492027
1992-04-09 22:00:00,21.642081475531402,-442.5841756678342,16.683889739227588,-11.440086868707239,-0.20358911213470487,2.155641052988026,-1.274701644590757
1992-04-09 23:00:00,29.968519617922208,-454.52767167130514,11.058962682732925,-4.883428188911298,-0.4273530405085617,0.15343804426792018,-3.779331703901518
1992-04-10 00:00:00,23.136047343477934,-414.8280256947276,13.22996711702384,-19.430501912198743,1.510526533203499,2.1079390917472884,-2.0233070263029687
1992-04-10 01:00:00,7.499681977206168,-444.01236744864184,28.12020530073348,-3.535965255405727,1.3786627008216348,-0.34886795205534415,-0.7902936267393048
1992-04-10 02:00:00,15.225193933545961,-430.0391898315438,40.71535168277979,6.5903688758312295,1.5960000106951213,1.0933736019642293,-1.275854997424275
1992-04-10 03:00:00,9.841539802069668,-429.0965905148813,39.11632710024006,2.8938404495512104,1.588025710553859,0.8747213649658394,-0.5329859088589733
1992-04-10 04:00:00,29.559417289197633,-433.8878959258105,37.59585058895953,1.1825266400556496,2.3873993393465573,-2.8601724609192187,2.121033749378235
1992-04-10 05:00:00,23.64818777692448,-400.8103248215359,27.11652114542568,13.590537764149307,2.9563011860141533,-2.554412360972509,1.7800095981912314
1992-04-10 06:00:00,33.547625782679866,-425.18223046499907,24.073891377147973,-1.5186253311663993,2.209807788120778,3.7390785447352335,0.76655596363231
1992-04-10 07:00:00,22.529812621296514,-421.0060616421469,32.80176433801296,-10.598927440302639,1.8857232001044786,-2.3003275155334433,2.067261179364257
1992-04-10 08:00:00,12.554920540954761,-400.0141719577038,16.489895313898735,-3.6867315350663503,1.8914751436232229,-1.3313707576979046,0.9613486931499625
1992-04-10 09:00:00,12.387126692504138,-406.3997988576248,23.214692489758857,2.2650169875087247,1.3471161745631406,-1.1819243821332501,-1.0557193435063412
1992-04-10 10:00:00,10.158779037764717,-435.4574970602414,24.850020942539707,1.9199296849824892,3.6513745269079347,0.31966044648246966,-1.0543638298859381
1992-04-10 11:00:00,13.239903813217039,-453.45791524750666,9.040741309551397,0.5706513364806565,1.6139578531520395,1.4228947426911396,0.11637230938090348
1992-04-10 12:00:00,13.364766931498602,-443.54753269329433,24.609850691300736,-3.354722894793642,0.8486655585310838,1.412623363283485,-0.36630695819865355
1992-04-10 13:00:00,11.246821800170578,-474.2239546417319,17.16493647759272,-8.345787942689439,2.057411886792537,1.1774062672346353,-0.0574723357671485
1992-04-10 14:00:00,32.733981880698146,-473.12435663881075,15.86072764763263,-22.450485707858945,-2.417334214994241,2.9147749319123464,-2.6243058587910117
1992-04-10 15:00:00,14.122763989568709,-470.5040146924764,3.041905906962561,-9.136957252266983,0.017645537308660586,0.30970310668845197,-1.5506535372206782
1992-04-10 16:00:00,10.107389475328262,-472.3390917815849,3.4049342922148993,-21.10220199006966,0.0655230554851377,0.69930552863264,0.8114346036744691
1992-04-10 17:00:00,8.340763624055725,-481.80259454555045,5.648599483595266,-14.985690998610474,-0.9862569161903,0.7553380445358648,0.4111651742238839
1992-04-10 18:00:00,28.512659698920437,-477.1928540709128,3.3845229061776547,-8.994647985353598,-0.8855310857789097,0.16690169443788377,-2.999855960014642
1992-04-10 19:00:00,23.47603295376084,-453.87180566480794,0.12496984443461301,-12.828711614107199,-0.04788181802637642,0.4823541808412241,-2.47250410723504
1992-04-10 20:00:00,32.18339286045441,-462.9477275370191,5.548895970575468,-14.409494041176064,0.6219112422765376,0.8585489293076596,-3.733712613698242
1992-04-10 21:00:00,18.33931399585557,-447.4793375224744,7.933257486215179,-26.40321066557944,-1.290227003572351,1.85153532470199,-1.2370103738292761
1992-04-10 22:00:00,18.101302372245897,-449.15502524239656,7.788864834934613,-0.27093342397024633,-0.10773437819100723,0.46481741143878313,-2.12002203694769
1992-04-10 23:00:00,19.436673310989377,-452.53708466021806,11.64650726595658,-0.2267431152159185,1.7663913768152368,1.0542380302303027,-1.9820888413352353
1992-04-11 00:00:00,10.46811979128544,-467.1264416375037,16.33120119702355,-5.9213159170737075,-1.6123777110182234,-1.0618349496063264,0.049959980976487794
1992-04-11 01:00:00,33.01775377434978,-461.9177582169431,23.97439144271899,1.3748016801503788,0.33828712845489367,-1.433790545902462,-3.713581048361416
1992-04-11 02:00:00,36.430104299577835,-435.74210821876625,20.055384637710016,-0.8942429685427098,1.209466638902967,-1.2946634665778456,-4.001684493585808
1992-04-11 03:00:00,17.624190830917918,-436.0974785026264,15.551340848190069,-3.5432972714073925,1.472796366806789,-0.20338967514928152,-2.057478244453227
1992-04-11 04:00:00,16.908646476117788,-439.867830965416,28.06869540701267,6.357742544520962,4.96693005560176,-2.289782653634818,-0.6642183092865677
1992-04-11 05:00:00,5.936545037731535,-417.43874687488045,31.90069425412753,-1.0726478635313392,3.0768846684412,-0.7503205011014678,0.49668439949323706
1992-04-11 06:00:00,9.157210104306294,-404.9298674448437,24.356763695937662,12.917748723017445,0.9401762922296433,-0.9531764855694839,0.6553586767145967
1992-04-11 07:00:00,19.381104404718105,-426.0864396562594,18.74020323390932,14.803583103192,2.476235633243446,-2.2257227246940126,-0.9168443823460655
1992-04-11 08:00:00,10.908357828255156,-427.4644634150143,10.190317618076149,-11.544770210044218,2.4218225494617154,1.0330846633019353,0.7257771274860966
1992-04-11 09:00:00,3.2913293481626242,-442.5285902902137,24.539476422348184,8.310300144467273,0.4478961395978272,-0.29099748285922106,0.2505807820201993
1992-04-11 10:00:00,15.691568160011244,-451.594026637557,0.30977741696231376,-11.574561852061317,3.002877894002319,1.1355012874017494,-1.2358764381383829
1992-04-11 11:00:00,16.182211146766694,-419.6891766387476,30.468415075174654,0.7163158579838175,2.061940979442515,1.4826861987792945,-1.0263240873190198
1992-04-11 12:00:00,14.194240203991948,-476.6043634359409,11.77577843285311,-5.324915547217532,-1.044844154464419,-1.436483339811406,0.5240835419859053
1992-04-11 13:00:00,18.529498672908808,-468.75726934719927,-5.696708352993784,-3.9048277389758055,-3.5612225971313274,0.8390464565684838,1.7073141151206621
1992-04-11 14:00:00,22.36885196136307,-480.92808118735013,8.465174516412482,-8.430688533973104,-3.0304837276187406,0.28700129719635536,-2.366658784985451
1992-04-11 15:00:00,23.769342835564956,-482.8023392433705,-8.273192961082191,-2.003269399303232,-0.08147420463393466,-0.5996979329291583,-2.494310626952971
1992-04-11 16:00:00,8.755824630275736,-470.897445881543,-1.573026217993187,-5.8113720038107815,-5.08061872955157,-0.5038329704992596,-0.854715690769892
1992-04-11 17:00:00,38.10411376455596,-475.39153214621155,0.3091557505420508,1.2479222648387678,-1.6886973244388355,-1.2683766162669197,-4.4220133098074275
1992-04-11 18:00:00,13.574950252750531,-494.2430972640249,6.18583266614643,-3.362349419909338,0.2835600960541159,1.4051477644408639,-0.3505262880380263
1992-04-11 19:00:00,30.705609561018182,-474.9826005792928,3.9547691462484824,-7.162660678295685,1.4291960492731406,0.9868670056925645,-3.275260479023682
1992-04-11 20:00:00,4.708965878626278,-501.0269055443363,-3.422680425468447,-11.514964538760807,-2.3892910064794735,0.4246320008668141,0.1073023135358876
1992-04-11 21:00:00,2.580669948246074,-480.09784996377425,-6.2666623382694,-1.1821869481934097,-0.5893653998504041,-0.26914356624612273,-0.06372607561073551
1992-04-11 22:00:00,12.646986197789403,-453.23533222359436,3.102871996503118,-3.7793836032607206,-0.7242072180475891,0.1267415484699013,-1.3958774394297806
1992-04-11 23:00:00,3.3577535218973775,-481.9771403592724,-11.945816180159552,-5.554204457443102,-1.7146446329374698,-0.3718927999624853,0.09333290002224282
1992-04-12 00:00:00,16.70044423310271,-463.19839664591876,1.6508419198878257,-3.985596983259069,0.9758319841885079,1.8193563616982948,0.24651685451945993
1992-04-12 01:00:00,16.993202265772158,-436.7158972457962,4.419962874256667,-8.134319398640974,-1.2488650508266272,-1.5923369698001226,-1.1221697392661607
1992-04-12 02:00:00,26.43501110460302,-465.20696258078016,9.948233103738147,13.602394203672393,-0.6061031903852723,-2.484563850760737,-1.4917644312975897
1992-04-12 03:00:00,30.25335644718776,-446.0763670499353,20.8927032718745,13.336346978460867,1.4956012173353406,-1.176792792185883,3.2730815443196404
1992-04-12 04:00:00,9.479665134514923,-447.71290571985566,20.52724807656349,15.038578595844728,2.8818629485772034,0.4070740205466333,0.8329224468249232
1992-04-12 05:00:00,40.1773469640899,-457.23328461290174,28.386213352748104,5.543242594891051,-0.6561334106757555,-4.1913593563610005,1.1814351927470672
1992-04-12 06:00:00,22.80601709426253,-433.9573133527907,31.76516552251058,4.155121509727289,3.802459761269121,-3.070283775947726,0.182263225475087
1992-04-12 07:00:00,20.869641079712697,-454.37645423926335,16.942368418815065,2.7160416307602806,2.1382158693039157,-0.39193726457741,-2.2864630241046013
1992-04-12 08:00:00,18.812218374934666,-420.4031279614666,17.12042429803553,1.5021095575867394,-1.8818345391785405,-2.4307626485250817,-0.3476046821661556
1992-04-12 09:00:00,2.613331662693901,-450.24400779106685,9.66009136213609,6.23813621418193,-2.5951578263770507,-0.2202572356511348,0.1256734769840392
1992-04-12 10:00:00,16.10775858470952,-460.4622677354476,10.968905479509177,0.5846005862476895,2.3362366522079765,-1.849745794160244,-0.26723832552173876
1992-04-12 11:00:00,29.015661917302033,-464.45993216648804,11.350866011666493,15.169990926183706,1.6066702051809167,-3.649430252312402,-0.021784990146656136
1992-04-12 12:00:00,23.417444432458932,-471.7716480965055,10.19174059141106,15.577083747534289,0.5219450027993767,-2.585025496128116,0.34190308062956065
1992-04-12 13:00:00,30.005944818149004,-484.47544767242596,-2.5717755089430154,5.64888265509553,-2.0235373899045612,-2.9281998037799406,-1.5843281826461444
1992-04-12 14:00:00,40.93065440444995,-488.3182390568706,-7.2156953470196985,-7.595448466691879,-2.2945513639891777,-2.7344661755254784,-3.5593164326078064
1992-04-12 15:00:00,33.86891587276375,-504.4157729938794,-8.479678184876516,-0.09861494674554283,0.6371152740838797,-1.2400907237167194,-3.1644420569727307
1992-04-12 16:00:00,19.14690182214614,-508.40794399877217,-4.400238863250523,2.4286099081562114,-2.2549133931026293,2.0244678064770265,-0.11329841110968797
1992-04-12 17:00:00,26.598839583646253,-496.33800156284616,-3.643987782428283,-7.405019060739771,-1.3806065698010144,-0.1733199089722448,-2.6950774347365387
1992-04-12 18:00:00,3.7599401157268106,-537.7033458842077,0.17270266013934688,-5.02805673105496,-1.3819450369795345,0.2273235974816583,-0.27893438506582513
1992-04-12 19:00:00,26.69909353405855,-517.0052286205932,-10.49051127413523,12.062192404883017,0.22894109328937384,-1.4625720209271498,-2.2477630287534986
1992-04-12 20:00:00,7.662240367578276,-502.2032016231414,-1.7627617270757652,-7.487872582291829,-2.236485419281347,0.6580942934401991,0.338679250458481
1992-04-12 21:00:00,13.714227458072507,-492.7570717595951,-11.053508799848938,-4.378863907239769,-0.4054691664527875,0.26851888691630343,-1.5701903271468818
1992-04-12 22:00:00,21.125071628231407,-497.88025885738506,3.841607368989486,4.812481498135492,0.78119686442715,0.0465470324163163,-2.2067196391856125
1992-04-12 23:00:00,42.97570359920048,-482.939246429466,-6.754572136024642,-3.487876692380503,-3.013028960638354,-2.3395677571377775,-4.031165291252229
1992-04-13 00:00:00,6.229140263408327,-482.5843088492453,-6.137588631216898,18.28694940269956,-0.804673225978999,-0.44279956533132736,-0.447958727449203
1992-04-13 01:00:00,17.677028625750374,-497.6346163516851,-0.27117630986029084,9.580661094970914,-1.8217183464945799,1.7747287012632775,0.04899720039715261
1992-04-13 02:00:00,27.45449467023896,-448.57163911536543,21.259240691219887,5.88769032015421,-1.3885287854995312,-2.9281063146304125,0.6479921840561812
1992-04-13 03:00:00,12.207493204903598,-452.7243159385912,14.98988816915926,10.517112349927745,2.7211687952456796,1.1233846647202075,-0.6487206017499558
1992-04-13 04:00:00,22.251963132359997,-466.4120840710046,13.022049852427088,7.145314050605124,-1.8589957864638267,-1.529333216334058,1.850722952977221
1992-04-13 05:00:00,13.307698380740915,-426.9755189805561,13.98841241572887,13.155520645225359,0.03822449685327922,-0.4803284216635402,-1.4836936238037741
1992-04-13 06:00:00,6.845063901920627,-438.0323303949251,7.976793969866485,23.183036082009544,-0.44586885925185715,0.37666310689758686,0.7825104225353035
1992-04-13 07:00:00,17.979648230843974,-458.50622639349604,15.260493395256859,12.887416210128746,2.7364660840955013,-1.9906365147952494,0.40382894430242855
1992-04-13 08:00:00,3.512127191707004,-435.4374065684554,13.690593813281513,5.616030534978387,-2.185982543924137,-0.24961971368254,0.27548538418995716
1992-04-13 09:00:00,16.007958527324405,-448.64187443695874,8.278396344326607,15.92738621944163,0.16789200603062926,-1.2153464670027139,1.3095899151977597
1992-04-13 10:00:00,20.773861145636126,-450.336790912586,17.77878065273248,1.148355704485862,0.7518873864690921,-0.31747596138130285,-2.2886202464314773
1992-04-13 11:00:00,29.810795650488014,-478.94566276131684,-1.1112205268153534,5.13045593254112,-1.2513743600866762,1.3786047671834183,-2.77526901872796
1992-04-13 12:00:00,10.834033213399783,-485.85267205779576,12.27142728137315,11.9807495861926,-0.20320864885447998,0.509652996781794,-1.0821025980023897
1992-04-13 13:00:00,35.024985771321894,-497.43445478255,13.9129232972027,-0.8677753353452768,-1.5947042104654412,-1.3394532599871247,-3.569541585124701
1992-04-13 14:00:00,5.0910894663075235,-500.240520725946,-1.4192248503424212,-6.334148676201062,-0.40005214291210267,0.4230728678509551,-0.28605021139447406
1992-04-13 15:00:00,14.370314433280841,-532.6477337810582,-8.871856754776719,9.569770004176718,-2.0100267612306064,-0.9801753789602771,-0.9741511422195632
1992-04-13 16:00:00,7.205809273780069,-486.16050189092215,-3.2289409235850535,3.841829267081974,0.014921223535504291,0.41987317118144696,-0.6108625340059337
1992-04-13 17:00:00,15.736516667078096,-522.9249699961729,-15.098245976633832,-0.38416143707479744,0.5221749190483174,0.013750528667661022,-1.545547145316031
1992-04-13 18:00:00,21.95312915917299,-497.4111988848335,-12.58829785446212,-2.9750511844559844,-4.469563064738564,1.2130501693075935,-2.10165117533297
1992-04-13 19:00:00,21.327392476332616,-524.021096370581,0.15848238447378904,-1.8304154587725385,-1.8434550484500918,0.12027348954136619,-2.094604095364936
1992-04-13 20:00:00,28.468596389319092,-499.5328969410758,-14.863297112651958,2.4586850390052977,-0.6566875409544294,3.234442893386849,-0.4978417211495818
1992-04-13 21:00:00,20.97390065332989,-514.0845221596572,-4.209725389377331,-2.1904353532720666,0.9861539358086864,-1.0656053155738985,-1.8287264288110832
1992-04-13 22:00:00,23.58230873240905,-489.93630212775065,8.155215377686815,-8.406444922129126,-0.24932666853744057,-1.9862061893610325,1.4382770594836227
1992-04-13 23:00:00,6.405825479865774,-505.98757352606174,4.178520579798055,7.697420673644292,-2.011627684348335,0.563165295521707,0.33818779918186526
1992-04-14 00:00:00,10.44958344189076,-482.59119106081,-9.398390260709082,6.2553951566892,-1.130062143990245,-0.9051454396756088,-0.6111702536796528
1992-04-14 01:00:00,10.529502695004599,-455.53630992492845,32.71491364673686,-0.866021961352966,-2.0014860710629985,1.2031859558053446,-0.4645754458617928
1992-04-14 02:00:00,44.247453689220634,-454.47953310119755,26.320686054786886,12.836524539792219,2.774115534920498,-5.776503046791091,-0.41863715264336115
1992-04-14 03:00:00,10.011685062500277,-448.36927915861077,15.466564398390208,5.816937720626469,-0.3055069242584795,-0.10689406655708972,-1.0887585771481334
1992-04-14 04:00:00,26.326874740039816,-458.433797193649,12.379564202144014,9.398248553814735,1.4812548177221878,-1.5236414244420577,2.8454502886477417
1992-04-14 05:00:00,34.048390248392224,-475.03952287410476,23.555829920839372,6.689274898321061,0.6601064294730876,-3.7297075563253026,-1.301626918560638
1992-04-14 06:00:00,27.42849095946498,-453.8894998571882,37.54646228747618,5.760290504905247,1.3762914387365224,0.41231004507464564,-3.0389948572748793
1992-04-14 07:00:00,19.801077215425277,-448.5673325003031,26.563819755024262,5.2974391107762715,-0.4339388563231611,-1.404407637114946,-1.6740063918215906
1992-04-14 08:00:00,25.690640649189877,-421.1201681041873,12.710292646995683,19.69401164055668,1.2056606163802654,-0.3405755803746468,2.9768416713264467
1992-04-14 09:00:00,4.797486517173153,-438.94688720270676,15.244769532525893,3.8589575077939844,1.1787384829149399,0.357561614624957,-0.3839447929842599
1992-04-14 10:00:00,16.26475648368359,-448.245743776247,16.682120626416694,21.56963632636554,0.8029432829563534,-0.892732332280574,-1.6344882243410792
1992-04-14 11:00:00,29.841769880660852,-468.3050573885845,-8.849569430541504,3.12863255632227,1.8770385650216255,-3.403845510387388,-1.17616322599717
1992-04-14 12:00:00,19.61618036222462,-477.5441586893166,3.620812939069385,5.445785555341873,2.0658592956524395,0.2665110219954309,-2.22924848671133
1992-04-14 13:00:00,11.91495778368254,-464.014016447131,5.443810677794341,-7.206805102464498,1.209606307637689,-0.5146288134544743,-1.1930475402990988
1992-04-14 14:00:00,7.111454842778881,-485.7929100422978,6.911636912080747,-7.905541484600519,-1.5453792797379164,0.582059100267303,-0.49637475126804204
1992-04-14 15:00:00,31.535008710259188,-490.78335823227275,-4.172604805991648,-3.7883787551358297,-0.4606150179360105,-1.3191921956266988,-3.3559369929963343
1992-04-14 16:00:00,16.65436203759881,-461.04319006327046,-6.14072914857214,-11.531024206629821,-2.5062832112501447,-1.512426918475932,-1.0990739047239233
1992-04-14 17:00:00,33.717740219396106,-506.8296946519447,0.42336518697345427,-13.924724903235422,-0.11973617248926294,2.8670081661967304,-1.6883355433945657
1992-04-14 18:00:00,23.223872875107496,-496.65511008300024,-7.343033957797345,-1.4668595703062446,-1.4013049990086772,1.8357041917905657,-1.4251839620875733
1992-04-14 19:00:00,8.620447973864344,-494.5006102407257,-5.891336369319204,-16.279780146466763,0.14547993408599885,0.17242197982600607,0.8595328543646341
1992-04-14 20:00:00,23.866455270808416,-496.925998325364,4.550145203293935,-6.643417535630572,0.4272137261149247,2.376687729112393,0.31925408936440514
1992-04-14 21:00:00,17.81934991880587,-502.9154400464853,5.347635443538742,2.1742048780582577,-2.0281362913986443,0.24088069719133037,-1.9795348174411949
1992-04-14 22:00:00,40.76078652051413,-455.7192387226619,-6.06459056455864,-12.985173027137925,0.735293923425587,-0.9915883431119571,-4.821517950808504
1992-04-14 23:00:00,21.093635651519225,-487.9663711438589,2.159779147250099,-2.7386430473423267,-1.5040843401227666,-1.4626619264861629,-1.5935095940398845
1992-04-15 00:00:00,22.487391358848235,-471.95266518959386,14.701289649729782,-6.937785596708152,0.7398625485435752,1.5264368102200863,-1.8308971615282412
1992-04-15 01:00:00,18.670882348727773,-445.9911400685136,12.622163575303773,9.308944373914047,2.1108669161963847,-1.3589213535483067,-1.8476510156515618
1992-04-15 02:00:00,11.874500464882885,-460.4908398029374,20.736780358215405,2.092563391652793,2.6936768256367953,0.009334892995292172,-1.3845170468091137
1992-04-15 03:00:00,10.291945822366397,-437.2350333108811,16.450647964916445,-0.3883340458103687,3.9682405664883973,-0.3139714148665542,-1.1610046148826687
1992-04-15 04:00:00,17.291770255710475,-433.3293619559515,13.861563380885917,3.729655761039117,1.823307922758431,0.8314391184034194,-1.8152983104463993
1992-04-15 05:00:00,28.88055912559737,-429.3321422354832,22.707602617005843,7.900726765784616,1.1205244691640428,-3.021175938593176,-1.613997016879575
1992-04-15 06:00:00,18.934904664370453,-426.1068811835948,8.395450851052262,12.384064274405011,2.3511268155538447,-0.29285490970500827,-2.2761620466006276
1992-04-15 07:00:00,6.869007018253911,-445.4299703279257,16.424444216272537,14.895596913949053,0.37278732150321536,-0.5207051999572716,-0.5934102667828092
1992-04-15 08:00:00,20.672221045874135,-434.7385520530537,23.40811547690711,13.391312720451856,0.8773555973440802,0.15547401866945496,2.3387639120766246
1992-04-15 09:00:00,20.283329814469248,-411.16103153276197,23.877790542730274,4.878479136852173,4.01843258525476,2.1903576658920345,0.43044780339858024
1992-04-15 10:00:00,22.916361353036372,-418.37558864144546,20.212735891797486,14.115703669337035,-0.10554280894892915,-1.483205481345975,2.2969579932347517
1992-04-15 11:00:00,12.653216650881719,-451.0992289629253,25.42629519107223,-2.842315132222292,1.2015452389267374,0.4296389074289098,-1.3018581817194175
1992-04-15 12:00:00,15.770344968073083,-433.0801301354921,17.581579307298668,-5.719017507557097,0.16767724565204054,0.051158353098238796,-1.8161149898176712
1992-04-15 13:00:00,24.663436546415145,-470.61021614263075,19.609040331974427,-16.454337195468554,-0.7090124272886043,2.737679304460688,-0.043027316754320255
1992-04-15 14:00:00,18.434063972635165,-483.5278215653204,1.783213391327707,3.3943484239002313,0.35333462650045,2.007595665605394,0.0921435133885562
1992-04-15 15:00:00,14.647388511407739,-498.86518195591646,-3.3880472213913135,-19.144421194962348,-0.4895666818218145,1.0881994161872277,-1.113013046109042
1992-04-15 16:00:00,3.174733318204053,-489.4498743077635,-7.350589899439999,-16.978289284326543,-2.95733167326925,0.21327846019806812,-0.29914256046508425
1992-04-15 17:00:00,44.34531047413154,-468.2550945526241,5.185509604523901,-1.6403048139532341,0.32908857564482785,3.1345489365474264,-3.926552297477691
1992-04-15 18:00:00,8.979648802589825,-480.4686365314551,-7.2385978362489,-16.628626843753576,-0.9871048927956494,0.9038298999312832,0.1342466488415217
1992-04-15 19:00:00,17.15171855091759,-449.01420072840136,13.061856959555769,-0.5737248595865676,2.1126449998274666,1.4749500796501915,-1.093798385505659
1992-04-15 20:00:00,11.660059041311625,-457.77595934657194,0.47737186322590297,-16.09108791705221,0.5995127156731491,-1.0641692841337045,0.7206968357100139
1992-04-15 21:00:00,18.596171873701746,-470.34852702373223,-2.6218612226304154,-11.60273284570874,-2.992020644737807,1.7440633493933684,-0.9712374692439747
1992-04-15 22:00:00,13.626547907421827,-461.5839012714663,11.37425246920145,-13.783584662424209,0.5889617884711632,-0.26905924768698175,-1.435714679214004
1992-04-15 23:00:00,13.673384018671493,-453.83698985649454,18.630824679658694,-1.3399485309534964,0.2632227114036675,1.5063112831768102,-0.17133507631792189
1992-04-16 00:00:00,9.695111882205717,-427.3666709839939,-0.5614630474878073,-2.41966259122578,1.2085289965306827,1.0903193866264145,-0.3113123444468756
1992-04-16 01:00:00,26.606195370021684,-439.8995440504348,16.195437577308326,-15.151408692235421,1.8385571993912522,2.6762628265615978,-1.2622604213949116
1992-04-16 02:00:00,19.630680005270307,-426.78932341428134,32.68975306666789,-3.5780312012640243,2.759736210087233,1.9115992745586357,-0.8689566955466266
1992-04-16 03:00:00,5.585926619745938,-430.99183725127267,20.55382623593676,4.22306774251038,2.6203816159686744,-0.7330353203209155,-0.24966919492765483
1992-04-16 04:00:00,9.148713424517986,-395.3405868739166,25.289976704256517,9.675432562161728,4.051616176544068,-1.5427569826768814,-0.19032214968626626
1992-04-16 05:00:00,17.337139063146633,-416.75445328958045,30.477718766355753,3.1494446437641948,2.3397347882547956,-2.1599560935007216,-0.6260316603976325
1992-04-16 06:00:00,14.351616611407687,-419.86509215587574,25.41444798829071,8.249670109178938,1.073331136633473,1.1801700955505032,1.3080166485641207
1992-04-16 07:00:00,18.740736971352558,-433.724859703413,34.26015354863185,-3.286861158510691,1.6784869158874005,-2.2772257880341704,0.4955347506825327
1992-04-16 08:00:00,8.334284860518514,-399.1726122498022,24.539406087196486,-5.7857582964246195,1.551390669665548,-0.6077065723953965,-0.884894394342275
1992-04-16 09:00:00,29.828216939842072,-427.00413972316136,21.37868892573637,-12.552526958148047,2.9968879649008113,-1.497978214271177,-3.3771790057238826
1992-04-16 10:00:00,2.7991061412944864,-425.2146108794656,18.73834925001902,3.789675375079348,1.6951837975731365,0.056802889295656356,-0.3164893145114893
1992-04-16 11:00:00,12.556450155520823,-437.42175211642393,14.833996385618649,-11.22424285772035,3.9410908809996665,0.36694801852150427,1.4450088333029565
1992-04-16 12:00:00,9.277601475943122,-441.5998808042026,-5.504208401552207,-7.3748716328918915,2.079935636835605,0.8129970242864343,-0.6606015792725728
1992-04-16 13:00:00,20.970615428730692,-476.09445951751826,1.4488285746480116,-8.109744343999399,0.3776565044276475,-1.4700902055673737,1.6472239861759397
1992-04-16 14:00:00,4.7963364523937395,-465.23594175199605,-1.6713927928348626,-3.24815088419357,-0.5518409459168191,-0.355431404956407,-0.37906690002398946
1992-04-16 15:00:00,37.95182843755581,-475.8913240763861,4.4349852153242715,-5.727573768271978,-0.6749866905934929,1.9313084588362137,-4.172057078534705
1992-04-16 16:00:00,23.10665882991765,-431.7749394679466,-0.3566027453702203,1.0460967350228474,1.5543185873653138,2.562809926049893,-1.4471099048026992
1992-04-16 17:00:00,27.029911916090498,-447.2453158191902,9.26658375231967,-7.397791137016348,0.7056371688578882,3.162860234819271,-0.4657588994434372
1992-04-16 18:00:00,16.109778884013142,-461.8205217375952,2.442195175103759,-16.97390537657042,1.10291215081522,-1.6563416964018378,0.6509969063482505
1992-04-16 19:00:00,28.644827882529228,-430.0811285480415,4.974207862851136,-14.232685700272096,1.4080361396743815,2.2702164950677277,-2.641982418611825
1992-04-16 20:00:00,18.104233209118174,-445.17591707566527,2.1036299908347376,-18.557346249712545,-0.4474859135881284,0.9319597072224393,-2.0410897105405974
1992-04-16 21:00:00,22.348065961776616,-479.8429010797376,20.721911912094996,-5.615313984713164,0.7716299891845841,1.4587872465897322,-1.7778166144933358
1992-04-16 22:00:00,19.185830317899118,-472.8912641603236,8.982650446980315,-8.567749553065678,-0.9914755452788332,0.054722125220201034,-2.3530948864213004
1992-04-16 23:00:00,19.509784165113935,-442.5944344149082,18.09228348805776,-16.21119315923313,0.8107735909242983,1.7885760390131766,-1.4404849055482698
1992-04-17 00:00:00,9.337249086156346,-440.1766044590358,15.557672352512483,4.566932225550661,0.30703491051295995,0.746901100163624,-0.7445232729694612
1992-04-17 01:00:00,18.64223318796908,-428.53886399938807,21.77061402467953,-8.644555728053666,-0.9156831753399988,1.7771060943456434,-1.335691629962397
1992-04-17 02:00:00,17.069578235888947,-437.1606518242766,30.91200690995879,0.2993937394015118,1.9758799357423846,-2.19579798771034,-0.7805185600133246
1992-04-17 03:00:00,30.549633831369267,-391.03034346621706,43.88412369018767,3.1843299764325126,2.85396110387435,3.1562081042719097,-1.7900976040962489
1992-04-17 04:00:00,25.850189213499025,-419.4214556005629,18.347210548630585,2.3059710555547124,2.913344440518876,-2.781777231054229,1.5644577304146108
1992-04-17 05:00:00,12.606646165193068,-394.6405927320162,26.927110482434205,6.846634847360367,3.62878267073796,0.14381686795007742,-1.6074165719783609
1992-04-17 06:00:00,24.39780759725302,-388.8362561790895,20.6278771870514,2.952661031540222,0.7554480295383109,-1.703024141632738,-2.879451455073498
1992-04-17 07:00:00,2.887353343222963,-420.79332083820213,34.2113728817928,11.403339649966519,3.4997438613193808,-0.5204204124164029,-0.3435874584230496
1992-04-17 08:00:00,23.270255412696184,-406.663714597048,20.215815015537306,-0.23816090086642738,1.2331546219620937,-2.931572557576597,-0.6110516198379512
1992-04-17 09:00:00,26.28338018269712,-396.6140073815926,35.8879243430744,2.044168968215198,3.861672426509348,0.6915131903978379,3.205608308913291
1992-04-17 10:00:00,26.905142780692646,-405.2759036231817,15.201618371485772,-1.1648611766898629,2.620074795617328,1.680300455740687,-2.914344157891959
1992-04-17 11:00:00,25.26031248221226,-423.59377011044694,36.6937463219998,-6.041529668875346,-0.5859450660014747,-2.9522825928143144,-0.6591897105703707
1992-04-17 12:00:00,11.874660932903666,-436.5097817843528,18.918202897732563,-11.229294037566806,-0.3320947052426534,-0.5659442251018396,1.2788092693822515
1992-04-17 13:00:00,2.1700314307263127,-450.08815040511814,10.637865993155378,-3.7323967571827055,-1.2404798771171346,0.029118399460799582,-0.25128674602507484
1992-04-17 14:00:00,4.401824999411001,-439.9678873757836,7.575051351243411,-12.213321132244753,1.7149891958711296,0.4657138710656338,0.11657784521289838
1992-04-17 15:00:00,24.171057169750863,-457.00157962941324,-7.71858944781799,-16.749602308823974,-2.054869897185034,1.5760043581384489,-2.1705978367289975
1992-04-17 16:00:00,16.02582760564462,-469.24133418581334,-9.661370535550033,-12.623996459524047,2.6236748418718956,0.3374146284814445,-1.6128360330350473
1992-04-17 17:00:00,10.123291558311923,-481.8374547975192,0.5734958688638851,-21.84018093833619,0.34665173151126205,0.7510629408428637,-0.7175734798206184
1992-04-17 18:00:00,14.90131151385327,-496.53600656975607,6.466843041283424,-29.057077070755373,-1.2474277971431245,1.3646854903985348,-0.7274746159611756
1992-04-17 19:00:00,10.022737955829696,-478.4620646671107,-0.8429270509138611,-18.804251210877233,3.2025197694513037,0.07694848002060733,-1.0519571703281267
1992-04-17 20:00:00,10.632705463137201,-445.5261140806301,6.5811227293172205,-25.59959504907063,-1.040936438723073,-1.0300915296894302,-0.6309588783813931
1992-04-17 21:00:00,15.90521895106747,-476.5292194360737,5.4540352265372425,-18.667896112295857,0.32349505514679777,0.8164810563426182,-1.4406527515933085
1992-04-17 22:00:00,31.286953831254046,-473.2146997010166,-3.3306187345981835,1.4614975286346024,-2.0476443264264272,2.776699997242003,-1.8869550662426677
1992-04-17 23:00:00,32.624634954951595,-460.6391355867254,-4.490657511935168,-2.605603968461575,-0.2222157121700234,3.348226820728785,-1.4918114626453782
1992-04-18 00:00:00,28.101667380536036,-453.047340765148,6.386461332022714,-13.574812244245878,4.894584044608036,0.9406230785865499,-3.1082896837080236
1992-04-18 01:00:00,7.653089257803258,-450.9901980618861,-1.4791163070023772,-6.946606873704351,0.1634891436065133,-0.7951999212280286,0.5297174139098676
1992-04-18 02:00:00,5.155908275408369,-426.29514589784264,29.309309266175998,-9.84517418190847,-2.083864283998216,0.5612237397341963,0.4097016693018686
1992-04-18 03:00:00,10.42652290561946,-425.5602697662772,18.7122507249985,5.561740163422265,0.39124258350972774,-0.3125087447383119,1.1824726199959739
1992-04-18 04:00:00,7.7588191510031,-408.56656479152593,26.339006439204134,16.93014461798855,3.212437941066222,-0.8977123096894841,0.5147090108753901
1992-04-18 05:00:00,3.56113307154042,-415.0395557813304,26.850522153807248,-2.3330076680970193,1.6513229545515151,-0.4923253498861949,0.1972836765827276
1992-04-18 06:00:00,7.894898415979693,-420.96474933122545,31.57504476102711,8.54621913050945,3.3864127914096263,-1.102592048845571,0.32748434022792494
1992-04-18 07:00:00,15.06147817665058,-457.02823363165254,32.459041367035354,13.975241881299835,3.266944683822837,-1.833225588490098,0.5217654856185779
1992-04-18 08:00:00,15.047358734926258,-426.29283167532236,29.865097783516198,9.515414845373765,0.4955978059358323,1.5127871265303756,-1.0335366068430787
1992-04-18 09:00:00,39.864724419281465,-444.6279139589883,23.410814338996722,5.5416063184416675,1.902035664224916,-5.000809050109567,0.7156272479411137
1992-04-18 10:00:00,26.35694580349202,-425.6401955738678,19.952736345757064,1.0075529780136059,0.58046371435873,-1.2519889088746787,-2.841992810798902
1992-04-18 11:00:00,15.052761499626554,-448.61144057117343,9.495990345593768,6.908338342241275,3.096294763405385,-0.8645964841919355,1.4268743480745383
1992-04-18 12:00:00,28.93203164664381,-469.60795036056527,4.285822692737295,4.1449694936687855,1.005697372859868,3.0680786462814535,-0.1460803594180582
1992-04-18 13:00:00,28.61489905902975,-474.78690110216473,11.792995166322411,-19.27718075088839,-1.7918485051712085,-0.3909689170127301,-3.428154729010795
1992-04-18 14:00:00,37.507036821906475,-492.640903680935,9.940227979906084,-15.65301506539768,2.2773891893929505,3.746761733639068,-2.121297675139818
1992-04-18 15:00:00,17.72997462816991,-489.7518624401456,-16.325985593346864,-1.8971170632846253,-0.08910259217291289,1.739534831248534,-0.8558487224957807
1992-04-18 16:00:00,23.563171289582627,-482.3106453956296,-1.3922182512317705,-6.3386684499279315,-1.5580677418648063,0.9902248934384396,-2.565139922897561
1992-04-18 17:00:00,8.775652128577391,-473.08966263465027,1.2389923991509528,-5.9684769034237215,-2.2659312864116465,0.7876160263294416,0.6325418282220928
1992-04-18 18:00:00,17.58855202469766,-484.77127741133705,-6.439802016341552,1.4326492006145621,-1.2314775696361073,1.4811169960230481,-0.9395381577181093
1992-04-18 19:00:00,14.205810396030845,-480.1673923463298,-13.792451393294767,-9.252738352163115,-0.5120946655144943,1.4591324767518825,0.11411257775660189
1992-04-18 20:00:00,29.453977475774675,-476.6928767136655,10.294516031861292,1.5675684171821145,0.4685617763892088,0.6712783753841725,-3.27348012011248
1992-04-18 21:00:00,22.423547585183247,-490.7947731211027,-10.232201120757848,-4.570321085243381,-0.6177805424395353,-1.3266116630481215,-1.8744238136384737
1992-04-18 22:00:00,23.67105310277339,-458.5774672879476,23.909937221098964,9.741145062806014,-2.8069433115258198,1.2045330680577755,-2.2899260287134773
1992-04-18 23:00:00,33.23073633754739,-494.0314665072312,-3.9097373002879534,-7.610110480913841,0.4109611718421688,-3.405432187424099,-1.4033922536153727
1992-04-19 00:00:00,46.82909663295542,-464.98028280951905,3.7850207914458878,7.792405219067721,1.1002048148146732,-4.049882904247888,-3.5606838689266813
1992-04-19 01:00:00,36.17733354616422,-467.60224185810387,19.888315216566333,4.269133352037514,-0.07518035815853241,-2.0129733530597664,-3.388985524707855
1992-04-19 02:00:00,17.97099674750452,-482.6366665241877,19.16922066412332,0.47575721347142474,2.8719243103604786,-1.9739770351584722,-0.08559986027971889
1992-04-19 03:00:00,11.496333325652278,-422.85907756618354,16.974740495705113,-2.8439308493359237,-0.36126143179282444,1.2892387179434115,-0.47443774282905843
1992-04-19 04:00:00,21.063646724248294,-473.5941852464974,20.25232428971972,33.93501838529048,0.5068820901476938,-2.1817885284247103,-0.547757405292028
1992-04-19 05:00:00,26.825905573933067,-430.85448697328576,32.546676116065186,7.596527623680036,-0.09540223847761964,3.4257380256409657,0.5680901921080581
1992-04-19 06:00:00,12.190192459077512,-413.8592529013167,16.762335455052888,11.676109568232508,-0.05725118804706558,-1.0519974329751112,1.0274396137316266
1992-04-19 07:00:00,23.447679811531298,-445.4008877964656,16.69139442679892,10.262725237621185,2.709534315641402,-2.4474170194773235,1.0796815036233198
1992-04-19 08:00:00,27.87250738500717,-447.63008798788513,25.658757000783588,16.668616281255538,1.7253039152207361,-3.2008550148255397,-0.31014410947820914
1992-04-19 09:00:00,25.669077053112105,-479.64924860527157,30.64856423031319,7.0477728466049445,3.9551099846800613,-2.3477573155477605,-1.81421723512802
1992-04-19 10:00:00,6.472211087919105,-461.65940770431894,9.977484503734878,11.811131434415437,0.10592436547002515,0.2252309717432946,-0.6654250288418454
1992-04-19 11:00:00,6.264593661737382,-443.89389010630157,7.680560840219566,2.2745346361063326,-1.6030524916834104,0.33104357036793086,0.6452734777656246
1992-04-19 12:00:00,12.261686893991914,-481.76667705325946,1.035328646877713,0.43707468385220105,-2.259278527272595,0.9346640598129916,-0.8667977992011973
1992-04-19 13:00:00,12.311670842311742,-496.67457055480867,-1.9717756511825977,-9.86393261706979,-1.6923947286444014,-1.1688636791617646,0.39643843830419234
1992-04-19 14:00:00,32.522170357221725,-524.4162652123584,-10.720127198189571,-5.1193607674975175,-2.684491080468628,-2.8886174714805573,-1.8048700784582778
1992-04-19 15:00:00,16.960662948086185,-477.07032525994896,-10.835104358377208,-4.671566274636908,-2.2044281319366235,-1.3718616255347582,-1.3561855315560187
1992-04-19 16:00:00,43.7742648114029,-495.39279130475927,-13.065605644232726,4.850089912519256,-2.167109185276748,-0.35945463859614146,-4.791149720306583
1992-04-19 17:00:00,8.967276640337998,-509.39912118866533,0.19166153180104395,-5.139225897844681,-0.9868436652056124,-0.8697037194776883,0.12275892769361085
1992-04-19 18:00:00,17.627312463886692,-490.5556272197341,-2.2253012580768026,-2.769552021067568,-1.1968427540260866,0.7638997658049452,-1.7376378899608307
1992-04-19 19:00:00,15.127358984996231,-513.5081137982913,-7.552460157969583,10.314226350378153,-1.956357743537851,-1.4570104719279708,-0.31923665236334575
1992-04-19 20:00:00,36.27183403959802,-507.92765671208633,-18.358551370977104,-13.537781942354375,0.7092152692818524,0.6426316315668394,-3.642317152215301
1992-04-19 21:00:00,16.065551572706553,-466.6399319355481,-0.32575200973795404,3.927988618813508,0.22385612263505195,-0.16423778900575592,-1.715422325210429
1992-04-19 22:00:00,31.094237702866444,-505.875214060736,-10.700181059198835,-8.313713929353453,-2.8314688722376324,-2.252504484905154,-2.780040000636493
1992-04-19 23:00:00,18.000771177942443,-480.95603410906955,3.0179627312068256,-1.4522600512215567,-0.6408248410446351,-1.5021876091988733,-1.4458761548082806
1992-04-20 00:00:00,17.178239066310315,-474.29940468281404,8.332077918178001,12.28451601661525,0.6085617190617341,-1.848242749204277,-0.5040821542438376
1992-04-20 01:00:00,28.10780607238298,-468.59426094034234,-2.7706443859274676,21.98392298601477,0.670667014822111,1.8975692429635171,-2.7263512215748857
1992-04-20 02:00:00,12.140040056815014,-462.880069483386,7.468537543440135,4.831773300999565,-0.9296150296289675,0.7164266943319274,-1.098008971964044
1992-04-20 03:00:00,18.249939612236293,-476.48134240304876,17.430404686537308,9.49286782567903,-0.7838343826873407,-0.17587621544459386,1.9249653981076134
1992-04-20 04:00:00,15.476664656202477,-454.37517670966724,25.81561750667123,7.745059564494805,0.46161466868773804,-1.4628034581689415,0.9036582884557742
1992-04-20 05:00:00,13.534930795245584,-452.91513586798186,11.584558092315659,-5.395962896988412,0.8314134668267416,-0.7686621076178264,1.4051746018637252
1992-04-20 06:00:00,23.694507608247555,-458.22584257327384,8.506511297895509,26.005690471835635,2.879153561578457,-0.6650290446141659,-2.774993612689053
1992-04-20 07:00:00,27.435804270555597,-461.7157707881982,8.028630482113726,14.495279558713388,1.9023550500219728,-3.2287001812912566,0.22482136347463966
1992-04-20 08:00:00,26.904028233514556,-467.2266472287872,5.167147069209306,21.070954678642554,1.932318372390548,-2.8337081869819976,0.5147403714448767
1992-04-20 09:00:00,18.396103643879208,-468.9704069660272,17.869579303161473,7.932666281124386,0.4224622684930204,-0.1340416126648607,-2.006096049153667
1992-04-20 10:00:00,42.38938470107353,-456.8158010606879,0.5289682487171774,8.387030772268472,0.4612963571728992,-4.593642182929781,-1.2945809135892077
1992-04-20 11:00:00,18.820000050215267,-469.47225986051916,2.4875203844414715,1.8937734903186132,0.9218597628701255,-1.420457136463426,-1.4227616844113573
1992-04-20 12:00:00,14.889795235128085,-452.8576551905899,6.69661464666849,4.586610489631601,-0.6692773234711284,0.3114511522775899,-1.6090850361368862
1992-04-20 13:00:00,20.248661087194684,-476.0961394062584,-8.820278078626668,-3.36705720471046,0.2885105686181155,1.9013550358110582,-0.960405905023362
1992-04-20 14:00:00,32.773786022838614,-501.10866391120754,-3.601399228025697,-15.66606842149352,0.25976244679227734,1.8259457986643994,-3.133698887707484
1992-04-20 15:00:00,24.520798427647357,-506.382080133537,-6.753140487617215,-5.212657430926339,0.3235571697837627,2.1819026840029063,-1.2846050805354365
1992-04-20 16:00:00,25.537319414624594,-505.3307741693402,-5.141605475234527,-12.86767468670026,-1.9140363546411512,-2.638891436166563,-0.7064257672087887
1992-04-20 17:00:00,9.872319649426831,-510.595381583671,-9.168581932543209,-14.227111508556199,-1.3162308020013374,-0.10625963833527097,-0.999767064287864
1992-04-20 18:00:00,28.50657471442539,-506.00656006594033,-3.720741181981487,-10.910444169395648,-5.037680631813843,-2.8178584152221156,-0.8832223778552903
1992-04-20 19:00:00,14.084361699045239,-475.44471328007427,0.7121359280933746,-9.141181896364756,-1.474461541715095,1.4830891308173766,-0.03670498319045301
1992-04-20 20:00:00,18.772063255776455,-503.3668406214325,-0.38342114792268855,6.474873321708478,-1.2595465746576924,-1.3811841219355836,-1.2374133453595126
1992-04-20 21:00:00,17.30124704693698,-493.8914880949373,-7.51432753803515,-10.136231985010054,-1.7580097976092226,-0.36376772239984256,1.6823952988815363
1992-04-20 22:00:00,22.058315950777764,-507.1019237791914,-1.6329092961888172,3.3066654950506678,-2.4870356446094157,1.0450102261292948,1.9191998643043604
1992-04-20 23:00:00,26.293526473995207,-503.9835768177393,2.9101521863560844,-1.1277063895350112,-0.7493292034888135,1.8367263598987216,-2.037922025320958
1992-04-21 00:00:00,17.2494095676324,-475.257212693632,9.65736622832689,4.584099258055148,-2.6609569466464316,-0.8325004233777955,-1.6081245529176922
1992-04-21 01:00:00,16.477572883085635,-471.16790856003297,0.44014791737926906,9.902379975672805,-0.498298767315908,0.2890586789999061,-1.7141188881390574
1992-04-21 02:00:00,10.542145248013187,-454.1440493498587,10.741202223785573,-0.4244003517490391,1.6709417647514049,0.9355069300583667,-0.6279305985407316
1992-04-21 03:00:00,24.228313369552488,-430.06648312489443,17.64901231572206,10.596205690050052,-2.3762270800874776,0.243270497668982,-2.7519747720409744
1992-04-21 04:00:00,11.260691063094033,-452.74445957253243,32.082103066604176,17.144429763618625,0.2890651334209847,-1.0277598697186827,0.712894285855494
1992-04-21 05:00:00,28.12102668786011,-451.7133431844405,21.372613069909182,8.664950329925656,2.205915616277617,-2.9170582541711654,1.979391636111333
1992-04-21 06:00:00,3.1078556903974563,-425.1652702117078,9.928343392403256,15.640671703333489,1.999072493493587,-0.15990183164060018,0.2737519452898495
1992-04-21 07:00:00,23.244207470546137,-446.8338535044556,24.676309942849052,11.772844282518523,-0.8054826947164739,0.7922573642815078,2.6977779291813633
1992-04-21 08:00:00,5.99424784464486,-441.7197706913848,30.46898156173523,6.489779151941265,0.7604938718333327,0.32584513634000867,0.5511099473963156
1992-04-21 09:00:00,23.493685164188523,-448.3276786954266,2.006479843526768,11.670496045314126,-1.1136536418027165,-0.4179191097510346,-2.678987752214687
1992-04-21 10:00:00,12.884398581465517,-423.9980978542026,7.958762190579495,-12.857384905696335,1.0327341860397108,-1.4833383385318386,-0.3720407616374158
1992-04-21 11:00:00,17.45414397770972,-483.99770303333753,-3.8746113753493607,-2.5468112674772554,-0.016778271669684763,-1.524076580917369,0.9635524982691395
1992-04-21 12:00:00,4.899764401927048,-478.17264645845916,7.811232627320349,-3.2270746127517453,-0.7441639593800543,-0.44825452680664624,0.21973645061552893
1992-04-21 13:00:00,6.58174698487493,-463.2031344005606,8.066187911931683,-10.430119395126702,1.7201173555009368,0.6086404883379892,-0.27250751101411796
1992-04-21 14:00:00,29.871427568179655,-462.0612322422672,5.692091806623011,-10.197631858980923,-0.820489852441534,3.1139994738884487,1.803398167362635
1992-04-21 15:00:00,1.1317490743950982,-500.38579324342277,1.19003336122285,-8.174679273859255,-2.514414084891707,0.09687003638911154,0.026191403817668824
1992-04-21 16:00:00,5.205910591473246,-471.3376220329472,-8.972925116346547,-9.35362924448292,-0.029465633856197493,-0.1392034658763151,0.5338211760501308
1992-04-21 17:00:00,27.998931928678264,-498.274559109057,9.508119608896621,-7.593183784510751,-0.24306070477718406,-0.0722500783126129,-2.8117066855755746
1992-04-21 18:00:00,7.178842122967291,-502.35917246473605,-4.568191481199333,-4.656633715533045,-0.4334852325722637,0.7205957363492377,-0.3092132048353099
1992-04-21 19:00:00,28.245910379121824,-499.1208122770795,4.703811041362989,-8.301596104226498,-1.115555879888644,0.8665710779583603,-2.77723989025857
1992-04-21 20:00:00,36.95964829620384,-480.55205518003953,10.010068269860433,-11.573242007187716,-0.3185347775364706,-4.284482455161609,-1.0303911404872628
1992-04-21 21:00:00,1.0737213903582876,-472.98035295019935,2.2336247157608513,5.215718341835845,-3.015005232545604,0.06782606726681278,0.13330709210054892
1992-04-21 22:00:00,21.14620608364129,-486.32001134716575,-8.664452566008325,4.682351271479836,-1.753651780780905,2.283301058429394,0.22983894136971283
1992-04-21 23:00:00,18.636716413396126,-462.09924012556445,13.375871663141213,-0.9243879716869943,-2.0451923742886438,0.8973525815075887,-1.8623335828297485
1992-04-22 00:00:00,9.892385948545106,-462.3691236793698,11.98455214706851,-5.015448863972333,-0.8093380064529296,-0.795796420250678,-0.8399552220976529
1992-04-22 01:00:00,11.074959681928451,-465.8928819225999,18.929202024139958,-1.7170225766907388,1.2991235634698972,1.0180331042083512,-0.6845519800425961
1992-04-22 02:00:00,28.179801688464654,-414.6985475184941,14.626273295248298,9.452202868192057,0.8805114033114846,-2.3092846412331456,-2.5404185097639838
1992-04-22 03:00:00,25.173061842329968,-447.5361464043938,7.2145731900373855,19.012224808559402,0.530143246186007,0.7000375685320458,-3.2302149766508874
1992-04-22 04:00:00,15.92391662841972,-425.88669829998304,16.16888713507349,13.310328557398615,3.053260133827175,-1.1478372326631332,-1.9098774932505294
1992-04-22 05:00:00,25.810160796325714,-441.17114185327296,25.54880109625547,5.159849835685391,1.488233450294597,-1.5303830344986058,2.52112666356234
1992-04-22 06:00:00,1.8520622827775393,-428.4822044928834,18.79575501922799,3.9367765187323283,-0.0496282805886821,0.19418906058667298,0.09961276731796986
1992-04-22 07:00:00,33.87965212398231,-420.8945879441447,20.32108840942496,7.406769362440214,1.344878411996678,-4.194320942410491,-0.10396693730268214
1992-04-22 08:00:00,19.572622011049727,-422.1040379668053,11.146753812888972,-3.7471592960923714,1.8516666891880047,0.23100261771306807,2.317070543948477
1992-04-22 09:00:00,12.099345716425242,-443.8742665766758,31.165043494656974,1.1644331922351951,1.5583670848107587,-0.4700795780436474,-1.5412139687570408
1992-04-22 10:00:00,11.174739273580036,-435.9194678556365,22.31434012632544,-3.264929837577742,1.4249330595621148,-1.197559042080264,0.5471037615397822
1992-04-22 11:00:00,23.988591743719205,-435.32677447004164,5.839593427354126,1.2927837403924787,1.4644531445600828,2.722413973469637,-0.805331123959825
1992-04-22 12:00:00,17.39272574779754,-425.26870832628424,10.989388693645356,-6.222908365505887,0.9165309736000569,-1.630932564093162,-1.462741151908412
1992-04-22 13:00:00,32.522808636131224,-442.68060442303295,12.019068398675891,-3.1577607690270586,-0.18801584555702933,3.807220635011605,-1.4943120974132316
1992-04-22 14:00:00,14.457773232012862,-445.16982003236586,10.947621736462573,-5.561639718369571,-0.09309824884197815,1.6103397974498648,-0.22666006396913252
1992-04-22 15:00:00,26.547720203405625,-457.20464429386885,-3.882530541173895,-14.306217070509085,-1.2973129282315843,2.7535337361386696,-0.9222804768489541
1992-04-22 16:00:00,22.68895718749236,-480.77294194495363,4.115790925772526,-5.356775803265005,1.917579001684585,1.3938489856591396,-1.9810123345837036
1992-04-22 17:00:00,25.455125893770788,-478.0386056877623,3.6197732019433504,-10.464292226680485,-0.2668524963690835,1.4510062348635415,-2.2394233807989092
1992-04-22 18:00:00,29.687751662759357,-459.84975238733267,-7.79419703646739,-11.664881591919514,-0.7018245048475238,3.014411752025718,-2.2472747478217023
1992-04-22 19:00:00,17.663473335075416,-482.1494574375963,-3.468793913863775,-29.34759653569313,1.379548758042553,1.3562053862802168,1.3239212795684598
1992-04-22 20:00:00,19.886659337229776,-485.10827441068415,-1.3802282924356932,-9.062571530052283,-4.005740413635241,-1.5730395691022758,-1.4133151943695226
1992-04-22 21:00:00,27.719910757484772,-463.51165402736234,-0.47347765567676703,-1.4305872663388888,1.9706470737472217,1.8208422155524409,-2.689560525704341
1992-04-22 22:00:00,15.660768646778996,-483.38347889132456,4.964825281346922,-5.081960567959253,-0.09766320184519928,1.0687729552812075,-1.3338599357302305
1992-04-22 23:00:00,15.201548153448293,-460.05027433010156,14.851868523865887,-8.28642213209702,-0.5565285174083616,1.0489163951401173,-1.3008559297048605
1992-04-23 00:00:00,18.34857969144727,-457.1697572891508,8.324889782933681,-4.221615618943829,-1.3049165584878555,2.0108696633006713,0.2671115783314012
1992-04-23 01:00:00,4.567817249964679,-438.12962050286416,0.9532732886767334,4.027825380848981,-2.8497015611297734,0.3541398383565485,0.41436248772824136
1992-04-23 02:00:00,14.617541395088008,-404.50302400052306,36.013571341014305,-1.0804167359225718,-1.2363425146175688,-1.6526548035085857,0.40735241328716765
1992-04-23 03:00:00,10.687311371698886,-382.68508937854375,23.48269269326424,-3.184454758093932,5.023462950118107,-0.51861419847748,-1.3359206399002603
1992-04-23 04:00:00,3.894286514784702,-403.44397543856644,7.856150119890361,5.9266865392397055,1.13008640679107,-0.293396177843086,0.3823238363252571
1992-04-23 05:00:00,12.430688997568648,-423.22346052440327,28.79674455558105,-6.193987327579896,0.4217790297835615,0.45278533297790713,-1.3784863685226587
1992-04-23 06:00:00,23.782195971263516,-396.35003160088814,21.828314587269894,6.252931659527368,0.40276586627391264,-2.979445298821676,-0.5114687571554276
1992-04-23 07:00:00,17.778768729900435,-401.72365357919267,26.932226158511625,3.076670040710246,0.6020601565177709,-2.2209820499357926,0.39418672530107546
1992-04-23 08:00:00,29.244495363145596,-419.7546511507144,22.492133721774042,-1.4485680848730444,-0.6152379349855296,1.1777951308512755,3.490578413303225
1992-04-23 09:00:00,13.970041706670015,-401.939539669248,15.25457778294454,2.777940008685529,1.2039307347164727,-1.7215878225735755,0.4505705975862293
1992-04-23 10:00:00,5.261563986988139,-428.3316146823761,17.105115519390342,7.923241186016607,2.8031187703212885,-0.19680936981215347,-0.6597289454633106
1992-04-23 11:00:00,11.375264382560712,-436.81253312901214,20.907113127070403,-8.878239807728303,3.190304306250821,-1.4003765658070848,-0.30508141518811327
1992-04-23 12:00:00,12.469879588214674,-434.7990188382402,20.77591964325434,-9.332083667029615,2.46442779392095,-0.9376098486339506,-1.12129263967607
1992-04-23 13:00:00,5.1423231181235245,-432.93813815034946,6.638276833247608,-3.6366214075141516,-0.7394196800019897,0.42913303248518203,0.43268421766547827
1992-04-23 14:00:00,12.664954262222547,-455.96582197761006,8.801919767319657,7.196120540666416,2.555539318825158,0.8835466297796692,-1.0685937243024743
1992-04-23 15:00:00,29.115492691704898,-451.1941996697856,10.072442181209096,-11.153355345137392,-1.3227940493851915,2.4628848557563114,-2.670034583045436
1992-04-23 16:00:00,20.659754861830955,-488.6173270437583,17.548573969424027,-9.566436366037241,-0.9384060394312815,2.392632560054074,-0.5544956560653848
1992-04-23 17:00:00,35.468103061263506,-459.7699175670829,7.603025003713626,-1.360903162408464,1.314668118898959,1.816666778667912,-3.882744853691768
1992-04-23 18:00:00,2.3385420882974657,-472.3198984250594,-3.230632242105738,-19.833369486849033,0.4552408434779375,-0.1971261909134051,-0.1262608923532974
1992-04-23 19:00:00,30.082943045559503,-471.89719443536495,7.178170692798945,-26.318706565123513,2.338209564974048,3.0373430408177278,-1.358454754732838
1992-04-23 20:00:00,32.728181821879964,-498.9973224345169,17.082182058654563,-13.831994582658314,0.8285743374044983,2.9327751826875916,1.4974260123070264
1992-04-23 21:00:00,26.59783097934328,-478.2244729902022,-2.5130994787346754,-15.387114376752415,2.706459163469283,2.7589744281041995,-1.1580279196533279
1992-04-23 22:00:00,9.911941032286032,-476.6133333394682,21.364367906109013,-20.39180075926215,1.227642429534189,0.8777451753358317,-0.5766141560508811
1992-04-23 23:00:00,18.580946276571886,-434.2138669878684,7.304561155188754,-23.52858432970484,1.5757446596617037,0.6701760569773415,-2.092393457574349
1992-04-24 00:00:00,30.548534316289736,-449.3995334065844,8.262948920905002,-8.799809375121477,1.0737021417208816,2.004101475720935,-3.1418633527337727
1992-04-24 01:00:00,17.18631344223498,-423.75909409582533,17.34941633672933,-0.8002423346403473,3.0941193525058095,2.150192883404805,0.01961130830339375
1992-04-24 02:00:00,24.021684227397685,-411.002831276835,13.491953764221472,-12.803137475878863,2.2116696091641237,1.0360793192572322,3.0308068017026883
1992-04-24 03:00:00,19.645594970960587,-423.1101320289493,22.928903340952033,0.23376968835127965,-0.43751948923196715,0.9141971476704955,-2.140586453384148
1992-04-24 04:00:00,23.85729234081248,-425.79383550591785,19.58028272861033,4.793115313367168,3.4221080574476392,2.0162205301343405,-1.8091605284201036
1992-04-24 05:00:00,34.52314967585621,-389.44549386225566,30.390874348486392,-6.910744293819908,4.420532134736395,-1.0043835597444377,-4.290368901810159
1992-04-24 06:00:00,17.556151868872767,-402.96216439414377,43.435947713321504,-3.615761379547463,0.5785617596127051,-1.6999097450470235,1.9022354805768533
1992-04-24 07:00:00,6.235755274752044,-426.68037015462784,24.6189814083684,7.597481419023033,2.162180040898096,-0.54611036474144,0.5570438919272301
1992-04-24 08:00:00,6.510313786939973,-404.3770706797785,29.537000266840185,-2.4059529632563335,3.1101430879880994,-0.974917174933311,-0.2784664010630651
1992-04-24 09:00:00,17.455155054322827,-426.7436607244597,16.501506248138057,-8.383869059388752,3.359140645239738,1.0167310069620779,1.7572039391282623
1992-04-24 10:00:00,8.261575238251933,-416.457566682745,33.255703857074934,-1.955196604864594,-0.2715900414637207,0.9908553222948002,-0.21199386116875985
1992-04-24 11:00:00,25.44986511377499,-418.65868878852064,8.105759469656409,-4.73864691187223,0.505071397683351,2.741609348526578,-1.5446421481115735
1992-04-24 12:00:00,24.949198823026123,-451.47796545240897,17.234479859840974,-1.8252345678758162,0.4359792353450379,0.9396410045296408,-2.588793878956934
1992-04-24 13:00:00,11.210479856486845,-440.0943030205563,18.87980148908326,-12.444135871462219,1.4136734217308526,-0.6630899826065342,-1.0802928793221003
1992-04-24 14:00:00,14.754679920807515,-500.38649805770336,1.8574114560408779,-6.238914721598224,2.1817255802348567,0.11756465256629833,-1.4417558734618736
1992-04-24 15:00:00,27.23033487650649,-453.66910364955356,-9.024163819712545,-18.118429057421746,0.15043569279474606,0.2702864604556416,-3.1298518367830526
1992-04-24 16:00:00,4.5687498318985575,-496.58576636812825,5.977914952616403,1.3011429069313638,2.087241944604023,-0.45645409854786173,-0.16537697508527865
1992-04-24 17:00:00,18.64416609641004,-432.86516903799713,10.087376975344869,-16.77962030798335,-2.1571484142409565,0.05449756163950009,-2.2366116232477977
1992-04-24 18:00:00,3.981485246774373,-466.94211936444236,-3.803086429626953,-28.999072192267377,-3.240287735970531,0.3329664567502972,0.027251112048092052
1992-04-24 19:00:00,20.655671004796403,-481.01913855413994,7.629423511119825,-14.913453450591497,-3.1223160216340706,-0.1500429439122259,-2.499660405607413
1992-04-24 20:00:00,3.5860268754739897,-452.498227024548,7.270932210430565,-17.158958262195615,0.22473768813193568,-0.38587277031920825,-0.09456693103051134
1992-04-24 21:00:00,4.732177931685499,-477.057281479495,13.861732539738298,-6.142394691602547,-1.3610406131876587,-0.41948740395854184,0.1703025487346751
1992-04-24 22:00:00,24.793211246258124,-457.8116021818072,1.1680113962968317,-10.508631779424025,0.1927134072118492,-2.372690279518268,-1.874136413873192
1992-04-24 23:00:00,33.492184440791824,-457.26582905133245,1.2491257993010279,-10.113349428435146,0.6625983828426214,1.3157148271850359,-3.551147982320249
1992-04-25 00:00:00,26.498769455108025,-445.8079091279963,13.409802093698557,-4.594612656328099,0.332373014873187,2.432733082235711,-1.742989529119845
1992-04-25 01:00:00,11.373634228065646,-447.0806406541771,18.272807780426778,3.8950789269907276,-1.0010695831227605,0.9535413494613318,0.8966341662625263
1992-04-25 02:00:00,13.872410648577237,-425.4296290112137,12.672712411535866,-0.2205929470895267,3.178511445833217,-0.9890288749207268,-1.360945844542705
1992-04-25 03:00:00,17.112848672142242,-437.65809350649755,6.536628300699077,-1.9438335462755174,2.3329810589825795,-1.797720150836434,-0.8346597352825168
1992-04-25 04:00:00,4.645405519605874,-420.8060897504486,29.16985401758162,8.311940448028324,1.3311558933219674,-0.6415003297603638,-0.11240343971589001
1992-04-25 05:00:00,24.867968781536778,-410.70648173472694,20.287713270617317,-2.116533130482397,3.754474882319091,-3.2320626485822124,-0.822061311538985
1992-04-25 06:00:00,19.222841389921385,-428.71786747021355,17.214319414142206,-2.7483318907202126,1.8584560039141313,1.3911214529447216,2.104326036436172
1992-04-25 07:00:00,6.068724521666703,-408.9147350622845,27.654543231529566,-2.766190906002337,-2.6008699482486977,-0.5305346928560781,0.20931570446248549
1992-04-25 08:00:00,27.585799102891816,-417.8630123373702,30.637386179459487,10.877715504436598,1.7325999848443774,-3.590839794587155,-1.6336235712738933
1992-04-25 09:00:00,18.552204155255748,-435.025821502329,19.44769651017138,-0.5739955873752746,1.2355933707246773,1.5698956652620455,1.7821353018392936
1992-04-25 10:00:00,32.579141387486956,-445.1973284222198,15.303974221923237,-4.573221719856479,0.5390962870086898,-2.5948888946947823,-2.7240224773479302
1992-04-25 11:00:00,5.008766228891287,-446.11855474852314,6.2598059076035835,6.997199045402514,0.9949698644549141,-0.11945882604892913,-0.5669417233208792
1992-04-25 12:00:00,21.361621980589767,-460.6175151307784,-1.2015993127259947,3.3859252203799004,-2.3234839112913797,1.9063075981654742,1.328333021905951
1992-04-25 13:00:00,19.174746155702163,-469.98930038661035,0.030074487697674124,-6.559892331712501,1.0625219514659714,1.614046749336952,-1.4577371447843044
1992-04-25 14:00:00,12.46030135024887,-472.1825126723408,5.989409259799417,-0.7494144451624354,-1.1862439585860929,0.6875952168810231,-1.1369664393604364
1992-04-25 15:00:00,33.0377171272009,-480.2312446611607,4.913273775037593,-3.6222299545305896,-1.9575606826227299,-1.7084373346897792,-3.3215947849761362
1992-04-25 16:00:00,17.505442686055666,-480.93487775186134,-3.600012723469211,-3.839936926774292,-1.4773668085328262,2.0384183514709853,0.16212887935813647
1992-04-25 17:00:00,24.737267411614255,-464.98702062203625,5.297620950689301,-12.676205090172497,-3.716254953252081,2.6097289963506074,-0.7942975105016391
1992-04-25 18:00:00,7.335254333075929,-474.2481766260776,12.158266114263066,-0.6643970731275974,-1.1591126267681964,0.6382359157775551,-0.47875462064308383
1992-04-25 19:00:00,19.570824951505198,-474.8976064636683,-8.970892915467607,-7.2800428440889995,-1.4528973542312327,2.1791078756794025,0.6674876348475467
1992-04-25 20:00:00,22.80476519210034,-477.5334249404801,6.232422334472844,-14.11617128952621,-2.3945174903838122,1.9650502773626857,-1.470904125283652
1992-04-25 21:00:00,26.181617963893633,-490.1200441187606,-5.980739256180643,-6.56282139029421,-2.4162127201693693,0.8822536882106272,-2.6425415626706035
1992-04-25 22:00:00,41.721372383459276,-491.3928687429302,-5.967493125204651,-7.577211860274817,-1.2775540876420113,4.163209133617418,-1.376674187514208
1992-04-25 23:00:00,22.64651197192657,-472.2788128259814,5.671264828930213,3.7419853550760585,0.04471474897297162,0.7085291010722936,2.6317715675647637
1992-04-26 00:00:00,18.10257019055657,-443.81268613692384,12.776921315490762,-0.35052601086971835,-0.5740600511903042,-1.5447764388376766,1.3111511271856544
1992-04-26 01:00:00,24.025517122821267,-436.51001370761264,2.9364335263043753,0.884429121830208,-1.4304120481181541,0.9590768113248602,-2.654963682340265
1992-04-26 02:00:00,10.623323000483643,-469.73528584825937,10.759264582790369,0.9577426936680622,-0.7792163184668629,-0.44866386259276325,-1.028223074338842
1992-04-26 03:00:00,12.72532991450925,-468.8014508772635,28.401179259213226,15.242440635386753,-2.0306455268695154,-0.5669514176576146,1.2310688686259157
1992-04-26 04:00:00,16.591043075346793,-412.84133552408525,19.936401358731768,5.849704772826748,0.024858228392213744,-0.43057792958310415,1.9600209806615017
1992-04-26 05:00:00,28.64519860136641,-414.14418397719515,23.816323306318,9.797928568867665,-0.7216673041937192,-0.08894092191311714,3.5499567581075957
1992-04-26 06:00:00,13.24468132809766,-444.58054303688147,18.45999958028265,3.341213190457447,-0.4106404790719571,-1.5893889693954129,0.01476622490234808
1992-04-26 07:00:00,8.275461751733129,-437.9253344675661,22.112495642830577,9.90189059645574,1.0706969765815226,-0.8220072537545486,0.5243980738744425
1992-04-26 08:00:00,30.187580436744177,-439.5067563663677,19.574592379343265,9.990152875948915,-2.4993070193824214,-3.4378801082945403,0.5451335910206188
1992-04-26 09:00:00,6.158302978743757,-428.95736070216543,18.285520811516506,12.098371036632532,1.6675700031301421,0.2653110872169975,0.5868439294888319
1992-04-26 10:00:00,13.9787874077981,-459.53951455176406,16.460229964208956,11.593295979413472,1.9560041414335396,-0.1329870351235442,1.4692760017571345
1992-04-26 11:00:00,26.02208128933335,-451.012979622137,12.806800870952348,-9.340851281302363,1.5263930749132957,1.4784589567703441,-2.4259882757566253
1992-04-26 12:00:00,7.533576150298018,-464.0158577842018,-4.681531938993579,-1.0766759812432456,1.4736573634097447,0.7978509800638074,0.21771896211231884
1992-04-26 13:00:00,8.871776952377594,-471.6675471774608,-0.948684011077308,-4.370586345340439,0.6566340252504622,0.583237931889417,-0.732703359209259
1992-04-26 14:00:00,16.677957383368387,-467.97726335157586,7.000175628719356,0.5808742045847719,-2.4459919133536125,-1.2522600998964102,1.3953216405386974
1992-04-26 15:00:00,21.951921483256005,-488.2038634896154,-8.60346642571579,-0.8636189923945023,-3.3621812704006504,-0.896454541206923,-2.270962504766704
1992-04-26 16:00:00,17.77521194038962,-514.7849776253884,-3.9209469668413632,-1.8997420596755212,-2.773212138629337,-0.8140565667132469,-1.5652637237760438
1992-04-26 17:00:00,27.13942169381749,-485.3199237768567,-21.51265391876736,-17.708198579426963,-2.446960395455527,2.045842001987399,-1.8210887515259777
1992-04-26 18:00:00,45.22648532853946,-507.4420198223338,-0.27006902304892755,-2.383226594876308,-1.8354261979868074,0.8429319494427997,-4.929503631259425
1992-04-26 19:00:00,15.189504626548642,-485.8922296557482,-1.2494537459056323,-6.959607720852479,-2.578857794536182,-1.0795063944815526,1.2651755351024159
1992-04-26 20:00:00,28.95110823505034,-492.58519081714934,-14.47807233014128,-6.373287353411191,-3.2170032632883054,-2.8099074511918465,-1.1653463562835364
1992-04-26 21:00:00,14.70341402207905,-506.8330493150749,0.6314964554809865,1.6881113734940607,-0.8211612106893116,0.0697923575542082,1.6015513767450096
1992-04-26 22:00:00,18.39455366551418,-482.30700768994456,6.862999955051588,-7.9285079032628865,0.9077596010935945,-1.9487839474344435,0.46732912437403135
1992-04-26 23:00:00,8.585978705691165,-488.5200438185148,-11.375689035737796,-4.849779478935909,-1.2032130382732633,-0.869535488999263,-0.2650987740476985
1992-04-27 00:00:00,30.551350989809656,-467.2419895689221,18.154362726035036,-10.820730103214196,-2.859937398733968,-2.6596875157982223,-2.519855435189095
1992-04-27 01:00:00,21.074002666551195,-469.6928084417785,-8.395320969720597,19.576458148496894,2.912584417118593,-0.7244251936321529,2.2273849224918045
1992-04-27 02:00:00,4.174105199673467,-441.36594902928175,18.738768727221363,2.20654829665771,0.018442909349620895,-0.12289669715366752,0.45629294516662544
1992-04-27 03:00:00,23.86847261802292,-461.07277720848344,0.45052352836997933,11.141250395708195,0.3752306854143982,-2.0237088168732154,-1.629876470207732
1992-04-27 04:00:00,4.53836986793558,-451.0872780322692,20.582671321425433,5.909549814288309,1.6215805731950295,0.1730956672980063,0.4166202862124474
1992-04-27 05:00:00,7.105398037774644,-453.0966174873321,12.202953730379338,1.31590901976662,-0.022076130366135538,-0.7690127105350273,0.14995472475572863
1992-04-27 06:00:00,21.788717199867477,-453.4827346974649,10.57924506489164,13.512034549930295,-0.014730278494433868,-1.7266938651905899,1.6679475412191707
1992-04-27 07:00:00,38.59261503358327,-446.7452245726281,24.768907785077626,3.912370274163319,-0.7430962622436537,-4.292318542358546,-1.9577599210241796
1992-04-27 08:00:00,14.19272305180281,-442.4792005689988,19.322043723476437,0.44449650314578637,-1.19575736771233,-1.4728798768198357,0.4968151379510917
1992-04-27 09:00:00,12.6215867199084,-441.97368214878384,5.323038926110049,1.5396231511516465,0.25724366047350156,-1.426292411338701,0.11434351664582523
1992-04-27 10:00:00,9.82036088677266,-455.71319278051726,18.666415272047026,1.6003717143352407,1.9144739694602546,0.5896342269410628,-0.8512858925936355
1992-04-27 11:00:00,12.283030480873798,-470.36291274319655,-1.1258956579803412,-4.340507570590715,-0.6469214729981905,-0.8957352108214096,-1.051576085694653
1992-04-27 12:00:00,17.356762341159108,-494.4738086056821,2.711132370217749,5.242691121226203,3.0361910120156703,0.7022425766094644,1.568896058199317
1992-04-27 13:00:00,4.326031527001972,-464.4525265897585,8.410505074566428,-6.841663318589606,-2.1341073561930712,-0.3273977333375031,-0.31916685973090947
1992-04-27 14:00:00,14.453800139375087,-493.16777133478143,-7.382584175845855,1.4150813285081147,-2.2923697791386055,1.2995065368881942,0.977906744778553
1992-04-27 15:00:00,20.5392535901744,-485.4848382540759,12.83267002971268,-6.837720378079827,-1.99728437135369,-1.3637637977472274,-1.5979164861281934
1992-04-27 16:00:00,22.981354701168794,-511.94067064415754,-9.58653236520869,2.1576552923172496,0.3671371051633646,2.4942407093927375,-0.6146305801742028
1992-04-27 17:00:00,35.42787412160252,-475.8487597632272,-4.521615024228881,11.953334820321412,-2.2575227423963193,4.210787867027154,0.3829488100999857
1992-04-27 18:00:00,13.058887930765822,-488.8245829240188,-2.674476863987511,-8.33096378059808,-0.7062040505426687,1.2069353529386695,-0.5756084778614385
1992-04-27 19:00:00,13.527807376493667,-511.2286466207641,-4.479104175644098,-1.6325343937255754,-1.5749374050866196,-0.13163142396997707,1.3127274001721498
1992-04-27 20:00:00,11.848992859174407,-489.28245155152973,-8.668687588012341,-11.04841059425766,0.745176939014216,-1.1796281078674595,-0.19000992211779597
1992-04-27 21:00:00,14.153648204455163,-469.14432205710693,-5.921263763324681,4.434752781972494,-5.223663287590357,-1.4272729284447037,0.7661794452128796
1992-04-27 22:00:00,35.10860126730017,-485.2371639771498,4.574970533937625,-14.962287460221265,1.2107799135616857,3.558330740899552,0.20205414973004415
1992-04-27 23:00:00,22.201825571233478,-500.49260825799945,-2.139975159544174,-4.966153913460865,0.8104208939165003,-2.2738114804321126,0.7028490525069218
1992-04-28 00:00:00,22.754762726943806,-459.8699649262024,11.265313341531382,-0.701408036504521,-0.5844397570690889,0.25044916472772255,-2.5670448846357683
1992-04-28 01:00:00,10.635911643040123,-430.6956181121793,7.013303405998371,9.799729803479433,-1.8022221961367575,-1.1836157391644528,0.665250374607832
1992-04-28 02:00:00,24.91485362094949,-474.6319133020704,19.49716377814405,11.995560209402338,0.18176862173297703,-2.238217709546049,-1.6715480761823394
1992-04-28 03:00:00,30.90131644957672,-428.5533416370509,10.80555716621153,9.965222211713012,-2.950927562101204,-2.494617801352832,2.8939987156148015
1992-04-28 04:00:00,17.072374700307375,-442.103055731179,7.3132989531072905,-3.1030177090466733,0.01378816650051995,0.7026081260870787,1.7981126939038277
1992-04-28 05:00:00,27.178339783011072,-436.3331017533401,18.15283462468864,5.879850760310819,2.1630619079552282,-2.583473110731513,1.7410702299855068
1992-04-28 06:00:00,20.356075424442043,-430.51034507361936,9.747322799860498,-1.1465183216907584,2.077259291705042,-2.256897106388606,1.2010444036790053
1992-04-28 07:00:00,24.55226204487872,-433.64308832212606,6.960819971571258,-0.477425347008813,-0.5586499528235809,-2.9449499200479456,-0.7887361521248216
1992-04-28 08:00:00,6.5308102120770455,-423.3042614791454,14.429888374933713,13.27665501229226,-0.0025202149427325793,0.20308330292703292,0.744056441539494
1992-04-28 09:00:00,15.973575646492215,-457.68656239381335,21.470684762083806,-2.501614725808082,-0.3023593467784107,1.7775818590700236,-0.19066978551410363
1992-04-28 10:00:00,5.762906018444656,-446.9985647736928,13.841883282013889,-1.6997009422630072,3.378645904548813,0.35111710544772473,0.46846445913788093
1992-04-28 11:00:00,13.088155362934994,-466.27651810348885,9.3111196574859,1.8242714159592013,-1.5189285857426498,-1.3004123996851626,-0.4399841280030671
1992-04-28 12:00:00,33.025399402278275,-466.9367797956793,7.072002784115477,7.753453741693036,2.9957650184505393,-2.5051673284781475,-2.830289825961346
1992-04-28 13:00:00,16.28566717847593,-421.58196383979714,12.780523649483971,5.1563214117020575,0.23627726185635384,1.9012143731861229,0.046352706203793004
1992-04-28 14:00:00,13.437632924207799,-485.3479763919581,15.717939176400566,1.0732876849503268,1.0616105737733466,1.1775001160516756,-0.6710201448339839
1992-04-28 15:00:00,38.22040952964148,-471.2904962455399,2.7081795961346717,-5.83908570192917,-1.8638191284151617,4.159355049970493,-0.31479987630225403
1992-04-28 16:00:00,2.6866888631086256,-477.48720828102535,10.035428351889639,-6.631840393000987,-0.4752427962986361,0.028634447679003,-0.2872616341947128
1992-04-28 17:00:00,21.906581776366565,-513.187452991307,2.0615445126466323,11.429555713813555,-1.2254579324235533,2.0468963073098956,-0.5920255184117339
1992-04-28 18:00:00,16.979817168944297,-501.8704001340688,-1.5486208491631996,4.7305102607884315,-1.5155417795409845,-0.29047309395467646,-1.6530332804368162
1992-04-28 19:00:00,20.830443815832574,-510.0923208822935,0.09483083506043433,4.302629295517808,-1.5321005115516364,-0.40842855876568424,-1.9875808555528307
1992-04-28 20:00:00,7.498408159068296,-481.32879136594966,-2.784776343336794,-12.356050314657947,-0.3373349137474239,0.5214981720151958,0.5918238219729628
1992-04-28 21:00:00,24.611158389847546,-493.2088833099177,0.12159237551935442,-1.1456277923101716,-1.2647293319443063,1.2479377193976156,-2.3366851508818343
1992-04-28 22:00:00,31.485814417280654,-479.8776126454134,6.405371613466412,15.012040752301685,0.039425121950094774,-0.8181168095169102,3.1745929221822053
1992-04-28 23:00:00,9.95723579224905,-481.3505595364254,-4.831865489638228,-2.235686729857212,-1.8700904459766523,0.608862950445122,0.8134005088162273
1992-04-29 00:00:00,11.265787460319165,-439.55468604589646,16.239570296611053,0.6800719335044756,4.99826212002154,-0.09622935421180144,-1.2853016707454519
1992-04-29 01:00:00,13.409904210577754,-432.16627174239505,8.048800790922137,1.990117569665612,-0.6036586421088473,-0.33150592034001564,1.5156291508307982
1992-04-29 02:00:00,15.026505343224107,-410.8691872840184,25.799316426594903,1.5598602692132975,-0.6921478582871834,1.809227039142536,0.6046150880891205
1992-04-29 03:00:00,20.70458344719059,-428.78002856832956,20.671685245589487,-6.964445527017443,0.879177068552996,1.9752651530000924,1.3367399263406465
1992-04-29 04:00:00,3.0727018401017836,-409.54296342300523,19.776803171575345,-6.620973362419127,1.1425109431414542,0.2691125462826706,0.22258840636809205
1992-04-29 05:00:00,31.70976558052468,-399.8758233856977,11.02904456735423,16.099148847184953,3.7610992665743326,-1.9097520002741433,3.6176197838248774
1992-04-29 06:00:00,16.331516679756025,-383.6888856840705,18.566315468896775,5.158242090595537,0.5766632851682933,-0.3199010419466729,-2.1135720715208746
1992-04-29 07:00:00,3.458776723612997,-434.0273536019181,24.626601012803444,-7.95696119487709,2.4177585202690053,0.12483959135795256,0.34371195357364626
1992-04-29 08:00:00,13.166131864096641,-429.61535434408086,18.925019202594513,0.6897248157390903,2.648612605418566,-0.06319972121085254,-1.6457180402432472
1992-04-29 09:00:00,11.798616958681494,-436.14198804910285,11.670458184005033,1.0798379496375727,0.17615179084582733,-0.9087124169823333,1.0052950899008537
1992-04-29 10:00:00,26.73769724779405,-447.64530949426734,14.681075614641273,3.632521069134785,-1.3690784637512419,0.5014805019435631,-2.938555272833305
1992-04-29 11:00:00,11.310091138928012,-422.5932332360268,21.985689472396675,-4.599247235297664,1.8040012850851892,-1.430531409983203,-0.2519960167255438
1992-04-29 12:00:00,11.778148177110399,-429.43260258541335,13.198930480845627,3.719676746094912,0.006042893272901584,1.1669544030436887,-0.7379495715680694
1992-04-29 13:00:00,23.746718779242734,-468.4833511852332,20.709172630887156,-10.306035676638121,0.15353902879359702,0.24106525676614943,-2.7122029208103777
1992-04-29 14:00:00,9.26878439995731,-470.38445110407656,9.893924751910466,-11.619142698986433,0.25416181232212975,0.18480506771029637,-0.9603066423588911
1992-04-29 15:00:00,24.303898300688815,-454.9056318957774,-9.493220618313728,-8.011401530473172,1.062791334821242,2.1367659964130667,-1.7234506273381267
1992-04-29 16:00:00,1.9371695016494415,-471.03314655862954,8.931891240527392,-15.294104365379255,-1.0258948400681367,0.16984782433954698,0.10671962790715413
1992-04-29 17:00:00,26.2252054917635,-462.6704137115375,2.970884130342755,-13.709332741755192,-1.9929175547346558,2.414333394805899,-1.5627262292863182
1992-04-29 18:00:00,27.888638173472536,-468.9181039237125,11.608921383968488,-15.580616574972304,-1.0710862499451452,2.3896491457472893,-2.181893662540318
1992-04-29 19:00:00,5.3435521697470065,-448.83512566523916,0.20705408528909963,-32.54662235410488,-0.08404998836640132,0.2619258115599746,-0.5805776186222588
1992-04-29 20:00:00,13.479832847723012,-444.16829752014496,22.226382238511974,-19.576389658464887,-4.4392348787988904,0.9163822885783144,1.150082821227662
1992-04-29 21:00:00,10.274479617620557,-483.2138263513827,18.57777780314491,-5.2959176089579785,0.09681897556611069,-0.5065207729323016,-0.9347482673082089
1992-04-29 22:00:00,11.28895831457379,-428.56680191617625,-6.47348040481234,-25.63840669752493,0.07774787333162969,-0.5173828857554293,-1.2059608823516024
1992-04-29 23:00:00,16.742230284537797,-448.4130504943343,15.992549844862744,-13.014856495753994,2.6648446331713,0.07129477679121521,2.038186424836482
1992-04-30 00:00:00,18.97087103952984,-449.7879049316391,14.744253090164566,9.285939682609635,1.5653581064669657,0.3408338752443414,-2.2480932072499584
1992-04-30 01:00:00,18.3193087966135,-415.50333144042395,10.83114766807753,-0.08799102733197062,0.7387554809686939,1.8255450669856033,-1.2062578165885818
1992-04-30 02:00:00,12.478897680989357,-431.443120787811,9.624547983934873,-1.4528455908909246,1.6016770637760955,1.138488561433311,0.9593476436820865
1992-04-30 03:00:00,17.09657097973495,-428.9493301109441,20.064087082572065,0.5600345439055125,1.0522795858145013,-0.5303704204846726,1.9303710423383078
1992-04-30 04:00:00,26.34812283466932,-410.03051761132366,23.79534960601803,-5.520357584540259,3.547578177430023,-0.3180869163092521,3.775764418945122
1992-04-30 05:00:00,0.8982926149930889,-380.973584400546,25.868630380138843,1.3080218293947636,2.996364813212554,-0.30336690190090443,0.05213158741728714
1992-04-30 06:00:00,16.18358571151499,-427.2162390847785,26.854614982020244,3.666767309862773,1.2617266894586388,1.814499461185335,-0.0368506682293749
1992-04-30 07:00:00,5.492404401237397,-416.2204632170249,19.98725058794024,3.27375931276116,3.508042474458417,-0.14735805848641415,-0.6862828923077251
1992-04-30 08:00:00,12.127224206389112,-428.6739910133618,11.00418265077202,5.408884857632413,1.330797988995635,0.5012552230704787,1.292188963330978
1992-04-30 09:00:00,6.145920412523733,-425.7920588865628,39.36423878392197,-4.6245775157912,0.9577358909866802,0.20613364929597328,0.6661081609001632
1992-04-30 10:00:00,12.107343165132166,-415.84714186376266,9.277093221277774,2.5695621062435743,3.4350694974266323,0.7133652836035625,1.2206998771607365
1992-04-30 11:00:00,7.731392705164068,-440.45466405248897,20.694385347034437,0.6922989255889025,0.5892459868651991,0.4594579692275461,0.7283592184054442
1992-04-30 12:00:00,28.330143665779822,-423.5511902666482,25.563841690832714,-17.033257190860393,3.201038613507762,3.3016443094379073,-0.20497859829860235
1992-04-30 13:00:00,12.550365242583803,-434.26541357701956,9.823951523011923,0.13141711705396197,-1.393825483401081,1.284771415772555,-0.7187222413768429
1992-04-30 14:00:00,21.233781200306,-432.0774197554047,11.150040328466119,5.618174416476508,0.025133500562967037,2.593981209157141,0.395042040938427
1992-04-30 15:00:00,26.151997197042164,-420.2123932615062,4.001203056639276,-9.108008227976645,-1.1596511003868892,2.5024659111267527,2.139708480580518
1992-04-30 16:00:00,21.46626381591094,-468.55594511052755,18.000797210428637,-10.918588801362318,-0.8396546336427966,2.1608153259981844,-0.8658396142225226
1992-04-30 17:00:00,42.66527952420275,-463.92749345553585,-2.0384740309370493,-18.15205088779294,0.8346449615370748,4.375800992988483,-3.120385212454059
1992-04-30 18:00:00,38.81927711230171,-466.68827080276463,3.5622513973000576,-5.8971392906691245,0.7843814095028845,3.4736282130807026,2.9986282733852696
1992-04-30 19:00:00,26.90881672940806,-463.40028063353265,8.450113870452283,-10.963209951614555,-0.3772098800251039,3.314115093199007,0.1343896678687606
1992-04-30 20:00:00,28.550468611132796,-447.5493001654548,20.251343929980628,-22.269255138052497,-2.357428713502194,3.5389369011387983,-0.8553923329351608
1992-04-30 21:00:00,8.196479243015252,-439.9997854411076,16.761437300242545,-16.593202504017036,-1.1993318400991115,-0.34948664099112303,0.8425707154712742
1992-04-30 22:00:00,18.63117441390503,-450.39075544999747,-2.106668154724634,-9.102312633673534,0.6431227668303408,1.801950211043263,-1.2421626820867475
1992-04-30 23:00:00,7.207242820127225,-415.707979570372,12.190383003420887,-2.3998719577922403,0.4437469907309042,0.8103696407808174,0.2733626396546761
1992-05-01 00:00:00,12.104262716395484,-432.02620998426994,24.733211221999724,-5.457525562441699,2.790297808630391,-0.6812763160529456,-1.262404328307133
1992-05-01 01:00:00,12.30737792054327,-422.10738621476435,25.24345997664635,6.135856088598545,3.366650592565123,0.0021230029048663335,1.39224192437575
1992-05-01 02:00:00,7.901861960490704,-426.57433931393587,14.672560724893428,8.58194211396279,1.4669302510827347,-0.6302589190052804,0.6918375293003187
1992-05-01 03:00:00,15.103887412244832,-397.19387422189703,29.93384928863722,1.9138585672151187,1.0853835529113387,1.5640380045125406,-0.953886504838721
1992-05-01 04:00:00,18.11888361012546,-391.5216696942726,17.992862820048423,1.6545055626927079,3.9899101453397234,0.8105496101032448,2.0706940358660773
1992-05-01 05:00:00,11.209303027301733,-399.86008005353426,17.52562208883154,-3.2431202618951973,-0.17159689142053614,-1.3928476126981402,0.05796089253636057
1992-05-01 06:00:00,9.615013178362124,-431.3999254641661,13.010076758749955,4.994329425757842,2.9003005590299873,-0.6519987733895827,-0.9941393821174146
1992-05-01 07:00:00,4.1249189224397,-404.11301504688976,19.714991659121807,-7.728341221157204,2.737262697023544,0.3076325182547087,0.3080904419098624
1992-05-01 08:00:00,20.35855112550882,-394.85008776920296,0.3026304019291306,-4.822113575394724,2.5194364927499198,1.9079086000805283,1.762254044052604
1992-05-01 09:00:00,24.161461474331976,-415.1860997173362,9.82356976556874,3.7709051951782984,-0.027928605424948127,2.7282514978701204,1.756195055726862
1992-05-01 10:00:00,20.998249694487058,-417.00045995271944,36.2244355963425,5.48350086379236,2.3806287599042197,0.1693843189518841,2.474390570762323
1992-05-01 11:00:00,25.40065836241016,-415.48404100131177,14.000515264003091,-9.442908024129657,2.994384581719747,2.676402399009623,1.2298520786591935
1992-05-01 12:00:00,21.175872098503454,-458.5560134573698,21.28937233322005,-8.442896272161498,0.7559554377747673,-2.0872331659050936,1.4138630400479508
1992-05-01 13:00:00,4.939016771840276,-427.6696550004518,-2.7510440606243227,-14.693847709791442,-0.9060993791722664,0.561313092326518,-0.1377758699096715
1992-05-01 14:00:00,25.088517329434783,-475.7842860014872,5.717354795616438,-12.858006994744574,-1.7564839391417935,2.0818060899525426,-2.1653051843497955
1992-05-01 15:00:00,35.26508602864351,-452.74638003236794,6.921402738239742,-3.5074788130455783,1.3008727341507544,4.2553380527771,0.3316293449431822
1992-05-01 16:00:00,12.86420782978557,-450.94473554619594,2.652073815432466,-15.562074974417964,0.35589604119602425,1.2933958145378286,-0.5831329594069339
1992-05-01 17:00:00,6.834595285937082,-470.56151068924544,3.759303845252436,-9.496325360968036,-1.3706577181817634,0.2938075851035328,-0.6965277157074594
1992-05-01 18:00:00,26.46238101478508,-457.6199001122761,2.141523155083137,-16.702993301527716,-1.2002138606054906,2.596806552731415,1.855092471463541
1992-05-01 19:00:00,21.603879132519133,-456.8026175042813,-2.435856711374111,-25.192417906095685,-2.169427728825842,2.1121278307805755,1.5484363429181776
1992-05-01 20:00:00,22.941269055889457,-469.7297128348561,-4.693161916909967,-3.600784428759997,-0.16714419694527827,1.9788814293427435,-1.5133343265757884
1992-05-01 21:00:00,37.237451813752266,-463.90226663238974,5.485043535713079,-17.691707476335587,-2.026129466504562,-3.465345802884258,2.2731140631147366
1992-05-01 22:00:00,20.656441444325857,-439.82582994794285,-1.1768050936002972,-11.103767406615738,-2.0326293107272573,1.201748024489673,-2.0651932078719506
1992-05-01 23:00:00,5.757625551892207,-440.56368050974595,-5.741816928160944,-3.1846008612686103,-0.7869570964160293,0.6373054192542276,0.08167932701217051
1992-05-02 00:00:00,15.76349098543727,-429.0601126297798,17.70729185634078,-8.204789826841388,-1.469452721734486,1.7431623691601954,0.7065566854644547
1992-05-02 01:00:00,4.672921391052503,-424.79635699253004,16.215817962020875,4.391249162542961,4.9618203533803715,0.213238925152214,0.323265688287095
1992-05-02 02:00:00,40.112116371828286,-432.9506432606558,17.43717090472561,4.42517441879678,2.3791281816904855,1.3449428313894143,4.630007003706104
1992-05-02 03:00:00,19.496109926775564,-434.6477295764766,28.65195031727502,-0.5678925341983572,3.2398092180313673,-0.25072909624082684,2.241820315147899
1992-05-02 04:00:00,19.438356978084297,-430.0297214209687,37.2506975415618,3.679259506463856,3.2460195941133883,-1.1457099012784726,2.194942432481656
1992-05-02 05:00:00,24.238128114556826,-432.45878757951914,21.526384432193062,0.8197424233668378,0.9873925357504805,-2.4955640620252,1.989588692886814
1992-05-02 06:00:00,33.596965412709004,-442.2004182457149,20.3476479155549,8.303402454064402,-0.8938441573496185,-2.9821978373494273,2.4465360889959658
1992-05-02 07:00:00,32.44094345110722,-422.6254520009621,24.352496565433718,-0.9070582449943133,2.579819479804795,-2.5371521951100284,3.2076224219341736
1992-05-02 08:00:00,15.555731063224284,-430.9301214999794,11.732167688771147,20.85211696611956,2.2072849530575738,-1.3994950020700039,1.0990702073285195
1992-05-02 09:00:00,11.807722948720752,-421.8655332058246,32.14283522099733,21.74419505940178,1.9885313428231408,-1.5294493395773328,-0.3412331657278263
1992-05-02 10:00:00,5.879415336365368,-433.18175544011115,18.834232325833568,17.021042115729607,2.090397132295765,0.5301982435692676,-0.3532151963353748
1992-05-02 11:00:00,4.949528465120584,-432.12054924505105,10.257127366083118,-9.205486960456644,-0.3378157058794057,0.2718203599493032,0.5008232009811033
1992-05-02 12:00:00,19.833347470070493,-429.34143021945783,3.6603284648836594,-0.46993872954783245,0.845976273073801,-2.0810186829957735,-0.9101108573942096
1992-05-02 13:00:00,8.200571142126957,-469.4339632225663,-0.7947718853262961,-2.4000855031163573,-1.8296130715009695,0.9372934167767993,0.02699409280947171
1992-05-02 14:00:00,16.838495357010395,-466.2792489192449,7.505511464520341,2.424140407800608,3.151933978510059,1.7541189172338651,-0.06808431917424687
1992-05-02 15:00:00,17.80352630845152,-475.1436442006634,-5.474750480029701,-5.3610177567923465,1.6254452517222635,1.8822055323949234,-0.17368932392602376
1992-05-02 16:00:00,15.181422743764683,-488.0429930724846,-7.065093692048288,5.88286881044885,0.6344784156792239,1.5366018553064706,-0.30068179931832195
1992-05-02 17:00:00,33.86084760229776,-496.4544401791674,-11.332841731935552,-8.757181857436144,-2.527093993162761,3.467361831696614,-0.1702390303290271
1992-05-02 18:00:00,32.6344526710673,-479.3921877671258,2.750051135932498,-3.632519461723812,-3.8957088659756325,3.382348153041067,-0.5729268585596545
1992-05-02 19:00:00,25.243915034859594,-476.1504997053072,8.039882641024175,-3.7378067745776242,0.6205911015093893,-1.9663944019319732,-1.7837696176834188
1992-05-02 20:00:00,22.397629261823518,-481.9651774434066,-3.527131754064801,-4.851386882530047,1.0564318708735752,-2.121558184409859,-1.200123115583035
1992-05-02 21:00:00,23.492111918484508,-465.28519044529804,-10.130235042267701,-16.079054927076765,-0.45128329780451787,2.3302687592000937,1.416542400231452
1992-05-02 22:00:00,14.472875811520536,-463.41372643427553,-9.403755415950892,2.2081802617777493,-2.476554249305085,0.9600978603358832,1.4090705008093347
1992-05-02 23:00:00,20.204150741528533,-446.24172320732407,-0.877701124308119,-3.5850001994886957,-0.728219740190031,2.0426147302485496,-1.5569091935655581
1992-05-03 00:00:00,20.999263017057725,-453.5999767246991,6.113545433151322,-6.343856956752683,-0.3903775478117322,-2.179615449662578,0.8456423589533175
1992-05-03 01:00:00,11.242324826799889,-444.73287499958565,-3.9683669100835286,11.397213976556497,0.7102303633649514,-0.7829612397601982,1.0285910104642595
1992-05-03 02:00:00,19.952524160764753,-423.629548645304,4.580070932715946,6.269698733145626,0.0817350320550112,-0.35840010931839256,2.390497325442644
1992-05-03 03:00:00,27.445529007436644,-441.34999300454524,35.858125118794426,24.44098712460612,2.9456469792652626,-1.7664661770891525,2.743143018776939
1992-05-03 04:00:00,20.736800299933623,-423.77078031941556,16.676060340325897,9.849202810462042,-0.5290367218933094,-0.8837279958716862,2.4055209055791282
1992-05-03 05:00:00,12.902549092829236,-413.3424345548639,15.130916702812955,9.998072473903953,1.8678967540788645,-1.2471734115524176,0.975633553473509
1992-05-03 06:00:00,6.529439724993133,-414.2494863307327,14.607900937624414,10.32582298753248,-0.9379094332371097,0.018420077352835296,0.8108449533701918
1992-05-03 07:00:00,20.67605247722675,-416.87820316164516,25.71715414655091,21.773347570688852,-0.0890480475515969,-1.9464286722232185,1.5217230875277437
1992-05-03 08:00:00,17.81248029062949,-423.48146216603925,21.196952937914734,-1.7200097886165588,3.69739125214543,-0.8443369685910905,2.0097493448894315
1992-05-03 09:00:00,6.77965499851542,-442.32774601448153,24.594601896788138,1.7757443753815787,0.018793285667934145,-0.03719696629608554,0.7642437394275066
1992-05-03 10:00:00,6.520674372340643,-430.0558904063198,10.351342678789807,-10.535020615587687,0.7593871822510948,0.5868650033599097,0.4745424050943634
1992-05-03 11:00:00,32.9248481777551,-460.01752032834366,12.51763373702242,4.610469472494259,0.8590243663482454,-3.5981343191221735,-1.203714429650261
1992-05-03 12:00:00,7.321121043660183,-466.9889480415577,0.5471472128719501,-4.182703791744542,1.7522211423159146,-0.6050131115902135,-0.48515185060743415
1992-05-03 13:00:00,11.663840635127285,-472.0728336387422,-2.192330097412455,-0.7591790165533956,-2.2864018617728106,0.3613670509631254,-1.1817126084618035
1992-05-03 14:00:00,21.006779854744153,-468.38928775054285,2.1499757223235365,2.8208818215051896,-3.0917274984119754,-1.4993164110424477,1.6843753706240157
1992-05-03 15:00:00,9.168535274012784,-458.87928049235205,5.71136206706643,-7.999570097322999,-0.7232279778462201,0.3112063662229063,-0.9647936189130596
1992-05-03 16:00:00,12.606211970300414,-468.25764796019104,-6.645414497998521,-5.446344092586004,-2.102946957306352,0.6321104726603335,-1.1962724347236617
1992-05-03 17:00:00,18.47670052559859,-472.23915583421774,-1.3424051443413152,-8.786725773175776,-1.2336775462241798,1.864462840502218,-0.8841673200609725
1992-05-03 18:00:00,18.81508050830967,-482.2956415906311,-11.920470108685203,-3.1756630198281464,0.32581165914782184,-0.12696108813111884,-2.1682165265056303
1992-05-03 19:00:00,22.246292582642862,-489.6922947621793,-17.67624558815615,-8.302415752369214,-1.2448355376435658,-0.15308663388128652,2.276195618058093
1992-05-03 20:00:00,13.79702175995194,-502.26934899888914,-21.051299883813464,9.814052229689583,-2.9998016126074787,1.074377064729862,-0.609323292140211
1992-05-03 21:00:00,19.82172564869197,-493.5137531686137,-13.793484772828439,-6.317607629948071,-0.6094917101281109,-2.218685598880004,-0.42058768368956306
1992-05-03 22:00:00,7.2156054822272235,-476.6585367624488,12.456451263659387,-1.45136121820736,-0.1983626131108951,0.727196735581868,-0.2698798002227266
1992-05-03 23:00:00,19.424928581062826,-446.0881241822791,8.67153356685376,3.6223472604766167,-0.7682023355279646,-1.115127462937231,1.866704352281035
1992-05-04 00:00:00,15.842610760887236,-455.4049802520079,26.79834377950981,1.250776610708495,0.4903109620007192,-1.3800293842287847,1.3371344285427254
1992-05-04 01:00:00,11.552395988899784,-450.8580132377002,-1.1331445044238286,4.975893167031025,-0.5337685988261097,1.1961700064054628,-0.44928274730399653
1992-05-04 02:00:00,13.084098545879613,-440.6114163785048,12.152841413249092,17.301280272418587,0.8338645455307038,0.7244991880556748,-1.3139890309088849
1992-05-04 03:00:00,13.730268127717935,-463.22134812210317,21.29936939309426,3.0927370835340744,0.41199057232877645,-0.8321013438213439,-1.345522346861089
1992-05-04 04:00:00,12.243413496148651,-448.2732754301806,19.857451363757413,6.881593498339213,-1.469544989049961,0.4307422492886558,-1.291649763721269
1992-05-04 05:00:00,15.726848126146946,-427.62194027132733,12.653228974592603,30.61729497191118,-0.7505248850898255,-0.09207402682517551,1.887992064990061
1992-05-04 06:00:00,15.630491162778137,-418.9400219988701,12.74741302045739,15.836918394589809,2.229690047326618,0.6184658251750977,1.6501509269625347
1992-05-04 07:00:00,28.87620936218512,-444.1355740615076,8.997755301021929,5.436249837446967,0.7349457816872056,-0.826117078657533,3.266540889320298
1992-05-04 08:00:00,17.937806346750705,-429.7760408124793,26.62250127792386,15.375421714406766,-1.9461818272496645,-2.0471946347239482,0.01327194440646523
1992-05-04 09:00:00,17.145625895270864,-471.09604670079216,29.916064331911066,-0.821809461973463,0.1528714904777343,-0.5306858232459234,-1.7397602271521735
1992-05-04 10:00:00,12.851298280194094,-441.3405246418274,-0.7096067352795448,-0.7411037664391227,3.382224963025961,1.5692152974015168,-0.08376739076002587
1992-05-04 11:00:00,19.89514027006351,-434.52401372720453,1.760950393635011,9.202391366842619,-1.9249400610972343,-1.9723346993185238,1.202749015880099
1992-05-04 12:00:00,6.231890200355044,-466.52993237438494,9.899538319139378,0.8390042049623965,0.8947748722489055,-0.12696873062542208,0.6573498098018852
1992-05-04 13:00:00,8.187897660029043,-480.2270117957087,3.3032068142111655,8.300434398885105,1.2703462489179995,-0.47465308924135086,0.6918468242307212
1992-05-04 14:00:00,6.281373293428186,-437.91938310590126,5.768527815053264,0.17711860966446213,-2.428861700378884,0.29950378229329355,0.6663516692769778
1992-05-04 15:00:00,21.22995082593448,-483.20783680161003,-12.644781949760977,2.843004101533464,-0.9734757035969689,1.393256212041893,1.8390249098331362
1992-05-04 16:00:00,14.16704994869395,-467.8244896965018,-19.139208867752522,3.585334351848547,0.19730996108738486,1.2059911418296367,0.9829452137294857
1992-05-04 17:00:00,13.667439392885395,-500.9714405369953,-22.61767674684963,-4.436036176674061,-1.07632379649033,1.1539926870442674,-0.6521542388365557
1992-05-04 18:00:00,24.072250449737478,-509.686974947651,3.962334760377953,-2.9781675502103004,-0.43611562862129727,2.5085996399135153,-0.1263389005533913
1992-05-04 19:00:00,14.082242356978696,-513.4723337826099,-8.917179561867652,-7.512941958340548,-2.3644297610703315,1.1785689303186377,0.5921817095179303
1992-05-04 20:00:00,25.31819424985549,-472.24520866933216,-4.729968787353232,2.1522892730069163,-2.8561713079693907,0.9109927790209401,-2.630549143660996
1992-05-04 21:00:00,3.407069487610784,-506.89175711733895,12.09455442425507,-2.227653074503814,-1.5428613284209414,0.11324151402007088,-0.33396397236721964
1992-05-04 22:00:00,17.817012111836167,-505.3728979319945,10.079321557433015,-0.06885943325241772,-0.525867998630824,1.3712907433151822,1.2282947187138895
1992-05-04 23:00:00,16.035424010420066,-476.8924325252902,14.682745284595573,2.8769214091267643,-1.063698319962415,0.7146252309024821,1.5425656031846702
1992-05-05 00:00:00,3.2685276425852554,-465.15564140433145,-3.421637466994981,13.30518179939924,-1.051143188303198,0.3142514874883475,-0.11028073162991814
1992-05-05 01:00:00,18.380024296403388,-455.22222980115896,-5.51386469893179,7.845896031181889,-2.4562530711470227,-1.366693721804989,1.8095525697084605
1992-05-05 02:00:00,12.92757280298458,-461.89233049289464,4.505145334049272,19.335854741252483,0.5973933483733628,-1.396359048724276,-0.6571481305931838
1992-05-05 03:00:00,35.74453041500901,-448.6777831109203,9.568274756574917,-3.3828709448719803,1.294414297922403,0.002466369467079954,4.251894727964062
1992-05-05 04:00:00,14.707085963970979,-430.53869099722874,16.784309041904258,23.102169556846583,-2.0951503509285563,-1.6161474508394245,0.3122232480460311
1992-05-05 05:00:00,15.499749538984288,-456.8351849395138,12.899961586057627,3.7824131653954316,3.1372138747876086,1.6185873110597222,-0.30354479022982483
1992-05-05 06:00:00,19.22042903871833,-424.7276549226334,20.45329954575348,6.558135351832277,-0.24446607846415325,-2.063781510492295,0.9016133674632991
1992-05-05 07:00:00,9.980173644462399,-417.54795205102823,28.52401107790079,6.129204117882268,-0.014143273905723452,-1.156045240088361,0.2971640094006188
1992-05-05 08:00:00,21.924828884640807,-408.39776974793875,2.270526616138772,3.5532873979158044,0.007448904838859294,0.24213393661380195,2.6732071419970036
1992-05-05 09:00:00,4.775123407170218,-426.22208285411114,15.980270997505965,3.548456791216366,1.4442951169977767,0.1389086441475475,0.5410447126487689
1992-05-05 10:00:00,10.826352364926624,-421.29816440006067,22.31839047355842,-2.093104210884927,1.10670998281872,-1.123104132822141,-0.7127840328137555
1992-05-05 11:00:00,20.474381519904053,-440.65464756795365,13.256245144856152,-5.763713923873139,0.14691378877439254,-1.361437627221767,1.995580446338997
1992-05-05 12:00:00,14.426588689802673,-429.82786225860855,5.022881026484942,2.1937882036832956,-0.7772816129660696,-1.8560042095943028,0.41233486247516665
1992-05-05 13:00:00,17.394760667639897,-457.37510351886317,12.60163057120932,-2.9703664899403543,1.9904102511445771,1.8393629799442477,0.17947645527243278
1992-05-05 14:00:00,23.8575308656656,-434.414745162502,4.224723975140598,-1.9019430323664492,-2.6635705237548026,-0.3297889124746835,2.9123972445220216
1992-05-05 15:00:00,16.89391975685994,-462.19442087909005,-3.039791154691569,-3.8991483384588244,-2.5640981139924155,0.34360441203090797,-1.8132453431059958
1992-05-05 16:00:00,24.950614546948486,-483.63327753835824,-2.073982270543331,1.3774899282145343,-2.8584486737043275,-0.9135186418540255,2.6229372886151747
1992-05-05 17:00:00,15.392619562642983,-474.7339706842382,-4.748314364438734,-13.497567918282583,-1.5111516061564128,-0.2962990160267397,-1.6395575763494445
1992-05-05 18:00:00,33.523542812108786,-503.8903141347466,-0.2761427061875432,-15.798073871633274,-2.07550303570911,2.5804187069689477,-2.537895073157965
1992-05-05 19:00:00,31.56423590540966,-457.8096134490757,3.4890052660936677,-24.294852152179143,-0.005766843634062185,3.449952334019429,1.7264990837338887
1992-05-05 20:00:00,24.9202254518811,-476.3506637990263,-7.348908830101144,-11.731209119358917,-1.7874768777203875,2.5388729826614393,0.7002819665185054
1992-05-05 21:00:00,18.33307050296156,-448.18180979574413,9.07711999428345,-8.236021735359904,-1.3924694305131686,1.7144104401788312,1.547823916445819
1992-05-05 22:00:00,34.6751670253312,-426.43106586312354,-8.991774490782515,8.260463388811802,-0.5687273734524766,3.094131925461617,3.344819013182534
1992-05-05 23:00:00,24.05724524808959,-451.52968003551865,-3.6944279737082284,-3.8671092522494575,-0.3676743299383042,-2.1306609830709844,-1.6959732080011407
1992-05-06 00:00:00,2.117104317575847,-442.5089407568735,20.282551474542444,2.978015211448162,0.5956532505345542,0.09164830712833737,0.20335422270809217
1992-05-06 01:00:00,29.27311687788766,-436.70049651176066,13.419979816150699,11.00450605730215,-0.6976728440911633,2.2256657012535297,-2.8158482520011354
1992-05-06 02:00:00,20.446511516602293,-420.76491554705063,21.223843848557205,10.477514027613713,4.013758155983963,1.509733933926549,1.6233631083346367
1992-05-06 03:00:00,10.463084792377986,-386.09063424377047,19.16144443122491,7.156669289435236,2.6437551736986427,1.0887546065699945,-0.6364119739289066
1992-05-06 04:00:00,2.3752579721581135,-394.5853450345395,19.19988785835928,16.633673935555255,0.5374465847059441,0.21438064952340535,0.15826523591404618
1992-05-06 05:00:00,17.934099848130266,-406.4796889437451,9.70138470051219,7.317247411818577,0.6871816754011678,-1.880962733430702,1.2600287924372604
1992-05-06 06:00:00,7.966013478933379,-392.3514640306584,28.89513657980047,21.771273005767164,0.08232142140324039,-0.3307470296648683,0.8847576617730981
1992-05-06 07:00:00,21.837506609074154,-439.4606433798867,26.36480244692816,6.478290363354548,0.8340956569842679,-1.9158323420125813,1.6236054765454784
1992-05-06 08:00:00,34.158347495477955,-408.9627632886948,11.03757421606847,-2.1029206818257085,3.4636374259134817,2.7545844807725364,3.0332624292850667
1992-05-06 09:00:00,16.668920514633044,-457.2330845216662,13.802191168340249,8.654595619946182,0.10491329001792238,0.2632811236384741,1.8005624896399968
1992-05-06 10:00:00,23.13856653409696,-403.39891818839556,11.595829065878668,-5.0670559635995644,0.4854629067778935,1.3293509113117494,2.5384155282031435
1992-05-06 11:00:00,25.030604798787493,-459.3020995758785,13.738801859178556,-4.684769184979346,0.3520648353059003,-2.3462417307067356,1.421951464467688
1992-05-06 12:00:00,21.381449339567148,-425.6255847467723,6.680928975622055,-4.921117602530055,3.682483221098401,2.5508051102964617,-1.2473257040903454
1992-05-06 13:00:00,5.979579867380943,-454.4851224379402,4.622369220985476,-1.3518010845135926,3.267305426597457,-0.10543311452150456,-0.6441125405722978
1992-05-06 14:00:00,12.539386986268601,-408.9873295707148,-15.92788989563347,6.01267446302221,-0.0743085564054905,1.5149500557022078,0.21379116388158087
1992-05-06 15:00:00,10.564517523344009,-471.80821847854935,7.4196205482719915,-12.907391288780577,1.2135282573634205,0.7692009679065678,0.8331177409181272
1992-05-06 16:00:00,1.9576463666507329,-461.82656790221216,13.707810765858266,-4.291003346022688,-3.8694080577501118,0.318370649068307,0.02310285763770059
1992-05-06 17:00:00,12.334794086367488,-433.8717834701786,-12.860053423280032,-10.726130219217989,-1.5577877587230593,-1.050519448420482,0.9659338047184329
1992-05-06 18:00:00,28.523902591250533,-453.00680747104377,18.010050507036482,-1.7982213801314186,-0.5172981140973267,2.8135019340607497,-2.208395325868602
1992-05-06 19:00:00,21.93528443591644,-454.86018005826264,3.9566855446304636,-15.380177845915203,-1.4803404725083595,1.4670732932413095,-1.9760082684821947
1992-05-06 20:00:00,14.744296143214267,-457.7826222252383,7.637009827909391,-6.721716255173412,-2.9762069628808314,1.2563311918796363,-1.1101535423564326
1992-05-06 21:00:00,12.133819260036324,-447.6400609860214,-6.246353242454522,1.302843945751961,-0.17743307373050243,-0.6671413921469496,1.181563770851501
1992-05-06 22:00:00,5.79083270974205,-453.5351605905691,1.0242276478418066,-12.117126976119115,0.7713323110759207,-0.6321633116111816,0.11990890287163986
1992-05-06 23:00:00,25.579574273257684,-437.01733070606684,11.53193312508202,-14.41478039310769,0.46358732370315087,2.7337958726267866,-1.020936356906124
1992-05-07 00:00:00,6.518032768717144,-427.00005586849323,3.282065351839852,-13.534376067771689,1.3925098876428699,0.6559121234191226,0.41505184784074345
1992-05-07 01:00:00,7.139978679833011,-407.1238160422227,20.61962845164112,-5.602489805633649,2.9995207365633325,-0.11439336329302885,0.9433421405797253
1992-05-07 02:00:00,12.438543381603681,-409.1547010098463,21.00736581267202,-11.81608051582636,-2.683072438420106,-1.1866793275454803,-0.8194601692956556
1992-05-07 03:00:00,32.05135976790023,-391.04699988688566,24.94678510940675,-2.7348731530883734,3.996111314725765,2.7180953346260006,3.502953929844356
1992-05-07 04:00:00,9.810090341257087,-420.91236562563523,16.87339736630473,5.867694594162345,1.7493909889799693,-0.9634443893852079,-1.0111535301844512
1992-05-07 05:00:00,15.982160765897065,-373.948316869844,31.97846604692426,1.451766105373907,2.4840563110022664,-0.5111847354391992,2.184130094661717
1992-05-07 06:00:00,30.000641972670095,-386.8680973061782,29.23695210473947,10.121018746532158,0.7507498950644224,2.9009295561830823,2.4850968557824835
1992-05-07 07:00:00,7.204365305511909,-369.824177459768,32.312151185898166,-7.882814622207028,2.56703515858563,-0.27381967814361274,-0.9142650324840952
1992-05-07 08:00:00,15.813751831346941,-389.14233220808495,26.65971526106649,7.041153997769533,1.696100043171752,0.2875992163754497,1.9820731423411027
1992-05-07 09:00:00,21.90089320425085,-403.1779958477306,37.72618477241842,-11.303427971365469,1.2175187199574622,-3.0423085149693883,0.024264408639333546
1992-05-07 10:00:00,23.43759954237656,-405.43138207093415,31.00097174336939,-8.981537639137581,-0.3879674589347488,0.44105535008778773,3.229697156090532
1992-05-07 11:00:00,23.310015462700036,-431.80586579808,5.181657580366755,4.768341024992894,3.885833105214477,-2.316604499555212,-1.503207895516553
1992-05-07 12:00:00,11.117641904955825,-425.49557274327293,13.298399118393764,-1.7981968161509938,0.08506193457058742,-0.1303919187690784,1.2613514295696648
1992-05-07 13:00:00,18.104100148178055,-426.89958840658863,-3.728466156913349,-18.165993773145377,-1.8937193598351372,-0.35731105217111825,2.2366653716113136
1992-05-07 14:00:00,18.2998057118347,-434.7939294723296,10.247036662394411,-18.868252885534016,0.13431408607414552,1.980506487091445,-0.992048542714781
1992-05-07 15:00:00,10.685660207792784,-467.48213741922643,11.347544918087985,-12.0895053901666,0.6625179329088114,-0.8755826490977893,0.7704272621589929
1992-05-07 16:00:00,4.822420934945782,-440.20102675994184,13.472460058121131,-9.921210432656263,1.0895081908204995,0.39770871753283654,-0.3134166184336026
1992-05-07 17:00:00,24.56812293582309,-465.577862146856,8.543630652114913,0.42435653074379776,-0.06156576478097342,2.60186766423423,1.0121889546048028
1992-05-07 18:00:00,15.643150530065226,-454.7523784950586,0.8823322209569193,-15.199594796000754,0.44600979698909804,1.193508315829222,-1.2221610937007132
1992-05-07 19:00:00,6.347141917785072,-437.71113444878335,-8.469621207002751,-29.529499603263737,-0.2110365296592942,-0.6621634375379783,0.28591286619390266
1992-05-07 20:00:00,26.92654453812776,-458.1052588805427,15.416852205678538,-12.539841734210572,-0.707849338679654,2.757882579792946,1.5365672651068079
1992-05-07 21:00:00,22.84332208703201,-444.64092188137715,19.194652351596826,-13.417886157380718,-1.4320328930812467,2.379060577270511,1.0590558882528986
1992-05-07 22:00:00,7.1143213291942935,-443.1750832828772,18.312516952865984,-16.728403566310032,0.8373813906280304,-0.02320239782835143,0.8334788655213607
1992-05-07 23:00:00,20.45641837004387,-421.30839635361247,12.307330167601123,-13.597191715123802,1.6327079138151055,1.7967863330561342,1.6276854229620614
1992-05-08 00:00:00,20.938698431564838,-438.96041102973015,24.668566093940917,-5.619144206287962,-0.7948339456892419,2.610702661621469,0.32372359189100186
1992-05-08 01:00:00,26.34378131678428,-437.3328280340988,12.821790620025014,1.9664067837649304,3.0784524989544666,2.3239720166621707,1.9887895803458968
1992-05-08 02:00:00,9.92601329068484,-438.10165875918847,10.13719053412378,-1.302541664203864,1.629542915485269,0.9972340088646866,0.46532896873997825
1992-05-08 03:00:00,10.065088679865296,-368.267523034432,22.11297495382431,1.8860245799271231,-0.06520928358446687,0.4202167158072382,1.2997112724659692
1992-05-08 04:00:00,19.553976973943687,-386.2965230320339,20.968046569144867,2.9268515044449472,3.6273033887123405,2.5715626335222774,0.7249879692597573
1992-05-08 05:00:00,15.939229439579147,-369.51796562983037,21.54126515291979,-4.6830512037821785,5.297071934236067,-1.2995319425241498,1.9803122332865133
1992-05-08 06:00:00,29.146024125158718,-398.6807361278549,25.98551236665569,4.6206584962945625,1.593693802988569,1.8341496651320073,3.425703196801973
1992-05-08 07:00:00,21.945245445434107,-377.5399698612425,21.1264460778718,-2.618048104735057,4.61954731148054,-3.0657299035727155,-1.6407975230211718
1992-05-08 08:00:00,10.419923490107214,-404.33786095491195,26.007500783950107,21.968285960995445,0.5237710033471232,-0.6421411546431174,1.0197038695438871
1992-05-08 09:00:00,27.209702874620923,-421.7893977932689,18.1318381877163,11.566975217012857,0.8334052650931927,0.7337643054049963,-3.2443539389138705
1992-05-08 10:00:00,24.050463178139474,-396.72488595172797,10.731578596641981,2.7149694480699367,2.960575981483624,3.325441020530156,-0.11361303990496951
1992-05-08 11:00:00,10.217852361777268,-421.5108677041851,12.57061821611827,-3.7395167625123933,1.6603307782346084,-0.42622689583881845,1.1663352875490696
1992-05-08 12:00:00,3.3169777332229753,-421.45286481695285,31.856107925197946,10.16255582477282,-2.192320373322056,0.5462526582534163,-0.045957232176782714
1992-05-08 13:00:00,14.762941893186312,-427.30257647883417,10.135452992184591,-1.9714038714889166,0.3163932948539939,1.569929309903349,0.705190595086473
1992-05-08 14:00:00,14.467732139802756,-432.4213540505744,16.828943349837886,2.5978826469170544,-0.2260292542339717,-0.8814350515191693,1.5223584447302523
1992-05-08 15:00:00,24.743271656519667,-451.25011582036785,-11.324128361645325,-5.638815404031594,-0.5498035854418533,-1.1014294772385922,2.8203308378248266
1992-05-08 16:00:00,16.44689417319615,-487.9461743740573,12.517290161671752,-6.711244249064318,-0.9120756087211855,1.3785714676628322,-1.0144190025272126
1992-05-08 17:00:00,3.460601143407928,-474.7982618013022,12.654484315853171,-8.225396760882242,2.3487636351952554,0.23905115230138885,0.24489799837714388
1992-05-08 18:00:00,18.959188155805503,-450.0609997798905,7.424585422310647,-17.0642738822402,-2.009948478685763,2.137636159487725,-0.04192963746720135
1992-05-08 19:00:00,19.192301978905977,-428.8330357053578,-2.8509061518982,-17.870879696870706,-1.2694896030858722,1.907235011948768,1.10141242978688
1992-05-08 20:00:00,17.50022749319779,-456.13922908795763,3.491190279289753,-12.24093525051519,1.4493247796450937,-2.0065207775462883,-0.4895833757948085
1992-05-08 21:00:00,5.250882052239867,-430.7812225093362,-2.451092162202877,3.1915595749711616,-1.7417771295316922,0.4808449033663147,0.3742473904333951
1992-05-08 22:00:00,10.075868849166065,-481.6157025910533,5.401999678867254,-15.447293404097536,-1.4208924985410263,-0.2818554397424877,-1.0481226674158892
1992-05-08 23:00:00,14.52720860812573,-417.0380838841278,2.205865583376582,0.823121494772054,0.9278921145696764,1.48365035924438,0.8643037641009864
1992-05-09 00:00:00,12.264270691541999,-449.3286764810269,12.392200159738715,0.9043085781086613,-0.35286664517411714,0.9753217351352164,0.9617729752533769
1992-05-09 01:00:00,9.176126220837824,-440.48668584937144,20.599188673695345,-3.378002159128144,0.7368951296935979,-0.14589878698865597,1.0401711207753035
1992-05-09 02:00:00,15.606980148678085,-423.1952894829392,24.073837682042864,10.557116735655242,-0.28173909583505924,-1.4894589993371423,1.081027412958076
1992-05-09 03:00:00,14.064956759258674,-408.6704829119632,28.026174222512893,11.843010005999897,-1.7230568847103487,-1.6013662859877231,0.0024010048065717937
1992-05-09 04:00:00,16.19155616668892,-427.04201285432146,22.809683361623573,6.39408217255465,-0.3159433815143186,-1.8785932088729742,0.022626296830797976
1992-05-09 05:00:00,18.99987919558575,-391.8245880501542,34.21123382115888,-0.8608455023780539,1.422013382929884,-1.0895006107282517,2.5935403077648256
1992-05-09 06:00:00,17.732125310284648,-428.029062410833,27.64587045413854,6.727658437262192,4.050330657310177,0.38377834530493693,1.901132320765107
1992-05-09 07:00:00,31.32298205876199,-406.0131784870873,28.717113262482908,7.979055622463367,1.8967373692104983,-1.2050438231512777,3.9307271433617776
1992-05-09 08:00:00,11.88629004900532,-425.08835218095476,18.54981814054517,0.33374532087645836,-0.9956357017476274,1.271627912797797,0.6682039773818819
1992-05-09 09:00:00,30.78121168193948,-414.05865360471836,16.827286795613496,1.2015273404303561,0.05245933347751687,-2.6868062310544896,3.3060594318907093
1992-05-09 10:00:00,12.912601209196374,-454.4403209172798,9.23417058142666,-2.4240979997486907,0.17430688869061273,-0.669791601767501,1.318792020567189
1992-05-09 11:00:00,5.5675933522867425,-446.81824255460293,12.39886504299138,7.12117841031471,1.1869469200792668,0.5896550725192551,0.0023995591517065318
1992-05-09 12:00:00,9.718549992351132,-459.2258709303208,1.5975171958960028,-4.441522922343973,-0.1455445953467968,0.14803553167895483,1.0463900040157825
1992-05-09 13:00:00,15.118544866144331,-435.33927547640343,3.8022917971120447,-2.7727051206477134,-2.261824573494995,0.6193539370174296,1.741310735504606
1992-05-09 14:00:00,20.9710520161813,-490.67207934304923,23.616010470034293,-13.549387393684404,1.6033475407641122,1.0785350334995942,-1.863771423540244
1992-05-09 15:00:00,28.706743471458118,-438.00101474438225,11.674213062935529,-8.224704511912522,-0.5455573162711265,-1.7699381915893255,3.084421725810898
1992-05-09 16:00:00,17.908369405763327,-477.1648228877853,-7.892191977706955,13.032400568815113,0.7285789104225724,-1.8486247207483701,-0.08021077357507389
1992-05-09 17:00:00,29.475238061456686,-470.3342287631166,-8.9889541297283,-14.482001898754392,1.7915838063342808,3.3098565908003925,0.11568922798123105
1992-05-09 18:00:00,25.77804518131902,-513.1883368185358,-7.9287327737954705,5.276106485487867,-1.3055491676321793,2.54095995714537,0.6991834118309378
1992-05-09 19:00:00,20.285059823646957,-486.6038283164941,1.3198401085703741,-6.396245965089268,-1.6988660431771212,2.034529010124758,-0.49486956513032077
1992-05-09 20:00:00,9.84369374734459,-459.6976862569148,-8.13650218893126,3.9599413733374185,-1.862908194538242,1.0366203500708768,0.06299904486145647
1992-05-09 21:00:00,21.321302447241443,-445.61433351147343,11.414003785757703,4.489520021709664,-1.9813065091827355,1.5350413979204638,1.8958923737282953
1992-05-09 22:00:00,19.71623335942625,-477.45368592879595,3.475312834012963,-5.165933755869863,-0.3541140988576996,-1.6629497597091252,-1.4129551524877775
1992-05-09 23:00:00,13.017824309138247,-439.04222090292063,2.781318298492465,-4.247256105867028,-2.2123470237521707,0.2575653734569807,-1.6368250227981296
1992-05-10 00:00:00,27.78900189634193,-446.2358763901412,0.7858372142889043,6.59951266349928,-1.8959935463838018,2.624260754314185,2.3044610641499936
1992-05-10 01:00:00,9.728272732696423,-432.06195089953883,9.799846651765892,12.939472200005236,-2.1424517720625174,0.513348748412563,1.0895077283522716
1992-05-10 02:00:00,37.662446737774786,-438.18225190937227,10.035031092782212,0.6506872841793458,0.9552182807249426,-4.465334931705216,1.249308350424446
1992-05-10 03:00:00,15.07725758781857,-406.6895814652505,12.415117645069408,12.763488426980668,0.3426538016219538,-0.4136668971989299,1.7972463164645762
1992-05-10 04:00:00,32.178335115497404,-450.84327831819706,7.956315649805696,8.642344768630265,2.2410046414501874,-1.8798549782774376,3.340056139744706
1992-05-10 05:00:00,34.58708384982378,-413.1772413107722,20.41907110876435,20.131070679819267,1.3834518153501716,-1.5373099936977905,3.930856115613581
1992-05-10 06:00:00,30.446942890816615,-399.2877450376992,23.111266562104802,11.549895446399526,-0.06323798895354354,-1.7210064469969002,3.4716385986654954
1992-05-10 07:00:00,26.908617994199,-412.40248769130784,20.634372498862195,18.573062030274784,-1.7810667104944966,-1.5771747432304686,3.040799702195557
1992-05-10 08:00:00,21.74689990363689,-431.7414965550759,9.462928189336415,9.258189080768638,1.6313390205172018,-0.31558195306712766,2.7124019107514616
1992-05-10 09:00:00,20.224352160870595,-424.88617483721623,27.17282804289139,1.5851468796955954,0.06486744200298344,-1.5764802264295052,1.782361585339192
1992-05-10 10:00:00,5.184236275061441,-435.4657547393445,9.418125854955067,12.034908774866711,-1.2136188768822036,0.25108055558947845,-0.47948329948782387
1992-05-10 11:00:00,15.759118526254461,-451.1712834548584,-1.6046509583663222,4.670101883400436,0.3883829766159511,-0.8742248035383549,1.468073413459698
1992-05-10 12:00:00,18.40181590944872,-439.25661005465133,-4.549362090515387,-3.7392627262750544,-2.152474162887966,2.059162100342445,0.21595755757960866
1992-05-10 13:00:00,17.450784289536227,-443.27115169367505,-0.06979413036471804,-0.13674319527666512,-0.029966825242543127,-2.0125722546521803,-0.6702390517065131
1992-05-10 14:00:00,9.439693437657454,-491.44226568441434,1.5169055817967863,-11.630614471426789,-1.5567230673312706,0.8686630629401451,0.3822747158247478
1992-05-10 15:00:00,20.74658971720545,-449.8101762773111,0.9454722690884578,12.817194240544705,-1.2505983272257635,-2.391288084461039,0.3570331459719624
1992-05-10 16:00:00,19.625713757419373,-482.1601770848934,-8.398113137117967,-14.903750420019758,-1.6574875422336541,0.33263584090754705,1.9514481960452141
1992-05-10 17:00:00,31.881079337687826,-488.8574352151747,-3.5850798106116573,-9.478252922737887,-0.8766853728080195,0.1841237992907777,3.2381419707957098
1992-05-10 18:00:00,16.21324617674472,-473.66535338521726,0.40414676459886323,3.92869009526932,0.7009321849647996,0.8132421094961901,1.4997597326588308
1992-05-10 19:00:00,20.780823024617863,-498.4080864895243,-2.9764088568938973,-5.174030929781018,-0.7401298983681144,2.0728780714421036,0.16686756471864905
1992-05-10 20:00:00,8.147563878800277,-477.1386471268256,-1.7762778468248541,0.43592111573594305,-1.835026254852736,0.7027697939868313,-0.4731175508544716
1992-05-10 21:00:00,12.931943552540067,-484.5693177399909,-17.81389655256985,-10.872991560193585,-0.5447589581776177,0.546190054663592,1.1956466650878683
1992-05-10 22:00:00,25.23142684958001,-474.1874556570407,-13.777710618196611,12.248729320700274,1.2458095150242974,-0.6295834947261274,2.9315618729126656
1992-05-10 23:00:00,11.096780583650693,-460.78081425537874,-8.96985906514821,9.976021127344715,-0.08501160651452833,-1.1515737119330764,-0.35396562480487626
1992-05-11 00:00:00,20.117776089683964,-458.6919046649842,0.07823267786495691,17.311367960846283,0.6325816603340667,-1.2046817975815047,1.8487461716512925
1992-05-11 01:00:00,18.01200984367662,-456.25712556068925,9.18234184999567,9.174048824410182,-2.0268941914601384,1.7786895651376757,0.9765363769001678
1992-05-11 02:00:00,14.556724112003636,-426.09812980336204,7.619131706030906,1.4321835879130367,0.18758725673450827,-1.781931997395593,-0.37179487064875605
1992-05-11 03:00:00,41.84655652121854,-429.4747893626974,13.401731886494186,5.344621750078512,-1.4052691100506791,-4.987087754237731,1.6321733405147905
1992-05-11 04:00:00,14.70879422357125,-425.7797147781603,16.801520920474264,7.232835997553699,1.7083227595491954,-0.4039746341988578,1.6635980912930413
1992-05-11 05:00:00,26.531957941676183,-417.0199832772449,7.272697050688032,16.441492125378936,-1.4981026533296569,-3.1482487186287416,0.2221431253947279
1992-05-11 06:00:00,36.064483700825384,-460.66855945031136,28.409526664436143,10.050766658321699,-0.39815876578817033,-4.183815292143545,-0.856487488156984
1992-05-11 07:00:00,14.26366093631101,-416.59276245204927,32.39939101143442,8.296713185813488,2.4782487816162995,-1.7507499098120844,0.6549092694516034
1992-05-11 08:00:00,14.594329011002923,-398.4748840017662,22.303434575204484,17.5786782820366,-1.3465762518504465,-0.7805114070211605,1.8316651595701572
1992-05-11 09:00:00,32.74472122500206,-453.23982870449635,20.24875377429674,2.7084672151720124,-2.244942142306574,-2.5759868652619238,2.9800133754260276
1992-05-11 10:00:00,16.133303069597368,-405.91643346611596,0.6021564748137145,6.383597610335421,-0.07980172888335346,0.5325458507669976,1.9158642321571642
1992-05-11 11:00:00,20.28528472060202,-477.68073403115955,0.30606901159941735,4.1266213624053805,-1.9363581502477603,-0.8357500987488002,2.1502422289548693
1992-05-11 12:00:00,15.089473450718467,-468.82872014988203,10.54206253079155,0.3419032178305521,-0.9818334122030777,-1.45781949437816,0.6327228621518034
1992-05-11 13:00:00,29.18555321806713,-455.8991790446369,11.03406330917879,-4.5441894984689615,-1.1448411854779428,-3.368847846707273,-0.37972788002025226
1992-05-11 14:00:00,35.11967237143055,-481.8977498905423,3.4323229413765066,-0.7647040450666607,-4.255168238766739,-2.5533168709950402,3.054306576284179
1992-05-11 15:00:00,13.799585847304888,-492.2087994990705,7.522192547198056,-0.39223125866025477,-2.352396331140255,0.4128362078093267,1.3481505962951785
1992-05-11 16:00:00,24.30647715928808,-480.9975799715575,-9.403284556681497,-3.945374371143777,-1.1107129815010803,2.3213909734876452,1.3331840460993036
1992-05-11 17:00:00,17.829963438584006,-479.4828347812497,5.0075376583441376,-4.010362420964264,0.4254154355446821,0.9919085672198727,1.5731555046884225
1992-05-11 18:00:00,26.13547630313681,-473.6253317456477,-12.763149521979624,-4.1710637309844625,-1.1211151921343325,-1.3748414485428126,2.398164767000006
1992-05-11 19:00:00,4.909611518224135,-489.44788611194934,-15.690320114717665,-2.4778111277696064,-2.4993505492096157,0.36756394570309536,-0.23856223404987198
1992-05-11 20:00:00,16.318030654039163,-512.428503194692,0.567433678415906,-7.642609128123915,-3.725116968630781,0.8570039516412592,-1.4113435196752244
1992-05-11 21:00:00,6.48718967321654,-468.23882132369255,-4.1486681288288025,-5.314294842151939,-1.8024980261004846,0.03844933204038359,-0.7110060963175001
1992-05-11 22:00:00,16.008072697948926,-450.70759276425326,-6.81520594637416,7.354105006340897,1.0478089968018192,1.5467625931932678,-0.9170507984180681
1992-05-11 23:00:00,26.676866977053518,-469.2796397593083,-6.5325138151566255,6.799265764631029,-2.992467103735236,2.013637999674858,-2.0471927046748397
1992-05-12 00:00:00,26.015952035937893,-442.2427278472428,12.194129259286797,1.5675408156271602,-0.7692465810402724,-0.543558017329106,3.1088985092453
1992-05-12 01:00:00,21.634112621953395,-466.18873068350115,3.8752387622198254,-5.323270604631086,0.07935573556633069,-2.2677116566190594,0.4947398019360627
1992-05-12 02:00:00,39.185826136744176,-448.8934992115873,15.080589530066703,12.199451995382478,0.5199923455471184,-3.7220611770427188,2.310355683029378
1992-05-12 03:00:00,10.052461957492788,-449.1166594112496,12.881764023114162,9.7427260192465,-0.9626906517473315,0.5443276961323031,1.0134435914168396
1992-05-12 04:00:00,10.276633855743555,-424.65144083639717,7.887944126183151,-5.941049454891369,-1.425585837048915,0.2492018156710401,1.1691221730208512
1992-05-12 05:00:00,9.568989426077671,-440.07167995384987,19.44648224052617,9.746317539870866,0.9343877107629767,0.680836730447901,0.7918070222922583
1992-05-12 06:00:00,20.537963133426512,-395.93880152460264,17.468937952048872,17.09196505679175,1.0188320084208358,-2.5475137350136765,-0.7205275007385865
1992-05-12 07:00:00,11.02952396479973,-413.4713721639479,13.690963672009268,24.87325746779917,0.05063188121811779,-1.2442142726635472,0.7628221649922752
1992-05-12 08:00:00,34.47184147058807,-422.8448914713916,21.73959638195068,8.803531112667901,1.3706129904697164,-4.281890323866525,-1.4752725569743852
1992-05-12 09:00:00,46.267081902595955,-416.88045684359145,10.84242474769766,8.165361783289379,-0.6828931369718286,-4.2958045958436495,4.724309559600249
1992-05-12 10:00:00,10.313394170356933,-414.0475309815752,18.76886978270504,2.104603404061337,-0.07192792505671758,-1.195041196063433,0.33907495760924633
1992-05-12 11:00:00,11.664861485022525,-433.82440122338795,11.968246942457535,8.680319827852404,-0.15420347081151875,-0.6359310659113369,1.1844288626238964
1992-05-12 12:00:00,13.565771963637346,-459.2133019130337,-2.128703704114226,6.203706483901004,0.2992605075268231,-0.7395596466434126,1.2737312242146004
1992-05-12 13:00:00,3.9280844581395327,-452.45393151318336,14.122514370017624,-9.768560160974829,-2.9394620990753606,0.5106650560508476,-0.17709050289433004
1992-05-12 14:00:00,37.14484894046501,-466.86244258192846,1.4713745213066747,-5.085071623290166,-2.6953315414392938,-2.9584603456897725,2.6205805938423845
1992-05-12 15:00:00,14.45534644872451,-457.77610669175766,2.941948808188042,-7.655552098403558,1.0350078352261323,-1.5752064038950397,-0.13894808968069805
1992-05-12 16:00:00,16.579193334172754,-475.65137270369945,10.72219221073075,3.7607730882308728,-0.5108923311504597,-0.6580654696592059,1.7385287548848112
1992-05-12 17:00:00,5.060538050530261,-471.06469435953204,-6.454493023546654,-0.9927354330496034,-2.4958188185875705,-0.47675450312650647,0.2990999961456219
1992-05-12 18:00:00,14.385551671597687,-456.690198679054,-12.58701363969018,-9.280894709140604,-2.1925877978869246,0.36046415390477504,1.4727753890360398
1992-05-12 19:00:00,19.709025880977187,-482.5298403304681,-6.088764801266455,-3.6927651732028126,1.645052493108125,1.8645776502406302,-1.1543175530629135
1992-05-12 20:00:00,27.699671849691505,-469.04122616926134,-7.397691816439433,1.373852464985656,-2.2702966509494047,2.8589043975807438,0.5891829701614959
1992-05-12 21:00:00,22.954680168652764,-464.73628691165663,-3.372075982297379,-9.869455771137506,-3.137293293961079,-2.4516325318017778,-0.51093280616105
1992-05-12 22:00:00,16.949093589802274,-463.47623265833,13.05835944709863,-7.099028360882474,-3.062141552233865,0.15430440322336747,1.907474738417727
1992-05-12 23:00:00,17.47803797198773,-407.9742927125238,14.321755581600804,4.569133648748876,2.507062051157891,2.06627878514151,0.6754204831926618
1992-05-13 00:00:00,14.973468730813993,-420.30767298385126,13.635829610949182,5.6619857174336925,-2.646710975001235,-0.5788094262573712,1.7191709466006366
1992-05-13 01:00:00,12.866266951204004,-439.14558178001204,-6.942523182899307,-0.5902946357534335,0.021284110113007727,1.1732072331814245,-1.1566235338110262
1992-05-13 02:00:00,23.516506981959278,-430.9310790614185,10.90061075209996,4.509299499514639,1.3363045050355125,-2.4905860611610704,1.1718508119168414
1992-05-13 03:00:00,16.19818512151606,-409.1313998236992,34.31005511455595,2.988876376802805,0.8511271098403719,-2.0863630660877748,-0.16964796840227103
1992-05-13 04:00:00,9.328834921002766,-389.7639741939671,22.930835034655637,1.8720833194307973,-2.3218921611615437,-0.6538911889932747,0.9016913960007791
1992-05-13 05:00:00,6.836339680582634,-406.5706710779885,34.48628430857932,13.171142449712754,3.0127157520047745,0.1629344825748249,0.6743896577293457
1992-05-13 06:00:00,16.46421867361251,-390.42421105347205,34.2853703904788,-0.16000456572817345,-0.006188118292065947,-0.5513866209714974,2.0753701485240423
1992-05-13 07:00:00,14.642066744117438,-429.77129800564035,15.925416961385054,16.9425837973707,2.4453747773924333,0.05918138804546497,1.5995150253957497
1992-05-13 08:00:00,18.128740783884453,-399.76924410585593,25.17452545749936,7.03839711707405,0.815083449402803,0.7934764193210305,2.086511968334086
1992-05-13 09:00:00,9.44138140487192,-390.03246847150155,30.63255389401133,5.916027914787387,0.7245129519603208,0.6337499211748002,-1.0009998499411839
1992-05-13 10:00:00,15.928767636256858,-412.97970543683056,25.016220627018434,-1.5526096403182046,0.2032857784317772,-1.935382891643731,-0.14321316471696832
1992-05-13 11:00:00,21.36259544351017,-431.4475385316988,29.52606736085666,-1.0431755211858695,4.172223092485184,-2.005259654999725,-1.8454985667189447
1992-05-13 12:00:00,17.07470379297168,-412.30831310195384,0.9717618108703889,-11.32796279294007,1.6748619214479308,0.41232730021199204,2.115193750511242
1992-05-13 13:00:00,4.375246098731578,-450.74596568812615,10.494679740035327,-10.747052811287102,1.609457419375714,0.3408522997633163,-0.26562487221604514
1992-05-13 14:00:00,12.817267880820273,-446.75312913076016,12.975074131601406,-3.8123419253255264,-0.4022404131642419,1.398273220567176,-0.37103147362000943
1992-05-13 15:00:00,18.77388171585866,-438.9096709972583,19.863083230289888,0.4306974757841271,-1.1688733368421516,2.1840067039927455,0.4646334586572415
1992-05-13 16:00:00,28.028565413117345,-465.8557980464458,-1.847615450276646,-10.565585594493921,-1.2885910515296497,1.0170801670615626,3.176068779980165
1992-05-13 17:00:00,8.151956817667868,-414.8674002871053,-2.1851299640366033,-14.986751381710004,-1.689334923819858,0.9792939794130505,0.10584567802767608
1992-05-13 18:00:00,9.139691830257025,-457.9656932860469,-9.197096779335292,-12.704788105337872,1.1777272661747145,-0.8200454856110391,-0.4999941626694292
1992-05-13 19:00:00,24.653093527097504,-483.7332426098753,-7.813673486995855,-7.4377279212846235,-2.8333844492237756,2.328478975333646,-1.3899022514474089
1992-05-13 20:00:00,17.890410489112984,-433.3964549624451,3.5816574936224663,-13.807361335698904,-0.04307411930070382,0.4743385323317853,2.0071940592845943
1992-05-13 21:00:00,20.77856168553313,-439.3272908731547,16.804972226058474,-3.236581826815602,1.0954300642652552,1.683040879387948,1.9408550938339055
1992-05-13 22:00:00,9.182889797472892,-438.55440318868875,0.39176005751461407,-3.1907991581750457,-2.0036025387987886,0.4005708908560872,-0.9826032737663662
1992-05-13 23:00:00,29.038187532902295,-422.800088845686,29.478507824881476,-6.271898150973873,-1.5690186166512885,-0.7775603756370311,3.4419926984398224
1992-05-14 00:00:00,8.862290349131909,-412.2777931288402,15.719186699067862,2.6609786224838508,-1.1956089001159758,-0.01925197314958399,1.0797604074201435
1992-05-14 01:00:00,13.531089818532257,-415.2791696070354,30.53212097921707,-6.469792186806642,1.1162876986450392,-0.15803731394693743,1.8340398048312836
1992-05-14 02:00:00,19.618102925556336,-395.5902965731445,16.918155823309167,-17.46980445696271,0.37526372882360015,1.1496601876718826,-2.3455949033221173
1992-05-14 03:00:00,8.58831230258008,-393.3972452803913,17.925757385632465,-2.462390936271637,1.607084611568164,0.7965930955470066,-0.6489565657262066
1992-05-14 04:00:00,6.442344515452466,-379.71858295914507,16.801935664423155,5.092311843095031,1.6501620064852847,0.6705873196318572,0.38604747463787137
1992-05-14 05:00:00,19.229231134134864,-397.93663139254033,41.08415200394869,-1.662502893067769,3.7561866209497925,-1.3702345440945383,2.1841831598008294
1992-05-14 06:00:00,32.411991959849324,-395.0092717705962,20.868804577927506,-5.470878853450124,1.9736357440224228,-1.8783589538443186,4.290629381374814
1992-05-14 07:00:00,22.265310987646235,-380.56349002711914,21.98385889268761,5.3451465570506524,2.6905763947977777,-3.061007889236101,0.29598917549224635
1992-05-14 08:00:00,13.068418939684584,-382.10806558143634,34.08548594017888,-6.902900005417659,-0.7666915448199327,-1.523495481921398,0.6101811062839175
1992-05-14 09:00:00,29.10502022202313,-397.5786039247764,14.540013248598305,3.473311231780561,-0.3642402264317478,-0.05945514316470646,3.8040495340196774
1992-05-14 10:00:00,24.591655620692194,-401.7204725955985,26.512102757211817,3.661062620898818,1.5874744219804744,-1.585467721559539,3.035669585145131
1992-05-14 11:00:00,16.967753963605748,-395.84060366497,31.669733158877225,1.0556249911535422,-0.5789362044149906,-0.022180295087748658,2.1368670969945533
1992-05-14 12:00:00,13.207540996959102,-430.54594930973275,18.880344167858837,-6.873276774129504,-0.48183041857837927,-0.36356993184549535,1.5676548499789829
1992-05-14 13:00:00,14.340265195145651,-443.3453890567112,15.259961623608206,-9.10904896087506,-0.0623433061959332,0.9736048005008844,-1.2940520976918393
1992-05-14 14:00:00,6.195673689486897,-420.5377636379331,0.5294453545883737,-15.047795277664568,-1.1330143990555914,-0.22005136896373734,0.6619765806648069
1992-05-14 15:00:00,10.390392090943168,-432.81555001585093,15.85645914574953,-15.134991416240478,1.4100413499469575,0.20420949284210665,-1.1032157368706548
1992-05-14 16:00:00,32.56319793176016,-453.8658177300192,0.5980927308571529,-14.202635733162529,1.3132970921080829,4.0913583751628355,0.020986789167520392
1992-05-14 17:00:00,18.534901672455355,-450.54500286407443,9.161146660943679,-10.619475908993381,-0.5302431093019218,2.0644479830108704,0.09196829596998035
1992-05-14 18:00:00,31.583741460563605,-458.53772846350597,18.504547274995222,-20.239729605760257,1.9524301497437508,3.321603861846747,-0.4445152167277797
1992-05-14 19:00:00,13.129244034799385,-453.86334959404996,9.171093007715061,-7.137938978509612,-2.667870841878555,1.4612762252506721,-0.3752992764946268
1992-05-14 20:00:00,11.568643085585572,-423.1703066523096,9.047276823892464,-0.13131655304821876,3.6616447430160397,0.7800907378561349,-1.0623983559938137
1992-05-14 21:00:00,21.799401834333953,-437.609143909918,7.996250159540832,-13.517238530393172,-0.8945040544239607,-0.5143963196101909,2.4057431458285126
1992-05-14 22:00:00,23.56365780954249,-448.9526714990594,16.28233002368031,-0.6390195959880662,0.645200620588823,1.440881041308236,2.1772058236101155
1992-05-14 23:00:00,11.368590983560967,-417.3864508171399,8.684512929378986,-7.033845816809747,-0.21206234619144504,1.1035110040862854,-0.8077449870826185
1992-05-15 00:00:00,4.120160443947321,-409.8136353729465,2.52994660955853,0.05967501827066091,-2.0919492308538006,-0.2755785004095965,0.41195914364322317
1992-05-15 01:00:00,6.9170264277125675,-411.03555802988876,24.80716673319607,7.668630364668941,2.213530592666412,-0.6653774132272987,0.539121703441761
1992-05-15 02:00:00,13.302504341758253,-404.112417769901,29.53096165756493,-4.989395563970987,1.8784646418660884,1.6612892305883036,0.049923895125929096
1992-05-15 03:00:00,13.587316051115835,-389.6671737696649,27.911337250723893,-3.2498577980242684,-1.2232697739836824,0.7192168643170459,1.6913306631633787
1992-05-15 04:00:00,18.27788309073752,-381.12122093981475,22.493105047138652,11.131291579287486,1.9601972162680599,-2.4172222411430337,-0.7296708552704643
1992-05-15 05:00:00,19.486132729782906,-391.38766974748086,35.032522194638155,-3.929605505838545,1.3088929984690765,-0.9152617337849708,2.381733141519025
1992-05-15 06:00:00,11.836844554663621,-397.63125680638905,15.066633781381933,3.1046627239055757,0.034426532514746144,0.25413453603795433,1.4650908705544607
1992-05-15 07:00:00,20.990674717865286,-393.9189096676022,23.922872169744032,-3.2964185473129604,4.097622555041701,-1.0293956943507123,2.7607761347604765
1992-05-15 08:00:00,15.106682747014903,-379.2645538877682,41.33459202037653,-14.526404093422244,-0.11871677395012248,-1.8244939717111057,0.9513185715070833
1992-05-15 09:00:00,14.860370753921172,-387.47028059461024,32.186348815205264,0.6721509424499157,0.021686147535576294,-1.9160459958623992,-0.11350532082809262
1992-05-15 10:00:00,17.207579987120358,-411.9785126998772,23.900396318290348,6.156320763427686,2.5860980078729217,0.5919062090912647,1.9108605862752142
1992-05-15 11:00:00,7.01054229087071,-370.657008087304,18.092340067928983,2.2108164387102107,0.6590467316760897,0.9125866535627419,-0.04528408169765985
1992-05-15 12:00:00,4.917782943584899,-383.8138179698,20.603890189070498,-6.5797136039124275,-0.46148094018525776,-0.2280762285987893,-0.6132500612762144
1992-05-15 13:00:00,9.941473891912791,-445.5644651566372,23.96411466718981,-2.8146112409653985,-0.4788750789342723,1.006018908064456,-0.6635525427574656
1992-05-15 14:00:00,3.075650944419752,-422.02763805406386,16.08789272421196,-6.987831617274097,-0.9825329422221926,0.2938479186566786,-0.27513289705175104
1992-05-15 15:00:00,1.3199140487682808,-459.12323137299813,-13.558842897436474,-19.21129536663245,-0.990240368739237,0.09791117150055378,-0.10807219469268725
1992-05-15 16:00:00,13.448251723692236,-448.7996177333526,10.620723017327306,-21.277642483115088,-1.7391696037754643,-0.3901950498030194,1.3522919267895317
1992-05-15 17:00:00,29.51006439472014,-429.723121034608,-0.369226591044411,0.07601820349575394,-0.5924783829389255,2.965829035844275,2.104382345990641
1992-05-15 18:00:00,15.794660257672906,-443.03848193259756,9.848713901843388,-17.93483164679908,-1.0862631664083988,0.6735402556757595,-1.788136095063129
1992-05-15 19:00:00,6.939287616603527,-472.24844929056627,5.310712084950792,-6.1205443152273995,-0.260016328228197,0.7374110576562403,0.011787092658000597
1992-05-15 20:00:00,16.16776797546155,-444.2599170225856,6.32576800083529,-6.312327701329103,-1.103383434310162,-0.457594895779466,-1.782005680843421
1992-05-15 21:00:00,22.92738587955759,-484.68760558542385,2.216333874379992,-25.622456335305163,-0.7881259578287594,0.4222658762150478,2.437072380397891
1992-05-15 22:00:00,11.555437045430683,-466.2654704580509,-1.027711127993772,-3.823333434230398,0.2748008542500772,1.0644202190217336,-0.6331076230516941
1992-05-15 23:00:00,38.76583100571282,-435.4621528971255,12.994064368210903,-1.4031342869347099,-1.5113481625273462,2.2613205774560523,4.579434523928159
1992-05-16 00:00:00,12.99095381371268,-441.29855619792164,21.199490244484764,-1.9902368261534238,-1.672330605636186,-1.4954039285770062,0.419684176031467
1992-05-16 01:00:00,12.295961562530232,-398.1290265843388,7.488528990082147,7.63022878649453,0.6239897961370329,0.049420399201778376,1.5686675152532874
1992-05-16 02:00:00,11.296945029203812,-413.1861936747502,14.37024081924162,-5.037287583996369,-0.21930621024904878,-0.9994979344639557,1.1690892576617407
1992-05-16 03:00:00,8.191685005891921,-390.49687847703564,31.735359819134715,10.50875159615613,-0.4578358384153328,1.0894299277280428,0.597400809770493
1992-05-16 04:00:00,12.359332333922435,-403.8101336649482,20.070658623205162,8.87353917134629,-0.2211664036305384,1.2873221311916243,0.8490926084044609
1992-05-16 05:00:00,10.2179067463535,-400.6757123211634,14.258896815813502,7.554558791298305,0.49537725680849465,1.011237281442672,-0.761100861228497
1992-05-16 06:00:00,20.039702593343957,-400.19078819514823,18.72933571638529,8.443469251608517,2.8011563870518748,1.0147850148357807,2.252546211925253
1992-05-16 07:00:00,2.4123041028444585,-375.0267454260184,24.394071883612796,14.859058681662582,-0.08061200413099162,-0.3023020046651964,0.09551273061587173
1992-05-16 08:00:00,19.321407252933078,-384.03384033648666,33.23835548895535,-5.7936990164642115,-0.3972800046491983,1.04784837271468,2.359263211135186
1992-05-16 09:00:00,22.343611109604836,-430.5835181611258,7.928653631199317,6.183954403224816,2.248914431206286,-1.8201510308856468,1.855625712167975
1992-05-16 10:00:00,7.983374043004338,-424.74630590378786,36.291158963483525,-5.072351823280796,1.5717834586385928,0.7170113989174958,-0.3785943479199875
1992-05-16 11:00:00,6.480590109809084,-403.5590317063272,11.167016145811392,3.296476063756884,0.19857710090103278,-0.7950159982365532,-0.14772694115409124
1992-05-16 12:00:00,23.33725448892837,-459.904928812929,7.839054245760186,2.4312596968735374,0.8943685381129377,-0.13194537828289388,2.7017012757083054
1992-05-16 13:00:00,14.107146852265709,-418.18170449717235,-0.22394616095694805,3.8102162374461637,0.31958923066248235,-0.9349639468624754,-1.4452890942319392
1992-05-16 14:00:00,7.460363404952184,-444.1848601546879,2.54642944681962,-2.771675542059232,-2.384310255529446,0.28570357007091873,0.7795972486414541
1992-05-16 15:00:00,26.981209602032244,-475.96277266731545,2.569123157339798,-11.788510066435549,-1.4241382988267564,2.714409379592315,-1.6614242077562327
1992-05-16 16:00:00,15.881219133244079,-499.42771262013287,3.862177672875906,-8.174744966217897,-1.959489969305168,-0.9616937026531104,1.2998161128987595
1992-05-16 17:00:00,22.71124362621759,-468.85905253750377,-7.022342867228851,-0.5234629946603717,-3.5964112418013876,-2.6712834558667997,-0.45019868901591564
1992-05-16 18:00:00,21.64247533858067,-445.3376408041721,-8.752423731834611,-3.256219187792154,0.6168152839701407,-1.4939227754674786,-1.9288506219192327
1992-05-16 19:00:00,12.606701050389805,-467.7161476952554,-1.6372696942516853,-6.618691224190487,-0.7203451236603203,1.2314225374919359,-0.9329103756148313
1992-05-16 20:00:00,20.0766920505847,-460.6776762725572,-4.666323335896074,-16.375661902119976,0.5066687093468099,-2.089215302520279,-0.6003742734801546
1992-05-16 21:00:00,19.895057611935442,-457.636049218757,-20.11017896453389,-9.76412604024527,-2.9198739505085176,-1.2776722372953742,1.7796337753919778
1992-05-16 22:00:00,16.227370382593822,-463.1640682640633,-8.9159578052954,1.331801351918373,-0.8577009331204971,1.1232322595182809,-1.5270479879589234
1992-05-16 23:00:00,8.417301779534565,-446.94339697696785,2.899041202269831,-6.018191423093648,-0.5578069249246624,0.7931260220788467,0.574459333176461
1992-05-17 00:00:00,15.737688140500339,-455.10266600355465,3.3880226083446257,5.086315430001308,0.8986741689333209,-1.7148899148518926,0.25667877440185893
1992-05-17 01:00:00,34.18620947963339,-447.22788560616226,-4.286431575323146,11.030156641713146,0.9751748936045099,-3.2655589511873875,2.6256554707666995
1992-05-17 02:00:00,27.250809836067905,-445.77874676513824,27.006621476396614,11.307586897778917,-0.2143065246701344,-1.9747089662826145,2.3003915093128615
1992-05-17 03:00:00,8.785186966386444,-432.02821006286285,22.12278922186863,11.088375423656025,0.9524881311668345,-0.674631745097354,-0.825342788567409
1992-05-17 04:00:00,25.55087013286725,-427.89709853626516,23.26933415402215,13.391876162747419,0.7459499297883891,-0.501610434865136,3.1096790643276195
1992-05-17 05:00:00,23.896737797252303,-417.10207925035377,12.21348769213575,2.777170808351444,0.7543837635284218,0.8750408460748473,2.7144900396734393
1992-05-17 06:00:00,17.153875524741874,-424.6568520902127,26.03269305061296,5.888722533520429,1.1453910199094643,-1.7422283561359173,1.1133460563549071
1992-05-17 07:00:00,27.415738463478426,-445.91502690221733,15.622812954034767,-2.668063233117957,0.7251766959510367,-2.4410475263902187,-2.2864710223039904
1992-05-17 08:00:00,29.87970060040888,-441.2590306393633,18.786885183387966,5.697178909405773,0.14872876189938655,-2.686425685921685,2.368192496504344
1992-05-17 09:00:00,30.680507966348245,-434.0287177589086,12.127545499027924,16.612072390626324,0.43605833727151344,-3.026576239025004,2.2121443345522493
1992-05-17 10:00:00,18.840683829832354,-428.6755450948603,19.86847339886445,-0.8784340870098637,1.8418692173662201,-2.290473539599307,0.3033361994295155
1992-05-17 11:00:00,24.63376283609901,-448.76284986174085,13.384326790872482,9.568371604215574,0.32328970356976094,-1.0881188467299547,2.8493808352708867
1992-05-17 12:00:00,9.869855203747134,-446.76843026104996,5.830771194523019,2.6013769550122845,0.46809278366908125,-1.1030030178775865,0.12712710568360885
1992-05-17 13:00:00,26.43656048976112,-483.9347429855122,3.2885667968966903,15.633908126790303,-0.9107645239874047,2.255887898640873,-1.517373215566404
1992-05-17 14:00:00,29.517326346364232,-450.64375948941085,-3.598616756938858,-1.470817794740861,1.5589521184624493,2.041915054184062,2.635381992322149
1992-05-17 15:00:00,10.819011199262246,-482.019923746663,-6.722088576203006,-9.538152781832954,-5.1937604993779445,-1.2065828181220546,-0.35318793009503946
1992-05-17 16:00:00,2.721953462532357,-492.4256471833602,-3.0190861602180403,8.408697421678088,-0.759651957878148,-0.043785078523336074,-0.260616570306235
1992-05-17 17:00:00,17.563893809430336,-483.1772057186109,-11.67219280984811,-1.0228138871407655,-2.0823865458873456,1.065780184558837,1.429736349504337
1992-05-17 18:00:00,19.42483871806471,-478.3101874841281,-14.699881814169235,2.748329649562434,-2.6668956439771767,1.9687823618008444,0.31854190528722326
1992-05-17 19:00:00,20.820218543185685,-487.68691673291374,-2.736105884930918,-3.6061771299018766,-2.9024934177936537,1.7177867795356137,-1.266080549099246
1992-05-17 20:00:00,18.121546456868682,-471.63975691823396,-7.994458295106698,-8.657048137424969,-4.407452010249215,1.8398334355631705,0.07460986437511963
1992-05-17 21:00:00,29.908180007356204,-503.5429554048273,-3.4928654356676514,7.425560727418812,-2.039912287009585,2.929509738454271,-0.3607777440231995
1992-05-17 22:00:00,11.047325576052119,-472.5700537639209,-17.140267874483143,-6.268383529539477,-1.0803446332084303,0.1288236268273153,1.141706637731669
1992-05-17 23:00:00,10.030135771946194,-451.1006199954045,-0.09192450526913198,11.355258162940688,-1.181852976307385,-1.1112181453683527,0.05998925386758924
1992-05-18 00:00:00,8.846780694297538,-449.30792646711444,8.233208731007386,8.027291100207172,-3.063364605677504,-0.017003816077792666,1.0363094552227037
1992-05-18 01:00:00,33.81727199743787,-453.10494329260354,-9.878858006222233,20.354185403973116,-1.899614728850651,-3.605368734713849,1.6029037819120693
1992-05-18 02:00:00,24.263260712287014,-436.96763558812194,24.21491511211127,8.307291615998889,0.5363918926433362,-2.4115434577490236,-1.4362991783821617
1992-05-18 03:00:00,28.339031539416865,-409.3086509810426,21.788166043811994,6.693005371363228,0.008481832002165235,-1.0924284822387367,3.6655934095425735
1992-05-18 04:00:00,19.777617380950776,-447.9379834998561,11.11316331192703,8.094794705127766,-1.1080212818182376,1.504774307981175,2.091550191944939
1992-05-18 05:00:00,15.323737294713197,-424.0769509545089,29.827821433414755,8.987057063614028,0.6912156367783601,-1.78099085506489,0.49315147949880467
1992-05-18 06:00:00,18.877619817910166,-425.0799058455921,17.800688657683402,14.653454474549747,2.748034977430992,-1.6717388633177679,1.4841874789046414
1992-05-18 07:00:00,23.114023332918233,-417.615813141488,6.928886963717081,13.841803388486852,-1.292771990469617,-2.7462598925223447,-0.4793929035175212
1992-05-18 08:00:00,20.072786685484857,-448.1723350791924,11.312801127533765,3.552161142508589,-2.7632047762450527,-0.8829102617921724,2.0912557451341582
1992-05-18 09:00:00,8.598838014694563,-411.7810917162167,16.169111217668537,7.03464043818288,-1.6741680837070136,1.109594887810012,0.043332762435536076
1992-05-18 10:00:00,15.254285674173381,-428.84745034658806,14.133066544481586,9.333090862766362,-1.738597467919198,-0.15158818820962172,1.88890580211534
1992-05-18 11:00:00,8.631721123279334,-414.3460071834288,-0.10108537050006206,-1.4557350013576809,-3.052061860732956,-0.7148206185587094,0.7475877807928435
1992-05-18 12:00:00,36.13913980730321,-455.49085757248497,-6.276310740342572,-4.145012280690208,-1.8243252795213691,-3.7946749015448846,2.4351373026086383
1992-05-18 13:00:00,35.18172297718208,-473.26742853755815,-6.929554163973101,6.084424159917257,1.5513681341511343,-2.9104404685222622,2.2639260838027466
1992-05-18 14:00:00,0.7997409654616868,-498.2542467673086,15.621880398391397,-3.537242608744802,0.6297937980700107,-0.04505738260156922,-0.07164400511012581
1992-05-18 15:00:00,31.39146662998664,-484.2113025576359,6.174441932042463,-0.02418104702316981,-1.471621716503476,0.059723202784376705,3.2433152352482346
1992-05-18 16:00:00,5.1249122771404325,-500.76241129649713,-7.471244245935181,-6.201186160273495,-1.562132622932439,-0.3576544708890127,0.36790364761435235
1992-05-18 17:00:00,16.394783104384803,-514.6627164504122,-9.08927752243619,-1.528231550942924,0.6587519639782033,1.4215403504263557,0.7821480785747609
1992-05-18 18:00:00,19.348057077509008,-498.21527866406615,-13.698752622098882,-20.037537952979037,-3.8309393244594006,1.7390240909187622,-0.7800161602433976
1992-05-18 19:00:00,17.749303120666227,-487.81901507125286,-0.2197255343535902,-6.66135586176387,-2.896605663008661,-0.5952932833370573,1.6799724902926658
1992-05-18 20:00:00,36.35914660643618,-483.09760877624666,-16.83023056113582,4.189564378864949,-1.8619727137367268,2.708227980798531,-2.9392842347522965
1992-05-18 21:00:00,15.592507284419824,-436.616408698526,4.780290523509318,7.045515757448051,-1.5632728585775517,-1.2555377777442298,1.4685852291849795
1992-05-18 22:00:00,9.171150685340494,-445.3884932067405,3.142364606136513,0.7299261850031966,1.0731610334092094,0.8825305025015362,0.5156607273827154
1992-05-18 23:00:00,16.66847314031446,-458.2299059935508,-1.2024973746829364,-0.5439104053466046,-2.9501632714619577,1.9481956307881232,-0.25968126718043283
1992-05-19 00:00:00,5.267694445877138,-442.18924461278544,2.7891157594392233,3.2579893717622546,-0.03676432163352261,-0.08050350426065744,0.5903961148030441
1992-05-19 01:00:00,17.623847344985435,-450.5875901412563,9.866744575518066,11.24109371018337,0.4261969542141947,1.4240218214980551,-1.3394899602500514
1992-05-19 02:00:00,31.18646585107703,-443.31720764797154,10.559445391499107,-4.005521857664117,0.34404439599234893,-3.385338879015095,-2.3598229207867543
1992-05-19 03:00:00,21.016597888755037,-422.98109958742054,30.10957303001151,9.607394962923712,-2.1327053341161863,-1.3519987185266722,2.018236972305474
1992-05-19 04:00:00,32.01493520212207,-426.83572309191624,18.02451461111241,22.09400164874013,-0.2584114896035602,-2.1163405743105486,3.7474049738050965
1992-05-19 05:00:00,13.993901149245582,-397.600076699886,44.10425033469963,-0.721924149492259,-1.8159392870101336,-0.5223534888117194,1.5911289067428585
1992-05-19 06:00:00,5.497014863096572,-408.78154129404453,3.532517020676347,8.595197615283046,1.6153020640729343,-0.6806231377759879,0.05215521448556715
1992-05-19 07:00:00,24.14513338487416,-436.0784652820226,3.7709924927640857,10.208182861359898,-0.4630490465287206,1.831098704526776,2.261359745201532
1992-05-19 08:00:00,15.498313124170512,-445.3873522084002,18.038501563260088,7.562524705159139,-1.1143390573724181,-0.5810260465579054,-1.6034345072644505
1992-05-19 09:00:00,27.17482548200786,-424.9517342637043,12.911925238725319,13.013148652991795,1.0706843705060405,-2.0502015103690283,2.7165929267552893
1992-05-19 10:00:00,7.77217021561378,-414.81422219345717,13.298875629817823,-0.9960109959439221,-3.4198792532591886,-0.6874967863035786,0.48374538971758835
1992-05-19 11:00:00,7.634222588387498,-455.13602909217786,8.110146591553695,8.338483753410225,-0.13700984982150513,0.677057438554991,-0.4953030242079053
1992-05-19 12:00:00,10.275596337649544,-460.55790715460023,1.7758873887026723,2.117167586814091,1.2589090337204292,-0.21161651572969364,1.1888466024165265
1992-05-19 13:00:00,17.87770327559839,-417.67428173725,6.234613547157711,-1.1921428359790576,0.8970446023744911,1.341722080388171,-1.657724051113215
1992-05-19 14:00:00,25.28005467378338,-459.85027685698446,19.060052832662187,-8.830492225277071,0.644215467184432,1.5533080554735372,2.258218859810146
1992-05-19 15:00:00,27.035132024381408,-470.834979621612,12.682838198456233,-3.410962111582834,-2.9576653612972046,3.0490242813271817,0.28656826540539515
1992-05-19 16:00:00,19.052521218192986,-432.63167081926343,-1.455127560035996,-5.678467664697946,1.4886009679420198,-0.8306220911690956,2.056672963117061
1992-05-19 17:00:00,6.550215729473782,-476.5998568372845,-8.616295589269493,-1.8150930723686167,0.2679927377119812,-0.07201299392695384,0.6837739714460299
1992-05-19 18:00:00,39.11211076701402,-489.431432583792,-3.944477947788508,-8.499198110514595,-2.0594075821364455,4.132446556857856,-2.0260011691531434
1992-05-19 19:00:00,22.348763710967887,-469.57644100581865,-24.114893903800205,-15.343230184817873,-2.1869266581501043,1.4976615354818525,1.6805251100954874
1992-05-19 20:00:00,19.03351753819671,-485.8013829636888,2.726973357291138,-21.85955098765235,-1.3871165482607004,-0.3783886877720627,-2.0476102619481904
1992-05-19 21:00:00,29.756454962835207,-485.40794067817086,-1.1955673852214432,14.137487799179365,-0.7784456311985746,2.3482297715502396,-1.9229103999803625
1992-05-19 22:00:00,26.122256551500996,-440.1799447276748,-13.545804834567699,-0.9431262977432475,-2.358457788178272,2.3323889642305518,2.3060961310309636
1992-05-19 23:00:00,9.019227058753055,-455.020799836281,12.672985903124406,-0.9698547746240422,-0.11012914262886654,0.7467705037069086,0.6918851614284156
1992-05-20 00:00:00,21.61244581635639,-430.9992697846862,3.9885264572204537,-6.269107391170459,1.1778939130933512,1.2792726232702691,2.1612244954632764
1992-05-20 01:00:00,10.774056097356262,-446.4722123669061,8.399960341777946,4.844395898747946,-1.9521562268038348,0.04557541807365071,1.2275138626538336
1992-05-20 02:00:00,33.07362345058869,-425.5519290336339,23.948395689508775,1.0896626954976956,2.0111097791580645,0.44970271096544895,3.9985692192826345
1992-05-20 03:00:00,9.498778121601054,-433.46700898558623,21.50137259383741,8.990222448883902,-0.15574684395637436,0.004837226963232952,1.0975528652419757
1992-05-20 04:00:00,18.239231974618907,-423.5795077548926,24.206864924793173,13.46367292706451,2.734991205694769,-2.105588578439889,0.8200858618482676
1992-05-20 05:00:00,12.658679535398562,-379.41767993912987,29.887320734102445,10.644234878695865,0.8757517544075641,1.7331677274749593,0.16511245771563876
1992-05-20 06:00:00,18.70207772807023,-392.70353617066803,16.728523307628265,7.384073904125432,-2.043686287218116,-2.2014792043643467,0.6923892625546535
1992-05-20 07:00:00,13.568800007955256,-394.1687972100806,14.579995239674423,-0.5617318255382624,0.26919956262070943,0.41247755939370434,1.667767969047189
1992-05-20 08:00:00,19.82477527007416,-406.920252325437,20.50395334782926,-4.971838066579095,2.5922191170410684,1.965324101960881,1.2782542702870394
1992-05-20 09:00:00,13.836380557066976,-415.90649683924335,30.984382006189353,12.063157749318625,1.704581131638039,-1.5110527856336557,0.8668105176057105
1992-05-20 10:00:00,21.281212789764528,-416.56468238885543,14.503323726316243,-5.060897083245048,-0.8720812885582501,-0.36555889391751556,2.5115403028072425
1992-05-20 11:00:00,16.319914169724424,-429.19308813536236,22.223421593422124,-16.038181857018497,-0.7151214121614144,1.8514393177356705,0.9076516160519963
1992-05-20 12:00:00,12.928191436914997,-422.1384161472794,12.814248512536324,8.77006498376989,1.0542134445107636,0.6008855076375763,1.3721584548596555
1992-05-20 13:00:00,2.168513293939509,-438.497438803448,8.216027672868115,-2.406778476290739,-1.007153600248319,-0.1796338071228411,-0.15291092384009197
1992-05-20 14:00:00,5.345766383689495,-440.70332463600255,3.6673767718686068,-4.053636587115642,-2.4328374357846685,0.563379506441755,-0.2922749797417017
1992-05-20 15:00:00,26.540057324318806,-409.1750058238411,-4.7777395193132834,-2.0933115613546804,-1.8032947209841852,3.5351892711195365,0.609804138699475
1992-05-20 16:00:00,29.840823688647394,-453.4681277582527,1.6077571996431215,-1.5618096825296588,-0.807089299660203,2.3276336108222,2.638022877350002
1992-05-20 17:00:00,29.07668726565271,-472.0661013288165,-6.596287107074021,-0.6370340784791138,0.6570451981252536,2.6851314059292135,-1.4783720232425024
1992-05-20 18:00:00,23.52257938156078,-432.36540444862106,1.843670915982817,-24.21173278724332,-1.347427673453093,2.601861984246096,1.0129333073750053
1992-05-20 19:00:00,36.50423599398473,-470.240625198573,15.051039748443372,4.677027369944923,-0.5421430406388631,2.869609347758704,-3.225638239573842
1992-05-20 20:00:00,14.926965279533034,-466.848430788319,19.02405602336298,-14.314529638148873,-0.8242745497375333,0.7331739990056951,1.3579157708905472
1992-05-20 21:00:00,19.090126006929548,-418.9050716867941,7.078796105262037,-11.486346749160594,1.5471814252239313,1.0205973614225472,2.1865948307560017
1992-05-20 22:00:00,8.61505031851993,-432.6909791108546,11.349232925501934,3.797624529320543,1.8738854061474584,-0.40187842125013085,0.914083815117124
1992-05-20 23:00:00,19.2692884840929,-446.86974973284725,20.105234315320427,-2.381376269403121,2.1320486153024887,1.020019609381321,1.8903274049506869
1992-05-21 00:00:00,26.222185583729633,-422.1321539021855,5.761661108500798,0.17393580193033653,0.47588809140015276,2.521336897023437,2.247712388015908
1992-05-21 01:00:00,13.700064617274556,-394.1801964891501,12.182077943493676,9.712603806625957,2.944661647855785,1.8124745218901146,-0.6681892167224421
1992-05-21 02:00:00,8.658135761524628,-421.4616186036477,12.31638138764164,-3.670737948997861,0.8053445799575583,-0.5663820901261828,0.9596462985867547
1992-05-21 03:00:00,15.697064957332557,-398.1268713606587,18.097713729009904,5.493083598063794,2.075597525209867,-1.6500097356544683,1.1798188937992684
1992-05-21 04:00:00,18.423522938051374,-359.58590404993083,13.280998154552229,7.171779767265799,3.0607064780575293,0.9151910169382794,2.2843813588112645
1992-05-21 05:00:00,19.027324296362604,-394.9042735722413,17.927212777799326,14.63519581137983,5.612906320146096,1.2209360608741089,1.6959206624136582
1992-05-21 06:00:00,16.969052565556037,-416.68184844821155,22.213734711643923,9.783136581382228,-0.14671018585391882,-0.9003135278769668,1.8220874265217173
1992-05-21 07:00:00,9.391953682658233,-398.05085319412234,32.902894485219605,5.173794143270693,0.1568709413904108,0.5271620777085625,-1.046709035626443
1992-05-21 08:00:00,19.312550169550583,-399.2600496317078,12.729282214206492,5.846760036154766,5.269139494548694,1.645859996517947,1.6802852947205635
1992-05-21 09:00:00,12.665791632176111,-407.34443937479887,14.212563755835859,2.386884342303569,2.2005063769256585,-1.468718661913263,0.6788294541347487
1992-05-21 10:00:00,18.50152092157538,-379.20706957036833,13.536222758924366,-2.375281852141393,2.7708102945105493,-0.46281501632169253,2.6594281909109467
1992-05-21 11:00:00,19.704182711008915,-409.3786232532624,18.77586315832225,3.633686973814969,3.094406235260438,2.174905587475514,-0.6848018485038768
1992-05-21 12:00:00,34.239943978751086,-419.5850545414531,20.423516418334177,-12.643393739777963,-0.9318153622601595,2.00113313879932,3.6795330884646105
1992-05-21 13:00:00,21.750244187726814,-419.501175791663,15.097872703161245,-6.891876391953253,0.09689743566321951,1.6277895642130984,2.1757805356476263
1992-05-21 14:00:00,18.25622320838962,-432.60193205774243,19.17614301939382,-13.319133655284602,3.327665869066544,1.930981993267831,1.0691762858518457
1992-05-21 15:00:00,35.932868301572576,-470.13649213870536,14.75663702241414,-13.850996847710942,0.2947700648002183,4.09705812248497,-0.8781424253915343
1992-05-21 16:00:00,18.719221917260974,-435.69355660130395,-27.17619503938335,-11.701615298089735,-0.14576267001367815,-1.295673814411857,1.7195851044920172
1992-05-21 17:00:00,40.03700299955942,-440.6458141792253,-1.778151916013127,-4.112201419499112,1.3640192926230454,4.856245967470413,1.0653881139506705
1992-05-21 18:00:00,27.10987511214585,-444.06688607046146,-8.07255509147329,-11.397935534935439,-0.2439268777811605,3.0047972942876773,1.2315980917114124
1992-05-21 19:00:00,22.2661658911762,-437.89267692402655,-4.084979845497436,-15.520218568330364,-0.7722596646741007,2.354544101116952,1.4795211268833985
1992-05-21 20:00:00,19.667930156533448,-429.3556653357085,4.080011830060938,-1.0161701627126751,0.20458504076146045,-0.46176606086178607,-2.2431728336874177
1992-05-21 21:00:00,14.59147142384249,-420.5617504598135,13.706144828886785,-16.316008668230232,-0.7696281166864811,1.7983275526779,0.025131888221050613
1992-05-21 22:00:00,5.831324982893618,-459.361446947251,3.3858160840501488,-4.897919884369913,2.287123532611731,0.08287376702079985,-0.6024401300292347
1992-05-21 23:00:00,21.680310224283776,-439.7281159993616,6.714625891344072,7.881665464184945,-2.293903353090072,2.4335787783626555,0.7625036351397811
1992-05-22 00:00:00,27.11798985675992,-436.0908972314004,27.633491862359982,7.585641675177767,-0.15936235753543815,-2.466248657259472,-1.8758287789228572
1992-05-22 01:00:00,26.66252745093649,-420.10780672013584,26.714286016793267,4.14636090728607,-0.24386719562353099,-1.1673088029608805,3.0270480101435577
1992-05-22 02:00:00,12.774126987582875,-400.7068944841267,7.6166198913740555,1.5213770115917793,-0.9224889982458774,0.5718673704117085,-1.49063878948931
1992-05-22 03:00:00,29.478612410003116,-427.00597720919865,21.491890838154674,3.302659692949484,2.4364041411926722,-3.4163056913159084,0.9800301884641405
1992-05-22 04:00:00,9.623770074478712,-385.6942442711075,23.971774682068705,-4.607323848439453,0.6277112417973159,0.23931989019341338,1.2210924756302204
1992-05-22 05:00:00,21.527877591794272,-415.7895596446061,26.296236953700618,11.773793969321733,1.4316933287423037,0.10850934215494668,2.5357922229374514
1992-05-22 06:00:00,16.11789487921789,-407.31362380774283,39.33736130774962,-4.0399829584855595,0.08621472103041905,0.6228040438794331,1.8667618447645142
1992-05-22 07:00:00,29.901842057628983,-412.09542918529377,22.41694422575897,-2.3578650271673727,2.6887909462300685,0.012568568592655871,3.7504727297158214
1992-05-22 08:00:00,27.243535596971277,-404.6491061530626,22.784628373164757,11.099713965331102,-0.4506644371176587,-0.46945352104724525,3.500503667001948
1992-05-22 09:00:00,22.729185325233015,-397.65080723839463,23.18876434649194,-0.15506007479565476,1.69339413772907,-2.469106180107585,1.8835595404584404
1992-05-22 10:00:00,26.083756392516875,-439.9941727777675,20.236700481502233,-2.433404244121882,0.8350576441240894,0.7770640167741245,3.2723812757616275
1992-05-22 11:00:00,20.00191801612013,-393.61396513028063,20.92564713440583,-7.911010237608598,1.875445886587575,1.4090344104690276,-2.0051635509514973
1992-05-22 12:00:00,13.68152289854811,-439.7804950206104,4.507746385992044,-3.356870321833694,1.7707817176671332,0.2731570985641636,1.5413853249701672
1992-05-22 13:00:00,19.07621597679886,-401.1634352470239,12.579147143770001,1.497872119775224,-0.403259827429028,2.285460279767757,0.6994792543703237
1992-05-22 14:00:00,19.055809890134157,-464.39690127760315,7.915386709534165,-0.5685358107043861,0.6477313548259862,1.1676568254294697,1.823244105866687
1992-05-22 15:00:00,32.9832227832641,-435.0874828453188,10.517000550373655,-1.1407302073583554,-2.6896276959401852,3.908087604001045,0.3667102724079624
1992-05-22 16:00:00,36.985330002799145,-444.94267326202896,-3.579125261597664,-10.953888282974365,3.5905791855699216,4.718928547834265,-0.1680897422428208
1992-05-22 17:00:00,28.158494565015285,-460.54841495580627,-2.3506624855417897,-9.204712220978672,-1.7317677460297984,3.157875670564532,-0.39090967151949574
1992-05-22 18:00:00,17.012428347242952,-480.297022003615,-6.930071951050915,-27.735312477891352,-0.5655678441809894,1.5160616440777797,0.8943548683450149
1992-05-22 19:00:00,15.192781702565346,-465.356055455266,-4.24896820803966,-5.829492757508598,0.3815743877595893,1.6326668945449963,-0.09512573275864089
1992-05-22 20:00:00,5.166778949549552,-436.69245078720905,4.309736978744372,-2.1597159550409764,-1.470136375109392,0.29976980844904133,0.5109489605549737
1992-05-22 21:00:00,31.55092071897124,-439.06488714026807,4.382576072848159,-16.40097085065261,-0.32882895879569946,2.1614917327411898,-2.8211854274809123
1992-05-22 22:00:00,5.712399307767957,-433.43183194180074,13.973823817044973,-5.016931870368138,-0.1777627079620574,0.23565684287756128,-0.6193764466055256
1992-05-22 23:00:00,16.832341551607072,-417.44345418096685,1.9228479978400905,3.0065775551392937,-0.8609865897256128,1.2009225902890432,1.6285582879241964
1992-05-23 00:00:00,23.74766675435236,-425.490061044199,7.312288148540766,7.159444018346633,-0.6071085017493163,-0.7690562982446625,-2.8855740001971983
1992-05-23 01:00:00,9.963307025966417,-426.7338321570245,3.91913997752914,-11.508177496959455,-0.8070790324859862,-0.10672909257186411,-1.1834818098513904
1992-05-23 02:00:00,15.19289136955015,-406.130187665563,7.310791555529198,13.694348103133926,-0.5893514882083365,-1.8587032669376782,0.0023660428575983383
1992-05-23 03:00:00,11.351990448231623,-403.17020421260594,23.199811740568116,5.862472135439186,3.028513074810225,1.138562297800679,0.46427474835312493
1992-05-23 04:00:00,15.806316497536601,-388.9408640357209,15.459899488987261,5.620306892224373,1.2323064058462296,-2.071139083605277,-0.2161158296688067
1992-05-23 05:00:00,10.545720144514524,-400.23487195211413,22.505618417897114,13.293228209728953,0.37526462214663525,0.8725590992057113,-0.9768196444065431
1992-05-23 06:00:00,43.46063965608529,-397.9599491988182,11.429045742035504,10.844617178355447,3.3738575432782785,-1.816412462417081,5.698104577972546
1992-05-23 07:00:00,22.43003121791477,-393.74680496821065,33.19120888817722,18.471250586722118,3.246542375513437,-0.9998546000224079,2.7536237285361174
1992-05-23 08:00:00,17.22919813202841,-412.6721901988882,10.702130962475717,2.381095616418268,0.5810887134018043,-1.013884073359134,2.1185500934990014
1992-05-23 09:00:00,55.001100870868896,-434.4715496139163,15.861065862626953,3.3508147664250685,-0.5854386459155282,-5.021308252679292,4.581673039142347
1992-05-23 10:00:00,20.28276594714561,-425.69280802397486,18.607514611069103,-5.871783434937264,0.11945465044158035,-0.048271931552175525,2.681450801805326
1992-05-23 11:00:00,31.974534430897823,-431.6759759849587,12.611384409894344,-0.5233840595349277,-1.082869761651755,-2.746337400325252,2.893575108079059
1992-05-23 12:00:00,20.10157887165375,-424.8376084516783,8.081001067450945,-1.2637064942549696,0.2568657045050618,0.14212604101203305,2.361552134801248
1992-05-23 13:00:00,15.224191566789319,-440.5988710121396,7.3546357071724975,7.390978467844468,0.2908851216120558,-0.12842557294789303,1.827202306695351
1992-05-23 14:00:00,26.09578687797936,-465.9760084324197,4.158568406013252,7.346878874407852,-0.6707419233157339,2.390884552503631,1.842944594602149
1992-05-23 15:00:00,19.931643218495054,-461.99815669060786,-0.5643562572319858,-2.1095459489709922,-1.1229143931649441,1.297202399112891,-1.9286273926881572
1992-05-23 16:00:00,14.628683103152811,-475.42634770217023,8.172054745398574,-3.544952192053403,1.244238755144851,0.8111616401959466,1.302713205154219
1992-05-23 17:00:00,7.306022388383763,-482.16485175999406,-13.713576181011861,-1.8640061800628072,2.464972379080297,-0.6008138783547362,0.3612450450813067
1992-05-23 18:00:00,17.25470758936099,-464.3013390746809,0.9996492881140724,-4.114789222187859,-3.0669275727940297,0.9320473853215142,-1.6384537473391731
1992-05-23 19:00:00,37.75403702217996,-491.97178437638195,-4.662897522786798,-17.006689843364814,-4.798122362012998,1.2405496732685939,3.7169007417610453
1992-05-23 20:00:00,13.795989618447107,-458.1340838569382,-25.153381462693595,-8.920568878812958,-3.053618457855098,-0.7942613493200003,-1.4271053115634111
1992-05-23 21:00:00,7.701329646142557,-475.22272331374097,10.430115900511344,3.9853982436273583,-1.963636861838157,0.8248698512972796,0.22952313277167713
1992-05-23 22:00:00,9.81860533165825,-458.0348770068544,2.27226210920469,-5.816475932846088,1.4330768138303522,-1.0776465803670994,0.06886319472095964
1992-05-23 23:00:00,20.92487585169165,-464.0196245307605,8.480102118139296,2.595265079205015,-0.6866772657318707,-2.217134747910947,0.33853162972990775
1992-05-24 00:00:00,21.5987834955517,-460.877109945795,2.2099562936895523,6.80306509348331,-1.3200126845547517,2.36635850892862,0.2621858414793231
1992-05-24 01:00:00,38.770307029996474,-453.34488608601566,4.624906038548524,6.005670311095371,1.5594582629171787,-3.415925225720925,3.2460780754005802
1992-05-24 02:00:00,23.91747136465277,-424.6891074173403,18.619533480454898,-3.083434564916179,-3.599832733049312,-2.0175070042565575,1.7608139682179464
1992-05-24 03:00:00,19.121606798972888,-457.21374870581985,5.285541850151057,11.023717490852437,0.3723875656933584,1.7917242643668392,1.0615484549690373
1992-05-24 04:00:00,31.054517834609097,-425.82752966223467,29.98079873971195,9.888655802560923,0.5758789574779,-3.4943125459723903,1.9683870599606266
1992-05-24 05:00:00,16.401704324669804,-435.0354344426191,16.520233755096502,18.01677626278304,-1.043266559642222,-1.4016708449929476,1.52409215555973
1992-05-24 06:00:00,9.069306189662962,-432.5318825886148,14.576060252025528,4.321895439735771,0.029491024469101568,-0.27488905578070166,1.0110227910102205
1992-05-24 07:00:00,18.86470291716043,-399.2086556074219,15.877862669993718,4.821677012035636,-2.563803275260505,-2.128519076196466,0.8082766235857045
1992-05-24 08:00:00,17.98126590322632,-440.73644728718193,28.664436869278607,8.576008749212633,1.817300258381025,-1.8061923606247607,1.2482679453863743
1992-05-24 09:00:00,18.503761042236828,-446.62998196315624,-2.590053949286152,13.326406705780986,0.22098878607319883,-2.172562356857291,-0.7041414112933994
1992-05-24 10:00:00,14.023100765712586,-465.5638045354827,1.550621601614953,9.086503255117933,1.1474301437533327,-0.9930851060013509,1.2170647544070015
1992-05-24 11:00:00,24.75173179437688,-478.19819690679515,21.402541178630575,5.084458084191358,-2.4765836829993946,1.181288456020773,-2.4039398190267067
1992-05-24 12:00:00,20.105155356056038,-461.9930631614532,13.299349916735096,16.970903670452497,-2.327457600539094,-1.0110683710749182,1.9732337689759225
1992-05-24 13:00:00,18.320775014871504,-476.9621037075379,-0.8812487289718831,0.7238303320241144,0.6374182893355317,-1.910528924613064,0.1833080813126824
1992-05-24 14:00:00,7.567049730501006,-464.015005043694,-15.802157596669002,2.5211307947943107,-1.567454433513591,0.5501766357717313,-0.49860791178951724
1992-05-24 15:00:00,13.307925641161058,-477.97716403870845,6.64262021928489,-5.505497176376673,1.5563513999413239,1.3656267699439046,0.13272806210448063
1992-05-24 16:00:00,39.43065166256693,-499.88071560272067,-6.27240607829691,-11.033610440084502,-0.5828443310998145,3.8031262170344524,-1.3459098327844046
1992-05-24 17:00:00,27.670508144136882,-467.63805004162083,4.813779285856024,-20.705775815284618,-3.40395416993829,2.6766506495138604,-1.8456471048471674
1992-05-24 18:00:00,7.888035664349325,-474.5052333331926,-9.828739214828847,-3.341181696640928,-2.227539398309074,0.7485822743505556,-0.2589372670072478
1992-05-24 19:00:00,17.602844423670742,-489.9960117866968,-5.757279402017661,1.3510801225919886,-4.349463088469013,-0.752188474883824,1.6656534573218287
1992-05-24 20:00:00,6.912479648903435,-475.7973439343371,-9.948562306583298,-11.6614093602509,-0.7419936047545549,-0.17321052070739812,0.6906545043995762
1992-05-24 21:00:00,31.332929957474317,-457.3896773644663,-3.061389671386512,0.013944707293842562,0.7184750850035816,3.065710709184228,1.9617888242592791
1992-05-24 22:00:00,14.348753425888455,-471.1686117193679,-0.9296429474018479,-1.0244999914811626,-1.9753461175475535,1.3596486038563422,-0.681989219444129
1992-05-24 23:00:00,22.624502139309353,-478.18985459962755,-16.1345865660925,9.665544274563679,0.10510188968487344,-1.4208124126340025,1.8863235533327052
1992-05-25 00:00:00,5.967026394866259,-460.7076972748825,4.891666892411381,12.951932260553614,-0.967184586418441,-0.5191511057983518,-0.3455989557980978
1992-05-25 01:00:00,26.109162220222206,-452.3167632551918,-1.967021938632878,1.075569903984456,-0.5143158141965691,-2.382761173091148,1.8899472166177802
1992-05-25 02:00:00,24.817318860723383,-443.61129009943977,9.402576789824547,6.046442970358685,0.08628277389661676,-1.0005153588048166,-2.9836458087713007
1992-05-25 03:00:00,21.91919234606504,-424.4844262420844,12.245985082620757,19.84168876834438,-2.872831254451298,0.9019830382083142,2.771529571362129
1992-05-25 04:00:00,19.86252776263283,-432.1718368263198,17.07931198946362,13.365081649852836,0.8606121520182255,-1.9405174900961488,1.2516671472054521
1992-05-25 05:00:00,26.815034754003918,-458.7658300898845,4.458953314963566,8.893583736353955,-1.3955401600515724,0.4397864354124489,2.9182571003804405
1992-05-25 06:00:00,9.031954548508613,-445.01235629916727,33.36610798624509,2.2322601284182664,0.8082181097563379,-0.30167713751753567,0.971991231229244
1992-05-25 07:00:00,24.34692595891231,-450.0418347516151,18.80425960085976,9.405357965626898,4.023585688410769,-2.572246859693295,1.4219446432723175
1992-05-25 08:00:00,21.708136984018754,-431.7338516409369,13.351092396325342,2.2468417295582945,-1.828695364569032,-1.6035371320352785,2.2815504867249388
1992-05-25 09:00:00,33.86293088073024,-445.7927624417124,9.905309659488758,20.28128994999789,-1.542647873506359,-1.1524755737433634,3.6884946605305586
1992-05-25 10:00:00,16.423670225618462,-442.63664242527824,5.34056179466316,19.798009027920884,-0.8951901533273203,-1.4701986959232194,1.2249173920671943
1992-05-25 11:00:00,26.860744847020595,-462.53299754233706,6.802613173377284,10.338809642774311,-0.27981545202796954,-2.0211299654900623,2.1989239538348815
1992-05-25 12:00:00,38.26691700301999,-473.6061224969018,-1.7689858496834825,-8.676399283204082,-1.905206730729497,0.7142059010076379,4.550597385898288
1992-05-25 13:00:00,3.834561810565467,-455.06519696940785,-2.645317118531477,-5.951165177411996,-3.6837774635250713,-0.3862786431606525,-0.258821112762693
1992-05-25 14:00:00,16.060151091381833,-471.31205619288085,-4.379906982027943,-8.629635016507587,-1.7754524371893,1.4879390406418613,0.7669255733730918
1992-05-25 15:00:00,17.729236353045067,-487.0446344927422,3.6888484297992736,2.681404753100017,-1.5032500622087726,-0.6888787116411901,1.688174426925961
1992-05-25 16:00:00,7.14498713732271,-512.9633554259589,-2.8925690152546117,1.1039542242705291,-1.7646472899085404,-0.5538395169382514,0.43878641705611415
1992-05-25 17:00:00,21.388744245048084,-510.1019095280504,-3.470581626637408,-2.8513662214528264,1.2210562401529417,-0.11072254707492346,2.0999074457767724
1992-05-25 18:00:00,31.617025070635414,-509.36763443900264,-5.474283840699025,-2.18249436893199,-2.9913107888755133,3.176671807135882,-1.3948090422781507
1992-05-25 19:00:00,23.44195734952015,-491.19806324758133,-16.956578663423166,-3.8120206476134655,-4.025672386819741,-1.6550980449260642,1.8098561439222351
1992-05-25 20:00:00,37.351962477136425,-501.2889405612856,-32.4909606447792,-0.3672894720133648,0.2602855008579177,3.6113168395518778,1.6402448407575974
1992-05-25 21:00:00,20.108320069394587,-465.7429867364657,0.25927030130650497,0.12481792135148595,-0.8369643535422815,0.9774418571243183,-1.9247837433105448
1992-05-25 22:00:00,45.17228989813507,-463.98987755795395,-14.796123456372676,5.342205321784935,-0.4314744824708787,5.387589004662697,-0.19990059687583112
1992-05-25 23:00:00,13.974570534420517,-469.9633539503398,-0.35064072762150733,13.093067777853522,0.11102541940449928,0.1732368443895163,1.4735498877780726
1992-05-26 00:00:00,7.680051822536695,-472.108842389954,10.018229300318545,16.57020394054318,-1.712966322556038,0.5456727515131145,-0.5732746729762621
1992-05-26 01:00:00,8.439568541312942,-458.6296352132651,-2.466583655015274,13.69839801312455,2.0316953742792623,0.5446148663650556,-0.9151737039683153
1992-05-26 02:00:00,20.268720997426918,-439.0661325153215,12.452269520432457,9.174089464285707,1.2437798170684302,-0.828054945868641,2.2306275792135213
1992-05-26 03:00:00,14.048334467908115,-436.5017577050817,21.41327666196793,4.04408933318272,-3.596835972848319,1.7770507189329827,0.1992700200301385
1992-05-26 04:00:00,23.63867227114059,-434.70505082929424,16.25424353092395,18.00555085912159,0.6557965661897494,-3.0619387982890416,0.23486527115885902
1992-05-26 05:00:00,17.71057796005277,-410.48621521658805,17.096382797152383,14.311620279444993,1.0960391258311852,-1.4859105375064132,1.5635921074016794
1992-05-26 06:00:00,9.686406913626149,-431.79857580554744,23.914977346839798,11.33250630287769,1.0639586612419702,-0.40584010620528654,-1.0933930643663645
1992-05-26 07:00:00,16.023279178988723,-429.1836981273399,11.813646024069655,8.42732719826381,-1.8777577685671492,0.34611992996619084,1.8796724782773928
1992-05-26 08:00:00,38.193784286742634,-421.2019821195628,11.777328763956039,10.326310281304309,1.0108297783236104,-2.4006019189828973,3.8353617131454696
1992-05-26 09:00:00,18.738711948025326,-429.71298014182105,19.566037776057975,7.609669194087535,2.26009776376061,-1.9652751958325303,-1.1737253148672036
1992-05-26 10:00:00,13.312456337126127,-423.1317972063324,18.094142402957697,-7.338465248220876,-0.6537583375020719,-1.3866825535280205,0.676683121285322
1992-05-26 11:00:00,23.826565371253974,-453.35133017030984,2.5310933993525784,4.253355132528854,1.312566054445452,-1.8827149734991493,-2.1163898038457227
1992-05-26 12:00:00,16.787076733832738,-464.85800126761734,6.767950963952843,-7.204640087787844,0.729926834940555,-1.657165790837464,1.107046581027416
1992-05-26 13:00:00,7.0705558060872855,-450.5169829425001,-1.3415646916962092,8.119654905433867,1.5742617177606144,-0.42559225098627895,0.6278315310590022
1992-05-26 14:00:00,20.72826860734038,-465.0817656694584,7.575029281676283,-9.73980664133458,-0.7950019334669063,2.1393096777379412,-0.6825786663041973
1992-05-26 15:00:00,8.177754880799895,-460.6332258442278,0.5776770920450565,-3.314009807190798,-0.6316811933503304,-0.23771488467024635,-0.8595620337704974
1992-05-26 16:00:00,8.445829293883007,-465.74940257888767,17.18724360669102,-5.735527861563744,-1.0112317536400925,0.936559926984873,0.10251848345788228
1992-05-26 17:00:00,10.530873851206659,-468.14820001684507,-18.655338190788445,-11.944526092725724,-0.2148528199441886,0.16856129443956408,1.1045109758319616
1992-05-26 18:00:00,21.91383215974403,-493.58306422985714,-9.027525525586034,-19.797133741068286,-3.536470189162631,1.6138973081658445,1.6285558940905434
1992-05-26 19:00:00,19.591767149407676,-478.7147143361654,-5.326187298571911,-1.3183223772650667,-1.9460253384257102,2.065764875768358,0.31601319281815965
1992-05-26 20:00:00,28.15217678673774,-481.6608358921685,-6.8784645164656215,-5.540693193772407,-1.6680526557162367,2.7147700529428738,-1.0382360573135436
1992-05-26 21:00:00,8.595084695943711,-475.18662511903744,-2.5866847107994664,-5.34786066618187,0.4546654858296404,-0.7521870462052612,0.5033956586691637
1992-05-26 22:00:00,18.744005314468517,-459.46219516428323,9.809985447682447,-0.5495410369499527,-0.7170825424549542,-0.8661943309626953,1.9535451820748784
1992-05-26 23:00:00,5.737144692984571,-430.7139033701975,-16.388929695222426,-11.053555940167156,-0.09491965612413358,-0.13549043189497642,0.6497712112328673
1992-05-27 00:00:00,22.160771835758972,-413.6412677134858,5.873157210027986,13.118193105210308,0.17740796685490678,2.6929813146615307,0.5723967740496612
1992-05-27 01:00:00,14.294533651739762,-448.84913392825354,25.223142401876288,3.8247853855821363,-4.3719576476121,-1.4735639761186843,0.2599366440847829
1992-05-27 02:00:00,19.152777932018957,-429.1153819425888,11.312774979750047,8.094219616237618,1.2070675641390731,0.20922168546202355,2.1951785693600057
1992-05-27 03:00:00,9.000586808373535,-433.63829517982333,-0.7358118379396285,-1.9558956467912991,2.7559675229576377,-1.0510836198882827,0.02924149919145652
1992-05-27 04:00:00,17.076730793441488,-427.85532629893726,18.9385018064778,1.5879145503729175,2.930353726592908,-1.2621715551235755,1.8407764831946258
1992-05-27 05:00:00,20.872121092990163,-416.5277098943632,15.101764046687453,9.241321108317882,2.3951741351146754,-2.797697662265972,0.20224417274754747
1992-05-27 06:00:00,16.99346323232877,-435.1821653916929,18.002490567221216,1.4300176157387712,1.882971079582334,-0.34622587712656705,1.9260505598765605
1992-05-27 07:00:00,16.631209588897228,-405.78999075006413,29.60162270778633,11.70607454539638,-0.48796056678176436,-1.815335624650658,0.8857112917745438
1992-05-27 08:00:00,23.13064289536066,-430.41335864850066,16.129010053306423,12.833366519718739,3.379958174767978,-1.2926637601422653,2.316829681546955
1992-05-27 09:00:00,14.541781138556196,-420.2995611100065,21.6408484793106,-13.011368709739502,1.981218338984882,-0.751432888359936,1.7970073069521324
1992-05-27 10:00:00,29.16239932373282,-435.1790315143785,20.664839538533233,4.398417828678774,0.8826603558449295,-3.580867272738755,0.09780639422921866
1992-05-27 11:00:00,0.2757201948434993,-419.56655099630757,21.711947389367197,-7.4827192263641,0.14479194368708354,0.024814761605415903,0.008504747666776363
1992-05-27 12:00:00,14.679249757903465,-424.77420231678195,5.3379085033195945,5.215040279787557,2.072131895289648,-0.8075121928384454,-1.5664797833319386
1992-05-27 13:00:00,18.79132773044563,-434.8904556092429,7.911085886410477,-7.038275328432779,-1.6584340601450227,-1.6904446004756064,-1.4410053899122492
1992-05-27 14:00:00,7.631159101678722,-451.4568022858017,5.463459580923461,-6.410851452241573,1.8434185815572208,0.7118611006973219,-0.39248614007726024
1992-05-27 15:00:00,2.886242607952666,-480.3093465064038,-3.5448412821884423,-0.1390829889474099,-0.16267527778192092,0.10623328393192355,-0.28063173322630974
1992-05-27 16:00:00,0.83746697125035,-476.13704604487674,-3.529961558180359,4.702009303490676,0.014505218617988092,-0.028348594792292958,-0.083351246740062
1992-05-27 17:00:00,3.402575473603924,-455.96419606369193,-4.920200866008534,-16.03728847506355,-0.9351006890100904,0.10469443640134735,-0.371059377797353
1992-05-27 18:00:00,16.228125448383654,-472.1782716084745,-1.7857267876369045,-4.949928608248207,-2.870203791158576,1.7024573715870945,0.10130789817777719
1992-05-27 19:00:00,19.244647178984483,-466.2599396032012,-1.855261437077799,-16.401045387230155,0.9471152725972797,2.104726512458957,-0.17933408095261
1992-05-27 20:00:00,17.312797200211747,-450.25462371825915,21.230381281551015,-10.770768913090356,-2.2150228276352943,1.8802094626593622,-0.7897464622814863
1992-05-27 21:00:00,14.507502956255879,-421.04846500776995,0.9396107080756533,-14.722260805188874,1.9526647611849879,1.7056002708440618,-0.1329803088612504
1992-05-27 22:00:00,6.266772505942541,-457.32434898299715,-4.153013082375455,-7.465245428276532,1.5408620200266887,0.2221990554113304,-0.6275358137861363
1992-05-27 23:00:00,14.987097510210475,-432.0218628930355,11.434261562587363,-17.554012019435877,0.7241528906901006,0.5396372505284192,-1.9291104894255087
1992-05-28 00:00:00,12.366392608005224,-438.8656383174811,16.796277467983803,-7.586807103000055,-2.80090441306546,0.10226796723362075,1.359447995335938
1992-05-28 01:00:00,14.236647936318645,-439.0132757029668,13.186931524114925,1.798037698413478,-2.8366752076646957,0.08806713824999735,-1.6090852226009775
1992-05-28 02:00:00,12.881182686343369,-419.68042470990355,31.713802355097886,1.1779088949413188,2.041313760396391,1.4327076932142253,-0.42955494097023517
1992-05-28 03:00:00,13.389337766164713,-411.6143176967143,31.36857395042118,-4.411348314388015,1.5936054529156989,1.685268844247287,0.41825743105583946
1992-05-28 04:00:00,17.64097496195631,-409.19368296169523,6.231667391077677,11.067538092104908,1.7499400727310443,-1.0189995369068325,2.2648198899359526
1992-05-28 05:00:00,2.694846782686028,-391.8114565771704,37.3161330652174,-0.30795309792650194,0.8691587651488034,-0.2648543504091595,0.2911234201411662
1992-05-28 06:00:00,17.991991846668018,-402.49210136838155,20.317590152474793,-3.1450953580581107,1.5592761162692605,-1.6121314025532638,1.6866212671361216
1992-05-28 07:00:00,11.176612970616588,-429.7881916221998,20.21707925231213,3.6329179287565223,6.279543579601228,0.3924825532664714,1.0493521489079212
1992-05-28 08:00:00,14.085676385521793,-393.67637326184655,15.892052013758802,-6.819717469467937,3.20285238672842,1.5821533042811797,0.5740222371606545
1992-05-28 09:00:00,14.208644275341378,-398.90304808475423,24.76584941568574,7.98054760524792,0.41291025560093897,-0.9252705092173578,1.5246075076312953
1992-05-28 10:00:00,13.854578064435355,-433.7161470245027,22.839032376508925,3.70776982702065,-0.7434012050626747,1.0012924478430194,1.4686705376554672
1992-05-28 11:00:00,26.746221555450244,-429.4009091144223,9.420412425396924,-19.43805422896685,0.10580149993034227,2.231252659590169,-2.428014206208835
1992-05-28 12:00:00,14.79357794604362,-433.94880912084193,15.147015937145877,-8.589533735943673,0.27732347662295087,1.6791620896758763,-0.4622875129430639
1992-05-28 13:00:00,16.989277864565146,-424.21859754973485,10.249743301386545,-17.727451524138782,3.121661648403986,1.8980346993931625,-0.1490038389863072
1992-05-28 14:00:00,21.32801621347358,-445.330710110085,-2.013527577286144,-8.313193951326195,0.523894945255247,2.4904725561582284,-0.5128813068506319
1992-05-28 15:00:00,5.867979751467872,-433.490154825795,4.896061261508632,-20.267250609941858,2.5771238965518197,-0.05880924226448081,0.796638717230179
1992-05-28 16:00:00,32.85511814742887,-463.87531226586367,15.641574060754236,-8.304814179144039,-0.20950047013128226,1.9700847482424129,-3.2272461747829553
1992-05-28 17:00:00,9.57762279712928,-442.64251906106557,15.747104957787906,-5.707873358167904,-0.34388647074595746,0.013001093124035079,-1.2220858132390433
1992-05-28 18:00:00,23.17644511983826,-456.4852993258478,7.300661021663105,-24.256319100967936,0.003142079219394356,2.1651606626852993,1.493743546174728
1992-05-28 19:00:00,25.707124258117393,-461.05988814704375,3.35229377472994,-32.85913438638098,-1.32825473610803,1.5968814186484663,2.523503287185007
1992-05-28 20:00:00,16.378365214586115,-440.0610333916751,4.739146665940124,-5.125433261903104,-0.42769030108893513,1.907915565245852,-0.10941337567916933
1992-05-28 21:00:00,27.46640114070631,-436.00138949957454,1.3376528429008108,-24.934623146917843,0.36407150774416497,0.5713035103488779,-3.345758553307804
1992-05-28 22:00:00,3.9399352039415003,-433.30267291335997,12.607451428414006,-16.90107990826253,-0.9562071972441597,-0.3013484172671951,0.2762800767603018
1992-05-28 23:00:00,30.438657058267676,-436.8324498612175,10.81328478730476,-7.77213303976213,0.7319042526744223,-1.20456291460206,-3.303064736667261
1992-05-29 00:00:00,14.964948613296544,-411.5978814110759,20.073976495076664,-10.183214469435022,1.6047323433596465,0.4923732431531082,1.762934571649894
1992-05-29 01:00:00,2.7759026481287856,-401.9132232350066,22.267997769631233,5.360131140807913,0.9273993340322428,0.28759725932178204,0.05357817616954727
1992-05-29 02:00:00,22.22782148290315,-417.294131233,9.38211494610463,13.290561572361103,0.7531650173472316,1.3641908522750454,2.253238202424292
1992-05-29 03:00:00,7.443606347192533,-405.02585259186793,19.77572984604945,10.521847818685085,2.2442777410320978,0.5597238222912035,-0.734016161244748
1992-05-29 04:00:00,18.918385787155984,-424.8728302004732,18.19230745675052,16.877637363103386,1.793354003623738,-1.9995673086171024,1.0441901166143563
1992-05-29 05:00:00,11.318517872732158,-409.6214600149091,28.099737916131385,8.681246039052624,0.42903685827935756,-0.9437702876377663,1.0375764694345397
1992-05-29 06:00:00,21.326962261205637,-384.1082424444413,30.565010566249807,0.42825151005987916,3.3519172575037994,-0.6929173256546263,2.7308375977930663
1992-05-29 07:00:00,0.8393930516345577,-414.389678401178,31.328105316950825,-1.4430007109182377,2.2566592178130196,-0.2658347783087567,0.04226552966194903
1992-05-29 08:00:00,21.74867981781983,-398.45021130336517,33.617886739326785,6.334295582273299,2.402529289126444,-2.8509090486665007,0.9802328939448032
1992-05-29 09:00:00,11.108447624004825,-409.1482639490749,21.44929546970122,4.896490350479265,3.6402306514466836,0.5900802822386171,-1.1519190875079854
1992-05-29 10:00:00,14.280692267460227,-390.7059257896277,19.83695040785213,6.1847172638184045,0.7171819519472143,2.006336585832317,0.2680092218892396
1992-05-29 11:00:00,26.837113441384346,-420.97508402077125,19.220240584421816,-13.032839249156526,-0.7659027603978674,1.8220607134244067,2.609840992441688
1992-05-29 12:00:00,35.522376269359306,-459.56709214314367,16.43710700957818,-4.626845689035476,0.19819830983702663,4.23277453763358,-0.43147451511059937
1992-05-29 13:00:00,12.072874765452296,-446.0831658281672,9.635904812450363,0.35139193443605077,-2.2668589281935407,-0.5821311849417949,-1.4002836638782232
1992-05-29 14:00:00,10.570733754927927,-441.12678938736514,3.4027414668832963,1.793006195854923,1.094699366784576,0.9839457290790858,-0.6757498369725261
1992-05-29 15:00:00,31.717907684099412,-445.0836194223297,13.42144209003882,-19.01782591839908,-0.7044294676220095,3.93886356116264,-1.0012901718287615
1992-05-29 16:00:00,40.96621925893944,-452.61436417320874,-13.057074898600948,-15.31177024430343,-3.2994345022583307,3.5718751764926795,-3.4355802047426693
1992-05-29 17:00:00,18.505606811921908,-444.157309663603,-9.723211623358445,-12.948049567232083,-2.0595315820792273,0.4707049316505762,2.1032127405542433
1992-05-29 18:00:00,19.058287118651503,-461.1116342950312,-4.127149318761137,-19.919073548110525,-2.572516059111431,2.0416082332910377,-0.10936470001223976
1992-05-29 19:00:00,19.301352561612422,-492.9191065639642,3.9057897131484163,-6.975244400667524,0.520033187450312,2.2772038123655456,-0.1651722065966959
1992-05-29 20:00:00,16.356777491733197,-471.78064100059044,-0.6672677754295719,-10.019391143933237,0.0885509926961972,0.38000347803597584,-1.6894673290753537
1992-05-29 21:00:00,39.195704762231806,-455.0031460333657,18.509616322327002,-2.131469170784382,-0.4728341152908654,4.0272642101357246,2.731069857099565
1992-05-29 22:00:00,19.196183474239234,-462.9335386988077,8.612565329718192,-5.472662964204192,2.5271710142281796,1.7013963111794397,-1.1912408424712992
1992-05-29 23:00:00,9.39730806136914,-440.8766279620205,8.241408038981866,-0.6281546108196867,-3.6414360990066346,0.08682279470170357,-1.0705902190389467
1992-05-30 00:00:00,12.99577681853943,-434.78582285638225,8.069640644679767,-15.026422891695564,-1.1482882208727667,-1.4721014281172644,-0.06306690300222753
1992-05-30 01:00:00,22.17944334064184,-407.78819463956063,26.393591446247395,2.3688252755361887,2.107532868544801,2.2365870883208765,1.6565677435645227
1992-05-30 02:00:00,8.594288001764165,-436.0723045464924,16.726648201432823,7.945585328841125,1.0288921373350606,0.1017188118915538,-0.9931822916468537
1992-05-30 03:00:00,23.20374883801261,-438.0197877859428,7.409255900029427,7.473448656092189,0.17086135475682468,-1.7717729429247135,1.9675378600658109
1992-05-30 04:00:00,11.765435498201942,-434.87572329387854,19.857115782731704,2.7674826172986515,1.7275381750758507,-1.011671332673225,-0.9899190808094327
1992-05-30 05:00:00,19.66978560599969,-421.0208736617608,24.982217303150605,-14.230063586314824,-1.3664583041107192,-1.815847565743333,1.3169371935237213
1992-05-30 06:00:00,12.778408202399177,-406.1676910816584,24.28947029167164,12.640970903761659,1.9581751212645284,1.375182877165795,-0.5526810951027714
1992-05-30 07:00:00,13.742868784701018,-417.7527236183152,23.633843563096406,8.646363919150595,3.370210462564934,-1.5948595260983067,-0.9261522631173772
1992-05-30 08:00:00,18.152249001222025,-429.46558919549994,20.343462886772382,12.644947245582285,0.5939437034159972,0.5932838995809302,2.0385671719996017
1992-05-30 09:00:00,18.081904431987688,-441.2879327550751,5.145023325340819,15.922318687953055,2.6098588918023307,-0.9725166421689819,-1.9134378408143766
1992-05-30 10:00:00,14.427117605839449,-435.1536277199609,18.74225027307048,5.836917275657417,0.7774645514628066,1.065319247246231,-1.2497710311059729
1992-05-30 11:00:00,2.66619188712429,-430.3303475360088,14.395445770147484,4.122628443508142,2.9753910286110257,0.19220565476891643,0.07567973139888783
1992-05-30 12:00:00,20.465631192650765,-431.29575981167494,8.06623603102857,-7.5980198890552835,-1.6957473915910983,-1.9774086073236457,1.5023012105579427
1992-05-30 13:00:00,13.982133801889637,-437.868246678841,-2.627698584234265,-8.312885617411435,-0.020349269269650295,0.6752033618507651,-1.4469858835259892
1992-05-30 14:00:00,17.231621340954334,-453.8602251249089,12.662600563467022,-7.54307018172226,0.3456968390425213,1.933903623011181,-0.6894370066183068
1992-05-30 15:00:00,23.044792681116306,-466.9473254332575,-3.0988547798885477,-0.577942425051592,-2.392985977490984,0.30353873820831656,-2.4497451250441813
1992-05-30 16:00:00,22.787577292547482,-486.4035402505605,-7.187720186680064,-11.18377967416402,-2.350390332573404,1.6465873604188854,-1.9625096114672937
1992-05-30 17:00:00,27.667262478970784,-476.2101594031146,2.9404818143973377,-0.19247010296731948,-4.147924353865854,0.9655943804390076,-2.9050969572369856
1992-05-30 18:00:00,18.827941981293772,-460.43743840613,-7.924822876589357,-2.7402169364650835,0.7783996321955063,-0.6769951265140016,2.0518616919505583
1992-05-30 19:00:00,26.006469592444713,-480.78124924989055,-3.0456996552845372,-5.395524325948248,-1.9846465198912542,2.769595870125003,-0.946304567631904
1992-05-30 20:00:00,25.30875576764074,-469.05705784702695,-2.592269073035311,-5.499939103208895,-2.930460556457655,-0.2215612643407741,-2.8522250725256044
1992-05-30 21:00:00,15.986143426205452,-476.2102635728963,1.3876337226162132,-1.1019626628990333,0.6069723401851221,1.0159491390406252,-1.3333341887741752
1992-05-30 22:00:00,18.334325922318868,-463.68180157445323,19.605824866004973,-0.5419833881450831,-0.1935475548224745,-1.502115986450179,-1.3881696342292233
1992-05-30 23:00:00,22.02534263324579,-478.2128774997135,1.5415260613479465,2.142908362845888,0.116748136235031,2.4920245393497384,-0.9347277800026405
1992-05-31 00:00:00,23.202595890368876,-476.44690703508695,15.740062667352948,5.1655528710415055,-0.19550508904250813,-1.328244295105763,-2.066855119147989
1992-05-31 01:00:00,24.25410491709024,-464.88760788771117,8.34749578528038,1.8479494459595278,-1.4705452210939745,-2.657814134452213,0.8215291429476453
1992-05-31 02:00:00,24.314707858578263,-472.82463610507887,-3.5652780595541813,10.472701150327083,-0.0790846409742631,2.6138772026689394,0.5663886289813285
1992-05-31 03:00:00,13.078274586925374,-425.14864605276404,18.53087063968465,5.136058827056832,0.25292503876414707,0.14809379066404005,1.5254057011243234
1992-05-31 04:00:00,9.937300894974305,-398.15262288667554,7.5119267454975045,10.756363723346178,-0.7964495573872525,-1.181919401454914,-0.3305908991606558
1992-05-31 05:00:00,20.960500635814814,-434.70435625887995,20.306847948328304,5.741690718761114,-0.7840864195139823,0.3886273669416325,2.393026949369318
1992-05-31 06:00:00,17.45546121866289,-443.18418799347245,12.311336412340935,15.705682029595472,1.2496516736742782,-1.9933410795302433,-0.23901806261341924
1992-05-31 07:00:00,17.017700788929798,-427.4707225057086,12.027215795344915,-0.8023033404261177,5.196964512791911,-0.10685935528038432,1.9990861316879698
1992-05-31 08:00:00,11.862159608311725,-412.5531966120579,-0.7997358583933121,5.534007274318141,-0.9059351485782767,-1.4392692408412469,0.0174761782637122
1992-05-31 09:00:00,20.490249601863134,-440.4047431339253,14.889144491753852,13.93876686613948,-1.0500225431682977,-1.545184294313092,1.8553687933771992
1992-05-31 10:00:00,8.106997660102671,-429.1423197867254,15.59761575282177,12.36217823582047,-1.628365990160063,0.27774125746043804,-0.8711607004172384
1992-05-31 11:00:00,32.77526854445751,-456.2837683386102,6.991507649074567,11.216800916041013,2.571736327706059,1.1044907728732305,-3.6159190063462145
1992-05-31 12:00:00,14.856782316735629,-460.83164602238486,13.34531452221626,0.10356857404363984,-3.0992564678757026,1.4649279639681316,-0.8399441893691942
1992-05-31 13:00:00,11.52533402136613,-495.35431824044883,-9.785461831265714,-3.390085175861836,-0.1016138495700557,0.9406478744190534,-0.6821426136631423
1992-05-31 14:00:00,9.876747395415329,-475.06770221442684,5.534799705205493,-2.582115627128343,1.124477725941664,0.9692926387055173,-0.3337133824545593
1992-05-31 15:00:00,6.327618295329584,-500.84501953721946,7.597901983742371,7.985109877648985,-1.2703153049943134,0.6432823274746438,-0.07730074495956121
1992-05-31 16:00:00,7.316505966382812,-507.83726805923953,-8.138894192919574,0.6857873525691156,-2.7777226477432375,-0.7297533386937028,-0.21839550645300201
1992-05-31 17:00:00,1.4826654813301945,-519.0890243621506,2.598462162775311,9.97497330205642,-1.7316865236096817,0.0514195840886813,-0.10298039785069113
1992-05-31 18:00:00,4.563464538088964,-487.98278125263454,1.6283668701451042,1.1529420609493446,-1.023904134383244,-0.46397841774506565,0.015679183905863703
1992-05-31 19:00:00,7.04792715707938,-462.02995128080374,-5.077918460692465,5.05673101365548,-1.5535328568185778,0.1292602260179797,0.7654820323186601
1992-05-31 20:00:00,14.486730516074852,-504.44583637502905,-5.176216299985265,1.1537379877728577,-2.944124117826487,1.4083749248825712,0.3638380773044084
1992-05-31 21:00:00,10.701859575958224,-493.25301488606124,-2.388798674083448,7.208654727184452,-0.3735452100092549,-0.9924562342290137,-0.4363397943035515
1992-05-31 22:00:00,30.09819767200184,-488.63492882693936,-9.050963522376433,-6.808709688899739,-2.3428442160139875,-1.4067742833665977,3.1648262760006225
1992-05-31 23:00:00,2.756978752294692,-469.62881723503136,3.080310585685485,-4.787593370949305,-2.882541286031029,-0.253514431254226,0.0798883207437206
1992-06-01 00:00:00,13.089815860807438,-454.0385179121455,0.749562822148798,-1.7659007465676977,-0.10852461356890852,0.825444066612462,-1.1822943789157685
1992-06-01 01:00:00,17.65462801819947,-461.799872634525,12.2932441035978,2.7135588942085276,0.9126306396927925,-1.39336745772041,-1.4996524083775957
1992-06-01 02:00:00,14.150486524686881,-460.1696187068347,-0.5347237931267044,13.4988244605156,0.14924616461964935,-1.4497794658588878,0.7152086054311199
1992-06-01 03:00:00,29.948184631964246,-475.0261192065351,22.659013704097706,10.40522925190647,0.23853442189894625,-1.8387777359819282,-3.0940402049390876
1992-06-01 04:00:00,20.12887208696382,-433.84518526327975,-8.97434634041158,13.4312076199847,2.0196457120730837,-2.0002120406166783,1.5158125587293805
1992-06-01 05:00:00,13.667004824350812,-439.2902240533097,16.755156542345183,5.370593630428328,0.9608703640662779,-1.437191045523032,1.1186174345203468
1992-06-01 06:00:00,6.4842696576776335,-466.7016921782066,6.4106257054192355,3.5029311602301583,0.4655574914226479,-0.5935029884666337,0.4306614321989228
1992-06-01 07:00:00,21.602394736479337,-458.22652247771913,16.996486919900207,18.570593677263773,1.2795082063228547,-2.459124769543908,-1.118986291224946
1992-06-01 08:00:00,5.663999009537881,-458.49355871206325,9.27249331663325,17.65833913165637,0.6483964863940411,-0.05368221372140414,-0.6412169621705729
1992-06-01 09:00:00,16.510849833398193,-455.1415743943509,8.989709232650428,6.4201136646831145,-0.09289580171813017,-0.042009474852383266,1.9284943986827987
1992-06-01 10:00:00,21.695365948555203,-468.0937216966872,11.192709083633286,16.169285366745942,-1.663907278248098,-1.8827077845844546,1.3478164802603925
1992-06-01 11:00:00,16.062664024046526,-450.06050458358936,4.94164804769092,9.135157919061118,0.6859800137671663,-1.8655674984654658,0.8458607363139261
1992-06-01 12:00:00,1.4715976228351346,-483.61866264036286,3.8339222335224425,4.552923614260149,-2.517439187790562,0.17078245244006118,0.0436515981891791
1992-06-01 13:00:00,19.517368977306244,-484.5097605275743,5.025389070911647,7.106237039700108,-2.6736183652698293,2.031631922422716,0.3528307878582269
1992-06-01 14:00:00,21.130389832721313,-499.7554587757249,3.234425286290721,0.10779183786822077,-2.0396905384151323,-1.2065363710075916,1.8571585682632232
1992-06-01 15:00:00,0.5084880939613632,-479.81791486057995,2.202768576898011,9.79139404219736,-0.4638073545033169,0.03301013947329001,-0.033586147065720884
1992-06-01 16:00:00,30.136490885486385,-501.17646008764854,-1.3310004591516469,-9.752833864105721,0.8120871873227465,-3.05092906420981,0.7580041091111704
1992-06-01 17:00:00,11.114211190292764,-497.36120892068755,-12.702401757097185,6.131330854750934,-2.6322286455216903,-0.47360820634132383,1.0315301094714642
1992-06-01 18:00:00,28.903056607336726,-489.7882367024273,-17.091002386599516,-7.35950872271843,-5.63338859898116,2.9995581971300522,-1.0796949008783305
1992-06-01 19:00:00,32.141968640975236,-496.9311836430034,-5.004537910299298,5.668874830442085,-1.675672127131936,0.11936990800936254,-3.187142440543812
1992-06-01 20:00:00,33.60889574822557,-495.6783527822345,-5.423156183221538,-14.157578442343157,-1.361312787994837,1.174271049530471,-3.735880283772209
1992-06-01 21:00:00,14.439239191123614,-477.1773147086381,0.5499620036552404,-5.143673876480373,-0.15656046951058766,-1.2508552737185066,-0.852465488000925
1992-06-01 22:00:00,34.692415100461886,-476.1961541635519,3.4860376713118173,2.2045789576588923,1.7112467479507933,-0.07605391604526618,-3.889679821894705
1992-06-01 23:00:00,17.432770220443327,-472.4721144378842,-19.453066524717094,-0.40011152808018746,0.2844101327687931,-1.6963462959222784,-0.6963655166159908
1992-06-02 00:00:00,36.005724942494794,-471.85354385449017,14.26794035797495,-8.85125483924296,-1.5627330034877294,-0.43671671823395725,-4.461294391232325
1992-06-02 01:00:00,16.495121387582568,-455.45288493091135,9.885406015641566,6.892402994649148,0.3895935374706667,-0.6675041466305704,1.6801227549235591
1992-06-02 02:00:00,25.44807059712578,-460.94657181842945,19.274537621894446,6.294873967186081,2.6106212192868483,-2.2332320631371916,-1.8930549305744833
1992-06-02 03:00:00,33.51678991358836,-421.1106577786664,8.503887099772815,22.178074514236833,0.7080367360448496,-1.95143659383218,-4.289878845251906
1992-06-02 04:00:00,16.374795094440636,-434.09970244649713,27.83769640381037,1.4904370092707433,0.13514905668200672,-1.7686835838484614,0.675655197198703
1992-06-02 05:00:00,20.211992773392605,-428.05294834243773,6.9043019773282746,8.68515167051271,-2.2427426114723596,-2.233885680597854,-1.1295344707171084
1992-06-02 06:00:00,7.800866225053863,-442.75759548914453,20.32049945602065,10.140250176524066,2.1949648953514447,-0.9735047252438478,-0.16911914237170306
1992-06-02 07:00:00,32.009935799519084,-436.97109344981754,16.465826452414053,11.19681145860563,0.5116619044381225,-3.480468509223349,1.1827930942661835
1992-06-02 08:00:00,23.882393872308253,-425.62430621053204,7.885967418892752,14.249071548386642,1.3548018534624766,1.64555047632518,2.2085194899202847
1992-06-02 09:00:00,3.8845074700629714,-469.46024109496994,9.964570103026539,4.862015538257149,1.489966787686227,-0.08187322687979387,0.3951230337699444
1992-06-02 10:00:00,15.915392940159188,-449.9332970470603,21.468339788002353,4.508337805027029,-0.11280590021462145,-1.5422798865757326,-0.854547509087104
1992-06-02 11:00:00,7.2655680103688205,-462.22156367583904,15.70591234469733,-1.1422306281577477,-2.4334260343920935,0.7676956294542463,0.32588304582178107
1992-06-02 12:00:00,16.236225432573733,-476.71360509827844,1.3944718200345596,3.307880158929114,-1.2380110274991045,1.6934069277048147,-0.20224818839539022
1992-06-02 13:00:00,15.767361477896722,-456.66595445592156,3.1764774185901197,11.900533544718987,5.531652089199963,-1.7640425773334512,-0.17105831123941043
1992-06-02 14:00:00,35.50585212376215,-484.9428829222535,10.611077219052817,-3.1425009066005316,-2.236918758526323,3.821731386860264,0.6703072767851534
1992-06-02 15:00:00,16.694657068087423,-494.51518845286137,8.573089017345392,-5.146617399761448,0.10845672658620825,-0.8257164711420877,-1.4717644897049478
1992-06-02 16:00:00,30.43131146389001,-468.0178666545464,-19.608353299793798,-0.2455189267275566,-1.4259945809778163,0.07526685096348412,-3.510043595888825
1992-06-02 17:00:00,29.13046589175765,-513.4826136388083,-12.030707963556885,-12.3739753078179,-2.1772509356250946,1.9627734115510254,-2.2190329534612205
1992-06-02 18:00:00,25.876940516744597,-470.2064228349823,-19.12654343382863,5.590206206440709,0.7165811259007783,0.15979264823194303,-3.0959748626247783
1992-06-02 19:00:00,25.589332589156374,-467.90465070863314,-3.8194249776223983,1.7973159555489706,-2.5528036545794834,2.4457873364591647,1.189918654452187
1992-06-02 20:00:00,5.252103846706907,-510.92253334532757,9.569261951361778,3.5984365729596295,-2.041751417202708,-0.473869873959964,-0.029356205396931956
1992-06-02 21:00:00,9.255776935010164,-478.2292499933565,-0.8469569406752633,-1.2439983623470225,-0.5674159500089504,0.6534449011409426,-0.8459328236904251
1992-06-02 22:00:00,7.560491396354648,-463.6252383256244,-0.03889924357162866,7.9265560215280555,0.7204889411305544,0.36101083997710576,0.7187761117114722
1992-06-02 23:00:00,28.468385110479744,-444.71634792129964,8.898086691775246,2.737027678949251,0.7365252701359924,2.838289013482237,-2.241851039321058
1992-06-03 00:00:00,20.525089300681664,-459.5248721856523,9.490741738049204,7.416568731938852,2.059664193148147,1.9135430128954183,1.2029578628058704
1992-06-03 01:00:00,30.537757214704182,-445.53543783647103,7.8035622434611565,2.495064776510526,2.0189157107453557,-3.6629272966481516,-0.8304161749904371
1992-06-03 02:00:00,12.671974959271447,-423.92463526576796,9.778224082228592,-7.86482884320782,0.2346061563877344,1.1280815055090592,-0.9698280929291445
1992-06-03 03:00:00,18.34556610123873,-441.5236160073277,12.99591469349946,10.531239259908654,0.9161812274744996,-1.992804233364779,-0.7917488392670018
1992-06-03 04:00:00,23.625849951840028,-413.76430653820637,31.807396129043088,6.927317867041837,0.6754511504671474,0.14506458473608708,2.828747935338464
1992-06-03 05:00:00,34.79478329490691,-402.1994027748791,8.981194219808724,8.749034873742767,1.6901716559339741,-2.9665509272868857,-3.3528932799226068
1992-06-03 06:00:00,29.90266649773794,-432.7206706480279,27.658332877559385,12.237158378873875,3.5254752309637536,-2.8992171416309085,2.104751914295744
1992-06-03 07:00:00,23.975724866264805,-412.87893529137455,35.746201353734484,6.024990519968498,-1.9039111459137295,-2.056007610246322,-1.8380622098137522
1992-06-03 08:00:00,6.073538698361261,-418.56236561209295,20.59518173674255,15.929492015748052,1.9350997146697972,0.16613187640849691,-0.766037752636223
1992-06-03 09:00:00,25.06776356874108,-439.60766380077604,13.561005212602831,3.1231419487410825,-0.056768047280464085,-3.092642927794976,0.5918677281416518
1992-06-03 10:00:00,18.460101152673506,-427.2803031239868,23.530623451595346,-2.263825928636262,1.8894279009927324,2.133780107954741,0.834577139289629
1992-06-03 11:00:00,9.199506412940334,-439.9814890037447,7.774805802802154,-2.3130130103234023,1.2989391803620542,0.989842405050092,0.2658591808051815
1992-06-03 12:00:00,12.342417852845216,-455.20857573104706,23.639702639217134,-8.18564873754741,3.441906408491489,-1.4684997525439987,-0.3533377139253728
1992-06-03 13:00:00,15.100946600019375,-455.7720744391368,-0.9703579326829859,-3.061802738875823,-0.5828114274800499,1.6364237725394366,-0.2536280698483878
1992-06-03 14:00:00,36.22764155059928,-471.71758998411394,11.475103701047553,8.844189997161655,0.795112262896209,4.255269955631555,0.1951909536467955
1992-06-03 15:00:00,10.482019684896489,-456.70244742244813,8.488858138405355,-7.280070635676722,1.0913545178228623,0.9788154063735764,0.581340104648221
1992-06-03 16:00:00,26.615786596145327,-460.8861202384428,0.9284299853709728,-6.364109884031002,-0.5766787351375728,2.798920782057313,-0.9204153193220905
1992-06-03 17:00:00,22.224867881681,-458.2622260006695,0.4914126311997036,-5.467300048338368,0.24447049727009473,1.4167198597919202,-1.9648532081006944
1992-06-03 18:00:00,31.8505896499573,-468.5278237731877,-5.013402311588412,-5.598895194759516,-2.285696061733545,2.499110031495145,-2.3515605246989
1992-06-03 19:00:00,26.47597163142124,-465.2690812475561,-0.6936317951817443,-12.243633712715944,0.31434365901990047,2.0181196221494972,2.0845403112472094
1992-06-03 20:00:00,46.66084589103345,-473.35691800033055,-13.715025297896254,5.093969063855599,-2.2879929271714463,5.360647666135014,-1.6681987614010019
1992-06-03 21:00:00,9.597833072810086,-449.89179988355886,-0.7502528657149128,-3.7338281664323603,-0.7328823030088963,0.08664319489769284,-1.069136899950839
1992-06-03 22:00:00,20.089226189713308,-462.3262009595741,13.056475296484496,-18.55860242005217,-0.37642575717634574,0.5269344259163009,-2.1251383452737302
1992-06-03 23:00:00,34.89907772867344,-436.66722198045125,11.46918953201255,-0.9367258088987951,0.5275541843495256,4.220837759448653,1.5748531446848655
1992-06-04 00:00:00,28.049115607029847,-443.8465414860018,20.84732844843876,-2.5493277185987484,1.5240183888665895,-3.5318283154886094,-0.28914029497075133
1992-06-04 01:00:00,7.66388427594879,-440.425013231071,33.377483821348704,3.3035576727238434,0.3345830607119559,0.413572259828475,-0.7277410089109481
1992-06-04 02:00:00,17.458432695405175,-415.30061172196355,23.138556759852257,5.63483924317555,2.3658988138516075,-1.9128225396773963,1.080818223166296
1992-06-04 03:00:00,8.689942140504838,-390.042218409973,24.03256379915511,-2.4974558159479585,1.317145991229224,0.7201293125394393,-0.7642732490407402
1992-06-04 04:00:00,7.912438081860459,-396.460934580682,31.878523805008506,8.45809241780306,4.837620185708973,0.5445218532621613,-0.45254489086386823
1992-06-04 05:00:00,18.68865269720576,-412.6526721664104,34.951797819395516,9.963339226591348,2.0161926748688894,-0.35891121645573976,2.199505847876351
1992-06-04 06:00:00,16.264111234127412,-425.44718554547916,31.084216052197856,1.4145470356154322,1.1324543521211814,1.8283337590666677,-0.03869859730537739
1992-06-04 07:00:00,4.957816630134539,-427.7949493078864,15.76469975692052,2.663929246411551,4.875718534355618,0.0460203766095425,0.5030277762979936
1992-06-04 08:00:00,20.465171320624258,-403.81906112247475,21.257845644646718,-2.6049047065897595,3.280555056771712,-2.521386170374477,0.9716097572833695
1992-06-04 09:00:00,2.4833755409389355,-410.2031244664393,26.427612833159543,-4.4683027319914945,2.0488252707752235,0.08628735696413059,0.23143115972618117
1992-06-04 10:00:00,22.5383013342347,-447.58026013073214,17.785252763744214,5.171335562490517,3.274945945725842,-1.5224745038634508,-2.194637958268817
1992-06-04 11:00:00,14.887708976824667,-428.0470815522755,21.292836985538145,-2.211360176439132,-0.7575911877316172,1.756810285908492,-0.26622744641903673
1992-06-04 12:00:00,16.76450831043513,-417.13752473232023,9.123448982567544,-3.4063612567392583,0.8673207819592488,1.9829312697654833,-0.16671514607908416
1992-06-04 13:00:00,11.33646670155181,-441.28929503926094,14.23957448709664,-12.4473149346172,0.9174292363882607,1.3279479937985388,0.11004955838355973
1992-06-04 14:00:00,29.99855678255411,-448.63482496251936,8.851394505956119,-1.4183371708989636,-0.003368717786320863,3.5746973984812636,-0.35403779658482554
1992-06-04 15:00:00,2.6964336106589712,-471.74522601418596,10.672365396206363,-11.140389639998352,0.4375616153883792,-0.02777185494679346,0.29550341039569483
1992-06-04 16:00:00,8.991311560162545,-448.7323019393373,8.32338247989891,-6.3827365497556965,-0.9922895145045422,0.9849436321382967,0.17568451606512026
1992-06-04 17:00:00,41.615961332815004,-472.63082764770195,13.854784436997196,-27.68485049552286,1.1787899884131723,4.189076653279969,-1.0208277202411988
1992-06-04 18:00:00,1.2791030266348713,-471.60651455371976,2.7949610827564797,-24.200888801710047,0.1174447692345637,0.10360122397081895,0.09250279334920997
1992-06-04 19:00:00,17.303945148015174,-444.85072174778287,0.7746788811824201,-5.4665550614256535,-1.7453643783031558,-0.8507058724081542,1.9992501168396581
1992-06-04 20:00:00,19.709938232432624,-474.31350062418136,12.453285559953729,-8.965316091788003,-3.0445550005377195,1.816701927633341,-1.1979904988644818
1992-06-04 21:00:00,7.51330204329808,-457.56040874175017,2.218283465309617,-13.82123594580175,1.419853952911073,0.9111843205857761,0.019125909424081322
1992-06-04 22:00:00,21.516145033200054,-448.61800256126287,16.08828919436741,-16.14409237310138,0.5581726656067871,2.375086412616384,-0.06474782295873516
1992-06-04 23:00:00,2.2557344886436037,-435.6445216329421,18.91498714839559,7.990518577365771,-0.5824935109271401,-0.09539871633599628,0.23940605505292467
1992-06-05 00:00:00,36.626445854357044,-410.7541005076275,21.409016037945797,-10.285633803534221,0.33242558665810984,3.467007145446522,-3.4140826524214463
1992-06-05 01:00:00,11.499594008799475,-426.4888133829775,23.263591723001955,-0.10215682656298952,-0.6229010619579844,-1.1977460840676755,0.5471605828975578
1992-06-05 02:00:00,20.150187558376224,-411.43795450596957,37.723847228441066,-8.420585527989754,1.4329464088731352,-1.1199600785682062,-2.199720395156243
1992-06-05 03:00:00,8.313412210472857,-414.744911943408,19.88217757680939,-8.18521991910192,-0.2426744664717687,0.9466744129118259,-0.6237641397515612
1992-06-05 04:00:00,9.99276409026118,-434.00621473406784,27.32517788922589,-9.471974256740587,1.6323033619921827,-0.1546819235845237,-1.1371462464490274
1992-06-05 05:00:00,8.127558274620622,-389.45359578849735,39.84451401520383,4.135264545624554,0.014792968324514488,-0.23974942322923742,1.010204619971182
1992-06-05 06:00:00,11.706760728810583,-394.4498520790846,20.73230172603389,12.571714477916794,3.367953775895365,1.4988794857576042,-0.46499993140990026
1992-06-05 07:00:00,4.167591482167531,-388.8527308110416,19.91975904589367,0.12199819316795413,1.7931378613912539,0.046994377612786686,-0.5174643252065079
1992-06-05 08:00:00,2.685207938667044,-426.0406750233175,20.668928178358176,6.759843906260971,-0.7851904197352585,0.18907582317535632,0.28885114633768505
1992-06-05 09:00:00,6.878090092582299,-413.39127685302503,25.41014699925921,7.9222423191950435,0.7868697434843628,0.6673492125814969,0.4087989842484533
1992-06-05 10:00:00,14.672916836979692,-393.58310554828273,15.462361518637442,7.491554590168619,2.710645932011183,0.3106361977672987,1.7640448773529314
1992-06-05 11:00:00,7.528800547348869,-396.66350164169353,11.275984717439139,0.742385677878084,-1.4993891965845425,-0.7145697981189778,0.7532517946201192
1992-06-05 12:00:00,12.980180970927492,-436.80629287271347,21.508780949371584,-12.927044853552005,1.9923062975573662,1.0968867600536392,-0.8239602345385126
1992-06-05 13:00:00,11.246781579715973,-441.80748893865075,-2.4026846558272226,-11.737892756236574,1.329322095137274,0.6218070908647411,-1.079066036783625
1992-06-05 14:00:00,23.90428588880562,-468.42165541642726,11.707790187745658,-17.030204773273393,2.3343810367169477,1.6823816145799182,-1.8727337668342159
1992-06-05 15:00:00,37.47706004853837,-463.9272243179867,10.67529162526939,-19.88768148762894,0.17988357414711553,4.504088925510035,-0.7756804093192791
1992-06-05 16:00:00,24.560272441786896,-477.56098713439866,3.458921099486429,-11.087037957158726,-0.25562019302495753,2.499403716650605,-1.3459070378993827
1992-06-05 17:00:00,21.29111710307426,-453.996147733228,-0.1499750282651049,-8.66002207931667,-0.8434115130038838,-2.2654690889278597,-1.2984044476306713
1992-06-05 18:00:00,17.388355345061083,-477.3478908036691,1.5793750568880922,-3.8284365816516233,-2.1605486785682775,1.7894162911390399,-0.6483964729007666
1992-06-05 19:00:00,22.755316974959403,-472.2421055482987,13.432194928213132,-23.28800266947579,-3.8904257491818095,2.0356815246795383,-2.1650643396541946
1992-06-05 20:00:00,34.08068031022033,-456.6353847810629,18.773473581075518,13.25522717036667,0.109838880131579,4.147985723192386,-1.244261825277107
1992-06-05 21:00:00,20.591605183914254,-466.3933965909311,-6.696377784719054,-10.250959275660133,1.5952480502852096,1.5146636726245084,2.001003598800727
1992-06-05 22:00:00,33.00630742700065,-443.24470191778494,2.6286197232578163,-4.346604073452463,-0.8026430464754409,3.644049571742884,-1.8744905241565082
1992-06-05 23:00:00,29.167478477098733,-454.84546935456325,-1.3814027698265763,2.371497178627857,0.914512270315104,-0.49641290348027384,-3.579333792161446
1992-06-06 00:00:00,17.826266811025473,-434.0435963336116,10.251584862070704,-2.1380975195260263,-0.7481072160409871,2.096167145731231,0.5525708226670314
1992-06-06 01:00:00,12.480647473333072,-453.43218811130987,14.010299870373123,-9.12058150646453,1.6376382970231322,-1.316942009600817,0.6256027660194619
1992-06-06 02:00:00,24.140539019832765,-431.94927231198034,23.229273881680125,0.11785682624451743,-0.43036419911028645,0.04976779781316332,-2.790095545042872
1992-06-06 03:00:00,5.724993589023022,-448.2936782492824,22.98197715320133,-2.3657717070707527,0.9533315063426517,-0.27375677372006435,-0.5917435534710956
1992-06-06 04:00:00,15.545570838967297,-435.0438397269485,24.750834960340207,8.333043170109546,0.12964134113300965,1.1134492652569625,1.3877004774655561
1992-06-06 05:00:00,20.113894595527103,-430.8806313268288,30.659154802889738,5.200663470809252,1.5095189893915164,-1.023318398908878,2.1223845956416896
1992-06-06 06:00:00,21.479464566880967,-390.5076567951292,34.2166373296713,15.052588981183698,3.669379499777627,1.6565292296268854,1.8757056207788887
1992-06-06 07:00:00,13.277260587564635,-437.1427038709295,20.443471980983425,-4.141751510382239,0.740093735625703,-0.21100511109114373,-1.4996246356174083
1992-06-06 08:00:00,6.182822901615333,-395.9671904371839,22.649922697083625,7.985883044089575,2.365530473892667,-0.8932533166743202,-0.23488199232780282
1992-06-06 09:00:00,29.58074731221346,-420.62838061283725,5.3178690713241465,-5.67136926734504,1.6516281513355404,-1.382658984692169,-3.363367253736805
1992-06-06 10:00:00,12.041716383952958,-430.5611456909072,28.29102365204436,-8.539047358872315,0.02167699895314812,1.3386448254424663,0.3965350999802354
1992-06-06 11:00:00,25.57558456894514,-456.41058913552354,9.998262265451284,12.184316115276815,1.293265528496317,2.7584664272829125,-0.31285002031233333
1992-06-06 12:00:00,20.899414737813462,-441.7439052218728,12.315537971379229,7.800302790264725,0.4821006259152668,-0.6499557164501771,2.313754200138591
1992-06-06 13:00:00,28.337893618702537,-434.2239439403567,11.179915243482741,-1.8365329236950314,-1.3215153490721154,2.436305524740295,-2.65968020137893
1992-06-06 14:00:00,6.52372612080513,-455.9643395972127,-0.6801832853170109,-8.98208359193277,-1.133200633354746,-0.5579820257561854,-0.4719871184471617
1992-06-06 15:00:00,9.928863867968374,-471.6657252386857,1.4494965413100616,-11.410385516521327,-0.9266671249838372,1.1228858982035466,-0.18282362263814939
1992-06-06 16:00:00,13.556265386201147,-481.99211395442353,2.8709609041792596,-12.77442027865671,-1.9035306645382502,-0.35739104720578796,-1.4074054629731956
1992-06-06 17:00:00,21.82698956338791,-476.5308968175746,-3.4819897418205894,-15.636757490482118,-3.813080957839943,2.017836673806577,0.9716834036171774
1992-06-06 18:00:00,12.850825163924616,-486.2399840047989,-17.031609169082266,-21.751256205938493,0.11432476038510436,0.638392053360791,-1.152050798758862
1992-06-06 19:00:00,19.636642799681667,-491.48884463515554,-0.4986953044846718,-13.665121284097356,-0.6032954199467602,-1.1777836064139595,-1.7714953411449055
1992-06-06 20:00:00,19.204487048585086,-473.0443334168892,0.4674753889448229,4.124087230552195,-3.5839794822807285,1.8583899962448938,-1.2834393141676241
1992-06-06 21:00:00,10.483271683029768,-487.0572606589586,8.211835830304953,-3.5296240227107294,-1.1434292809297282,0.2123143211032831,1.0502694946130293
1992-06-06 22:00:00,31.58955972830427,-463.3012619165007,-6.131127535528747,-6.60036027010133,-1.8919566097975598,0.904107335165976,-3.6919886005592253
1992-06-06 23:00:00,17.339547394961134,-438.56390184079464,-3.5511673605088805,7.028873608590773,0.30300256133375303,-1.7423125127826062,-0.9335592830655787
1992-06-07 00:00:00,17.276713133542273,-448.5843618301641,10.069293541941958,5.718368834455701,2.188709782934148,0.8770104344268193,1.660257011427983
1992-06-07 01:00:00,7.250368826477811,-463.05684544397496,19.623426347349017,-3.484918060823682,1.2024211676388508,0.03189601042887674,0.7868091833557653
1992-06-07 02:00:00,14.851548036599706,-452.1122775127031,28.162374552420193,2.032896587014139,2.35444346915239,0.14340834580243705,-1.7893849009247673
1992-06-07 03:00:00,13.29420102560646,-428.0057453342403,24.630743146162388,1.363980962764269,-1.1699778617219383,-0.08412285376093193,-1.5949076586354511
1992-06-07 04:00:00,22.632688611818814,-452.250597355881,19.57074766313227,5.333827671005725,-0.44712891877723043,-2.511192044840456,-0.8736598384085914
1992-06-07 05:00:00,20.235047696640976,-409.491328047003,12.07687107930629,11.243130910482039,0.7547888532497256,2.41898572042489,0.35586029967889143
1992-06-07 06:00:00,15.627673734498636,-440.0033261394649,22.0797842733493,19.219452558470486,1.743752116931345,-1.020865708337035,1.4980243653334153
1992-06-07 07:00:00,23.813550964008208,-436.65053661873,17.487868635827112,22.40176323656565,-2.4313928672533014,-2.3382977494838117,-1.228203606560791
1992-06-07 08:00:00,7.235495143707208,-436.01378989087095,17.3244041065711,12.027685057657962,-0.8152188421326403,-0.49399479314338124,0.662626326261123
1992-06-07 09:00:00,9.883509270208753,-398.8054556790054,12.216159467638217,2.122653329370817,2.162072929687197,-1.2033216081099891,0.48046656194173964
1992-06-07 10:00:00,15.158500185771858,-455.685241247554,16.2941189353284,2.5864100600910573,-0.6272624467122826,-1.5928887711397883,0.39935313111903437
1992-06-07 11:00:00,7.98147390562726,-470.73619984887324,3.4315250704314257,7.377568936418076,1.9977273514512488,0.7689370167453964,-0.3547582827814697
1992-06-07 12:00:00,15.416033181867046,-476.5114744036156,10.770031088289036,0.7091770478321044,-2.9014213040049714,-0.7867752272244851,-1.3701688670127938
1992-06-07 13:00:00,12.905556240248934,-468.81872781425056,0.34613492858144923,2.2092931318642433,-4.235579619951209,-1.4787829121677414,0.03545151830407034
1992-06-07 14:00:00,21.36036492928801,-460.9006000870812,-10.903431119586715,-3.665917730951594,-3.32498142639026,-0.6714966298188623,-2.36594743314858
1992-06-07 15:00:00,22.726151472219886,-508.2393867131764,4.906595621858443,10.704338124384474,-2.3952117890196574,-0.8959828277467936,-2.1584269189913448
1992-06-07 16:00:00,5.789853324034689,-503.51770505810833,-11.282666097818906,6.066051082171542,-2.8537321300205623,-0.6387894415492974,0.02660006380106883
1992-06-07 17:00:00,32.047255439119475,-504.8406406118296,1.6333441910126147,-5.254847132257332,-2.305539046953745,-0.6085453757521229,-3.3481474038093024
1992-06-07 18:00:00,26.825363732886068,-508.73602771384714,-5.469194080225007,-14.516379390747634,-0.7126073741498204,1.0415110448412976,-2.6375703144447873
1992-06-07 19:00:00,33.880843966728634,-479.7973364613658,-9.01147665518999,-2.3070776615835094,-4.6923163758160555,-1.3090699440846403,-3.5212591178982064
1992-06-07 20:00:00,20.195397279769875,-486.3358880315171,6.6526833685779625,-0.5643642058124083,-2.83249040463897,2.1808880270726427,-0.8705824008514793
1992-06-07 21:00:00,22.523902111707425,-473.9448111009015,-13.002482805271466,-4.455626148979478,-1.6328744651335607,-2.0890867136239595,-1.644968397243792
1992-06-07 22:00:00,9.275403615881311,-496.4043832079279,-2.4466096318437547,-2.7123211607050868,-0.8257836168706043,0.7997301917073211,-0.4806416321774482
1992-06-07 23:00:00,15.340504339840443,-498.6046378150754,-17.123651395953978,9.689660924365086,-0.0770170118307889,-1.6519941591651777,0.25982065425001566
1992-06-08 00:00:00,27.118554776109146,-475.3863379065851,-1.930669309949522,-7.694760023773743,-3.090752701933446,-0.20067187989348728,-3.1133080507189215
1992-06-08 01:00:00,23.66409968236341,-478.09351642036467,6.6899412265520946,9.256286940610611,-0.6564352806253414,-2.5752982883344098,-0.5947877923979203
1992-06-08 02:00:00,13.52237322183896,-456.5849904605393,-5.090514004790174,11.428667635313396,-2.711646361050545,1.0241900322659379,1.1068976530988752
1992-06-08 03:00:00,16.25621207467581,-437.7855855781834,18.679868705210467,7.311859960500119,1.1831994015839675,0.7592611151279215,-1.688368056598216
1992-06-08 04:00:00,10.048421034840779,-481.84413529536045,25.921463500545695,20.756584622818302,-2.319177717476024,1.218193917135839,-0.14127235469198973
1992-06-08 05:00:00,17.609190173759384,-435.0122610319375,17.602773466137755,6.248408041038432,0.748355987527953,-1.1150770920629252,1.6958798477079673
1992-06-08 06:00:00,9.745192435181021,-413.03028409918477,13.988677102099,13.583308537112826,-1.3149850861112382,-0.9433318040847184,-0.6015327949595476
1992-06-08 07:00:00,19.07668045724554,-464.5646796354662,32.190665634030296,9.35813777819261,-1.9867580894546566,2.037395344398225,-0.7333697733947622
1992-06-08 08:00:00,28.71453596783908,-444.2370556009492,11.304160875103912,1.7917377643058643,-0.020244975671700804,-3.326558633578312,0.4247016878516028
1992-06-08 09:00:00,24.286657808966474,-471.5301623506357,24.562490781351805,20.680854924606905,-2.1844642102024885,-2.4567595019373876,-0.01842687911500729
1992-06-08 10:00:00,12.098998524428001,-473.1830614149258,4.887892461643103,14.196924989391512,0.45749558759435827,-1.3157687792288382,0.20531088373907114
1992-06-08 11:00:00,9.296629450418719,-465.56099987169193,20.668066330823322,10.485133303199564,0.08661983662401396,-0.9621790975348637,-0.28191722054670487
1992-06-08 12:00:00,31.816965155199412,-447.53528540894166,-1.2407578508193753,1.7653213828163143,-1.281402694544238,3.4615026002060136,-0.999428293235149
1992-06-08 13:00:00,21.745095707009256,-458.3310619447783,9.275672631973663,1.3184975780007484,-2.070430302971095,-2.3078178686856328,-0.31988442306177267
1992-06-08 14:00:00,22.130839668964363,-487.7972141951449,2.7754321336131396,-5.817929666697929,0.1745353471644916,0.05830661661458714,-2.4222762784624305
1992-06-08 15:00:00,1.4730169132048803,-480.0496070862443,-10.813756331037023,-8.737471103535666,0.8800348598698218,0.16948717920414136,-0.017561299687096743
1992-06-08 16:00:00,38.041481723472685,-541.4781338562111,-15.848908412550347,-7.884683669368002,-2.8201531875388532,-3.1333773836819176,-2.5608622338279576
1992-06-08 17:00:00,22.128979729192015,-508.05986374395513,-8.748216354263697,-9.443524794992069,-0.4811810781031013,0.022723427659818718,-2.2669944559202544
1992-06-08 18:00:00,13.07180545396647,-507.26335362601566,0.6772181676646953,2.094914738328608,-1.5756182290966705,-0.7452424616809398,1.1269626564377195
1992-06-08 19:00:00,15.706731013607161,-493.62878958661656,-14.489748743363588,1.2524449837056304,-1.3698544319268477,0.3833508453669928,-1.5294219524459072
1992-06-08 20:00:00,6.354655976055336,-510.6797276437832,-5.738959266342912,-6.850184392613019,-5.022399831602809,-0.3574553610235893,0.4770479106545741
1992-06-08 21:00:00,26.92918279988854,-507.083998461357,-11.223516440838619,-3.9736920652293453,-1.9483559786754594,-2.290764017529847,-1.3916115433050855
1992-06-08 22:00:00,7.423476857085445,-501.12943440984174,-5.492832483857764,-6.09472792775325,-2.6106272258078915,0.2880830732732315,-0.7012099543324297
1992-06-08 23:00:00,24.81729925619529,-471.03345338487543,1.2069282453717225,3.508554868804909,-1.5877715220825062,-2.5753434751255475,-1.3671469663176525
1992-06-09 00:00:00,39.1440216862607,-465.7265639555653,12.432810880059602,3.7576788295263395,1.0695311545011104,-2.5002678748684897,-3.563877258263164
1992-06-09 01:00:00,14.527167617503093,-468.7246869282906,-3.4616832193483313,7.727738300623315,0.21189844102989852,-0.0014949764109318253,1.5461098072296493
1992-06-09 02:00:00,25.198353509285543,-441.41973645077735,6.75860334502642,-1.1554297890710719,-2.5234148262306535,-2.827928548312957,-0.3282776408941306
1992-06-09 03:00:00,16.901866334664728,-450.8979980827119,15.224051336321114,5.95260755348934,0.9532649202025044,-1.962442492380306,-1.0225091101480732
1992-06-09 04:00:00,4.036554777341108,-452.9376491859815,-2.7220278128169246,12.133045014416497,0.24180867818929985,-0.4425636418719128,-0.041964064627802
1992-06-09 05:00:00,13.308599814085795,-450.4034235564965,24.047144728286344,3.2021900026967565,-0.1105841535235007,1.326958599113554,0.6617561080970517
1992-06-09 06:00:00,8.464261357901199,-469.8477605155706,19.081895685756805,7.7123877464441595,2.0671445390565553,0.06221469597599094,-0.9219052384977559
1992-06-09 07:00:00,22.992601265805828,-436.34331105902083,1.056973752503577,18.316139292522607,-1.6879771401750427,-2.656887169628675,0.8773627371651322
1992-06-09 08:00:00,31.88348452877895,-430.84754411907943,18.12484320631399,6.854319599180758,-0.3837112804882494,-2.675802462052481,-3.2430557180537667
1992-06-09 09:00:00,25.610480185737007,-438.0366562136212,4.0656387019081865,-1.4717850513553827,-0.8942493108108368,-2.7114691045301997,-1.0746051588637746
1992-06-09 10:00:00,13.46253178361672,-411.2360382539191,12.432224598931917,20.631857466257074,-1.338508602060636,-1.281999594400677,-1.1010084070677517
1992-06-09 11:00:00,22.543520335042896,-463.02631288482127,19.88678103660273,1.423738836705835,2.544845897489763,-2.2622328752896914,1.1270574659840433
1992-06-09 12:00:00,14.468490175678747,-484.3491075908264,4.2097921084758845,2.28373862891214,-0.2804141544890623,1.187447385472694,-0.9077511056197961
1992-06-09 13:00:00,7.67654049458639,-445.3637789722332,4.189642309296224,-8.256239891892703,1.107124991268915,-0.8024750728925873,-0.3186941468869747
1992-06-09 14:00:00,11.59718483520678,-455.33208888559926,0.6550350046673241,-16.201712057483046,-0.5606556170795767,1.2696353370133568,-0.1190239030311897
1992-06-09 15:00:00,25.688916465451136,-496.25439707629516,-8.757837617020058,-3.8962045831172505,-3.6169542580184895,1.8190590677469893,-1.9582358592451656
1992-06-09 16:00:00,24.577907043421053,-489.47282939316926,-15.170514691012235,1.18562520169272,-3.597265355275009,-0.3722308114849242,-2.857712025435142
1992-06-09 17:00:00,20.497610583239247,-498.26295427172994,-17.33098046940103,-1.4400002744279732,0.19434235523949245,1.1477065946958445,1.8632672538867752
1992-06-09 18:00:00,16.87776410918239,-483.0974574091988,-2.095515549893637,-8.563446121654403,-1.1074371435605967,-1.0258342897359531,-1.622938660859593
1992-06-09 19:00:00,25.684027271805995,-494.5441499881441,-5.606131482453405,1.8199618040592878,0.799972391717868,0.44040339233256864,-2.591595320514064
1992-06-09 20:00:00,11.512390463517413,-474.2920409176882,-6.688482475087197,5.4309794136200376,-0.6437276676144231,-0.272119190607502,-1.1772558709001522
1992-06-09 21:00:00,32.07012929833988,-465.66004399346104,-7.6137594435948985,-6.575068872392547,-0.8965200582711144,1.6419401920410706,-3.1709952379123827
1992-06-09 22:00:00,18.945713087569313,-443.67448522588484,3.6364446989850556,-1.846742628460275,-1.0404190086575726,2.221092983874726,-0.21882413344825735
1992-06-09 23:00:00,43.3952384519496,-471.7036150765525,0.06202862708303425,-3.474137864905123,2.2880107710933184,4.494591347748722,2.1902689759068803
1992-06-10 00:00:00,35.871250201868705,-445.36174559050426,9.517296480935757,4.870428444350325,4.11941708252496,2.397584858652953,-3.7367241109641167
1992-06-10 01:00:00,26.666514772159537,-432.836738818714,7.755550406883233,-2.018521427747501,2.1964944512769593,-1.343489458568398,-3.202174676868867
1992-06-10 02:00:00,13.06472774282821,-436.9153151048923,26.121071218241003,9.851501828220252,3.475384025334759,1.1833776108379284,0.5402612045303049
1992-06-10 03:00:00,20.09228180916635,-409.25805090920164,15.504107234235107,6.4970197197157376,1.7543742381544563,1.6819463269608623,-1.7483405684689286
1992-06-10 04:00:00,3.9030047989650996,-421.5216191476047,11.313392781996315,3.2228170655929596,1.6116055916508516,-0.29135246045980834,0.37835932707447717
1992-06-10 05:00:00,22.880908198261974,-422.23169555931895,21.717168691171793,-5.612453427071607,0.9749504448721329,-2.2713799083610713,-1.5750196999395798
1992-06-10 06:00:00,22.391210840655386,-390.83813930416403,13.220493009428615,17.914530188382887,-1.9451458956439454,-2.8197072551979585,-0.5417081321154618
1992-06-10 07:00:00,7.292048552637943,-434.6183672507022,21.352112490434745,11.337578304705096,3.0692733345079097,0.35663636245736596,0.5876873146224371
1992-06-10 08:00:00,8.539382910551026,-407.4999018081079,9.717776478525998,-9.237244831916502,2.4962206377376024,-0.5238934482963886,0.9957656986933788
1992-06-10 09:00:00,19.14859476415181,-440.4905124831782,19.456210574505157,8.38916839639238,1.981754693215725,-0.4335798252732578,-2.1817630423763505
1992-06-10 10:00:00,19.402188237877258,-426.0591503307566,14.334941375068926,-15.994228233825787,-2.1610020963472714,-2.129263507050146,0.4948579145490076
1992-06-10 11:00:00,11.441687966945706,-429.3753737399738,7.251759126762639,-3.7421440107169617,-1.1945839306754609,0.8186173156084651,-1.07697709917476
1992-06-10 12:00:00,27.210843559255693,-434.3615939036879,8.699715482880304,-3.4777881224525298,1.7081708460252043,1.6001279218858497,-2.658115838119326
1992-06-10 13:00:00,32.476122839257854,-434.0771398030595,20.89915873634185,3.5987916572121446,0.8390137167278534,3.0657911061724583,-2.1722865260926363
1992-06-10 14:00:00,13.06233118054649,-472.3622952704798,-7.3881752031568055,5.5022942272262325,-1.4644051515931071,1.2900336147538018,-0.4163816497062863
1992-06-10 15:00:00,23.282652615370154,-486.6858781705561,-4.449817644810486,-18.69666224292703,-1.1948800963738544,2.11722996102571,-1.2548130716388965
1992-06-10 16:00:00,24.266879629450315,-468.9709217667235,-8.428433988679478,-2.8328963755891827,1.0055316251936834,2.858736305967563,-0.8533750608870787
1992-06-10 17:00:00,42.16675416540775,-469.6907248191049,8.28780166295007,-12.147140159915088,-1.3545164972993509,1.2956415521906417,-4.713290725923869
1992-06-10 18:00:00,25.03124357325603,-476.3220557123326,-5.662127415235497,-9.259032926435822,-2.820414416334119,0.6615884296000709,-2.6256917259776245
1992-06-10 19:00:00,18.227493688963055,-436.15630939860216,-4.763563023638757,0.0068603010419967525,-1.0185547497221807,2.2123353433772714,-0.6302149700835811
1992-06-10 20:00:00,10.367189340498628,-468.2177274669016,11.971194481931873,-5.272210702073649,-1.829996774071097,0.8604275195116102,0.7778083599115982
1992-06-10 21:00:00,12.100657924355055,-483.9901761253544,-1.207506074957414,-5.16881702607747,0.556547218759688,1.1551085095735805,0.48712962224939926
1992-06-10 22:00:00,23.253757330142108,-468.95287360007103,19.07106791232743,-14.072309265031597,3.3889325743731074,-1.959446003422976,-1.6832824897516998
1992-06-10 23:00:00,9.975536171755591,-443.4865491815319,8.321363235883595,-13.834342696654108,0.4586754275727768,-0.8820675818336854,-0.6930180228638063
1992-06-11 00:00:00,24.065527373099826,-443.713348281007,16.79780863730401,-6.307756031264137,0.8302606973681124,-2.436059257082136,-1.2392575408364408
1992-06-11 01:00:00,1.7451001444239864,-416.22655887397684,23.98618544598751,3.8714341382551174,2.0247379526392733,-0.0614600988165207,-0.2206971621835213
1992-06-11 02:00:00,2.552874418806567,-412.96059406661084,24.4612760661858,9.571023774032815,1.8766377210462188,-0.25800897647173227,0.22779098526487984
1992-06-11 03:00:00,11.777529510605866,-405.917713944184,24.663953259597353,-5.514202368931771,2.770012869732862,-1.4559931933443608,0.7054238061905482
1992-06-11 04:00:00,26.365948089961336,-401.68346388219265,5.86094460475861,11.079827039406622,-0.6513832617898108,3.152696563355607,-0.9208262786952859
1992-06-11 05:00:00,23.14410763094199,-398.95668528873233,27.726318287479437,2.1680024791968746,1.1187561328623705,-2.7697241320203028,1.0703202852197462
1992-06-11 06:00:00,10.604958786687428,-411.6456097044915,24.627612821182577,5.117579170587123,3.4035409012815117,0.9957409039822798,0.37590211843567356
1992-06-11 07:00:00,19.217518170338657,-387.2321720738722,32.72458972480034,-1.0997768209562748,2.1690377035145896,-2.1549778136296953,1.507860560883029
1992-06-11 08:00:00,24.07976250696538,-396.38493300805374,31.937875618317253,2.5124060864853535,0.5645252557789395,-1.2215306798210743,-3.1147780368926323
1992-06-11 09:00:00,11.07816904526566,-428.2458460980563,6.724743596791245,-4.4413538228031575,2.235217071547756,-0.9830854172721435,-0.856443218105691
1992-06-11 10:00:00,32.63197314002725,-417.0447034977408,12.788299105250132,4.563657296757468,1.4048711700390841,-0.06900558745190366,-4.108590372068281
1992-06-11 11:00:00,26.415911803053405,-415.15945512502105,19.536854372975846,-7.065527774004807,-1.7794668333578734,-2.221875702457732,-2.6989951864160897
1992-06-11 12:00:00,16.66800213621726,-416.6603027122799,27.833493188261745,-8.015566629657464,1.586612404464784,-1.78258032955963,-1.0552129321014856
1992-06-11 13:00:00,39.77334679889094,-438.81861405711635,4.229258258299499,-4.413483050194722,0.2685887191905897,3.5630360266265684,-3.913765841554581
1992-06-11 14:00:00,22.609906136818434,-440.15261442914704,8.974731970262098,-1.0614344867084795,1.2582688021278947,-0.293270829371326,-2.955824704176883
1992-06-11 15:00:00,20.19323719894254,-488.4809519905011,-4.785861554568588,-17.084105793096917,-3.438523723913042,0.4746582595369705,-2.281202829220949
1992-06-11 16:00:00,15.741379523515036,-467.69490773965543,3.773322015099561,-4.365198596910922,1.1510209261126811,1.6430893844948966,0.3291402272180557
1992-06-11 17:00:00,14.416155856864982,-466.7306582658508,2.2415566705637078,-5.642445871178029,1.310162026542901,0.21737462273047792,-1.5122480868904273
1992-06-11 18:00:00,32.664512681651935,-483.101656695281,3.122988211490018,-5.015735054070087,-2.1998154158339664,1.7760077305311288,-3.37473761464194
1992-06-11 19:00:00,43.59230012355341,-466.8592263812984,-0.5892170328473485,-11.659916662917759,-1.799367872009405,2.13900792811417,-4.704134166162911
1992-06-11 20:00:00,28.116037892210944,-467.8651650375138,8.3274437112455,-13.95511772275648,1.4561177020141893,2.54135690995663,-1.5725891271644608
1992-06-11 21:00:00,23.016637601647293,-476.8010603457882,0.3501884658418577,-9.937972174865147,1.0398562992586724,1.917505977218616,-1.785988369392923
1992-06-11 22:00:00,3.056132579828369,-444.6864426069857,19.599236467054318,-10.58167996899445,-0.42691052283212616,-0.280770271580041,0.15815111458977427
1992-06-11 23:00:00,24.343248546177914,-455.95991609364364,20.518137651628958,6.504075127675063,0.37569860638501995,2.503166267916208,-0.882577081066785
1992-06-12 00:00:00,11.643051689329486,-444.3798420591895,25.132530671246773,-19.6324611402307,0.574779876936369,1.0770763212717678,-0.6709679951271406
1992-06-12 01:00:00,29.561727127475493,-416.3765432039405,19.949726927805926,1.5613102776954468,-0.5596280236897186,1.8969726888407799,-3.0114083899756006
1992-06-12 02:00:00,19.49551222559866,-433.6184410366928,16.23375738541721,17.205472541124486,1.4290228236378104,1.14495356946631,1.845052240738657
1992-06-12 03:00:00,19.183736028246063,-396.9256084080143,11.247497284537593,-0.7001242549406044,-0.5587794192653909,-1.8295148675469022,-1.5605062990731788
1992-06-12 04:00:00,12.687113285213531,-406.34835656924554,22.37868241564184,0.6962574495221245,1.1870053709839565,0.3518308400572775,1.5000613712675928
1992-06-12 05:00:00,24.05168876395238,-423.2659205934246,14.291302300681728,8.816977606392271,4.043929510455904,0.8682677062234806,2.787502875064993
1992-06-12 06:00:00,6.458466981826973,-431.91969342286734,17.161147216639804,6.963631603286806,1.2628615408975512,0.4083879928458197,0.5699245621767792
1992-06-12 07:00:00,15.179294320647678,-410.36197924413045,43.34947409160521,3.677870236551212,0.48379886939186656,-1.7816585634454984,0.6428187598253139
1992-06-12 08:00:00,9.07800172233241,-425.88534156947355,24.09603331052819,-5.123839048009591,1.8699890086128084,-0.8442164276260091,-0.7442476994531615
1992-06-12 09:00:00,16.737968624910643,-437.83863550292415,18.25734695137411,7.986763451470741,2.081450789120713,0.7652464119894647,1.6721445241450492
1992-06-12 10:00:00,24.250087584830005,-445.8291289893797,16.77972639823485,-0.4448997330375235,-0.4950074505294759,-0.6257118864314922,3.0692335496606606
1992-06-12 11:00:00,22.89493915286299,-442.16645140655066,8.901689623848558,1.573303498809553,3.918775360543796,-2.3279363788677276,-1.2961874035579686
1992-06-12 12:00:00,18.50335798226503,-449.75823981796407,20.85575696390137,0.673204981933146,1.7905038303041232,1.64839406354898,-1.3426379040447132
1992-06-12 13:00:00,14.185032552073444,-448.4626553214936,12.701177277359847,-12.044140909013066,-1.4543293389121956,1.3971696612001019,-0.8528983563049899
1992-06-12 14:00:00,10.500665520534326,-477.3553965610555,0.4343449711772669,-0.32498297974855817,-2.449060015330412,0.9586889198527904,-0.5447304040882579
1992-06-12 15:00:00,18.53642395991059,-473.2592530015455,9.162398931589479,-10.244890029419555,-3.7299794478261314,0.1824333583332623,-2.035698526690003
1992-06-12 16:00:00,17.051312700353453,-480.08212285432455,10.632300766383343,-16.77791672353967,-2.486209296351338,0.6303622593606587,-1.8518046602619735
1992-06-12 17:00:00,21.41558863405829,-485.5769326475572,6.546510230723468,-10.280488634130787,-1.4381194573809808,2.036930835108228,0.857980700667493
1992-06-12 18:00:00,24.94870160120782,-456.407946879914,-2.6427088542402135,-18.715652706938233,-0.2962515309081728,2.056448107594439,-2.3163983447181984
1992-06-12 19:00:00,12.235738540995154,-471.3708287021307,2.615195505326749,-6.219954638749898,-1.6169584153514311,1.0268323464833855,0.7837431801016065
1992-06-12 20:00:00,19.881067171592466,-440.8258752082866,8.046857233311915,-14.663195795728683,0.35847118858884064,2.215207149649654,-1.0702211362178606
1992-06-12 21:00:00,10.936601845258009,-457.0451292557146,9.441664362862529,-5.085560674508497,-0.9768855320367587,-1.133402454056529,-0.32765860559085214
1992-06-12 22:00:00,15.380923172810506,-457.73433549605386,4.913156743025602,-5.822701994951221,-3.0221125252762775,1.4698480422711722,-0.9082469848089465
1992-06-12 23:00:00,23.480898949409458,-437.9554692675486,14.57869838607566,-1.462478807552027,0.3615030441194937,2.0515945984181894,-1.7273096179618341
1992-06-13 00:00:00,25.87107600570044,-432.03639975696086,5.046250160856657,-1.8285067735513612,1.3624348022477148,0.06377934357416795,-3.1120580669668008
1992-06-13 01:00:00,17.66360713430471,-466.9317321615053,19.29127514251987,-6.588997366349967,0.3789245769548748,1.7485632421318666,-0.8389080207349947
1992-06-13 02:00:00,13.768818494406354,-448.1374836722897,11.055850587808916,13.435249439911999,-1.894784953242054,-1.3065162254612543,-0.7979034360836228
1992-06-13 03:00:00,11.38244301121384,-433.95028530081333,23.738806648767156,-1.5352437493187607,0.5222699512547699,-1.1256765954317154,-0.7154447770432728
1992-06-13 04:00:00,33.6411952935837,-422.33587919458245,38.446849987824294,13.951726831785944,1.4054878919452305,-3.8400099445094233,-2.2374089044952243
1992-06-13 05:00:00,29.457838646943824,-420.02068118275974,18.36295178190504,18.817837818548856,-0.37233197258673023,-3.5979625158512496,0.6532813635282836
1992-06-13 06:00:00,3.308864277781593,-447.0841321658438,35.08526799807887,11.503354875705757,5.139238753664339,-0.5330313781873237,-0.4779791154629357
1992-06-13 07:00:00,2.855887485002751,-420.11853850046873,7.046104553688782,14.729239773976452,-2.6270860253369137,0.09318044641758755,0.4284047334481986
1992-06-13 08:00:00,6.468401540614559,-422.8129959105594,23.060208546042865,17.702998663266087,1.3374868360442198,0.5826340077646681,0.33806652467157117
1992-06-13 09:00:00,20.702730256845506,-448.50050925146155,17.14346003514579,14.489411699229846,2.0867154032376938,-1.9745476404313036,-1.7015191417163824
1992-06-13 10:00:00,24.96225849027742,-459.4604110667042,17.492290218766875,-2.8641188353585534,2.065264769407972,0.8539824958851097,-2.7331295352283083
1992-06-13 11:00:00,7.953532846445985,-441.3203518999364,18.08096737584964,-6.2144915881777525,0.9781037781531149,-0.8918264670258308,0.30789754024240445
1992-06-13 12:00:00,20.932469706354052,-465.1252079235889,22.122534294544895,2.2586510914326965,-1.916290297200817,-1.3129681008570606,1.7653512895015626
1992-06-13 13:00:00,31.796566075750857,-454.26311921572847,6.2110510336113025,-0.304874112249285,2.1822218226582524,-0.3422276641275835,-3.748032372463424
1992-06-13 14:00:00,24.185948232603995,-459.70236501330135,5.438273570446671,-0.4343432491948096,0.19776919389357295,1.5522165188837334,-2.350243800219313
1992-06-13 15:00:00,36.437288278392565,-476.1742234982314,6.93357585180955,-5.8659622191657395,0.2087224546624123,2.398993740614613,-3.550476740187346
1992-06-13 16:00:00,19.88650736107655,-508.85114995873437,-11.903066147168216,-3.0575304695304006,-0.7286815039495872,-0.6513091251928819,-1.8522161139908415
1992-06-13 17:00:00,20.648023103482146,-504.41616995391837,-4.194581599361474,-11.673807468527322,1.147759633907713,-1.4512416207719832,-1.4068624307229591
1992-06-13 18:00:00,26.149707446744433,-520.3054446916681,-6.576081913219209,-4.823602030513468,-2.6423242628102854,1.9246063317662687,-2.1645096937840798
1992-06-13 19:00:00,23.50297120575067,-500.22303679190514,-13.051452594229177,-4.1287347708331374,-1.9162073916241593,2.3292770034216814,-1.3211660736466617
1992-06-13 20:00:00,36.442655703365105,-503.6537949064216,-0.017822191756447392,-0.9731153459982187,-2.3071967251814915,1.6469300245924867,-3.8067231915170425
1992-06-13 21:00:00,25.28447257368909,-462.8186112667322,-13.55481435147164,-3.3653316329492564,-1.0151300089385926,0.7137616036624987,-2.6880954223190376
1992-06-13 22:00:00,6.569136902207827,-471.01831703832863,5.8502602101422525,6.0096436498812755,-0.031710877260940684,-0.6686019342906528,-0.1962715143550443
1992-06-13 23:00:00,16.357525368299303,-477.914649562639,5.383118764416629,0.15595098565787668,-0.5880707596296344,-0.22352604918239613,-1.8513380852023142
1992-06-14 00:00:00,9.931682460029128,-485.34301843406894,7.505597575271432,8.298387078761332,-0.9423827862039338,0.9027284066609176,0.5240359362529491
1992-06-14 01:00:00,0.6308778519619663,-432.8124972680829,3.7015145874637567,-5.573883652416261,-1.4767656971638567,0.06005808326963047,0.03630842991214034
1992-06-14 02:00:00,21.526348436243975,-466.39915476558394,13.337446361351375,12.033695925914625,-1.7134789725520683,-1.9500263634099402,1.1941318297820285
1992-06-14 03:00:00,23.231190931339828,-477.9859977383533,17.313928367150883,11.69764136899569,-1.8790359455633048,-1.9235620478058322,1.4348914788349858
1992-06-14 04:00:00,17.025543129453762,-454.8923104025272,20.452076040034715,10.1226423506741,0.7318560919492938,-1.3445093920244686,1.3155658550903389
1992-06-14 05:00:00,21.71729536964691,-462.7980500989769,9.958297691417389,14.258205913768698,-2.0748087478699095,-2.081359312356055,-0.9783172549135176
1992-06-14 06:00:00,23.1048935377752,-428.45112803958415,18.913397009219537,11.381721556571343,0.6300739646489386,-2.2338068423524358,-1.5671187899443053
1992-06-14 07:00:00,12.154349306838823,-457.7116870540386,29.33654095616921,15.066078204317604,-0.4964017437793494,-1.2338547093947843,-0.3845199003713011
1992-06-14 08:00:00,49.377247328956884,-438.2776795633663,27.948431898292025,7.703393160270016,-0.9093351456527502,-5.703639457454474,-0.5286814193723005
1992-06-14 09:00:00,19.122085676758253,-428.59321521950307,11.367463341952114,7.824254278430984,2.273519502154003,-1.8178576850301464,-1.4153405909163688
1992-06-14 10:00:00,0.9699608721414805,-471.6984662861755,12.672925080393714,4.588646468075424,1.6821642711480755,-0.03847945807663655,0.08619704961923047
1992-06-14 11:00:00,29.648432241306498,-467.3768309871208,7.325303076988937,-0.5639447666676074,-2.596969220683419,-3.0321286534084133,-1.445141824126388
1992-06-14 12:00:00,16.2594976580316,-445.1513505895059,1.1832348418170628,10.472762913557407,-1.7594545938268595,-1.8415971753411748,-0.5889424177549736
1992-06-14 13:00:00,28.23214959570997,-486.0685202884701,-6.9825989060947595,0.3249749905602717,0.6001805304390752,3.0191470103778193,-1.5867627022094035
1992-06-14 14:00:00,13.669032558416687,-493.4585986052223,2.578698204399976,-1.3419314425369784,-0.05235407936211223,0.23916021662036274,-1.3643932944669497
1992-06-14 15:00:00,21.642140205891195,-500.9619968277572,12.177284157102093,8.333275722399483,-2.7859917983950053,0.785287577512532,2.08338503981453
1992-06-14 16:00:00,59.68749039765366,-512.6277471796975,3.265431150410617,-1.0342168559462062,-1.0333007160901313,-0.8209710258570841,-6.50598000324704
1992-06-14 17:00:00,25.476473786840884,-516.6693645285023,-8.417587365230801,0.5191511569971548,-2.5415189393201656,2.230560091580409,1.1089067709212244
1992-06-14 18:00:00,7.352421694946096,-490.44687267539496,-5.2353138569279665,-5.071105197103136,-0.1594417560085709,0.7429173512575644,-0.08716680747570948
1992-06-14 19:00:00,29.062649051390395,-486.88796859503316,-11.486922121065355,0.0854909815575926,-3.36545660690488,2.3776005012966857,-2.187339677427805
1992-06-14 20:00:00,31.65790087354946,-516.3201950339287,-33.45599292289633,10.954895621959757,-5.128954771613763,1.9758989153994309,-1.9071200953374443
1992-06-14 21:00:00,20.88454086644877,-468.1253900928525,-10.56013718606968,2.6787883510637447,-2.8735579914870826,1.5347371030368944,-1.5838459159098308
1992-06-14 22:00:00,40.119020270480945,-467.582456231157,4.64762757854519,14.428827631202491,-4.066290830481239,1.559860218271074,-4.668767606649675
1992-06-14 23:00:00,28.653985221574512,-489.8846763657798,11.470443584551393,6.77944561951956,-1.4714554490064593,0.1702584363934473,-2.9002011922296353
1992-06-15 00:00:00,33.50525030502282,-502.48683571739343,-7.632152166759943,11.230615152534213,0.3870500415587631,-3.5843677366746403,0.42081757290347144
1992-06-15 01:00:00,20.85323254199134,-485.4515173614916,13.002377424030646,0.6019326211847869,-1.5357905832350793,-1.349966779913638,-1.6340015901064915
1992-06-15 02:00:00,16.121058397331023,-466.1084577134391,9.827408089788435,12.540460983759033,-0.14641319500736016,1.7766440936046592,0.052352241842790415
1992-06-15 03:00:00,24.500176323420114,-460.5684859759573,12.306773627631499,14.521053461162706,-1.1125902304624269,-2.5277062413086933,0.9331352064965236
1992-06-15 04:00:00,17.646702882116003,-426.52344799900817,5.159079743943639,18.70903791347401,0.5175149817153258,-1.600087077925878,-1.340344319474406
1992-06-15 05:00:00,8.015153191570407,-468.595778326303,-1.504286154356218,-1.1666933669638935,0.03275729523969617,-0.5317815096715062,-0.6696318439596763
1992-06-15 06:00:00,12.44364511822127,-450.03835508316814,-0.6968218328047868,5.63671229186925,0.8550517860247346,-0.8417254755879352,-1.2295697060313227
1992-06-15 07:00:00,50.793708883421274,-452.34075757585106,13.457629158808075,15.261741959531646,0.14275107691127686,-5.7977990695506945,1.4521309981146326
1992-06-15 08:00:00,16.467425947953544,-440.07777262779905,8.839967326735454,18.20979684513423,1.3235713250097803,1.8092604851393328,-0.4058975717639227
1992-06-15 09:00:00,10.426130479772699,-460.66610347127596,18.29520276113546,13.034215834303952,-2.444848961248937,0.7164499681740157,1.0160642401769113
1992-06-15 10:00:00,43.24655366243203,-467.4749275903088,16.302982041641634,-11.92206708309044,0.20615645862078447,-4.598710657984032,0.5566649347844581
1992-06-15 11:00:00,22.722601868009004,-470.5586872042969,2.714254621495864,4.237726531331274,0.9603618818458786,1.0859342908491125,-2.1621697451012913
1992-06-15 12:00:00,14.371135204304144,-484.8164401975688,7.471212402250665,7.5818641706018965,-0.6223877471256791,0.48351454204779165,-1.3942739744858943
1992-06-15 13:00:00,15.343591739598251,-477.18845771042845,2.026944373075354,10.088109037846476,0.06935036559616692,0.6090162346168122,-1.4891138998057984
1992-06-15 14:00:00,25.505888061375398,-484.153990614551,10.158254724045811,1.067178021092936,-2.5622793462900173,-1.948640872750179,-1.9480808638045637
1992-06-15 15:00:00,0.577304510374086,-511.45168438771276,-10.130249959140766,1.2652562064452457,-2.4646180610179798,-0.10322174250899246,-0.00890604515362936
1992-06-15 16:00:00,28.840097732225704,-490.0284933999228,-14.314579773438918,-7.359613206470808,-3.4331688474426008,-1.2048087292732081,-2.9947659739163552
1992-06-15 17:00:00,21.044907810356758,-500.5413746926132,2.883270505476233,-6.050410597426703,-0.8916265064732148,-1.5859377108627797,-1.7138767441449827
1992-06-15 18:00:00,24.239036177655247,-507.8929502544769,-6.066353844866761,1.2160769178974729,-4.48965722504546,-2.5869345349188224,0.4799385506459336
1992-06-15 19:00:00,64.81658246079333,-490.18750009743894,-16.650480093361736,-0.5880424394028356,-2.623893449218228,-3.076250827549342,-6.11610629509175
1992-06-15 20:00:00,17.551140660593642,-482.1621520992041,-22.07012370898454,2.1550438173088473,-1.2966904674513486,-0.22822603585857937,-1.8245916341818371
1992-06-15 21:00:00,3.4908802062918745,-507.8231600425416,-7.686049120090286,2.2319094938986908,-0.5066518241722106,0.2055260406824545,-0.2673562502631883
1992-06-15 22:00:00,21.12185145116023,-495.1498423893076,-0.19036530949634045,-3.300100924544627,-2.314606898971347,-0.6550213450897642,-2.045513631690231
1992-06-15 23:00:00,44.769963969961985,-480.48911002722383,2.502562212971597,8.638229145775702,0.5735654848707196,-2.971001866111102,-4.113721420882822
1992-06-16 00:00:00,10.0409829871537,-448.86589730986276,12.574172610771086,2.6072075605320717,-0.7443789342633317,-0.9051093901969545,-0.6229335317739876
1992-06-16 01:00:00,23.899166009537097,-459.51689927071925,-0.17028906293007662,9.479347672999875,-1.5106377237189639,-1.6603085161360378,-2.1796590466095753
1992-06-16 02:00:00,25.152356768073656,-454.183203516298,6.419216108775434,4.6660819525526875,-2.5615025336262236,-2.534480080720629,-0.9257568487549186
1992-06-16 03:00:00,12.340675236649862,-420.90113691661173,15.988447537969673,18.329163331658666,-0.18062285475361006,-0.7078181563618127,-1.5486878890153752
1992-06-16 04:00:00,29.48342308540187,-449.14408135148824,11.750249745810207,5.906854397447462,-0.5321313416147783,-2.378222372614863,-2.1978696176103467
1992-06-16 05:00:00,15.007291747179869,-427.34073745463087,11.597041647929796,11.782444074469222,-0.5920818220686869,-1.7196378833781707,0.2760773292127706
1992-06-16 06:00:00,27.467196035396064,-450.50959002425066,24.693540858371364,17.32009639359912,1.378795413217737,-1.2358007763450976,-2.8963466288990576
1992-06-16 07:00:00,26.8268377741826,-439.29416691485255,9.94941259175927,19.73889725352535,1.952628606981682,-1.8160418322833227,-2.5743795462876764
1992-06-16 08:00:00,15.673515301641146,-429.3740105442967,0.27429881110916643,13.962107949297753,-0.403218544965128,1.7640759150239262,0.4788305436141701
1992-06-16 09:00:00,19.3291268494583,-457.9521879020321,20.31255689901097,16.848806066019513,-1.1485811853019443,-2.3620796028399473,-0.0582715199818542
1992-06-16 10:00:00,9.422735850767593,-462.61462792433446,11.104352971111037,12.045563219634975,0.38189072732264695,-0.6403679528141901,0.7884925594219965
1992-06-16 11:00:00,18.653304832478376,-461.2370225569233,7.265900897172132,2.353020219794176,0.22404439215742916,-1.9358401109941328,-0.5969992286262301
1992-06-16 12:00:00,25.61208150416857,-443.86371664614086,-1.9891053863194832,8.044454783801495,-1.1628777236592998,-2.8496847215141816,-1.4306708920489437
1992-06-16 13:00:00,24.01887970724466,-498.2861286028016,-1.1576886354892872,0.9305124503879436,-1.8411527206625784,2.255579087323935,-0.8343340206379584
1992-06-16 14:00:00,29.25129236378592,-488.9825422253158,-2.9037523045999367,-9.851006587326019,2.0893323931710848,-1.093457879368314,-2.8213038817918514
1992-06-16 15:00:00,26.34880252483565,-470.6964795386006,8.800238492750198,-8.370480996892672,-1.0682764815913461,-0.13934752345753051,-3.0363021444631615
1992-06-16 16:00:00,10.96709782347188,-522.5245805735444,4.720550276018579,-2.252408562035394,-3.354725175965501,0.8333154007565224,-0.6900951561417439
1992-06-16 17:00:00,22.93609784694789,-463.47813011584157,8.918536298141406,-11.796997674566956,-0.889691258719823,1.8516403116937403,-1.8992842838948696
1992-06-16 18:00:00,19.74221869785766,-489.6382361167216,-5.431440334262825,3.9375350030578424,-1.089738372874852,1.56497774266604,1.2643162271131403
1992-06-16 19:00:00,5.683248670483517,-460.29398892062204,-4.32256277111416,-11.849867084164512,-2.1705792184458055,0.49195939469030664,0.28839688121841445
1992-06-16 20:00:00,20.657044929282904,-500.85299590620014,-0.682846337452292,-14.093591589344651,-1.5677937463907097,1.7260039113487855,-1.135127951939778
1992-06-16 21:00:00,43.01357799531496,-468.67223121721327,-8.03724098553711,-0.6102641289302978,-2.537577976447695,-0.8220892118348614,-4.921948605788967
1992-06-16 22:00:00,42.81045821315037,-483.8554760620832,10.894177619449744,-7.746694512204993,-1.3412995845198143,3.007839381748069,-3.269741961427777
1992-06-16 23:00:00,5.80595997297852,-461.80391443932666,-6.556399467526893,17.29659822041579,3.3119834423550683,-0.40698448352646815,-0.5582162850786418
1992-06-17 00:00:00,17.219531325849225,-468.6181697144206,-3.1111112818324664,-2.15030217932145,0.4833017315318315,-0.6024491522294853,-1.7323287630817155
1992-06-17 01:00:00,22.113740903202423,-458.56828633669596,6.268566953873239,10.380240639943828,0.13447058950214177,-2.4115548550276333,-0.06735689555387048
1992-06-17 02:00:00,34.322955219983605,-466.8523656275931,-0.5971531291394143,9.359683673047009,1.7391260078571777,-3.6885321548693977,-0.736141261208164
1992-06-17 03:00:00,9.818915262774174,-476.7249427786162,10.077662820820098,3.1903376477893572,1.4519333869772508,0.8526275221575935,0.519686238430075
1992-06-17 04:00:00,26.567397046103014,-429.40192337886975,32.65194387944932,0.11373147676154205,2.801912220987398,2.428903216738954,-2.15958694121279
1992-06-17 05:00:00,16.076654875989068,-389.3016424876875,9.06240428899346,8.824772139417725,1.5853364369319283,-0.12091480570421606,-2.098518611610185
1992-06-17 06:00:00,32.406656924543995,-427.4067172858937,25.30769970571299,1.4425946678415176,0.8433719581199596,-3.913778344554763,-1.2225727005747027
1992-06-17 07:00:00,14.98707081405399,-430.57433196007867,34.0401738183463,6.511130044993609,0.24633736308957702,-1.938557347995429,-0.23440345807585405
1992-06-17 08:00:00,7.410634911104337,-418.1650841715554,21.999218825598895,0.7679898540212025,1.1964510321213426,-0.8304317603504312,-0.4445089460061314
1992-06-17 09:00:00,15.848888386128197,-439.67347810150545,20.98441138364451,4.555565223701163,-0.5405186721259592,-1.2260957725392438,-1.2900969866395444
1992-06-17 10:00:00,16.233178386355945,-442.82718340638644,20.438507175424526,-0.0340260193963422,3.4449914265776598,-0.8613880658708953,-1.6909134091517155
1992-06-17 11:00:00,15.785264007589648,-460.50932874737117,17.548050947418517,20.53463394267775,-2.7034272467363545,0.07344915100469573,-1.7826241416485262
1992-06-17 12:00:00,22.140934269793853,-462.6448105624843,8.047137926525382,-4.748300684517878,1.996742309783901,-1.504633888767836,-1.9845993102017023
1992-06-17 13:00:00,19.82078770287314,-439.56337202832003,16.53636215576678,-5.996619423196799,1.1687098821917392,-1.3513753455965714,1.8520474972583185
1992-06-17 14:00:00,26.479328564272134,-475.0669335977864,7.0430965534027745,-4.987044016443919,0.04460761572829297,2.2733928503763776,-1.6105926369426269
1992-06-17 15:00:00,12.976489140456822,-464.8296170525036,-0.3759440054329781,-9.105490640448542,-0.6065366239489036,1.3307609617851006,-0.600431321754752
1992-06-17 16:00:00,35.2476946157101,-477.6343203272601,-3.3295745697119385,-13.38454603449852,0.24849253891783185,-1.3184545072758456,-3.5556147169547
1992-06-17 17:00:00,4.780247217587999,-487.40545265741406,3.4033050237868547,-21.02610930139431,-3.076593421684861,0.2102202650069866,-0.5852940400153478
1992-06-17 18:00:00,26.522180202672246,-470.16874951571083,-12.08773600920222,-11.320116566931459,-3.112771526817349,1.8385382760104954,-2.13999868748761
1992-06-17 19:00:00,16.839987325126746,-460.8927984926837,6.432988190457327,-12.695157995712165,-1.6135371697258263,-0.19105069513544487,-1.8624622569594846
1992-06-17 20:00:00,36.02888586420497,-488.1080511463983,5.299730519368479,-12.080333163734537,-0.36747326962144067,2.8377073508619373,-3.1226469587229624
1992-06-17 21:00:00,34.56769623400209,-459.18083352807867,8.836990028260487,-14.016282129687642,-2.723463809401748,4.115952559477428,-0.7734309988806812
1992-06-17 22:00:00,13.093754891181861,-446.02407432792336,-10.141336754834544,-2.3876219285959768,0.729483017235809,-0.3413337824745698,-1.4192930556070449
1992-06-17 23:00:00,25.059993887275223,-454.5905573777414,15.654223324571072,-13.727580672669017,-2.6517152197689393,-1.4023377042990672,-2.5657478274550223
1992-06-18 00:00:00,1.0411691180458351,-443.08980780182156,26.3480342151501,9.409313349572756,1.765836250058705,0.0008907951864015606,0.013387877642077495
1992-06-18 01:00:00,23.91549275091709,-433.59835136127884,20.964322216377948,-1.0311580434442837,-0.20929180751152043,1.8688921302029158,-2.1496658588220234
1992-06-18 02:00:00,17.776854553189242,-422.9707579113224,23.3429454621522,16.593854733450808,-2.3397084639293615,2.130092490168127,-0.5400895061193796
1992-06-18 03:00:00,16.95867071773521,-436.20268084809595,18.225307960586722,13.054156053776548,5.1161026608542555,0.19365332947848068,-2.1222684732432313
1992-06-18 04:00:00,12.402882781928513,-421.79227938375897,26.505644336528434,18.90816141229937,0.39086495571768665,0.5617898176198113,1.3294929026530928
1992-06-18 05:00:00,12.091041662283516,-404.4734324181033,12.962173230482541,-0.4337541369565727,-0.11679876228798558,0.40731096420223556,-1.6056334839481319
1992-06-18 06:00:00,21.192373360690485,-420.6445162822989,29.557407640376955,3.001895155792192,4.225992312170637,-2.789652255311363,0.3305424458216297
1992-06-18 07:00:00,9.84257964044567,-411.2855036102809,39.804849837464474,8.158857085189492,-1.070809219311002,-0.33838585973645563,1.1271226415917956
1992-06-18 08:00:00,8.242691928342317,-413.698037958538,25.45763253595828,5.206977295017574,-0.5728527995012063,-0.8226861478071613,0.5118361317462639
1992-06-18 09:00:00,3.69240902419713,-428.7786282589988,21.721724085877206,-9.134455692295745,2.786323038044086,0.274808056688037,-0.05180964278903755
1992-06-18 10:00:00,15.964691713654233,-421.0149430821191,10.560809426866605,3.988543485685505,-2.14526279541344,-0.8910096416410823,-1.6927488710672818
1992-06-18 11:00:00,19.900925686629236,-410.39703784844517,15.72986421479063,3.588402480284355,-0.24403498126262402,2.408982863267336,-0.34321387667205516
1992-06-18 12:00:00,19.634129551284392,-449.42414625959424,-4.39357621070507,-8.706443511572294,2.810026779976434,0.45867705794111713,-2.459531936604609
1992-06-18 13:00:00,14.539569014055148,-454.3450367868647,5.376971902241513,-11.685768604061943,-0.2931114989639524,1.5966101896211211,0.13482206614293346
1992-06-18 14:00:00,11.469802439672371,-454.6037709869957,16.14330404858832,-7.200449978270767,1.1673914984491875,-0.6473567282961448,-1.086914765450134
1992-06-18 15:00:00,16.839144055167907,-476.29362060970016,-3.261220028664683,-13.137724546378802,-0.8614445092425222,1.4485509534069338,-1.0273692389268163
1992-06-18 16:00:00,16.616793344373285,-471.8940518966768,2.409114669111852,-13.595737584317416,1.0768424968624828,0.31262462454578,-1.781708736339098
1992-06-18 17:00:00,24.986715456420075,-487.9620459274149,18.218460050218862,-16.177354149706822,-0.6468122886095605,1.8491063963643681,-2.1058432746443847
1992-06-18 18:00:00,16.17800878520152,-494.731219055312,5.481423998802063,-16.902923520620377,2.4190447165927758,1.125319275795586,-1.0771947496848329
1992-06-18 19:00:00,31.35584440809502,-460.71089096577566,21.471791471303515,-25.73783632118298,-0.5842265643856099,2.09849690893924,-3.2359987524101745
1992-06-18 20:00:00,20.932585935771225,-450.1679033355215,2.096948569065521,-23.154773779302992,0.9538992673499559,-1.4349662904378584,-2.0896241398715505
1992-06-18 21:00:00,11.481863344779892,-431.99874862645464,-1.249220310434783,-5.286313734866808,0.24744554295797072,0.6252286648725421,-1.349287338247358
1992-06-18 22:00:00,14.010876191437287,-454.34525099452367,2.9083375292117815,4.002419577276402,-1.2219122540736067,1.5145687304732958,0.337824193882588
1992-06-18 23:00:00,24.66663077371375,-430.6267557386118,9.38099501283836,-7.458291125180592,0.7897914144062899,1.0483498182105215,-2.7494305126718324
1992-06-19 00:00:00,36.98515733099981,-441.78597823600444,17.794234217227405,-20.83947525252123,-1.5494820166466843,3.2207302990632907,-3.229998079633417
1992-06-19 01:00:00,16.908969548241735,-440.81405806083944,16.14262199551613,-5.173418320028905,1.0088208133944148,-1.8740750419078056,-0.6860571130899862
1992-06-19 02:00:00,18.69952252121025,-412.9415942806569,21.535519815560725,2.4192388016735906,6.703320161075442,1.862818252355345,0.9366295126420323
1992-06-19 03:00:00,18.882761014308148,-420.3759392741617,23.57111471076831,-6.0787399474062145,2.2258670448743754,-0.678522860144702,2.2500181943722906
1992-06-19 04:00:00,27.1339008191576,-402.2082406269676,33.03438150542836,4.4895764488048115,0.7522526452981151,-2.6230463058556057,-2.515288937626089
1992-06-19 05:00:00,13.41994269708944,-404.95989360894947,32.08507251832713,13.908589062213453,1.1824846282313035,-1.6955059153721959,-0.46392591101710545
1992-06-19 06:00:00,16.746974390063166,-423.31609101238257,41.05319790382105,0.31310406214043596,-0.4875019339135904,0.908157015162981,1.788151611854611
1992-06-19 07:00:00,19.402336888578642,-426.5134621479582,27.631330174345038,-7.707104867645897,-1.056375457221991,-2.10416443928692,0.654160448684053
1992-06-19 08:00:00,20.93537769056086,-428.84880567107393,35.831520613434066,-9.97346052474023,1.2236263903838278,-2.5098870119154393,0.4292272173125439
1992-06-19 09:00:00,13.134424317602821,-428.2808479898991,10.672996463110424,1.7944318130475185,3.4216933677767454,-1.6190799717705922,-0.1270013541930245
1992-06-19 10:00:00,18.79671312150951,-411.42209419752317,23.193724930564773,1.3912914836228962,2.484230091201397,1.1177473530986797,-2.03384691726059
1992-06-19 11:00:00,27.94913211853072,-434.3414092763787,19.940139496474472,-11.553413707299153,3.2530869183543913,-3.164756445643815,-1.1680960159934792
1992-06-19 12:00:00,21.072026307525494,-419.5371184836346,14.18298311039662,-5.51618738560205,-2.388217765212806,-0.8776383258286087,-2.350899542621149
1992-06-19 13:00:00,19.456564923208887,-440.86139681358316,6.032643959007521,-1.3067759825231318,-2.368389560942493,-0.0464312517263476,-2.255564300382768
1992-06-19 14:00:00,20.582605039571767,-459.4065390353447,11.445991162036323,-3.0411126502039227,-0.059988361298161874,2.051577031270697,-0.9331718227918515
1992-06-19 15:00:00,53.670096041831044,-476.3692896629553,7.77172210319053,-5.719072940809194,-1.06689280494481,5.527002063576843,-3.009081096994715
1992-06-19 16:00:00,40.24363507410057,-498.23168058470424,-0.31191684411979104,-8.362725775583485,-1.453688970753258,4.205694879612468,-0.5535032187095763
1992-06-19 17:00:00,18.477797097350358,-456.1157717120606,12.957091159041633,-13.594178067144302,-3.650803760142962,-2.0050000570717135,0.13672383555401801
1992-06-19 18:00:00,35.0737866567234,-454.39949275227536,-2.6074956885452583,5.466714933793107,-0.4794338205825081,1.1299635700892126,-4.0524483038758525
1992-06-19 19:00:00,28.698711755661197,-476.97103833607713,0.29239786131397105,-15.634039415968484,1.534655863014279,1.1057128608222566,-2.933282967985356
1992-06-19 20:00:00,41.86906691955146,-444.83094603879175,-4.786913678313903,-7.103247636905522,0.1432454185088171,3.6930215851169006,-3.548068757187105
1992-06-19 21:00:00,19.75986720986338,-467.9259569644237,5.787472510896019,-5.219029321800917,1.1625983411903564,1.2303065066478305,-1.843673644566917
1992-06-19 22:00:00,4.619897302872631,-461.7496506211845,11.766215742911175,-14.060984929586787,0.006457592822724623,0.3910945675409911,-0.3115092486941649
1992-06-19 23:00:00,4.105233607741976,-437.70937526070486,14.807782935779002,-6.8261721919476805,1.5328875329355531,0.28107957585844984,-0.2718242968680911
1992-06-20 00:00:00,22.666208518080776,-447.4570935490813,14.357803366769286,2.0198466912780613,0.5665040843959711,-0.3974784634598246,-2.5375431891580122
1992-06-20 01:00:00,11.689395663358633,-447.31242086417166,18.791892424679432,-7.432085862236777,-0.3736015701113887,-0.7518162410158182,-1.0621119237538186
1992-06-20 02:00:00,13.130409021389505,-439.3838322716936,16.613595523274455,-1.8284254470763777,1.5018589209856683,-0.08848570068886133,1.499036084644156
1992-06-20 03:00:00,9.98027514948089,-454.19366235575643,16.249428821188758,-3.370429118908718,-0.49655056085087784,0.7672484109734086,-0.806701945199151
1992-06-20 04:00:00,23.832424454545755,-425.45649701093623,19.975013949821278,3.259223553176871,1.60367456718549,1.1444816283709682,2.5066047244312557
1992-06-20 05:00:00,14.863220503359457,-422.2710223478903,18.53305440653935,7.6334148177997,0.3786624391000193,-1.5336428524471775,0.8828294604784217
1992-06-20 06:00:00,20.238681433492953,-403.4910510101218,19.22750356116271,20.702789584191198,1.8928647795226476,-2.159768620325928,-1.5131672196507648
1992-06-20 07:00:00,15.573994782040623,-413.7895833058046,22.507127909982383,-6.184680824210944,0.4021400070671133,-1.9007885831870197,0.1090710129902751
1992-06-20 08:00:00,8.18921650126308,-438.32109748560305,18.09349364261136,6.983093953667215,2.4859166327789035,0.6387219792530227,-0.6069015385093322
1992-06-20 09:00:00,20.441179350306268,-420.47458023042657,7.163492590145179,9.036001638124311,0.41022195178349813,-2.3623779331072057,-0.6079346053731867
1992-06-20 10:00:00,10.405502024271488,-435.24187915877565,18.5875362068811,-7.073001109521237,4.54777806256114,0.5206092569848925,-1.0269674690900412
1992-06-20 11:00:00,26.98033770369142,-424.14447758320006,15.651714315713216,1.7625181716190204,-1.7357602456504304,-3.5671401856189457,-0.465658599136349
1992-06-20 12:00:00,21.11184530756569,-442.55985468657985,7.722901706535676,-7.406901753549469,4.327868686014395,0.7926021167348779,-2.1490376012984176
1992-06-20 13:00:00,15.967863440929916,-466.2066920737577,13.204794190052084,3.160711359907291,-1.0188941951290382,0.8601582570076689,-1.5814715720774588
1992-06-20 14:00:00,9.88992637978864,-456.7994677210556,1.856728320663645,-8.690284387914742,0.13609377151348298,0.8898927432247671,-0.6128420509276991
1992-06-20 15:00:00,32.52160737465266,-485.062324454674,-4.9351717035761435,6.899494114778852,0.18155654250947612,1.4301224755114863,-3.481555647131801
1992-06-20 16:00:00,38.49798969596078,-499.30199604762225,1.4975849426929546,2.7012445784064365,0.14357437506308246,2.401519347008108,-3.339143126771145
1992-06-20 17:00:00,33.6568731300896,-484.91329470312064,7.96668812849665,-9.134393890441457,-1.6036942662665619,-2.9520527960458396,-2.410134651685922
1992-06-20 18:00:00,31.449290109679062,-481.8115227710013,6.056055445401817,0.8919441324635129,-2.8036630085175673,-1.7346271593470064,-2.9785675322294454
1992-06-20 19:00:00,32.34490268545149,-474.113569652036,6.952778211342405,4.458394885678979,-0.4961220955875749,2.4789906291641683,-2.781252093926363
1992-06-20 20:00:00,17.337800017178655,-487.89265415847154,-9.66606953255655,-8.507745928750856,-0.3414366988958746,1.2265840766173457,-1.5045639640436133
1992-06-20 21:00:00,17.769959600524036,-482.5369895234856,1.885932599737921,-2.721043328249972,0.5990029675526809,-0.715774541440653,-1.6940628850017787
1992-06-20 22:00:00,11.715918663446322,-467.0079591597161,-9.95858696682814,-0.3722623737244577,-1.2211711348269352,-0.9803558437371961,0.8210525913717623
1992-06-20 23:00:00,24.179187075913013,-472.53096778169294,-9.785225358740984,-4.5689034896721346,-0.3723238331429369,-1.4706205017435896,-2.102370000759853
1992-06-21 00:00:00,10.97701531795032,-440.2381595595463,18.414316457520684,16.886634698325615,-0.5081946356797371,0.8347144848549227,-0.9226292463220989
1992-06-21 01:00:00,35.493713596547835,-479.57352935303436,3.455750513626305,-0.1103445497950668,-0.026705912348822802,-0.1484407152497656,-4.04443435554736
1992-06-21 02:00:00,10.16317652240885,-469.67808907273303,18.04655661664382,0.72331683493621,0.002692702551270465,-1.0081646569790998,-0.4043207329269336
1992-06-21 03:00:00,30.222922690575526,-449.1643541434592,10.536830648376743,18.926446178641992,-0.07306904719415341,-3.3341486420291373,-0.41377436833002934
1992-06-21 04:00:00,12.241478159599401,-424.20495297746055,11.542760831999365,7.336631993349986,-1.1697696361840022,-1.1404895257579764,0.8160328640063533
1992-06-21 05:00:00,26.16216986966385,-439.8481370086219,10.97808732484782,6.272765106703994,2.2379185587367574,-2.8586664473787495,0.9604247867093536
1992-06-21 06:00:00,8.471092211754442,-458.2723812497189,28.36524316134573,11.090266645052079,-0.9819420488523269,-0.7471969808472265,-0.4249368993509848
1992-06-21 07:00:00,20.09805933727238,-427.85038214691866,6.097310212126177,14.273627282334292,-1.437511638252035,-0.3585372240742469,2.3654484029776692
1992-06-21 08:00:00,14.353127941717762,-460.00515539619437,15.1321185184176,9.7151816747723,-1.5210160011697726,-0.7039830574590356,1.3965601731407862
1992-06-21 09:00:00,17.495006833746768,-429.2938122490935,5.517777014833397,20.49252025266515,0.18326976101425407,-1.9679309028455754,-0.5388030024388298
1992-06-21 10:00:00,24.11151718619039,-441.69851222256096,-0.18148006686153995,17.297725781014222,0.22339643558928435,-2.844315968934224,-0.869150959427512
1992-06-21 11:00:00,27.187384677717514,-440.3255034720628,25.841781896579246,6.763122397732722,1.36753098360948,-0.11887206507787573,-3.164227542471887
1992-06-21 12:00:00,18.671041958601,-452.2944649038674,1.4948882178943972,3.644465048480144,-1.4713771039640413,-0.5641681522823973,-2.1275913618863944
1992-06-21 13:00:00,21.573660478037006,-462.82928957534074,2.5615478068347874,-9.583989077475962,-3.904841867365991,-1.7354441071749742,1.4500898333279575
1992-06-21 14:00:00,6.20958837608705,-476.2151441635286,-8.687763845947245,-5.691465282720284,-0.9656108696967802,0.6220312415897389,-0.13732373258432157
1992-06-21 15:00:00,7.450363922895363,-498.1862893953585,-14.084807054216395,-9.869484529073565,-0.3522811142150487,-0.04880512160943423,-0.7534411706786188
1992-06-21 16:00:00,16.17321628443043,-500.2298532601126,0.26383835741619244,3.140258789778584,0.025363839628937956,-0.47771913018983403,-1.6213553525180502
1992-06-21 17:00:00,22.517581480221953,-501.81604425403077,-12.654160336861,-10.3968152097612,-1.7643067682672862,0.6921763090551213,-2.1546632481514676
1992-06-21 18:00:00,10.466692096855141,-500.35855031441844,-7.335961338839283,-19.91122988184741,-1.8216204522643755,-0.8844485105324505,-0.7307104712324544
1992-06-21 19:00:00,6.948909579818169,-510.74235037340816,0.5292940738818102,1.0302430027782519,-1.085443961821598,-0.29299866448669987,0.6155935402276292
1992-06-21 20:00:00,16.879847240961066,-511.00474774173733,-10.250447268434204,10.558893409390823,-3.3636850252845596,0.31451631564733695,-1.582306252084391
1992-06-21 21:00:00,23.28153012479373,-474.34005508537865,-5.270922678493636,7.134338533469456,-0.5081654495910287,-0.15929796011242991,-2.5477308258918994
1992-06-21 22:00:00,14.0689573695826,-507.1909083755006,-6.23401498029248,9.527009416404223,-0.2649734127427591,1.025338315442419,-0.9253759400577359
1992-06-21 23:00:00,21.735721406992948,-466.3102941681175,2.384293434710246,6.757843974494357,-0.22484104967166674,-0.681957631018556,-2.2249901093569813
1992-06-22 00:00:00,11.527745002269349,-444.34187399854926,1.3094452698001682,-1.2059743641236365,-1.0343801499662502,-1.2926649320896524,-0.06417066169854302
1992-06-22 01:00:00,14.08043890086314,-482.48159257209505,8.08307257253386,2.214034497412448,0.7046532280993539,0.3763402823107296,-1.4096025001396528
1992-06-22 02:00:00,10.1744039064627,-439.22191827939,-2.785783922500737,17.226483386500284,0.9099959641957703,-0.8320923184229605,0.877741300573329
1992-06-22 03:00:00,10.798607119090542,-455.6955544933357,7.914845628431454,5.522071996007598,-0.4702138439006567,1.1954763940021156,0.3989524030230678
1992-06-22 04:00:00,25.47060632997306,-427.20775110144757,6.309059431377641,11.079251566822652,-1.2293036341049643,-3.054762655848358,-0.694509669033112
1992-06-22 05:00:00,14.272670589140068,-454.6007826673063,13.193141937506972,20.70610933856803,3.2661073845985467,-0.7405531414437769,1.2803058448808358
1992-06-22 06:00:00,21.859123393631858,-425.62214589049825,4.418320701764161,10.47714989610048,-0.9842704932501762,-1.2519119476706853,-2.472601398185884
1992-06-22 07:00:00,43.95334188040562,-456.2359438083401,18.647733079440407,4.2171743517194145,3.233930969907401,-5.643317877346773,-0.5260204014293653
1992-06-22 08:00:00,21.113549245943467,-468.4625075513327,9.045828314943154,7.8632127070726066,-0.4067602642404259,1.084971948580194,-2.0506548625260796
1992-06-22 09:00:00,25.233416497716206,-427.02199857624703,34.70089380917218,3.7019225181332436,-1.4271402713836454,-0.062189653522086275,-2.94672164390136
1992-06-22 10:00:00,14.594034796964895,-472.14757329079856,9.614984816576616,26.102738904783347,-2.372567244422701,-1.3798373793429588,-0.4842249729324023
1992-06-22 11:00:00,20.22579333522326,-485.78800839019584,6.438992377352585,10.823021773793705,0.41780807713620804,-2.0444299526891396,0.40783680793279364
1992-06-22 12:00:00,17.615340521661597,-473.83438308246076,11.235224628709743,15.754711401241813,2.7676891024416825,1.7340984324134032,-0.8967077071759015
1992-06-22 13:00:00,18.988407099279378,-486.7010007863666,3.5211757131491384,11.433939225101085,-2.3074702851480287,0.24378583648690444,-1.9731737887391558
1992-06-22 14:00:00,20.68080712407289,-471.09424729636453,-0.8001056245515237,8.382758230246193,-0.18647288566013276,-2.031838764717853,-1.231482863156664
1992-06-22 15:00:00,30.730252596489343,-507.8928363659586,-6.107777199336734,0.6885855815774828,0.9579159566316413,-2.077504573935124,-2.6327516812754763
1992-06-22 16:00:00,8.567379218321097,-505.92424957838074,7.142666854787053,-9.000047908536425,0.7694430508207792,-0.4403966818785183,0.7433483137538499
1992-06-22 17:00:00,36.58320104656325,-490.2469370657627,-14.558556787026982,-1.4672644544183298,1.1762643633337742,-0.20707000623069416,-4.11925843823468
1992-06-22 18:00:00,15.572952783885684,-513.614273074517,-17.334251494945825,-3.0849441969037894,-0.8456246885175761,1.3468819658825217,-0.6419747722973469
1992-06-22 19:00:00,24.967157196934856,-485.9204608039225,-6.316783039348271,7.405751834055243,-1.4892446871992582,1.430631330592142,2.1428667084569564
1992-06-22 20:00:00,27.61638610169541,-481.9608994868653,-1.568111718164614,2.3159058730199904,-3.6389017646257353,-1.6658355835797611,-2.45116243441029
1992-06-22 21:00:00,30.34235339372473,-463.1482208550984,-9.721795258692861,2.804935152232284,-1.8265417048743586,3.184446509005638,-0.9809213155029574
1992-06-22 22:00:00,29.940037393128407,-454.9147121636054,-0.8154330344782119,0.11786903621825928,-0.26575382779789547,3.5769234768827802,0.2482140605271591
1992-06-22 23:00:00,12.181460478711154,-489.51076821268254,-3.2366143121336015,14.986251975078304,1.1639628466871774,-0.3054863441509798,1.1685534213474325
1992-06-23 00:00:00,44.48405565256523,-481.1467976438971,-6.70349048213709,6.162340880946214,1.3970357689737398,1.4168503126699705,-4.418411631441301
1992-06-23 01:00:00,24.54282317664196,-475.814184697858,9.828040744118038,-5.137528219141748,0.30502729449142485,-2.3123016977092705,-1.3344295920643932
1992-06-23 02:00:00,28.51709780246736,-454.59136481576274,16.86932485523976,11.971711429084401,-0.24722971279306438,-3.2159101026774985,-0.43727086816893385
1992-06-23 03:00:00,21.178425260992167,-449.5023262753399,16.489706045107667,11.056991781092773,1.913287975216826,1.192084046667313,1.9415381040511441
1992-06-23 04:00:00,21.552460220300976,-445.4487331006404,6.1206573899367065,4.018105116406188,1.1532911978437665,-2.65347178547628,0.43053718832820165
1992-06-23 05:00:00,20.99823604389407,-455.8015400912885,17.281643149559187,7.875982302178354,2.4679576057667503,-2.2612083520052058,0.7337043847160177
1992-06-23 06:00:00,26.138510299253337,-417.4035834056026,17.685776941641972,8.707660555240142,1.7687736039192021,-3.3343249702993236,0.7512424722196728
1992-06-23 07:00:00,10.212336673106458,-459.5449582476606,14.602110152887628,11.705855925799252,0.660587213268114,-0.032452975844850906,1.0936798918447304
1992-06-23 08:00:00,26.44173065847735,-447.7168046470948,7.764802298362037,21.172440442046963,1.5657752064284454,-2.191107492638141,-2.08219955706214
1992-06-23 09:00:00,13.510342796309082,-431.7173709787615,21.214845948536702,19.9525929228493,-0.4317166213077651,-0.2639125891599825,1.555919221729921
1992-06-23 10:00:00,11.781546847748999,-439.86013025855914,7.347350738652825,11.133563411885621,0.7685576733127484,1.2514373955421227,-0.4594734821392813
1992-06-23 11:00:00,6.262085982997142,-458.9216335924859,15.669976189923666,-3.47872836302962,1.0872388856129283,0.6295583060857802,-0.13672283532940027
1992-06-23 12:00:00,10.366026114056906,-448.69603976986696,-7.350805291761278,-0.18274896393904916,1.860723389869013,-1.030748583855164,-0.4553752070454131
1992-06-23 13:00:00,26.501652492922574,-474.9473498802106,9.009041336131498,0.26546506676917647,1.4124497294858196,2.42503763626436,-1.378253428327953
1992-06-23 14:00:00,26.831294047378833,-446.74951643683505,8.862992431115307,-15.583870624201444,-0.346862877135527,0.5928181997623446,2.932071996181656
1992-06-23 15:00:00,15.806854519861348,-466.18675981098227,-3.8766760622578715,-4.547656584972907,-2.5738159593060264,0.2335083240507343,-1.7010882541167076
1992-06-23 16:00:00,3.953245463963657,-497.26580083833016,-1.3940707065360742,-12.021007544707704,-1.5057727239779446,0.09585593816171778,0.34829065972826867
1992-06-23 17:00:00,10.89488895207212,-475.3933082783901,-12.418079967264944,-0.9792920973812218,-0.7573311470583414,1.1258380783210578,-0.025820207955717822
1992-06-23 18:00:00,39.032052433338855,-491.81202891341155,0.6419043130355866,-0.029158414932041188,-1.212703013694314,0.17138764616417018,-4.161965697410136
1992-06-23 19:00:00,29.137830475998378,-481.009291741562,-1.1549926490768272,1.0115157124906808,-0.5133698419586613,2.2490528739976003,-2.512772305316335
1992-06-23 20:00:00,6.112021658832187,-464.68940988861704,4.184681285839804,4.18314108464162,0.907905436613843,-0.5660924218881771,0.3399086784058622
1992-06-23 21:00:00,14.402160268377452,-489.90604872662686,10.999949589585821,11.524023621069427,-2.4414482774545383,-1.3643288608315949,0.4947049455814858
1992-06-23 22:00:00,26.262785018446042,-449.47952677636664,-4.7451719839195325,-3.8193408605828942,0.0628293351099565,-0.35227007616421735,3.183660457789557
1992-06-23 23:00:00,17.299400019429875,-466.49782368416624,11.736858299063456,-4.296608442167166,-2.2356283311316743,0.7223690378330299,-1.9733695217886205
1992-06-24 00:00:00,20.13155085200855,-437.52522304752836,0.6159343506386572,-0.5324406299005403,-1.5581257761939546,-1.7624391712998855,-1.7688797706007857
1992-06-24 01:00:00,16.114074200527163,-438.70745034658563,-2.7361877220132285,3.842269121523784,-2.6047421175362553,-1.8525447383082911,-0.0020943394025576545
1992-06-24 02:00:00,12.706620016022358,-445.5604242053766,7.701041228860766,-2.0325343698189107,1.146825341514959,-1.4137628114616696,-0.294812666873389
1992-06-24 03:00:00,17.674817068775923,-450.70138640982304,7.8939361493987725,6.1976280595370135,2.1466076142703927,-1.9504509343981578,-0.6048504787136278
1992-06-24 04:00:00,17.783010516246627,-443.156689929639,23.96141198725319,2.013293096095459,-0.42595010480005746,-0.05413514170197929,-2.2753806376815344
1992-06-24 05:00:00,13.010924633008344,-416.61653222682304,37.36930858339848,1.8091806952768836,-0.10670721692527396,-0.04102172751282965,1.597821153683798
1992-06-24 06:00:00,9.302789817471515,-435.56698102102297,23.435622605280145,13.08046128607625,1.1846610697512392,0.7426676004808556,-0.7329232349846408
1992-06-24 07:00:00,17.070011907299953,-427.00192781820175,30.495423636238176,13.590661584575054,1.8633111173630579,-1.7833540786343196,1.0606500593959185
1992-06-24 08:00:00,8.204062833263277,-425.4764203819595,28.41854718523393,3.673113312761558,4.793914578304628,-0.4551730070031219,-1.0371600231993685
1992-06-24 09:00:00,12.590183045032324,-435.3635665125843,23.69554030252226,10.72775437560629,1.5185882980453462,0.9460587276091983,-1.0503441026830105
1992-06-24 10:00:00,12.174576587247502,-437.9182423520627,23.17893676907672,-0.45550908071671725,2.2851219314997957,-1.1659551529682104,0.9177816024162371
1992-06-24 11:00:00,5.983049762579622,-428.66989298703345,28.942761500709732,12.933775763596687,0.1552166681954259,0.6296207622760686,-0.2800843151489658
1992-06-24 12:00:00,9.7788620526425,-428.0144803734744,1.8410947310812018,1.3996013881190037,-1.5155714550406576,-0.2108704559936872,-1.1165129632381159
1992-06-24 13:00:00,19.54608357166745,-444.86660033952546,9.570467015314794,-9.086095051124088,-2.7186968509418548,2.185407121160681,0.7203244900319876
1992-06-24 14:00:00,20.688891884422446,-448.6786678160358,-0.38500005757289957,0.8394406797300009,-1.4172087184003748,-0.40480178897375946,-2.4254090872033895
1992-06-24 15:00:00,24.672017662746295,-455.91857036711997,-3.8115264440373355,-1.313283393916536,0.3321251236980619,2.486867725769782,-1.363662066065574
1992-06-24 16:00:00,7.74651119858026,-474.59175507801905,8.475983636719128,-14.470686653851017,0.12316754524578188,0.24470037590632865,-0.774099054328502
1992-06-24 17:00:00,28.898511485340897,-467.651153389809,-6.583994316330871,-6.530580503351336,-0.8821195114678257,2.336641902757522,-2.443765681759208
1992-06-24 18:00:00,21.84476239211039,-496.1410175850217,7.709599935927139,-9.504517940519918,0.51217729534988,1.3059166505887008,-2.027676784281894
1992-06-24 19:00:00,23.72440140206826,-467.9100020226849,2.2710224039535465,-0.3332251107004467,-0.13170002727250096,2.518215160511402,-0.8586197489770162
1992-06-24 20:00:00,23.510246017782386,-471.9034846470853,8.637728408939676,-14.96473574803461,-0.5111161759902333,2.403386345643328,-1.4084816785148202
1992-06-24 21:00:00,7.116052092678829,-441.6149211883095,15.858568887508124,1.6031967588161145,0.5307767110676157,0.7483761581218974,-0.24694841034883852
1992-06-24 22:00:00,14.051100346126555,-481.23824438909577,19.681042876258736,-2.4292668757040397,0.11701454394049504,1.485588686624238,0.11070757644257484
1992-06-24 23:00:00,19.03800913258444,-461.6663570387365,14.899213642576873,-9.83694111963263,0.6915556130242597,2.2306974652193423,-0.4957291632489089
1992-06-25 00:00:00,13.98211233100699,-403.18904000212314,19.989527428818732,-7.922642939237032,0.8468517643174264,1.7675868470029334,-0.19044828171395511
1992-06-25 01:00:00,8.62103884379013,-418.1477836870123,25.252994133500444,0.8890401352581083,2.1552685799037072,0.7501023099595117,-0.5399678271916898
1992-06-25 02:00:00,7.002530090076,-400.7526311241338,24.830431944274967,0.6913403576355792,1.2255209097056228,-0.5719269105027847,0.7156868643555729
1992-06-25 03:00:00,19.975599502722954,-426.69090779309107,14.242135577531265,1.3313664641793839,-1.2155909423086109,-1.736532538388225,-1.5190292450538614
1992-06-25 04:00:00,12.708226984999031,-431.3801761104164,24.84079250078634,16.928907619384276,1.7272116602413048,-1.6731383234894048,-0.020920089234151673
1992-06-25 05:00:00,5.7109156010710675,-398.9358502479083,41.592075296829236,5.7409922374875135,4.421802979710539,0.24125374796003596,0.07470302985624372
1992-06-25 06:00:00,0.4857622696031526,-402.3638069163433,18.64402149641629,3.546643018685832,0.9826255756161344,-0.059761799653679226,-0.06726632182034387
1992-06-25 07:00:00,12.566435721649299,-397.24524585975195,26.01381392416507,-13.77853892744448,3.074778365769486,1.3230268797490394,0.5209328533759191
1992-06-25 08:00:00,22.82447726972025,-384.8446273908815,22.93985742903277,8.618904417745853,2.6186228699693546,0.5927346288331466,-2.9218279573214367
1992-06-25 09:00:00,19.03296786471651,-399.7254678080625,16.84249620931865,12.46547305993693,1.4046577408630048,-2.6963536896214664,-0.20154991349409535
1992-06-25 10:00:00,25.009362145675688,-441.70174083889,19.409650384956848,-1.691867901086761,2.5377938588996187,0.8785501176610118,2.8869306051352646
1992-06-25 11:00:00,15.737789216083097,-433.05183165062294,14.889944165330498,-8.44838818392763,-0.057594655357402824,-1.0656798747186158,-1.4697253789038065
1992-06-25 12:00:00,35.26455778763399,-466.06839456270876,5.946621229926426,7.297699805865665,-0.33464727010265327,3.727734943249814,-1.8792009657860345
1992-06-25 13:00:00,24.364879317355587,-432.3626978981358,14.827391432368902,3.198422111376898,1.2765622964978323,2.333545819443575,-2.0607436877077716
1992-06-25 14:00:00,14.267754390077544,-454.69291828508557,11.78544124165902,-4.184393529114329,0.9547493487805252,1.336124159765549,1.0431748931439575
1992-06-25 15:00:00,14.207071768012115,-472.78990502536124,17.473312957367153,-24.481568385474343,-0.4254798186761015,-0.18015260911274034,-1.510255681124774
1992-06-25 16:00:00,23.462165881222177,-452.9641478938159,9.255200862388492,-14.017842828811666,0.8988180281796713,-0.5067425691318083,2.7644949497628133
1992-06-25 17:00:00,19.316223918345305,-477.9332393286552,-1.3445116566973452,-20.82011887092758,1.09767868654868,1.9201206889591234,1.2612681726770938
1992-06-25 18:00:00,17.883297146133643,-447.2628979655825,2.3173364423972984,-7.107104982896242,-1.8925854854156083,0.9406488027827637,-2.1804090242182657
1992-06-25 19:00:00,9.61403054381245,-450.6090701136616,-15.011484963543843,-18.981384719439966,-1.8621431347170263,0.5055460974286219,-0.9800862356305511
1992-06-25 20:00:00,9.14380929008844,-424.74973928629566,-3.364948261846018,-9.176474112625982,1.9124597306024396,0.8500230536667325,-0.6376710797874572
1992-06-25 21:00:00,27.53862619937681,-464.8840349590089,2.5474974865506477,-2.6948406978339525,-2.457392831556484,2.0738731352403645,-2.3080749213016816
1992-06-25 22:00:00,22.749155559737705,-432.97387765751023,8.987958246735253,-9.431948867414095,0.21455108243130183,-2.5983566912899083,0.41811024156063276
1992-06-25 23:00:00,25.98893942107076,-446.9038323501648,-1.6178333130130778,0.26947268370755584,1.9026540366519962,-0.5014622653051393,3.065512124227979
1992-06-26 00:00:00,13.38388699313382,-450.5999179767781,25.350426203909493,-7.292735447273975,-1.7073131318616692,1.580964956165863,-0.02300309848898291
1992-06-26 01:00:00,14.537654588520287,-397.1115748745977,30.48340775300818,-10.845162786534042,1.8476245578451285,0.8257225082504007,-1.500578263552549
1992-06-26 02:00:00,16.895331428035053,-433.784032083041,40.27821808180853,10.829943839104725,1.5477064753213587,-1.9969004259395382,0.3849281899510634
1992-06-26 03:00:00,8.505467850125092,-387.17229840869464,28.396787321204936,14.335001802659725,1.8920512107564664,-1.2312206100961092,0.033609261055771444
1992-06-26 04:00:00,10.66481566660576,-412.7318407830217,28.420347445317475,5.896160418979757,3.1506527684177357,0.5502094141276933,0.992783284732282
1992-06-26 05:00:00,9.097677753976143,-393.7433971120711,34.621229191690375,-7.088462290559944,1.6954287494039713,0.4756327020939539,0.9975495581873893
1992-06-26 06:00:00,23.229488670392897,-410.3462317070643,36.10203745359889,-6.585675579667281,1.6691246163705644,-2.9672853257901948,0.6017081459493028
1992-06-26 07:00:00,5.716846535476369,-416.85123425504077,16.15962087426466,14.024590029170804,3.1600167366020324,-0.45868166398890065,-0.7038533837806312
1992-06-26 08:00:00,29.19484846461912,-422.1474288010041,18.009661157893113,7.307154840587903,4.011547200347656,-4.04590275996785,-0.15294725233285303
1992-06-26 09:00:00,6.000880068027145,-419.9603516666821,15.037016310077512,1.2491261502683724,2.6509188695771497,-0.2908445476703304,0.6787224684423069
1992-06-26 10:00:00,22.255813899359897,-416.6424710224956,19.679307706410967,3.608019063533896,2.351450862119242,-1.742357724250318,2.091360575088652
1992-06-26 11:00:00,19.770407567266094,-406.906241931131,27.015333133930973,13.404609044371803,-0.2632606922581129,-1.2334558373244224,2.0835002415766226
1992-06-26 12:00:00,7.21599531368593,-447.9290678622752,16.97052723870695,-7.264278171698114,-2.4284457970084694,-0.7133696938074223,-0.03667153484064892
1992-06-26 13:00:00,16.46522895965565,-443.76105923393976,25.384574979173024,-5.885489136968888,-2.5924480097864775,1.1384852890355908,-1.6467529048952616
1992-06-26 14:00:00,8.45584236536481,-455.9274121509209,3.1712486402360938,-12.323266655191212,-0.8285805933207644,-0.2907981008816103,-0.9009059999618811
1992-06-26 15:00:00,11.411592934356353,-459.84444981558244,-2.9155540987475774,2.0393936618047928,0.40962991358451994,-0.8738722380309589,-0.9549902928982262
1992-06-26 16:00:00,23.212103078560375,-479.2426857667239,0.19720914373090093,-5.970739108318179,1.4970833158538528,0.3170014685556842,-2.6121829372998464
1992-06-26 17:00:00,17.95210577633286,-488.1230444069117,1.2726141294923101,-2.6455300033312503,-3.583342105195462,1.784482466257867,-0.9374509761261101
1992-06-26 18:00:00,9.624691737182145,-475.94463956730345,-13.019647426509293,-8.77341209905471,-1.1589058999179616,0.916782202767751,-0.37064618740502076
1992-06-26 19:00:00,15.966556313290992,-468.8828708154537,1.5069174547116213,-23.81281434179615,-3.0795783239034558,-1.1972701136620214,1.302060667270355
1992-06-26 20:00:00,41.539282161233224,-429.9581738458086,7.019555164961314,-13.946697231423336,0.31547918373354666,4.9366538489831235,-0.8127891616825687
1992-06-26 21:00:00,9.347726014041744,-439.2898606658749,14.445730903273281,-13.609136632387429,-2.455834727190412,0.44408268401934403,-1.148356311865903
1992-06-26 22:00:00,16.420899075842044,-462.28230700558316,3.7549659526775465,-10.785232613552267,-0.3937431235405531,1.2288231069346163,-1.294461541540645
1992-06-26 23:00:00,11.201415258092076,-469.07849420120647,10.268334547697705,-1.6650476595138115,0.8927276839033351,1.156039352076633,-0.2056330839663819
1992-06-27 00:00:00,10.963962161716745,-468.15797220850123,4.834757102090679,-3.4687367781865746,2.5195838141963667,0.5652516300526725,-1.0743167634430377
1992-06-27 01:00:00,15.698731777971176,-421.1828888784021,10.56632464986219,8.45473739981612,2.903716559083673,1.7759148265866433,0.17470942605451148
1992-06-27 02:00:00,11.966762588477145,-410.66705473938566,14.58353874790003,3.7171859408361847,0.4570484992973714,-0.8627981611221495,1.2715097034482485
1992-06-27 03:00:00,27.183973741752208,-392.15085645307624,7.875885724264654,3.7266286945632765,0.7637055748985544,0.14784511764611594,3.799326572404639
1992-06-27 04:00:00,19.147232748109847,-423.11137338900727,11.428374367946866,17.03563698992808,-0.9783893374056148,-2.2340789342714493,-0.0019736872597445054
1992-06-27 05:00:00,19.75332721490166,-411.06041293625105,32.025138900268686,2.5091193289103826,0.7773254243980464,-1.4554163735318775,1.95097526953995
1992-06-27 06:00:00,30.176246838202424,-421.7019732564379,38.621859938672515,0.470189847489461,-0.930976541719331,-0.4590216405931406,3.956213528305271
1992-06-27 07:00:00,11.597799621447962,-396.86083822497307,24.58018660677416,19.72490629735213,-1.6490544429806258,-1.3572100133170275,0.08966857521499685
1992-06-27 08:00:00,22.86806557799254,-407.90562975824514,22.71301309516571,15.45082957996411,-1.2501197337955647,-2.526239781629726,-1.0097289680344295
1992-06-27 09:00:00,23.43009639990224,-438.9297349233109,6.815805593843773,1.2210848004252344,1.9923238539509092,-2.4966639525200325,-1.6065811917003499
1992-06-27 10:00:00,7.724171262121888,-431.6988627531276,14.999742709070944,3.8832511899802302,-0.7933795665243654,-0.2576922720205806,-0.8403646643314127
1992-06-27 11:00:00,14.749386194362627,-457.16332063959544,26.812043487418848,-2.9660032083229777,-0.3985055893946604,-0.9529486615528876,1.3654661223130364
1992-06-27 12:00:00,13.749217604942801,-448.9307743464576,6.324693142516783,0.433942940418798,1.4109588885013478,-1.5060494119933552,-0.5210028874994728
1992-06-27 13:00:00,31.84303296198833,-480.39150263919953,-0.02953383749146188,-9.455001930103144,-3.187206974032707,-3.602268758757756,0.19286703176437242
1992-06-27 14:00:00,11.785144455320024,-464.2011381839666,0.8634154470292341,-4.382061357816738,-3.327216715134668,-1.1952130067325646,-0.4411229917208711
1992-06-27 15:00:00,16.050589456823847,-456.29681926699146,-7.021363990186156,6.793358721488347,-0.1310557206178402,-0.5490922343698379,-1.6692453480059362
1992-06-27 16:00:00,26.522688853120222,-460.61271367469254,-14.788965275496519,-14.301108155785274,-1.6085200766450474,-1.2864029497234,-2.8049241438145653
1992-06-27 17:00:00,35.23478828588472,-501.8501756200919,7.821785228359086,-4.098089041280063,-3.2034726470921693,3.2033904197143763,-2.1148448402379096
1992-06-27 18:00:00,12.089593210455046,-484.23285702533997,-17.466108873388933,-0.08555851206711673,-0.11404045630619408,0.7967628329545052,-0.9569474029609738
1992-06-27 19:00:00,24.151906228437284,-504.6236129958452,-6.01752268340558,-8.90996655752566,-2.5220324023665652,2.4387344466634904,0.8074352734537191
1992-06-27 20:00:00,23.91864315230808,-465.9331921572415,-1.9137165373142582,2.1801616739424663,-1.7082662362797292,-0.24899004135457045,-2.5676482759584904
1992-06-27 21:00:00,8.67019262616662,-472.1070926735168,-0.12836483485190575,-6.696318701639223,-1.6878812646117034,-0.08179757421706543,-0.9385749462941761
1992-06-27 22:00:00,11.840797877144162,-489.62976606920853,7.480160678104321,7.168189762013061,-1.6437101022113012,1.2227961419761753,0.48198994341645096
1992-06-27 23:00:00,16.853234961016152,-479.7491916952217,-4.305912297058911,6.630058803837271,-2.2060030171836433,-1.7458889707645997,-0.410880319833102
1992-06-28 00:00:00,23.9297707622538,-450.46865422435474,3.027967196957944,-3.128194054591486,-3.041606060174222,-0.8742886132232027,-2.7265199371888444
1992-06-28 01:00:00,21.527222723174468,-477.13699216904905,22.441181928637704,13.139881724941855,0.7026656961061855,-1.1619609849489336,-1.971487582808989
1992-06-28 02:00:00,28.99980870827011,-444.01486191274995,6.792177245230848,9.234379154798837,-2.2094666845535196,2.2048700582670393,2.925470575976089
1992-06-28 03:00:00,19.236071858139393,-434.0030711871604,28.984923753533938,3.9571033633929913,0.9288454764376035,-1.9890567807537942,1.2033957831495758
1992-06-28 04:00:00,38.34400634412699,-445.11581564040677,14.439232778186035,4.596600270922093,2.5931191640826436,-4.099605013075168,2.0360891694196566
1992-06-28 05:00:00,20.282470514519733,-436.80336990756206,0.8865295939292497,12.076306164285224,0.5871118997402842,-2.0043356539998207,1.1560897968552053
1992-06-28 06:00:00,18.55278312038528,-431.07363847984334,18.070388969558582,15.18804057946637,0.7139709889251245,-1.2579177033010502,1.723969776390192
1992-06-28 07:00:00,33.09371066284884,-425.3030983530525,18.82243275896713,1.0202314732669118,0.9982005454089308,-3.9349342154135942,-1.0617268456492506
1992-06-28 08:00:00,29.63055587313879,-456.24951535402926,13.740471511200866,1.859808719784601,1.9301271516076342,-3.4058831095102375,-0.22627057963718955
1992-06-28 09:00:00,20.475609595849466,-451.2485129252361,17.056022128459773,-1.303235835865502,1.7797461622230784,-2.4485635763787013,0.7635705796086102
1992-06-28 10:00:00,22.57256112101238,-437.51985585373455,9.06155769500977,7.158854536124332,2.8042173893394104,1.2065795017185408,-2.521334798054554
1992-06-28 11:00:00,17.059058256693643,-496.45003914862883,8.361846088002375,-1.0081768940900826,-1.0036345873135661,-1.3323787366965836,1.061487436945107
1992-06-28 12:00:00,17.197348069822844,-450.806384262736,5.746063531950603,-4.181651853285759,-1.849106975190287,1.7382262717707624,0.8179613730551525
1992-06-28 13:00:00,6.555664421535591,-453.7505132225142,9.161999664414681,6.2243041694953565,-2.365351887980267,0.7653579641228775,0.11508579549454177
1992-06-28 14:00:00,15.189013545785478,-452.9257980811663,4.500474475382243,7.490428308242706,-4.060408082739953,-1.5628023061635723,0.5575332994165084
1992-06-28 15:00:00,31.298550437988617,-523.3613680300579,-6.354095920566994,-2.675576488664369,-3.832228652607129,1.5841061859105552,2.715065142142968
1992-06-28 16:00:00,30.04358474117233,-500.0063599451906,5.748410927010265,-6.692189406647795,-1.3697895179359458,0.029245015412196596,-3.0224270371227
1992-06-28 17:00:00,21.011726036507763,-506.1894698593298,-17.422393854910556,-12.04292956624837,-2.7508971510158116,-2.131386265840933,-0.513002368499888
1992-06-28 18:00:00,30.116509084043678,-475.9931624332554,-0.042590049846421785,2.2718479576189248,-4.059619115295412,-3.0895208711660747,-1.352547251071307
1992-06-28 19:00:00,8.104441014828547,-487.0031962560766,1.080630100269822,-1.833377738105109,-0.3265354347683036,0.8212065407722314,0.13712794859617766
1992-06-28 20:00:00,25.294414570900496,-478.8873062941021,10.462080705044302,-9.666771577564816,1.6656806073459096,-2.569690209511171,0.7791609612329166
1992-06-28 21:00:00,20.720823630903897,-478.7751692316228,-5.785506710552749,-8.589600199910231,-2.7929275365197905,2.120799527319845,0.14799186470823691
1992-06-28 22:00:00,25.262002675017627,-506.7057387729877,0.6590958835066454,-6.050683252151623,-3.182279785360997,-1.0473284387622233,-2.3171483178825127
1992-06-28 23:00:00,17.99072573890333,-470.4429337717417,-4.641430874694892,12.665296121359873,-0.5043679979915467,1.622060953121122,-1.0236753987228797
1992-06-29 00:00:00,23.42899183049262,-501.77771704355575,16.15499514329002,-2.1273945273994253,-2.5526756420394046,-2.3234444532565557,0.4276934791753495
1992-06-29 01:00:00,13.860656932231121,-454.7056013595317,-5.153060723749917,-0.5441838623023312,-3.094465790332404,0.6002591620486588,1.5354766825604211
1992-06-29 02:00:00,29.8708464917079,-451.19681999402326,14.431525566107613,17.28742092051807,0.3451670631863366,-3.5546056513293145,-0.610461775601632
1992-06-29 03:00:00,10.577161190901547,-450.72770761027715,11.876770699562684,10.886286570762156,1.1623035260786976,-0.7823915375701254,-0.9289345178496616
1992-06-29 04:00:00,13.621677837951724,-439.7879578987197,19.108944600690876,0.8827684475478312,-0.965521857319403,-0.3261590678944729,1.504766751644133
1992-06-29 05:00:00,21.883470310092694,-429.7415253024606,24.222622711133425,20.5215000076361,-3.3145703103763284,-1.7512119974428313,1.8218390370477964
1992-06-29 06:00:00,16.20288675934937,-451.17280029120144,21.544488468383285,17.787149817329137,0.9682287246319519,-1.2343123693189093,1.3036541475803598
1992-06-29 07:00:00,28.32781490407777,-435.0867975331102,21.40880702016051,3.289656737835469,2.201954938176071,-3.773159183395542,0.06399576705889916
1992-06-29 08:00:00,9.901045018567382,-421.58583021371254,19.076691188400602,15.611898471551871,-0.19118148580355232,-0.6393235537489951,0.9839978948088813
1992-06-29 09:00:00,22.055962422257885,-442.13506070982345,6.323279462667884,5.5486896055277075,-0.07302994958163223,-2.514362273578154,-0.17667308109001162
1992-06-29 10:00:00,24.67914049250956,-450.6888891993795,7.159386005569038,13.519495962990444,0.35558384406014565,-2.4029883949367825,1.3085857323820282
1992-06-29 11:00:00,17.423825485080815,-461.4412875090957,-3.3231285735268568,13.33134750824228,-4.17515242542636,-0.045239892730970066,-1.7672425241196705
1992-06-29 12:00:00,26.767657498662306,-488.1862171315949,3.1310309741898354,7.9715148211574505,2.766550098231941,1.0526709259971867,2.5218785409660107
1992-06-29 13:00:00,1.526547108476138,-454.81878048973323,2.4161749014345917,1.3740751221280423,0.6900999000644669,0.03643129906061726,-0.1650405126257118
1992-06-29 14:00:00,29.61590324842869,-489.5018441244169,1.1370919219494144,-0.42790648528022146,-2.983864117629352,2.041533793530962,2.23605484190632
1992-06-29 15:00:00,4.668090088165906,-488.59753035415304,-5.908808712140523,-3.95729507716198,-2.6392460440036216,-0.2567793076996557,-0.4428337144342252
1992-06-29 16:00:00,17.08025562286296,-498.09993193398446,-14.817174270713414,12.540219320319874,-2.952989562396898,-1.85853761911034,-0.04037763344653987
1992-06-29 17:00:00,10.534598759032654,-501.664339412346,-10.936168901139641,1.649874033121021,-2.389908667059331,-0.3404661011821827,-1.0014686364637575
1992-06-29 18:00:00,15.40920217060454,-505.79989860970517,-30.479981838810723,-0.6109172137659336,-2.311800623120545,1.1625734437752506,-0.7920798080699132
1992-06-29 19:00:00,10.507687258665838,-506.0755830792936,-8.858330591099957,12.40736299410847,-2.314020104629249,0.7280547884371128,-0.6411474265385753
1992-06-29 20:00:00,8.291672326439434,-478.1598742357945,-2.3623749646327443,-3.5843491621061663,-1.2931650386140863,-0.824696874058514,0.27679024846378625
1992-06-29 21:00:00,34.59968807691507,-466.48129484270373,6.388259956474908,-5.940168907943301,-3.291286275193826,2.9273952090302333,2.6419565409490784
1992-06-29 22:00:00,24.867631247848454,-476.6176223358226,7.412802009035956,4.42546916203559,-1.021226170937485,-2.5260411988663285,-0.5922221714712698
1992-06-29 23:00:00,7.301441276676374,-489.9567675008558,4.776260733402648,-7.800510844062455,-0.3800299669650306,0.46501432583896174,0.5789395462432545
1992-06-30 00:00:00,11.780982862643567,-465.3770281946196,19.58450260928596,0.3653305675223648,-0.9038299138533947,-0.5273115612701833,-1.1307806519334
1992-06-30 01:00:00,7.0895901732705795,-422.87159440382896,0.012079166793117935,12.57895783239011,1.614414755958176,0.5159211614068682,0.7541213636490596
1992-06-30 02:00:00,8.446250661470957,-443.8075235376885,19.934096852863263,10.450286998418377,0.7957958855086941,-0.6735751158042189,0.6858700129096286
1992-06-30 03:00:00,13.575519431470711,-444.6371833607338,24.067518305134975,16.841250860583322,0.33624367043849046,-0.8011134189266638,1.4947774378387761
1992-06-30 04:00:00,32.30108937598823,-448.47402774007094,11.235849253014253,20.148696127840438,-0.18426690448561012,-3.17034717883466,2.2424414484604376
1992-06-30 05:00:00,18.362867301978532,-424.4773751281061,15.18645900845614,15.837816012489249,1.357794800134371,-2.1036348830655354,-1.1391436728049762
1992-06-30 06:00:00,9.863300356577327,-434.24459933474077,10.111835874697903,4.069264642294796,0.8129019245208076,-0.48383731415066467,-1.0435953617152516
1992-06-30 07:00:00,5.862911703133667,-411.78879723278914,11.82093516646056,-3.2193421631758676,2.9470412739950937,-0.7823233188492292,0.1643063835512905
1992-06-30 08:00:00,24.112797286158873,-417.19427173413084,9.367130196965196,6.708103426983785,0.7776905324633618,-3.1842224432721675,0.5997506799408502
1992-06-30 09:00:00,25.642872322928252,-429.77069552286116,2.033189662309414,-2.8729860218707852,1.47840751430184,0.9968743280437526,2.819161905113095
1992-06-30 10:00:00,22.925747113842643,-441.934945730935,13.766249958960081,4.508364419201062,1.9869070254817616,-0.3705896224533839,2.5537391362270587
1992-06-30 11:00:00,16.481427390464052,-441.4190178340618,-5.3177293692908165,-0.08131693956603714,1.3067518597864693,-1.6355612295713147,1.2154576106214716
1992-06-30 12:00:00,33.04780044831339,-451.8311307790035,4.180859040846623,-12.136058023229936,1.4516179153349638,-1.7992811067731167,3.6988112016872896
1992-06-30 13:00:00,37.01183551357692,-467.1202269772661,5.263385187126023,-4.200731141795895,-0.9798431071857758,-0.5229048334680689,-4.483970102219887
1992-06-30 14:00:00,11.954334979231295,-450.1561511841948,12.630193479956421,-0.6885285653938831,-3.7900171033501637,-0.021736485856780563,-1.3918604944592865
1992-06-30 15:00:00,12.964003042746517,-476.94949085632004,-0.8943247263295393,-1.3882520795611615,-0.4276586986035033,-0.24913012190331738,-1.3374176420641157
1992-06-30 16:00:00,17.123286164676333,-487.571824025187,-23.150939145782733,-10.086603095714084,-1.8648316600693402,0.20376816107848258,1.691223153342849
1992-06-30 17:00:00,24.73833632787148,-507.07032291197714,6.069481617619169,-1.990712910570771,-2.718721774696204,-0.10643346544981688,-2.53387840213939
1992-06-30 18:00:00,11.555039348437122,-485.33622071228075,-13.409364351438427,-7.230532606234924,0.23134810968690944,0.602711985645769,1.068177413350157
1992-06-30 19:00:00,32.121602036394606,-503.33363732281094,-8.56313871694872,-4.900270701688666,0.9772167686521268,2.9944296069560505,-1.059384057238285
1992-06-30 20:00:00,15.468922059793472,-465.0836558245351,1.820930718187955,0.7324160062973941,-2.986999716531311,1.6730577205447128,-0.06959219377645817
1992-06-30 21:00:00,10.418527659834213,-483.0687544468112,-2.582552178659053,-12.42839953822512,-0.4787523282609474,0.7302313581892697,0.778684220235556
1992-06-30 22:00:00,10.59473249183262,-477.7329326775622,-2.082685217538165,-3.302655532819789,0.2741336517090592,0.13727439471457809,-1.0985635172941093
1992-06-30 23:00:00,15.236764507809132,-489.896439926659,10.451699096534758,1.3710921517675931,-4.935623175932227,-0.7704011672060201,1.298568418777694
1992-07-01 00:00:00,30.58062360797946,-443.2016049419692,9.311681088561052,-8.530009471586432,0.9873675287178187,0.7839233366538607,-3.3353614416443214
1992-07-01 01:00:00,14.902311969944215,-443.30156585396287,15.267812773327408,1.1001188799811665,-1.0329349642574832,-1.5949475406368117,-0.40547079076342346
1992-07-01 02:00:00,13.686923668105992,-420.21847633016915,13.012660362809914,14.451288310653055,-1.529158796243912,-0.49718762248907133,1.610980010803632
1992-07-01 03:00:00,9.496677678706742,-437.6907896124723,19.34630557485553,6.4374032694058325,-1.2056540254089163,-0.6356229902169261,-0.8198826926309479
1992-07-01 04:00:00,32.51151435691281,-402.8710542033589,21.436938322616342,5.009200407100913,2.0966797823044767,-3.532737968924245,2.6874938638903316
1992-07-01 05:00:00,26.311555346597185,-403.42772580915414,8.031490188042905,5.268251921593323,1.1468882997086192,-0.09463429762450913,3.26050140487554
1992-07-01 06:00:00,14.617601995769876,-388.06323467913506,23.219284476558272,6.303825638469367,-1.3880346481199066,0.6310193082450387,-1.8396672007928403
1992-07-01 07:00:00,7.019097846249381,-419.83398586194846,16.630954139983814,7.943849939420419,-0.8221548962185484,0.3353773583827429,0.7943160989507004
1992-07-01 08:00:00,29.105142595521645,-398.3498169557871,43.43461540223841,-5.417150950930956,3.3461734608345832,-2.1205208873964567,3.5705719860425904
1992-07-01 09:00:00,36.688173664000075,-431.7370404827728,16.387363058475387,3.608856224645666,-0.2129520744138605,4.791512620241994,0.15095569023196145
1992-07-01 10:00:00,39.331616519657786,-423.4625698303735,17.052028985143316,-0.6349767585880959,0.8183676522635097,-4.81876207926829,2.135654465225894
1992-07-01 11:00:00,8.404883822197219,-435.09210216586763,24.848735908421137,-2.793546312012995,-0.8477820638370374,-0.3596643703109517,0.8687099529200766
1992-07-01 12:00:00,29.430973327149342,-417.7838062344274,5.7505634931812875,-5.600791414415857,-0.13809635797175845,-1.46889697654703,-3.2017100826160094
1992-07-01 13:00:00,13.223877435205635,-439.1666509515574,9.092440953319333,0.2842886062411152,0.5830802427305799,0.96702585406115,1.1431093288477894
1992-07-01 14:00:00,11.361357491217861,-422.75848642427883,14.503376837615638,11.260257256717143,-1.1390194640586118,-1.246511389845084,-0.36005532839795584
1992-07-01 15:00:00,28.73493696597368,-451.6993692674201,6.351752506597264,-0.8937085841490835,-1.76673313539146,3.5800259081930688,-0.15918911243277853
1992-07-01 16:00:00,11.85900920196542,-459.1548549444513,1.5274517320213148,-10.080778992930188,-1.1404114330727004,0.3402592771721761,-1.2718266928257966
1992-07-01 17:00:00,12.027595115450106,-465.2081743876648,3.272656729508567,-6.373770009827784,-0.4054781744686407,1.2954345129706968,-0.0012139944824528515
1992-07-01 18:00:00,25.699066265221756,-460.4576991350758,-3.9389548295561116,-16.073096658934958,0.5592976961343722,1.8538040349587963,2.374271561449653
1992-07-01 19:00:00,19.718311538537623,-473.7095285980261,1.0303411531059194,-9.410686166709496,-2.668837484178708,0.021780780243530418,2.2642107336870367
1992-07-01 20:00:00,22.924286335049498,-475.3884196002306,14.686047585485941,-4.777045127191542,-2.650686011289612,2.3583070792998595,-0.8212211061821895
1992-07-01 21:00:00,15.092704302705638,-461.98167564671473,-7.386233171901292,-2.549664976897585,2.4792146489924285,-1.283599203115668,0.9711639550775167
1992-07-01 22:00:00,13.36345518634985,-452.62802110171634,8.81345132867558,-12.373745809247522,-1.4257595746946317,1.5021233827295868,0.022052716120957216
1992-07-01 23:00:00,6.356906334079844,-447.17967002531117,8.404499462174154,-13.790662609688507,0.8590433636154968,0.5204266191505602,-0.4395923870475104
1992-07-02 00:00:00,7.0798815724914475,-398.3976468915475,10.345020182389561,-2.3195190534713945,1.1221506968608215,-0.5443175259584079,-0.7170876021313275
1992-07-02 01:00:00,19.991920779975874,-425.5595164924456,21.3196236495153,-2.440074710174712,-1.1050021861334118,-1.1674330138620885,2.162016102117445
1992-07-02 02:00:00,4.63790033808248,-419.57962365220794,19.570376935024548,6.881423695337234,2.420475145138451,-0.14665386159291788,0.5113295889998144
1992-07-02 03:00:00,5.028392763258598,-389.5513065503508,18.17050116637052,2.800389682183935,2.4087046060769577,0.5320499562104389,-0.05276684171571705
1992-07-02 04:00:00,9.747161033833537,-389.6207005972963,34.952185718520674,2.8986477731557905,1.4922756600137124,0.7428754690090417,0.8457974736835675
1992-07-02 05:00:00,12.750033830669619,-410.6171030356571,28.00698654022583,12.159560716395942,1.3943321674288591,-1.2597460392734656,-1.094823280709561
1992-07-02 06:00:00,28.373502743131827,-385.4300247994866,21.715651014799835,8.642929238155272,3.6547950180597693,-1.5456382790251588,3.3060400287127765
1992-07-02 07:00:00,16.863675254759748,-383.72443880929126,24.858697541854177,-8.80701755259664,-0.34592225895832607,1.3468991727678576,1.739496381241158
1992-07-02 08:00:00,15.288205685306023,-414.12195555928275,22.77906865448156,6.216469533596635,1.889853978993766,0.4542230156767112,1.7288555671971593
1992-07-02 09:00:00,12.093074525976826,-408.0835649752599,21.170499955759492,7.907207257267852,2.8748184201185527,0.0706187973480169,1.40784609525362
1992-07-02 10:00:00,22.83305860287959,-401.27739168709735,28.020693941942273,-8.919225973387466,1.668934098635117,-1.5332844970913382,2.7383473630320183
1992-07-02 11:00:00,12.462427158072197,-405.3948170231095,14.605487797274968,-3.3336096969281614,1.8520862553563098,1.5747242851902512,0.3103843674145398
1992-07-02 12:00:00,8.821622677308438,-437.62097339665604,15.225674640083184,-4.030465342280814,-0.4564701280387169,0.7368084348827354,0.7491680074971987
1992-07-02 13:00:00,4.9147638209628495,-416.0203709104395,24.317260450942637,-13.56789901335453,-1.4458971761710995,0.5784729417026344,-0.37105467369879386
1992-07-02 14:00:00,14.245598909549761,-432.8349516370876,5.543693635549169,-19.820608930605744,1.0478396734861954,1.799966623006698,-0.2604721578693429
1992-07-02 15:00:00,4.1710167887577,-460.78928309691827,26.423518227675224,-12.947330722646447,-2.162636415227484,-0.32551065234606613,-0.11105208532083777
1992-07-02 16:00:00,26.125561008438208,-455.3156444359389,20.108329167455448,-9.35196506535299,-0.0663403283379711,3.1464727803805843,-0.5344215727461092
1992-07-02 17:00:00,23.51943258030973,-427.08403487228895,6.196312603528813,-11.641076846961035,-1.580438733923772,2.7397582628827117,-1.2448186431490362
1992-07-02 18:00:00,32.866458482726856,-449.6801805532088,10.66956926762207,-8.743995721823158,-0.1583727745859973,3.5434900075175704,1.2149027775858021
1992-07-02 19:00:00,17.85710426417041,-482.8246732359531,-3.042638499759354,-13.064781813519158,0.45702679209705344,1.284782660059608,-1.341375371095043
1992-07-02 20:00:00,30.722809686616163,-470.05563922257784,12.40014840623526,-7.356369050948607,-1.6842348077185856,2.3007678436761667,-2.778174174006603
1992-07-02 21:00:00,31.703508158524606,-423.98426136373496,10.107025731869491,-12.468134645027263,-0.6370798690472274,4.0281399697624956,-1.0607320473114323
1992-07-02 22:00:00,25.35517528356345,-441.39484459325,10.984852272214066,-0.4040795587558703,1.1592116011985065,2.7816531498825996,-0.668014341549851
1992-07-02 23:00:00,18.207587632540932,-430.9027812450848,13.15357634596825,-0.006668030537873015,2.575601876037515,2.054387768764988,-0.5849911830531933
1992-07-03 00:00:00,12.652550866487273,-443.2672532249426,19.594076867870335,-0.46192819560467324,-1.2060520747480532,0.0715943923301563,1.495503306863104
1992-07-03 01:00:00,11.06733553238423,-395.1372713305642,17.2099820762204,4.976776199476553,0.013567485122064626,0.6589089073441338,1.3911077430445498
1992-07-03 02:00:00,20.696001316595243,-412.8494516238058,20.19696022922657,-7.104883615909125,1.2709700030547226,1.165096129741518,2.3197997146237164
1992-07-03 03:00:00,20.07795175888688,-414.16777715641615,31.626959709474885,1.3434621648197282,3.282540677333663,-1.3262869888770972,2.5256600209030413
1992-07-03 04:00:00,13.570145213049155,-402.4022957658682,19.537421819440723,-6.018659203625978,1.3074167882267254,-0.9890455636315462,1.4278955414242198
1992-07-03 05:00:00,8.658750475761554,-352.67863338282547,8.743291161127985,4.859474093147496,3.15469910920925,1.063339953406468,-0.49410114418478823
1992-07-03 06:00:00,4.5834299258196225,-396.76089426877087,40.87368898652167,4.387117264865985,1.0285032449994191,0.045681550069791244,0.5432083110696004
1992-07-03 07:00:00,12.25744060835923,-392.96959205635454,14.978815994975974,4.1956429674505635,1.9868363092627606,-0.37127292843681925,-1.5515517801051923
1992-07-03 08:00:00,28.210869172852224,-423.37284089254206,24.05029007444103,8.089604925038213,3.5820056015609127,-3.425810880980258,-0.9149117881309
1992-07-03 09:00:00,8.256277218115436,-416.51596940840017,12.089873227642144,-1.9375778200468692,3.057876881465263,0.8461040801374947,-0.3148758693589761
1992-07-03 10:00:00,10.960612120293556,-441.5471191738361,22.369761997219694,3.2900053751629015,-0.10256972475380355,0.4734585671809939,-1.1470202692047315
1992-07-03 11:00:00,21.36431480296647,-406.9380735688943,16.438614060870574,-3.666665324456125,0.7841861458399167,2.400947648042917,1.1138126719639994
1992-07-03 12:00:00,34.86468965914482,-439.7242232169892,22.89154577231277,-7.508265687875536,0.7023708643035648,-1.6723690157016042,4.089572253508557
1992-07-03 13:00:00,15.147542607964548,-444.4311505993279,19.706295057311124,-10.869770383871767,0.5602680405185583,1.722978513782277,0.2279931133201294
1992-07-03 14:00:00,8.367322266022493,-443.4556118956394,7.451394981382536,-5.188379160580265,0.15498618382011087,0.9342990248226688,-0.10853077167070746
1992-07-03 15:00:00,14.056983738336728,-446.57416419531364,1.1605110434475412,-5.643441550364946,-0.6355699575330694,1.2445035194423495,-0.9735412057160642
1992-07-03 16:00:00,18.946579626212195,-426.3332314650274,3.1497677270554147,-0.6723885020794165,-1.7425380552825755,1.8441445081029242,1.4419131414933313
1992-07-03 17:00:00,7.5314337632759525,-460.49202223604857,-1.4367116508653863,-17.03109846646951,-3.358958248522295,0.6888183455308612,0.2989845685408989
1992-07-03 18:00:00,11.637010286531302,-446.46291670136446,-1.6125042389023956,-9.686259687339644,-2.917141006103957,1.3877196576044215,-0.41396219737609785
1992-07-03 19:00:00,30.000123248872043,-472.5377828785583,-6.356247017306002,-12.88751624147065,-3.6974322812117317,1.2716612145060695,3.1472812086586424
1992-07-03 20:00:00,36.144518574064314,-474.234582200612,6.441929435598191,-20.30097517098835,-2.248698425683908,3.4601977564185398,-2.0716578217147523
1992-07-03 21:00:00,20.200648220631805,-465.79996853042206,8.629057900908707,-1.9274148907573014,0.4677544117804886,-0.5785370586055651,-2.324521367939705
1992-07-03 22:00:00,29.854558282488867,-450.3773751010088,2.657101510814983,-11.726020294335559,-0.8556023112344574,3.5795295767606343,0.8689854111976035
1992-07-03 23:00:00,5.507463736071789,-438.9075033447505,7.455604326287314,-0.7355905399153375,0.5982138940950582,-0.6370231431160656,-0.02508854801242233
1992-07-04 00:00:00,6.398747805473209,-419.84247850223693,5.193072433380245,-16.949458072750875,-1.3153350609805161,-0.27029563469600576,-0.758916941731844
1992-07-04 01:00:00,15.999420763294266,-414.7122088540016,11.588848399269335,-0.22165143020007338,2.9054231032075717,-0.9004181063064389,1.7557705318142813
1992-07-04 02:00:00,15.941742649958128,-430.2760151540837,25.374136066780864,0.29200534329376193,-1.704064207494546,-0.4913864216935139,-1.9152948851740026
1992-07-04 03:00:00,12.95375892437977,-411.9224602581066,14.820694200674513,14.813269297612791,1.3866297600399766,-0.7430874561942168,1.359409330947642
1992-07-04 04:00:00,3.0664808395615752,-396.0555571295818,26.659071293864,1.523096386004118,1.7458240219384398,-0.28200843353109645,-0.3564061116987643
1992-07-04 05:00:00,22.02725252764968,-429.8873539907842,17.1446702496611,13.46282304707711,2.045895185458347,-2.9301176386782015,0.1560976820515691
1992-07-04 06:00:00,15.791225849038478,-419.50535023533223,24.023305335684192,8.123514204442424,1.3488227579876046,1.795856484812884,0.49621674355117895
1992-07-04 07:00:00,7.310732676946002,-430.26842762195554,23.438350891196176,16.57883249903239,-1.1748565450811381,-0.7473697699834772,-0.20595892177791603
1992-07-04 08:00:00,15.195823520131228,-405.7959654063311,4.355613503252425,3.5435046400089787,1.3389875640346411,-1.7808938633418774,0.6084682845916378
1992-07-04 09:00:00,8.369718125657359,-420.7380541069122,10.981429207077664,5.971238789929302,0.1327917775414103,-0.5564501092895157,0.8243516049202586
1992-07-04 10:00:00,21.88311790372973,-440.40324538507537,11.340026439388565,7.6223191162714405,0.494394373433761,-0.961534322924229,2.286332302495682
1992-07-04 11:00:00,19.401585753277942,-427.7057899865108,26.179698495839897,-3.1771508259281385,1.7641640593294436,-2.2531005750537743,-1.3723933584605583
1992-07-04 12:00:00,4.481385609500611,-449.1183867389179,5.077247156041594,3.8725222580284284,-1.6902382727871945,0.33378839620771483,0.40172242403376707
1992-07-04 13:00:00,6.388040130757432,-437.3585330563843,-5.211060843289997,-8.802718610369537,-1.6948727078565653,-0.7278934577381946,0.14540964688931296
1992-07-04 14:00:00,22.464734243270975,-463.067139997357,-11.617284990929376,-18.276716218752625,0.8322399203028265,1.7431172593495696,1.8766720239262085
1992-07-04 15:00:00,23.992778282385263,-462.0533110651104,7.344868094437199,-3.031871472558899,-1.152583843081454,-2.4845884004844265,1.2675753474894789
1992-07-04 16:00:00,29.068813189330868,-493.2593818179665,-4.178734121737428,-0.5025594122602222,-3.0896102976191853,3.1497601928402075,-1.2509248897452683
1992-07-04 17:00:00,8.596018952941774,-469.2601675689957,2.025364973634769,-14.99251549407783,-3.0161707192435006,0.8917500293295338,-0.35326408322903335
1992-07-04 18:00:00,13.374174487051997,-483.47683184398034,6.332503345013693,2.3751309723196576,-0.7908953448998602,-0.25214414563809867,1.3617373555566292
1992-07-04 19:00:00,2.606992717140293,-502.88466961680524,3.2151012612261747,-5.830428992763919,-3.371718286618555,-0.23738187724488227,-0.027734572651789136
1992-07-04 20:00:00,19.79106929494044,-502.38075618465035,-8.974011049285878,4.714128154985573,-2.159360709356533,0.820805390207751,1.8810821192158178
1992-07-04 21:00:00,14.59360259612701,-485.62114734937387,-3.636973929743943,2.768977492266001,-1.3005776863392875,-0.41716038758535745,1.5724384440443284
1992-07-04 22:00:00,20.34138121134331,-453.72264557969856,9.928426421734356,6.5213533772098655,1.3980204006795196,1.475217801619664,-1.6796095157351179
1992-07-04 23:00:00,22.08219615358455,-490.72641044226054,7.325154847509129,3.989354988577153,-1.1036020129155615,-1.5785167763783698,1.5988267006838632
1992-07-05 00:00:00,20.72474505410397,-434.2556857127034,13.327247546222473,8.757965742943536,-0.5252416326834131,2.4191960786712157,-1.2516978731866906
1992-07-05 01:00:00,9.98284269934207,-447.3338716211132,3.548720521049734,-6.5916205771168315,0.4648034904981403,-1.033247544875631,-0.5809231122916781
1992-07-05 02:00:00,9.918725244680449,-434.5734949801589,3.687799799430966,-3.6911390850207586,0.16290933102729244,0.06669477048593409,1.1405075658030626
1992-07-05 03:00:00,14.94911695190022,-421.22081107535587,11.233480892357237,9.026632028683544,0.5733742580425711,-1.7271782052598539,0.45234242918545375
1992-07-05 04:00:00,17.358028540378218,-440.184065342591,22.11625660348802,16.95158848659648,1.5018964410442495,1.200839214442514,1.4447866004952346
1992-07-05 05:00:00,16.48634190791045,-426.3648508595574,20.55898107658123,1.1242691955647208,0.2858526099058539,1.1496469727249126,1.7432205453837786
1992-07-05 06:00:00,33.48726231659094,-427.681916775407,9.081321828939863,17.288142406214607,-0.9604369156689063,-3.1793233577134643,2.9478717179247327
1992-07-05 07:00:00,14.202734678749652,-435.91454580449,16.588263121520413,8.519105829091892,2.9928178870782256,-1.4500047061501915,1.2402083697380022
1992-07-05 08:00:00,12.228698364416218,-417.86046061259657,20.081484304353346,20.096101423247696,1.2152214297691104,-1.3449143636707421,0.6321731361229884
1992-07-05 09:00:00,6.825376854294325,-434.17028521357184,14.867789754496378,11.819764308793532,-1.5577463152671163,-0.7067736898274184,-0.1572554572391056
1992-07-05 10:00:00,20.543781730978203,-431.4536737236073,10.331476531098005,6.219774907234547,-0.31119035636534104,-2.3705283055924,-0.17432737908502982
1992-07-05 11:00:00,10.20656813558238,-437.58246206646595,9.291063571778349,4.082400886859663,-0.7661506731851937,-0.061426637614102275,1.1705242156888471
1992-07-05 12:00:00,13.58763573122038,-452.6001919449403,4.033296150680023,-1.5855013838336651,0.596315027403057,-0.25046229117376806,1.4829477443666783
1992-07-05 13:00:00,8.224773593779306,-455.10270025490297,-3.2162618645276044,7.704116838906447,-2.3484064636642343,0.7744969703123117,-0.39681071591047945
1992-07-05 14:00:00,7.434557761662818,-491.1281830306429,10.216642652869659,-2.318792781703036,-3.275009688736942,-0.6844694582211519,-0.09574725729074052
1992-07-05 15:00:00,8.879060855038212,-500.41749268104286,5.083388595623121,2.8202282295017094,-0.0025543131536369668,-0.8631724362020682,-0.20478573822643542
1992-07-05 16:00:00,5.276809488199915,-464.1222600739237,-0.0028549036123575178,-4.533275364824852,-0.7121634072306758,0.3356377580965263,-0.4657521577621425
1992-07-05 17:00:00,29.321194397822698,-494.85663794721523,-6.468274383684943,-2.7682310608110203,3.693204622088049,0.17078511603697877,-3.1427190484506515
1992-07-05 18:00:00,36.03231830467622,-480.6600143674975,-0.0880445040094564,3.642507345036874,-0.9421257100352266,3.1679251068875343,2.0100525681770387
1992-07-05 19:00:00,24.468463157798087,-473.34455466096335,-6.285488035212664,7.021387920544167,-2.509459088853021,2.156674552240494,-1.6047695500593187
1992-07-05 20:00:00,18.651108558488986,-481.58407121395527,-10.631882414997378,8.505356272826191,-1.0378281379451666,1.9030263593850185,0.7343785772007355
1992-07-05 21:00:00,19.47212905046978,-470.4407605117353,5.787800249127924,4.201603327715137,-1.7129611226353714,0.3276031035456166,-2.273033631494884
1992-07-05 22:00:00,9.202286332824361,-494.5817405513363,-0.9957202936514546,-0.6213305748425828,-2.0743923232778547,0.5687865503770344,-0.7355353218470871
1992-07-05 23:00:00,10.356692892498923,-489.00362070046566,-0.740417750834057,4.56308276404064,0.3872072309127287,0.7876298402989574,-0.7145021160551259
1992-07-06 00:00:00,26.727702774564886,-479.1721092533924,-6.353962842527713,-0.27260539344088386,0.26587742532799097,-1.7353501692570892,-2.482197673091185
1992-07-06 01:00:00,32.22429593100357,-463.33249594310337,4.329912332121129,2.7615518204630405,-0.6674285024813826,-1.1412711169963845,3.7688177390929622
1992-07-06 02:00:00,18.850079131628842,-486.0633912512089,-3.999968565777918,10.236327516026043,-1.9369373935420695,-1.5493384039562443,-1.459207964700168
1992-07-06 03:00:00,4.694497451165275,-446.8519554443504,3.9122761597888154,6.948518788066576,0.21188624969434722,-0.26253219835002173,0.45267406787508174
1992-07-06 04:00:00,33.26623518745403,-463.81236530897746,13.426759402030653,24.389194718306975,1.6762584316597446,-0.3307292416796367,4.017641052953136
1992-07-06 05:00:00,34.38922087956354,-418.0580056638784,7.77260869608389,16.588271709473123,-0.6397405871938654,-4.161748890245093,0.04519370437465475
1992-07-06 06:00:00,19.20025300708853,-425.41498605405434,8.799684091487315,15.830210033160583,-0.8408798507388211,-2.2145907559464812,0.35171401776266287
1992-07-06 07:00:00,49.63294347349744,-425.66050188992614,5.56099383752057,0.3465590091534212,0.5117641413040067,-5.6325304151935995,2.8818494632271463
1992-07-06 08:00:00,13.10220671059446,-464.95096555504296,13.73479058821099,0.44386441520665176,-0.35646815555380296,1.3026596479033667,0.5619565478632872
1992-07-06 09:00:00,2.859066594509238,-446.5265069741169,9.903700297161336,13.874610216832405,-1.2563538596948627,-0.28660782364945925,0.09800333150841145
1992-07-06 10:00:00,11.733268875064454,-424.91262148864485,13.534793269152628,7.311638933070029,0.4672208024542889,-1.0549500472594069,-0.8499140975722232
1992-07-06 11:00:00,6.6763947770548056,-464.64976096789326,19.552250392064803,20.82463624684005,-2.5293804130841355,0.6228950047399598,0.6127719535391856
1992-07-06 12:00:00,6.053990480218972,-448.6214400885044,1.6177872619616895,4.469333503704993,-1.6567741646345782,0.6149809763024916,0.30693626495824883
1992-07-06 13:00:00,34.28391811011716,-482.3341861196054,-1.7923066627739113,7.932410022510899,-0.1732599132245506,2.5123810015120602,-2.5099791024270077
1992-07-06 14:00:00,4.868807227360213,-478.2481049786169,-3.1301546939233598,0.9388432042866839,-2.731222913238,-0.31399999903569237,0.4193818439340672
1992-07-06 15:00:00,16.822363262288377,-442.0187805666628,0.16920893576137885,-0.8034999538112819,-1.5615288706400001,1.8813035695165183,-1.0353127403488502
1992-07-06 16:00:00,6.058091288381177,-476.1270794173565,-5.207867051207425,-1.3765965808871714,-3.4093104489219392,0.10793558932893699,-0.6292018884554735
1992-07-06 17:00:00,3.924146337748078,-469.18557349126377,-21.53969311884038,1.632175573512919,-1.7731182194357877,-0.49950754386695295,-0.0018579651736125857
1992-07-06 18:00:00,21.033701380032877,-490.31631006874824,-19.051395830540287,-2.889760081076206,-2.997444245581208,-0.4462979614301458,-2.1698196733220545
1992-07-06 19:00:00,14.835839803347074,-511.1449093454691,-6.815672013702329,-2.251627821784184,-2.5316904860608513,0.12454155715412418,-1.4535913536707452
1992-07-06 20:00:00,6.7818391056607945,-506.47740153438696,-8.16997465618996,0.5004679848678064,0.18680326795936153,0.6522377645301283,-0.16373270515727123
1992-07-06 21:00:00,24.453693789694583,-467.0518494351392,4.485865835377392,-1.8318656807981677,-3.3574443890113512,-1.3231787812049116,2.6907169448791937
1992-07-06 22:00:00,22.723013915141372,-468.46907020890905,-2.791957725124428,-18.283230330155384,-3.5943413402415505,2.4441466578459905,-1.0764622679629916
1992-07-06 23:00:00,8.621222546701205,-443.3946418352805,-4.3751715965219145,8.676745461650114,0.09927736485335859,-0.8975773809191907,-0.4628316481845155
1992-07-07 00:00:00,5.338479770546989,-464.16835834029735,21.26487554502816,-9.232536781773625,-1.5792283685568398,-0.4406415276046901,-0.29034444636999435
1992-07-07 01:00:00,24.196957494773915,-443.51151360496976,11.369682261074978,3.8915327831370075,-0.8611725544277886,-2.6122222780976565,0.714746498949538
1992-07-07 02:00:00,6.827405768873585,-451.5016037543562,9.259799658859507,-0.8742259319315409,0.5584348776331928,0.7762908646750875,-0.09428070184208881
1992-07-07 03:00:00,9.38495584069649,-424.273125779745,14.800896722764337,11.318796069015637,0.5246571308244773,-1.0968129833204938,-0.2582316060776624
1992-07-07 04:00:00,28.494784836547776,-460.18582345442223,8.469109166849213,7.389567112069996,-0.16315571938322038,0.2533887141823767,-3.515088689902872
1992-07-07 05:00:00,9.833951362081342,-424.84841435333624,23.447188290110635,8.699447757675179,0.0171410227342208,-1.1475416743420883,0.5668923096963371
1992-07-07 06:00:00,4.5079448312577055,-437.16074200856616,18.898784907719936,10.623823481618999,-0.6687325359698841,-0.48185422124877775,0.08495480745899475
1992-07-07 07:00:00,13.346954418306993,-426.16388080544914,20.87976060616225,5.594624436762787,-1.2721122351029124,-0.6271857348264458,1.4205119957553858
1992-07-07 08:00:00,34.667325389931385,-411.4474296231389,10.978993637746719,15.273850194846784,0.5414011306035784,-3.641732464510715,3.132298597958809
1992-07-07 09:00:00,20.778183007804092,-425.0426779977392,30.834162856493762,6.683482955186372,1.9447992879836271,-0.13997461790614985,2.4072608855061945
1992-07-07 10:00:00,16.845608720512963,-427.0478156239616,-4.368208519401517,12.523274608942494,2.689717135061571,0.10157645860556086,1.8919386844868091
1992-07-07 11:00:00,5.286828325067014,-454.8894764277917,6.458979488584486,-3.351268649390115,-2.13022168995461,0.6036605661339354,0.07841436916411504
1992-07-07 12:00:00,7.875813755753868,-490.05041862346894,13.815346110584702,15.847692281285738,-0.7689738633533219,0.7046641715082222,0.5293281203677893
1992-07-07 13:00:00,14.85358529579235,-473.960363637575,12.586754751297192,-3.300526319488168,-1.8012306344588453,0.7912249764799575,1.3662254138377892
1992-07-07 14:00:00,12.112799321469701,-459.7211641451376,1.9242095370548569,4.537630075985399,0.8490992045849809,0.6377113017010598,-1.2650368506633856
1992-07-07 15:00:00,21.7999476046805,-486.6916864836874,-5.919035300094279,-1.411074752454078,-5.967789535957852,-1.78611852014474,1.7526817369042051
1992-07-07 16:00:00,28.778292926967598,-467.6010568625263,1.3697162129097111,-4.045441538497842,-1.4850962372074663,2.8601177819743144,1.1330708478112048
1992-07-07 17:00:00,13.727634039017886,-502.9964988375683,-6.02770347883985,-3.466084812693638,-1.6374874181024897,-0.1874430212816102,1.3912861655829267
1992-07-07 18:00:00,6.480790108526371,-477.976833341445,-16.407076659679213,-5.168481846718103,-3.0690322903155782,-0.6334657670231423,-0.5172432775368871
1992-07-07 19:00:00,5.772272105645389,-453.94717677726305,-3.094971882175792,-18.668483960696285,-0.7339039126188921,-0.18946329770663323,-0.6386121214699355
1992-07-07 20:00:00,20.59240096759056,-462.7042512079793,-4.976383825014019,-1.6402246566158936,-1.0653431621360014,2.159865105835967,-0.49040396136153785
1992-07-07 21:00:00,33.28672806610552,-477.5053875992506,-1.046423531327466,-6.766343842854065,-1.985777581836811,3.7097886117366516,0.12269385392391752
1992-07-07 22:00:00,17.669231571197894,-447.5973664683797,5.422818655444594,-0.6966738184630878,0.35775786445211016,1.1708082646736346,1.6046817205063506
1992-07-07 23:00:00,20.212006386558883,-451.7451318183761,2.8447772834910436,9.026106890621305,-0.5648253964469607,-2.2510866474462548,1.1559631291464922
1992-07-08 00:00:00,3.8819718281352253,-450.48925658841983,15.281221071062468,-4.172676011775549,0.7629473539484503,-0.35351049343261315,0.2868142196839549
1992-07-08 01:00:00,36.278201997267075,-415.73615582334423,19.25778816882416,-1.539391488469148,-1.5904425140302785,-2.1728146111700264,4.251350449928624
1992-07-08 02:00:00,24.621877251981072,-418.8818230311177,17.585846358921252,0.19779538692179854,1.4195304582601014,1.446116849071477,2.8043873813044113
1992-07-08 03:00:00,29.051616191455363,-446.92926047571467,23.65030232750214,15.58978793913656,-0.8332374098758136,0.9056483685650762,3.262839180949917
1992-07-08 04:00:00,2.4170289411911567,-421.69201850948855,11.32202038005146,1.5890394182413479,0.29279701685671594,0.2779768970563305,-0.02174211670132109
1992-07-08 05:00:00,14.962185054681882,-385.21149598378105,37.71445529992175,13.509626842962344,0.18292795659056738,-1.9736728000133672,0.015673086928211455
1992-07-08 06:00:00,18.174213738990073,-408.26960312991486,17.796311254775805,3.222757083250828,1.217718611717247,-1.9328683134835851,1.5972634779681076
1992-07-08 07:00:00,23.22021934979092,-377.1143872006055,23.33030735427369,11.708615418962017,-0.13436102209022088,0.0756827516962583,3.483738026313217
1992-07-08 08:00:00,16.959414737281637,-397.93920602337096,17.41989868570063,4.768994611406619,2.543902090121234,0.11416192327350605,2.0865400395290763
1992-07-08 09:00:00,9.191072103945984,-399.1324868944429,24.132428011963253,8.073827841617856,1.9580523314393699,-1.0370162690135252,0.6518782689557621
1992-07-08 10:00:00,47.756071876017,-443.8451610176149,14.130227530262173,-5.4506620634586636,-0.95079169471535,-1.7018344723017702,5.702886894015499
1992-07-08 11:00:00,8.99204792008141,-432.55546019084125,15.779525959726389,6.414920953488956,0.5930811787354064,0.11629480622783558,-1.0382516709282603
1992-07-08 12:00:00,2.085923078398515,-409.88592895043973,10.639051386985058,4.667432579114459,-0.46146658132249707,-0.14402554478323032,-0.19573461058382102
1992-07-08 13:00:00,12.655873694582128,-418.92947693732583,2.4770148028905217,-12.007436612996344,-1.458630861831184,0.1739446380160093,-1.543229376681109
1992-07-08 14:00:00,31.276511392998888,-443.16060479254804,23.652822047179523,-16.242386234091676,0.9319540334759018,2.6281474660429396,-2.4040451097675053
1992-07-08 15:00:00,15.631168594361617,-461.52345838762295,-2.375470786592688,-7.873036290068493,-0.36404036508170395,0.4638796703349162,1.621912853987352
1992-07-08 16:00:00,4.681764661448471,-469.1839800404939,7.39726168004551,-11.100426802181595,-1.5844002713800536,-0.28281459145024596,-0.4830604738075961
1992-07-08 17:00:00,26.4240719722972,-462.25212974097883,12.048859451436277,-0.3278461747453125,-2.683603824355918,3.144235997284007,-0.035923083709453185
1992-07-08 18:00:00,20.57364692296141,-460.20512229524496,6.0440988402040645,-5.1219075660966915,-0.10464844175121263,-2.1896293156831463,-0.48052230032716625
1992-07-08 19:00:00,16.27369410322638,-471.6692646420422,-0.7143983062893993,-5.7190235518632795,-2.5713469227815438,0.06161263746081119,1.6926941687330337
1992-07-08 20:00:00,26.230118606504234,-468.0640473984486,13.16373527412027,-19.414181571630472,-1.697023769757541,2.3713024851544624,1.7852764249434756
1992-07-08 21:00:00,19.252002878348623,-439.45456156996585,17.18348398132709,-15.310962823405376,0.5228530863290028,1.8147136145675757,1.5525621487202925
1992-07-08 22:00:00,31.758251872182797,-422.30286044472,5.65905398079362,-1.4905740560853964,-0.2966984920867143,1.9345880073035695,3.225218533411827
1992-07-08 23:00:00,3.9729942915334493,-427.32164152846445,11.952149085774284,-3.3704687607106103,-1.4122022803811451,0.26757442582112584,0.39372567237848016
1992-07-09 00:00:00,18.304458961607985,-423.412351906262,18.55891373638803,-2.9403763279847204,1.8565383248768146,-0.33343734707915007,-2.470978904008197
1992-07-09 01:00:00,10.92379603360716,-396.4070744082259,32.02762771514543,-6.814598877278893,0.8316711321823529,-1.2216721771695551,-0.7335076321622338
1992-07-09 02:00:00,12.680077774019523,-427.2727345337101,23.56928438012064,-1.3118301341988259,-0.9578231414032878,1.536037502527004,0.039977176667543524
1992-07-09 03:00:00,9.324847273510079,-405.1701478826109,21.817435456807182,3.838559598054374,2.891745927408282,-0.8165802572720088,0.9129243964890653
1992-07-09 04:00:00,35.44665264129239,-403.52370590621797,21.87606476210739,9.989662781337952,-1.4502609318240725,1.881515865393479,4.755288549915493
1992-07-09 05:00:00,19.09962111066574,-401.95633908660227,28.234481125662118,-1.1069609319007725,-1.2850467907008634,-1.7918267955488387,1.4431853652902027
1992-07-09 06:00:00,22.745949772140975,-407.1905914068326,38.62919209349289,-5.121066560941026,2.4039536051136547,-2.503720055238209,1.7202818163450861
1992-07-09 07:00:00,13.545941037201146,-378.44485696148814,28.85498435965486,2.5455610383988736,1.6476172146381791,-1.8791180297613903,0.3448904346817846
1992-07-09 08:00:00,28.80608010206625,-387.1802558475897,28.970160364741552,-0.33101934272661904,4.161564597156785,-2.253376420083009,3.194834496082777
1992-07-09 09:00:00,23.452255941422486,-403.96506700524776,17.287876582595615,-2.7476291741768732,2.5299701398683876,-1.89365384658817,2.3696962107450315
1992-07-09 10:00:00,33.80966438268108,-383.4145717937019,24.996401511074318,-1.254994538062383,2.259126801378764,-0.8568304291315778,4.3371981615025925
1992-07-09 11:00:00,16.85903060715962,-435.8086750791804,1.8198690151122263,7.628742713905007,4.811950805838119,1.5182153619326022,1.4837789782666655
1992-07-09 12:00:00,12.514422716000125,-423.74179046540416,27.573634541481344,-2.3699133373602868,1.8856924341400818,1.3008707970221152,0.40148134172912264
1992-07-09 13:00:00,6.030512846616479,-442.6279488822786,13.645024498533473,-15.350132317557849,-0.9654264801825315,-0.6215674242709024,-0.23097687555173374
1992-07-09 14:00:00,25.809372892099045,-410.49462395290396,8.777162244188304,-6.089277831382861,-0.7697486498748416,3.273272912036192,1.046706414299231
1992-07-09 15:00:00,16.161391044305592,-444.449953863545,13.139112337694732,1.041078387678943,-1.1776028835078374,1.6112259369588966,-1.1509804441037854
1992-07-09 16:00:00,19.116221360709456,-441.8516282789403,-7.226759884850201,-13.081574348138574,-2.204048546930245,1.742888347961113,-1.2938707334756279
1992-07-09 17:00:00,3.9779268160578707,-454.758450559586,-5.42729402886851,-6.401075219373305,-0.9260447231563429,0.27670053553298524,0.31634106084590735
1992-07-09 18:00:00,14.510961824329911,-434.096802934046,-4.69007048118854,-10.823534606334327,-0.35689315647068875,-1.3920278208092198,0.920914538169559
1992-07-09 19:00:00,34.58763234509133,-441.35666265330804,-3.4694787951852186,-7.775539453822593,3.5817021201883517,0.3581207178281206,-4.263167660679105
1992-07-09 20:00:00,23.203319952465403,-439.353323197371,11.62666304037267,-8.312929768639759,-1.7148028851970991,0.608898125620488,-2.6115952639440705
1992-07-09 21:00:00,21.4256647555371,-439.5846458090302,11.45280336417946,2.5860642392608497,2.3375613122738352,2.279891609300619,-0.6911276347132318
1992-07-09 22:00:00,10.159734365349697,-422.97357489666507,4.383316335377242,9.664354593807513,-1.0200602539850978,-0.05698270022660379,1.2223134378043707
1992-07-09 23:00:00,5.978014597274486,-420.9790602784866,22.138334572896493,-9.238893941336237,1.6397822150780685,-0.29998708306675526,-0.6398895108976705
1992-07-10 00:00:00,26.58560063414398,-411.73009181333185,27.41408515397506,-0.46118917364954815,0.8566831852847884,2.196530126398412,2.7147403708623563
1992-07-10 01:00:00,26.499676040736368,-434.86117395137813,14.591613684364683,-2.6212779103591757,-0.5589961976079727,2.2829106614751162,2.611597902840166
1992-07-10 02:00:00,28.560212635939273,-388.1162775959977,22.55332859304555,9.744415457896574,3.5139989680904993,1.37276832369988,3.243924695782632
1992-07-10 03:00:00,24.30556723632423,-384.0265746482026,22.276257430708142,1.6571734148314556,0.1429671976261011,0.5327939664052851,3.271119737374754
1992-07-10 04:00:00,8.58853484085223,-385.3886096051934,30.69848083087993,-0.10911838380847083,1.9688990374505653,-0.9803493629932972,0.7488185845072834
1992-07-10 05:00:00,9.073924333203484,-397.2933546938582,25.805694068854027,21.324238260029194,1.3505461902201885,-0.3221826992039216,1.1549604640111268
1992-07-10 06:00:00,20.6507781867438,-391.742798605801,39.467306477493146,8.996321539136055,2.6010906638978923,-0.7353604017094385,2.6582879028550748
1992-07-10 07:00:00,24.695412455098875,-409.80366059517735,36.2373443805305,-3.703110345515781,0.7155267295320422,-2.3519593075739467,1.9602872874735462
1992-07-10 08:00:00,19.08082451564645,-404.25923278828014,18.82037755892155,-5.617129083727912,1.6076812280382884,-1.8352680750067771,1.5933322040597293
1992-07-10 09:00:00,20.14250602250475,-372.2717026737673,24.474983691437238,6.487624910138744,-1.8600652608469956,0.5365034100646245,2.700571418174115
1992-07-10 10:00:00,23.073755141843154,-410.63990448954047,14.841084391763646,-6.566599767331467,2.9908145795484016,2.284450547627226,1.9944252256937172
1992-07-10 11:00:00,9.837205783845013,-424.81117326776285,19.331124578033617,-1.656880009422991,2.831680416058578,-0.8445397241477632,1.0200230145615974
1992-07-10 12:00:00,2.6423743816379437,-420.3464239493605,23.542702306528962,-0.5519830217949604,1.6748375252784322,-0.4072040687572791,0.026069982609412845
1992-07-10 13:00:00,14.207976113801152,-434.6973757175774,25.85353113935094,-29.73873874967148,2.134686671322145,-1.135422396794361,1.4319942257691243
1992-07-10 14:00:00,27.723854145637947,-456.5459699482473,4.047788506602962,-0.7122139790917741,-0.06919858401329959,-0.3762409377955987,3.0125617901130792
1992-07-10 15:00:00,8.128439269284483,-439.96617773671574,6.146211376710038,-4.785258273011394,-0.028519058907932604,0.8618943016319511,-0.3336720514727768
1992-07-10 16:00:00,21.129825530913255,-459.1214815470105,-8.260121788882605,-16.48766437147596,3.7125710317482974,0.19716081689450743,-2.403524167660918
1992-07-10 17:00:00,17.05862611770833,-455.33339943307215,5.907100392343413,-5.823603100881936,-0.2737434751431006,1.3638702220076073,1.236409472815354
1992-07-10 18:00:00,23.45880405019543,-440.0351657276769,7.170445240728814,-14.541800632491206,0.810543093843682,2.5210093996429612,0.9573622462035597
1992-07-10 19:00:00,13.562585670968529,-453.2780727479893,8.019713109008496,-5.024887990504558,-1.0445769695515674,1.513207548222283,0.04896278438454971
1992-07-10 20:00:00,26.71359346081772,-434.67945711734774,8.258543883517834,-19.881435604764135,0.0013260813119037596,1.0755385317516406,-3.0410747170616905
1992-07-10 21:00:00,11.437539371759915,-442.59585559928087,8.06249077368204,-14.016876229859157,-0.6160155828413287,1.2595767282002006,-0.3511765911523246
1992-07-10 22:00:00,18.163739604339334,-455.1431536555336,1.8338354599990012,-6.021322541011163,-0.5401540369071769,1.930299036701642,0.5058394087985112
1992-07-10 23:00:00,16.888730555457,-450.04850607585695,1.7216162005179259,-16.395532672641682,-1.480913825415343,0.16842826418627155,-2.045362999112958
1992-07-11 00:00:00,20.782955761961013,-430.2075507082786,13.061009702190649,-0.11213225527600112,0.058009135496852604,2.410554740566946,1.3959747439331611
1992-07-11 01:00:00,5.783190740698091,-439.95373783252097,10.17782195890675,-3.095475568998144,-0.3883921687552016,-0.3059868578056393,-0.5793852044446968
1992-07-11 02:00:00,11.002347908833555,-411.1608640177373,35.131879180616664,7.470445808806893,0.7814713066215009,0.050024949953954484,1.31399433615675
1992-07-11 03:00:00,8.940431926248866,-389.867633864789,21.388933359003552,3.7110209740181768,0.23037327811816521,0.8656388094088899,0.7589998492145149
1992-07-11 04:00:00,11.20034298326825,-411.5740539071868,32.02127392789544,9.845855835252333,3.084280789920956,-0.45892572366677364,1.2646932262624908
1992-07-11 05:00:00,21.306244090119616,-407.81088206856106,24.53871980448835,-11.631499157986338,1.0816120915016638,0.3147738338348197,2.7093033420610353
1992-07-11 06:00:00,32.59216742046601,-376.998370897643,28.733437555547315,8.105447370121468,4.165902139486558,-2.4670503711281384,3.880800463262105
1992-07-11 07:00:00,22.534722313027284,-394.15428087646256,16.82252710573334,5.553788692790141,3.1164822985379734,-2.945772838451537,0.43335967121399366
1992-07-11 08:00:00,21.02657652298216,-402.6083469847226,35.42227557744583,13.69567280650935,3.253670355834391,-2.1431169310287914,1.7116807277839259
1992-07-11 09:00:00,10.887557432081842,-402.18329556433315,26.002600356627717,1.2632079948573172,-0.0977020396644043,0.7173642486377941,1.1497984027721355
1992-07-11 10:00:00,30.192273321173577,-420.92839345925177,23.45033413825302,5.811631378296906,0.7889285925855088,-1.9696724942116384,3.304184990485221
1992-07-11 11:00:00,8.383468717830354,-408.0308818117788,27.43801692743424,-4.086234686304367,0.9867770917423712,-0.7434423635026471,-0.7604967273378216
1992-07-11 12:00:00,30.872526247466837,-426.02197609617747,19.429864760669705,2.3549213741756967,-1.2106254316079779,-0.489006002923169,3.729444908618465
1992-07-11 13:00:00,19.4902612213704,-483.88043675768665,10.781584714847474,13.076804283328196,-1.9734380821705226,2.137760580763349,0.91450009676181
1992-07-11 14:00:00,12.947079675684998,-445.31557027080135,0.9066023407694906,3.125997266786026,0.46171989900070254,1.4903350085305969,0.0027315914363723603
1992-07-11 15:00:00,9.335614290004857,-457.5320351021594,0.09015328718905591,-1.8412925944730054,-5.392191474672907,0.4716659864602313,-0.9323327684392659
1992-07-11 16:00:00,24.374240708560784,-491.73847868198146,-3.4237525796696473,5.6987992116535695,-1.807594079554869,2.5145046757728204,-0.974876833664714
1992-07-11 17:00:00,19.27516526772542,-455.60207449748594,-3.7842130797833544,-7.734328914233221,-1.832768678222893,2.0085981377076196,-0.6453614300175629
1992-07-11 18:00:00,15.301265347442719,-475.1559456505024,-3.6491346093743537,-9.716099052227971,-2.074182306405791,1.06553689706718,-1.2348789181561681
1992-07-11 19:00:00,39.39059196295869,-482.42558841723815,10.114607188958944,-0.9987620410118572,-1.5665497918178704,2.257520673114724,-3.7910545215864815
1992-07-11 20:00:00,19.130185119931486,-502.9437164963927,-10.163121250446423,-0.017461913128228534,-3.3140116431886057,-0.5940230199511587,1.8268423731948409
1992-07-11 21:00:00,24.861160604225116,-468.0709032010389,2.9220938096509324,6.87712684934904,-0.17072425895058796,2.8128022804389086,-0.7767882116524093
1992-07-11 22:00:00,12.265272981043687,-462.2583643200078,7.598476009504692,-7.163273462679685,-0.84364446102997,-1.0536134070401186,0.7746581753417633
1992-07-11 23:00:00,5.341899860613235,-446.4648760112497,3.9531829879257163,0.494849021685672,-2.2807496225657182,-0.18929953401939248,-0.5578164816094691
1992-07-12 00:00:00,20.818633818042777,-444.968629749527,14.110102217065226,7.023259290813015,1.8306589170823793,-2.1548712210228853,0.9122156795117169
1992-07-12 01:00:00,13.370525464046358,-441.93767325101925,4.2378622792091525,4.695645756912606,-0.8496916109069793,-1.4732251979862174,-0.2970437568166566
1992-07-12 02:00:00,8.40942160329425,-446.5533056199356,19.506000967450433,3.701632171571883,0.3087723850275087,-0.44621174254364904,0.8327485560577275
1992-07-12 03:00:00,8.47175564034806,-434.24170445248296,19.221868645223022,16.07950814951928,2.134414951974626,-0.43380781124414514,-0.9931530469637193
1992-07-12 04:00:00,28.25050960121215,-417.0592503593278,14.93628691441662,5.7645180234105755,1.4811765636724197,-1.0845553894669233,3.235720281694116
1992-07-12 05:00:00,26.349412527162688,-448.40352220682956,11.450900637100453,3.7714108056752607,-1.9317412518460375,-2.6362428808501104,-1.4863680924459786
1992-07-12 06:00:00,37.192662934570635,-430.3141107166522,6.67476217524301,16.220973079950426,1.3608026774804822,-0.4618131803874162,4.698899239898463
1992-07-12 07:00:00,25.42452680944513,-424.2810122089335,19.74003319362748,11.376348692688932,2.5854339978284244,-1.6466585421705935,2.5039117271176203
1992-07-12 08:00:00,16.75991489914778,-428.55790616394125,29.531594935684453,18.554500100359196,-0.7790012544736421,-0.28096301521688544,1.954658383039345
1992-07-12 09:00:00,32.45841753486926,-423.068375169536,20.05761734845741,12.878148469981934,-1.10459296770655,-1.763046251304321,3.52815887751973
1992-07-12 10:00:00,20.218914351202695,-412.79026344599015,8.3552420336147,1.5829886924056153,1.329118769683992,-1.6299612658912404,2.0657312925198372
1992-07-12 11:00:00,17.672471661916028,-452.48628851555793,14.339391110739166,16.341697256464393,-2.9499076177961823,0.036175238526248654,2.297359555063143
1992-07-12 12:00:00,6.192608875457203,-459.45487423992,1.2346867295324087,-4.765639540260823,-0.039687864289749575,-0.6670290390046372,-0.0954424688543003
1992-07-12 13:00:00,22.24476023904702,-470.0040417065452,3.501454694848417,2.935797475987177,-0.45399453272313334,-0.3049968757073282,-2.513196933105377
1992-07-12 14:00:00,21.335427559592194,-503.7218310376569,9.673333522148837,3.1528401070458587,-0.05810364185424899,1.4048447330781018,1.8767102349700608
1992-07-12 15:00:00,16.597857782700228,-460.2663747857655,-3.8121674252826416,10.7350670111439,-1.5701091830931682,1.559600423785017,-1.134490740055715
1992-07-12 16:00:00,17.667405487998813,-478.4690622063898,-6.514855745589576,-3.4500495134103533,-5.237610897655078,-0.9142247606688662,1.604582399365371
1992-07-12 17:00:00,22.1985199912082,-476.2050744585099,-9.325419338582096,3.1765521400699317,0.3895352678650408,1.2752345809613326,-1.958304657960943
1992-07-12 18:00:00,1.3985779509475433,-487.56092992615106,-11.911016231322373,-9.117384050761522,-2.3796347796640127,-0.06754783503847461,0.0985704537266403
1992-07-12 19:00:00,5.690586837279993,-474.5173977094921,-19.965769377722868,-4.021960245017125,-1.2117828421996886,0.053436064726489096,0.5796993618614893
1992-07-12 20:00:00,10.393004816380962,-488.01056100981907,-3.6176911963175877,7.0459875796896965,-1.4270532145575956,0.6611444629840216,-0.8056200924751595
1992-07-12 21:00:00,12.088882293575821,-469.50417919681985,-0.4948339700661535,-7.21931537864024,-4.910675712489663,1.0551819955969264,0.6544387522937722
1992-07-12 22:00:00,23.722170021690218,-483.3267392281887,-6.415254674258213,-1.0816688827624379,-4.036691940489925,2.3726761987826603,0.5599552676340048
1992-07-12 23:00:00,11.418927718947812,-448.83135068497734,-7.472724272943414,3.468548308094534,-2.7013112944136566,-0.5814525153365193,1.1741906748541586
1992-07-13 00:00:00,17.263550845916235,-476.8343605672565,11.762011459370413,4.621005218820515,-4.449304501727074,-1.6367387638608275,-0.9654268195054381
1992-07-13 01:00:00,25.299330207665616,-441.4018396584297,5.315588786881199,-1.3104386753822217,-1.1174178035752909,-2.871004760193373,0.24714663150127336
1992-07-13 02:00:00,25.528253595090238,-440.767464642492,14.92768556912089,15.224890072939353,-0.6515092495824757,1.3247981631178245,-2.605287937230452
1992-07-13 03:00:00,6.959070081820417,-426.2642685114963,21.294705130189925,3.9291181732853486,-2.347620534431605,-0.512109450820863,-0.49777072464562977
1992-07-13 04:00:00,21.636291318796133,-437.91829360016357,26.55119260139255,12.275369610017163,0.2065227948657492,-0.7026324571127691,2.4420737793014604
1992-07-13 05:00:00,14.221914123930171,-441.6303279046652,19.063248423526773,16.793554995057285,0.8409803731164007,-1.4569916709151263,0.7208621360040586
1992-07-13 06:00:00,14.472872331774463,-438.1575583806987,9.294082098253941,18.185139935408316,0.5044390916357735,-1.9209947176138802,-0.09982702829228207
1992-07-13 07:00:00,21.39563500488003,-435.3403955778919,19.55930833284279,16.748421892431182,-0.6957372587324634,-1.1508951554735063,2.5342184889633756
1992-07-13 08:00:00,25.63101757549157,-436.190832663009,16.412403482902178,16.142717982058414,0.5789547459242534,-3.1862633204682043,0.6830309952004021
1992-07-13 09:00:00,29.48055998905427,-452.9722077306543,4.96346797193989,19.748610013994295,1.352608190442178,-1.3643861055696809,3.269305004848645
1992-07-13 10:00:00,22.25124602676071,-449.3597045538854,15.610030474004159,0.2532839723681368,1.2185427824878436,-0.622473162160825,2.4048060414442447
1992-07-13 11:00:00,38.422171528674454,-479.7396013590238,14.301063257488543,12.305770232785875,2.3477797337134185,-4.537989294532437,0.4880784263001814
1992-07-13 12:00:00,17.256992382859682,-465.50455714531444,1.9246707176661895,13.159111803439504,-1.7177338569020155,0.1804133494400465,1.8940148831628139
1992-07-13 13:00:00,5.642593518666785,-469.9188045658783,7.105790956290982,0.5843781430523212,-1.9589084786664195,0.4074868422203394,-0.46405800518456
1992-07-13 14:00:00,8.144135041988978,-445.0152068324015,2.451687302030754,8.811543879274122,-1.7451708626842395,0.47437939483823965,0.8227611180301084
1992-07-13 15:00:00,20.956589713469235,-456.57198950592704,-4.600648646528329,0.5632424378174772,-2.0971577405923525,-0.8876300395036096,2.4167102381047334
1992-07-13 16:00:00,36.304925497271334,-466.4690059477589,3.3679571847849363,-1.2526472224824587,-0.8207678738804496,-3.6888364513883016,-1.9083455282633142
1992-07-13 17:00:00,16.55704682064678,-476.0809708513275,-30.86330459331955,3.4242880928848543,-0.8974393645334059,0.6383612023732051,1.6437906473761448
1992-07-13 18:00:00,5.421295400164459,-488.7250181202141,-13.697465358129321,-13.271275122403297,-2.135441017523477,0.21514231706982256,0.42363941735536287
1992-07-13 19:00:00,13.749647120625628,-512.2653214398765,-8.988289273875022,-13.112212887944715,-2.3074722539306163,-0.8564904084602518,1.005668622936084
1992-07-13 20:00:00,14.798802564344863,-488.5897755767914,-5.9836513259793565,-5.41917929706576,-0.6643255181864172,-1.2641561850703873,0.8384170129484212
1992-07-13 21:00:00,3.4991580103473616,-484.53947625756575,-14.24389736195582,-4.972365589408549,-1.0645777381516375,0.04394139967505151,0.34210009104011874
1992-07-13 22:00:00,19.790055865116464,-482.66389124923876,-2.2431664918311354,-3.674977729820686,-3.7713886038220736,2.032409648185163,-0.04786808156645228
1992-07-13 23:00:00,20.66043477454611,-450.6027536521615,-2.3969954867927106,9.42171609186287,-1.4011646249892011,-2.234450888473372,-0.5126861165452368
1992-07-14 00:00:00,34.45898634402976,-459.5572676184205,9.13363601476939,0.02722411839515182,-0.37224424574544235,0.5685914645251184,4.040729367308081
1992-07-14 01:00:00,13.854860916373502,-459.2162152193668,11.267464054857644,11.464287172643543,-0.5766507703832102,-1.4833533537593024,0.7459347780849761
1992-07-14 02:00:00,24.269640803985066,-464.32278867352994,2.9555598560399865,4.993644066359298,1.4993393257839704,-2.9039830403892593,0.3618531143676822
1992-07-14 03:00:00,38.232272787512144,-412.368452327356,13.509581440711717,21.48965046994356,-0.3223652753174443,-2.245376881497204,4.416247907563261
1992-07-14 04:00:00,11.88458689244251,-413.0166005003209,20.540472683548916,10.86698251690704,1.2223516674887358,1.2362511657757165,-0.6514192325853294
1992-07-14 05:00:00,29.263978262909546,-424.69405109353636,23.839803343967624,16.42275879917707,0.8355515200262863,-1.1114189002510992,3.5029603584501507
1992-07-14 06:00:00,27.08234221604168,-415.8943470411041,18.825853799496652,33.48141728483074,-3.306009686963623,-2.913239436886113,2.3427607905612495
1992-07-14 07:00:00,8.983211354442897,-424.39638449992066,23.684097638881543,9.09637620790496,-0.29071021696851707,0.7077115032272909,0.8068936459391026
1992-07-14 08:00:00,12.70262356863987,-414.0136010013639,10.390703510270425,17.9674133429603,-1.7846155801491115,-0.7301279989627443,-1.2465273125769518
1992-07-14 09:00:00,14.122102115412329,-424.34131078367517,4.180083053586101,1.3630539515667683,0.9348462572746051,-1.823353935769369,0.5092975777909519
1992-07-14 10:00:00,38.66710469852983,-441.3924413046506,12.701339540229668,6.9827335174002485,-2.935242953683554,-0.9682310019977961,4.686442545696895
1992-07-14 11:00:00,14.138089148160027,-450.62172881675906,7.261222343500316,12.318575521667901,-1.4933707078142031,-1.298653017060058,0.8827656289576079
1992-07-14 12:00:00,21.28960187581064,-467.5423618235297,9.813209637857643,2.1503937020254247,-1.700174903005962,2.256916084304204,0.507571306690916
1992-07-14 13:00:00,22.61086799362935,-460.77457967682113,4.568187418664085,7.5132909312841,-0.7263085447568214,-1.0862223449537565,2.3614444969367696
1992-07-14 14:00:00,5.282067030347831,-444.941400661304,1.848656901010873,1.239895379018661,-3.1919954591493633,-0.5319372695358342,-0.22579888375150192
1992-07-14 15:00:00,18.303799350939652,-494.4331656412786,-7.026284343628421,1.5622679983783216,-1.3541930821453467,1.3240944582208978,-1.269065925027864
1992-07-14 16:00:00,23.003296110218624,-464.9505920460109,-8.083380688988761,-3.3504477220973348,-0.736717002896676,2.391338201166575,-0.511863744942019
1992-07-14 17:00:00,13.615085115741625,-467.35118861573073,-23.357147088567583,-6.82852557686198,-1.0685017280401836,-0.6450418740068481,1.3133259993048934
1992-07-14 18:00:00,16.438457731247485,-483.7154744252681,-3.7037454546267243,-6.403104602142777,-3.035057901610017,-1.5932483631713978,-0.6898345728926212
1992-07-14 19:00:00,11.377538993415845,-496.48998314082803,24.902785395066605,-7.272472902995322,-2.6832867241662908,-1.024465986389593,0.2256293211885858
1992-07-14 20:00:00,26.343683570829526,-478.31204999280385,-4.547581189169524,-10.369797806817349,2.4367336208533095,-1.4146140561251797,2.691276095600801
1992-07-14 21:00:00,16.825608153182138,-472.7425137202648,3.195961136311994,4.35058699920574,1.8068741827093324,0.4645001193788072,1.7129101035975995
1992-07-14 22:00:00,4.733374483129372,-448.3544796975462,-3.7141278793805363,-4.24455651272855,-0.22889033286846353,0.4670345814347494,0.24018625345367128
1992-07-14 23:00:00,4.381094719656074,-441.28873113911783,1.860067799941241,-5.414608186043466,-0.24879991316347871,0.43001401253682997,-0.2528162080107248
1992-07-15 00:00:00,15.485084521967579,-444.5118261523128,13.868751394959324,-1.4397802715800396,-0.06808326010360617,0.4248944627904663,-1.689162756618993
1992-07-15 01:00:00,16.612746919992148,-422.9635796438594,28.89546815263072,0.2422114777917764,-0.3840479644863725,-0.034539027392466476,1.958563020529569
1992-07-15 02:00:00,18.36204055402413,-436.07235636217723,14.84132837566568,14.521649670524905,2.2842395911708526,1.0056098553829804,-2.1809175842998405
1992-07-15 03:00:00,18.70963940229639,-416.31502793982,19.99456647150423,14.370314083400174,-1.831494744682697,-1.54529897560312,1.610351285274544
1992-07-15 04:00:00,29.71123420112703,-394.5258473944268,34.43238212247753,9.081938045558825,0.4781272983804556,-1.9602995766393836,3.3897926462451666
1992-07-15 05:00:00,8.340660896581891,-412.3811623677648,26.479735232606835,7.463590664907892,2.827603334381418,0.3807235696610184,0.7882329583042949
1992-07-15 06:00:00,15.897180679860048,-407.07310037307576,17.428204599050574,10.396987385833276,1.6985193260669833,-2.0061061255371504,0.22316080188384624
1992-07-15 07:00:00,12.24437255387436,-426.59863581815637,30.760383507822816,-6.2628841373079895,3.858151416996913,-1.0967545881934027,1.2438088838150319
1992-07-15 08:00:00,26.704568706976108,-411.45789821295824,28.77895258102985,6.579279370906313,0.20755956662179093,0.0019497345255027054,3.233864525336605
1992-07-15 09:00:00,11.74482046648743,-405.4094219576612,7.106250241091233,5.641577536064242,1.673498616714173,-0.6184228241838934,1.2996559403439432
1992-07-15 10:00:00,15.128221407323107,-425.38522992616805,19.64860144142118,-1.363749998759069,-0.7052020194576042,1.9633611592147164,0.4941696477826296
1992-07-15 11:00:00,1.2565956262667857,-402.8317452860675,12.714598021211216,4.84696418724462,-0.3541786639645364,-0.13354514622829802,0.06230373289014013
1992-07-15 12:00:00,23.971112385725224,-421.91724614194754,9.37693674116832,7.592005961003647,4.101912787424514,2.825360805780811,0.7076473323751649
1992-07-15 13:00:00,8.91471639875761,-437.4008594455592,9.959127348431668,0.7731908840047583,1.2363873553363143,-1.035632272041139,0.15087814987076076
1992-07-15 14:00:00,22.014208221858468,-430.8310495330832,13.608207955086902,-2.5909498950846652,1.4917981146488297,1.2480903868053894,-2.223991460800285
1992-07-15 15:00:00,24.218661246632095,-432.1099080030567,-0.3257009156837114,-8.998940803544247,-1.5359268819550569,-0.8272565629187978,-2.8230342244331164
1992-07-15 16:00:00,25.79388463330833,-435.9927940412646,2.8753945445975995,-9.943586263850541,-1.0860889029902987,0.9390933900217224,2.7823745866239187
1992-07-15 17:00:00,11.904411288638046,-471.7840244610058,2.147763695631268,-13.501461943221628,-3.7488601417655047,1.0143768334905745,-0.9839486040402359
1992-07-15 18:00:00,21.915791205833926,-467.88614061076544,-0.4875838087130089,-18.73244651547761,-1.838309839153567,1.8753617377951681,-1.4696600078854547
1992-07-15 19:00:00,10.340245665406197,-455.4791775788737,-4.993662088892679,-4.982470556553414,-1.3933976749738917,-0.667850510360068,0.9133526753108541
1992-07-15 20:00:00,12.233405259977324,-463.23209019210566,10.57484498339542,-16.136835117516274,0.7207382974656321,1.2649819275850829,-0.2912565398328062
1992-07-15 21:00:00,16.88693073575242,-417.5466303248891,-6.069999751689725,-4.44104656479467,0.45167333150120936,1.865968083995989,1.0403357849997728
1992-07-15 22:00:00,13.269798956284783,-468.57303284117774,0.21916771306440008,1.938050295988103,1.6052887527614406,1.3713505681031206,0.3430833196771279
1992-07-15 23:00:00,2.3327555694301165,-429.6586868469788,6.940456065821207,1.053878880990815,3.5168169950167165,0.23517906001478572,-0.03376459557399669
1992-07-16 00:00:00,21.115798727305098,-446.5409056829894,20.08545806701122,8.415423842009433,-0.8824560489349096,1.2892677288189107,-1.9873416495398852
1992-07-16 01:00:00,4.431426009468568,-432.45502015935483,13.292702719518173,-5.409151889829811,-3.0809732843078677,0.6054761063402274,0.0009829317249467895
1992-07-16 02:00:00,17.238030936655022,-389.0710669238053,31.35667534635396,4.129456088051103,1.677176458101852,-0.6374969795374471,2.132368703937965
1992-07-16 03:00:00,14.331850560326945,-403.5711231658644,21.6933421456536,10.692672158628838,2.901897518778841,1.1027594585182712,1.1750175585648535
1992-07-16 04:00:00,19.605050081497858,-394.87138404040314,18.61763008738645,14.474956018764743,0.7441809434543345,-0.11073968764131925,2.4511420911138586
1992-07-16 05:00:00,1.0979754694029775,-386.2024649850138,34.144162320876674,-5.052256241525917,1.8375364528243956,-0.024037681694305313,0.056059458765047476
1992-07-16 06:00:00,16.660363853208597,-399.08314763300905,27.86688757850069,-2.0884708802239205,1.2842417407733688,-1.1087209018905608,1.824331364349584
1992-07-16 07:00:00,31.80081400700192,-383.7995989934829,30.303434383367943,5.375359077019,1.8756611767872737,-4.231545735172732,0.050664902235366016
1992-07-16 08:00:00,8.108512694169836,-386.42640911943363,28.601647449376365,-2.4069029414808334,3.7141163160031567,-0.08294551693883223,1.0516878620292207
1992-07-16 09:00:00,11.510440001616367,-399.8530910958724,28.218690934527203,0.9073160986387592,3.8952953167606017,1.1274894434491927,0.31457366233212003
1992-07-16 10:00:00,17.923814634499266,-411.45003815998837,9.487340282675856,0.3510360745006986,1.9094366856338718,-2.2580288976747798,0.5318805561527382
1992-07-16 11:00:00,10.580607120174434,-409.83706026258534,6.919904990254184,-1.1377227318791467,0.5630342184475445,-1.3073669533581211,0.6728802411601452
1992-07-16 12:00:00,29.328797047703365,-406.274037359215,16.504691113404043,-3.384670132148294,0.9952551702718475,2.951444678684334,-2.314863638497294
1992-07-16 13:00:00,8.879975597451914,-430.51471086119375,23.387066128192995,-9.475740935340273,0.7485925996336409,0.46100553670334354,1.0191807357278921
1992-07-16 14:00:00,20.470822494172243,-436.57725629491006,20.247654798595576,-11.698386964143971,-0.9585150241369434,2.4119437737619,-0.4794818408983561
1992-07-16 15:00:00,15.632689798362494,-461.43751232837246,4.029959791911399,-14.200797552164579,0.0928716078801205,1.6338027090774978,0.5358896000315709
1992-07-16 16:00:00,20.27102466849688,-433.02409721756834,0.10474271426271464,-14.837950432248096,-3.499724756769183,1.331742799106681,-2.06158574387052
1992-07-16 17:00:00,26.423488439202732,-458.4764408676643,-2.419438602756692,3.4069391573207106,-0.5391121562757267,3.05456258999899,-1.4089178980563584
1992-07-16 18:00:00,6.054712899526312,-436.25958363056856,-3.312838240285229,-11.470783493471316,0.6984607611671749,0.6743525291447042,0.20182308637099067
1992-07-16 19:00:00,26.068453236444235,-441.26217049473837,5.8723835792303944,-10.582035236463103,-1.6415395833798758,1.2119133998283742,-2.742867495227789
1992-07-16 20:00:00,11.864589566784883,-427.0328404851332,-2.265666244195134,1.4880690427810404,-1.853897797671124,0.29986178621797477,1.4414884890157749
1992-07-16 21:00:00,14.301280810437369,-435.0618870695146,13.946980263505207,-6.197714910476346,0.16297116282026658,1.5669440072088094,0.6501418504223562
1992-07-16 22:00:00,11.831846473920159,-448.55878400494635,9.331684207476862,-1.2929725713765992,-0.3191523650843128,1.1057697554765733,-0.7297521894261727
1992-07-16 23:00:00,1.6206971225279312,-393.0787352013083,20.38413417610598,-5.13514643390491,2.743257928002042,-0.13684111046337155,0.2416405262512077
1992-07-17 00:00:00,10.324842416356288,-402.0553761452821,12.353190742101543,-0.06139659237168971,0.5727968536074811,1.189907097569011,-0.4362940852429601
1992-07-17 01:00:00,31.57903055046687,-412.7329708610519,15.94451052670667,1.409205072940086,1.396222122378468,-0.05039706168121438,-3.7903771058969093
1992-07-17 02:00:00,13.075279726994957,-415.9369017153104,22.929470869642756,3.275124064549173,1.1432920324228264,0.6195704738424872,1.4049661473807087
1992-07-17 03:00:00,24.423584222884735,-415.9068823549634,35.12584441620375,19.328389302456078,0.5778105088348899,-0.06887763411543191,3.07882110970207
1992-07-17 04:00:00,11.949067932319457,-372.20526797105293,27.252493274754258,3.997481848514189,0.37873855848273474,-0.6532596441941032,1.4697539805516757
1992-07-17 05:00:00,8.128649551568987,-396.2256346056575,29.402118058032737,-0.5794898138346607,1.3467795551694275,-1.0961464316797331,0.2458481204212486
1992-07-17 06:00:00,19.220048305768533,-386.9818297645387,37.550938269857376,2.971602822390917,0.0003293472210476045,-1.249126850100892,2.4759237356896646
1992-07-17 07:00:00,12.990220711139461,-380.5942578808622,33.89370521163036,10.713032136796905,0.1101494640252293,-1.199245100487696,1.212440085139125
1992-07-17 08:00:00,12.502475610712462,-392.05278295415604,15.383585451028857,7.656075429473605,2.0069946965293175,0.1865948912330334,1.5329494721496024
1992-07-17 09:00:00,14.898837624189344,-393.94398619269344,28.12250979916823,13.35692299996072,0.7885590355354222,-1.7470447173816415,0.8155777120670085
1992-07-17 10:00:00,4.3694743018229145,-410.49019875753606,37.47351734913164,-8.937627109473782,2.768814171342545,-0.7784974858771094,-0.02043223419990381
1992-07-17 11:00:00,32.49778992855837,-405.41534052881053,19.280998271323696,-0.08961608635743268,2.586434115279827,-4.590350489994446,1.390867383057646
1992-07-17 12:00:00,19.328440320492998,-409.03881487733315,18.714941472546595,5.839692177118788,1.2909987376784955,-0.40403338814653933,2.513891476556055
1992-07-17 13:00:00,15.488463613244988,-434.2307290013193,14.506966340225386,-5.419754227747671,-2.0815972743570996,0.24779845687821728,-1.7995707312454141
1992-07-17 14:00:00,22.962545484547782,-435.2843232066663,-8.26700113109053,-10.14845775283235,-1.7818654404329184,1.5695444868562127,2.301678314323122
1992-07-17 15:00:00,23.308278047382654,-452.310507451243,5.100835889164167,-1.2451197243968237,2.220649922045736,2.4450067295914284,-0.7271084157857247
1992-07-17 16:00:00,18.31617028082333,-448.4902783557536,-4.372789531895095,-4.198968689989364,-2.154987183858113,-1.840119023360372,1.1580487069160974
1992-07-17 17:00:00,15.323479514280109,-435.88139892287353,-6.906332129375955,-8.839099859692473,-2.317725644385188,1.8503389267285322,0.19345084432711435
1992-07-17 18:00:00,18.445898289818434,-452.0054250813048,18.53331526472738,-11.272042020729355,-2.0515125882560863,1.9755278670183296,0.7103250822455348
1992-07-17 19:00:00,12.364964071592597,-462.67449819826817,7.330298395339599,-4.196937475340118,-1.5665827014931497,0.5892935949256335,1.1967144401220136
1992-07-17 20:00:00,19.53878142089126,-455.8103061164969,-2.4308958138903476,-15.582865241800254,1.792606215298028,2.2721714757009845,0.325102548502493
1992-07-17 21:00:00,21.498660874278475,-466.8452554890674,12.222760773419033,-14.492209523914624,-0.008830879073170317,1.902445639263982,1.5039531459683912
1992-07-17 22:00:00,2.607505301505427,-449.2842742849245,-6.596719856381126,-10.79275144183556,-1.6485614824224157,0.2504541414572095,-0.13290579537975877
1992-07-17 23:00:00,17.47628753332583,-419.50232242056023,-0.8690137091808166,-0.33909845283018747,-2.321371745073644,1.20122857075936,1.6964366570854637
1992-07-18 00:00:00,15.976844256398309,-408.24992013818223,20.02601796236926,-8.852783218277814,0.31867246581891256,1.7278427217088417,0.8915375055629584
1992-07-18 01:00:00,22.013847392303482,-450.6226913334738,9.60912561123964,0.16339242446861713,1.73487475280168,-2.607211108020124,0.06866207019811499
1992-07-18 02:00:00,17.199232105563336,-407.2691480483497,20.603593431904805,4.729312737385022,-3.261449472524728,-1.701094670357506,1.0233456145145368
1992-07-18 03:00:00,23.771908889559594,-409.2285170630706,18.03189961676624,8.755334293958645,-1.8901321385439813,-2.5251342215957724,1.3354913779781485
1992-07-18 04:00:00,41.18198586074497,-433.8086167530421,20.474842946017297,1.5221895920227357,0.09299178429985192,-2.6225439422375487,4.474932674610155
1992-07-18 05:00:00,35.41170985953856,-399.9500771856873,29.240290058405563,8.272243719522887,0.4250492500294616,-2.8606587178866105,3.904635507637212
1992-07-18 06:00:00,17.273705432944944,-400.3738256901991,23.617498065317122,10.182737729098124,0.9825236099264373,-2.1265320601083606,0.5805667448247624
1992-07-18 07:00:00,18.465721864613393,-398.2267356117657,17.427364978503295,18.449168565892343,1.410362909410622,-1.4373297624704384,1.957738153943943
1992-07-18 08:00:00,22.935841642123204,-430.5738032315581,30.524485654175507,4.133089454613394,-0.05451588118528754,1.7299497929752592,2.0851493699370005
1992-07-18 09:00:00,38.09344842429053,-424.5208887562633,25.62355429525131,15.384798526972167,0.35874140273728655,0.7806113519939103,4.719095211186108
1992-07-18 10:00:00,32.48697791225,-417.80944806817615,12.631192343349648,2.151894691027376,0.835187430408561,-3.6882885183223806,2.6416657829518697
1992-07-18 11:00:00,22.584556016998345,-456.2956402970323,18.146233063316835,23.9032896606719,2.002469057357368,-2.102763012864677,1.4766539321100876
1992-07-18 12:00:00,21.61231639432454,-418.4316348380924,23.194690772220984,-6.287197337114542,1.2397382186409247,2.5091069713950995,-0.7944830244839446
1992-07-18 13:00:00,17.370859585874307,-444.01031896754205,-5.822388392232035,0.37782334584112964,1.8711785325010641,1.7790724031750191,0.8632171143557444
1992-07-18 14:00:00,23.912019513888346,-464.43334631188395,2.3914927711880294,-3.0987034033617515,0.002076702452444165,0.8850583300505995,2.5539818412996635
1992-07-18 15:00:00,34.09894283162525,-444.14185895420803,-16.815266881755697,-7.112174824889149,-1.1774464303099663,-3.244033454129319,-2.4889528785365336
1992-07-18 16:00:00,2.30828907257335,-451.7613108106156,7.631974217977591,-0.3123860677194237,-0.9182404808244987,0.2607513427459622,0.07094966340062947
1992-07-18 17:00:00,13.819017971144817,-479.4063494227133,4.060665712169318,-3.6920292344859362,0.108377565857363,-1.0040504467609368,-1.033908787431671
1992-07-18 18:00:00,17.475671202076068,-489.3955470049853,-11.396433348619855,-11.551525770021904,-0.12421414192153046,-0.2590217723664082,-1.7718544840057766
1992-07-18 19:00:00,9.260572739544779,-463.42051710096194,-18.913698273887505,3.9452070820804668,-4.090634282851489,0.5455521230230375,0.7344306609057598
1992-07-18 20:00:00,2.1201250293644334,-432.006479955441,-6.758465085349757,-7.048968331793606,-2.4203681050069994,0.11118565358497512,-0.23434070755487513
1992-07-18 21:00:00,8.203149933895013,-465.16647033225564,-10.844270754114579,0.28809177483197823,-0.5651520308962121,-0.8076473278493941,0.3827302559029093
1992-07-18 22:00:00,23.241769968048185,-468.8022623152198,14.500043602560737,12.902268550922669,1.0902890026732905,-2.5115674565386468,-0.04985799607408681
1992-07-18 23:00:00,10.422446918043695,-473.58434501465706,13.585386204959132,-14.142101686247829,1.6410399837256708,0.922378112151946,-0.47137771179001897
1992-07-19 00:00:00,26.097109567560707,-438.1107417295117,2.249744592570259,15.927961320018914,0.8468196257843108,-0.8998829119697123,2.8825946492231544
1992-07-19 01:00:00,31.542179367674436,-461.6916094992358,11.35074130897511,10.368927196150675,2.206120005343067,1.6439401237231381,3.2224272378498076
1992-07-19 02:00:00,28.333921523929007,-426.6470114492789,0.8409121929402898,-1.8020224249028147,0.3667270760086757,-2.509928411378108,2.2773675437676877
1992-07-19 03:00:00,11.439484205587897,-422.8821961396736,17.122140250961536,19.791854387763127,-2.4951466729539837,-1.0345905352884879,-0.6175569947593084
1992-07-19 04:00:00,4.926698376829853,-422.86484848024,15.086518301698238,8.718824519819323,0.8852603626347852,-0.3192068322840077,-0.5856437931105872
1992-07-19 05:00:00,23.061375397558283,-428.0868596481988,21.871178606247966,13.494017567902477,-0.5503177578007011,2.3934262905983994,1.6621634238175522
1992-07-19 06:00:00,27.41508436629673,-392.5789621257337,15.875156297962219,5.777339233600894,4.98123719880415,-3.188587338587248,2.132009710705771
1992-07-19 07:00:00,16.309453095805647,-424.2750682000087,18.633053112601978,16.715755913758763,1.9513899291640384,-2.148744395180052,0.07404422244248932
1992-07-19 08:00:00,1.3144255429825809,-401.2779488628401,6.275152295823349,8.537449081662512,-1.0926153096813405,0.17268226958905958,-0.027713396392185397
1992-07-19 09:00:00,30.997510415448208,-424.9734425280882,9.60034442032312,12.115096047767732,-1.396665728964424,-3.6128771637131933,1.957286219304918
1992-07-19 10:00:00,20.76739407609843,-420.4753055481699,6.271237445402764,14.41642396481571,-0.6638581511492831,-2.4404229760799483,-0.27401755088327384
1992-07-19 11:00:00,11.093317696654927,-455.7192514419932,18.032746269754263,5.758608568993404,-2.6914236916418286,-0.912512809855323,-0.6489980097129748
1992-07-19 12:00:00,6.400962490035433,-449.3703290219514,23.05280718831232,8.53239293151207,0.15799504674361253,-0.4540587553866233,0.5510885631335736
1992-07-19 13:00:00,15.212558769607382,-464.4564475589469,0.9499047612814495,1.955019741170481,-1.4013135147039963,1.3383608198348942,0.9537454614036351
1992-07-19 14:00:00,21.502177022672154,-475.89012031357345,1.1725995700399805,-10.16522896251908,-1.952115668045236,-1.4373118412238741,1.69708192690775
1992-07-19 15:00:00,12.692009995895793,-497.63153831051926,-12.1857717581174,2.3858121714123794,-1.9539083172777287,-0.050072692972879196,1.3071132535488328
1992-07-19 16:00:00,23.951956866815447,-482.96315053853016,-5.544690752561376,1.1907041071435578,0.10398587624785582,2.7032955017799845,0.8056706049982348
1992-07-19 17:00:00,14.81998803726409,-454.66920206932,-9.074535883048524,-13.346408101597333,-2.8645597901720015,-1.3433189289139271,0.9152128983375162
1992-07-19 18:00:00,21.85891690204349,-462.27006527287284,-8.395556952014143,-10.481118369251936,-1.6830183130905323,-1.6879615874030691,-1.7242537361863426
1992-07-19 19:00:00,19.036289261717762,-490.7579559007286,-25.545013875550858,1.8381268335176957,-0.30109859672467143,1.8452456211519799,-0.6300847729584738
1992-07-19 20:00:00,29.69462503994754,-456.8412175180954,2.3657333765734734,-0.2366312663640029,0.7007101617369852,-1.0795346717664493,-3.64219842428989
1992-07-19 21:00:00,30.763286303740152,-478.65686327934986,3.26108855482168,-7.526970317708704,-3.4401731264453304,0.5181440933652505,-3.229260780070724
1992-07-19 22:00:00,23.980750881255886,-487.584560340106,7.851980568620916,9.800882855150705,-1.9314890945777536,-0.3296506635864723,2.5286902907474986
1992-07-19 23:00:00,27.448800492921503,-469.5363517490215,-8.856527141433382,11.921120247320317,-0.6581244605687845,2.997161618382595,-1.1477151218259736
1992-07-20 00:00:00,8.658412274752315,-453.4127487788865,-13.174516591040184,22.06494612838797,1.8106034647204492,-0.31317614656833304,-1.0183805305369704
1992-07-20 01:00:00,28.87067581198824,-442.0048402321029,2.7706337493987148,11.565036256107621,1.1243688532077418,3.4968664998990757,0.4599173141277583
1992-07-20 02:00:00,17.84103485641351,-443.3852485757516,13.953273010108166,12.108547321064254,-2.3966744726561258,1.8911139714892808,0.9317971633581414
1992-07-20 03:00:00,17.429129320731864,-439.8887548004913,7.744609671694358,11.686569439768004,-2.153440932522372,0.409645495199666,-1.9824097365471565
1992-07-20 04:00:00,32.89707468665176,-426.2337697009517,16.35699136756294,-1.368684224111811,1.828439255216982,-3.7118947563053513,1.598325783509578
1992-07-20 05:00:00,22.576994566500463,-430.7422270872589,24.523961690310077,14.967662622215762,-2.8537583275546448,-0.9111755034226159,2.6570037983828154
1992-07-20 06:00:00,33.69868356237037,-446.8731104214565,18.537171202542186,24.059384144602056,-1.5734068447764966,-3.852600256134734,0.8802248635602871
1992-07-20 07:00:00,23.57779900133579,-434.6216847985162,21.862398053575287,14.674786500446977,3.1946495233009506,-2.8937179456782274,-0.7148648243595657
1992-07-20 08:00:00,9.640716939547692,-435.50148293310207,16.015856762868587,12.970979390806345,0.3052192037400192,0.10856083992121335,-1.1085621010187001
1992-07-20 09:00:00,26.096136173276648,-447.08416665110536,6.006387759041129,15.66629799307556,-1.738160404100912,-2.4482021196753503,1.6092674045579938
1992-07-20 10:00:00,19.0948610756229,-439.6410171084366,9.299538200187932,18.483687130126476,0.641173148167124,-0.45346842929146314,-2.153411856054231
1992-07-20 11:00:00,17.841023131506848,-451.31729385874587,3.2400248785818135,0.9051210458579781,-1.5200343999342776,1.4173568138426949,1.3917933843535564
1992-07-20 12:00:00,30.411380290095035,-470.74828928941855,0.17215861157564039,13.922688065023415,0.2872049266497081,0.440178274353082,3.593257796360917
1992-07-20 13:00:00,13.160633638421942,-449.47403955297136,5.341394333071893,6.92802410713148,-1.282448369524984,-1.440294888328165,-0.1361207237644182
1992-07-20 14:00:00,32.58344353906251,-481.49639887661885,6.26552242303267,-4.352247745265766,-3.2898132825009236,2.363920347317368,2.790666114650068
1992-07-20 15:00:00,23.264695520258392,-477.94427026896915,-3.131779349579814,-4.28136360806612,-1.3252293365437042,-1.5106892681064528,2.018106180459335
1992-07-20 16:00:00,24.58486364530314,-487.88941342787587,-3.996021941177953,-3.781575195159328,-1.6683405088784413,1.343694852533829,2.109677866285621
1992-07-20 17:00:00,16.299974559867046,-499.87743500140624,-19.48946518434205,-6.7087110302942845,-3.0365090950373395,1.5118593491159864,-0.042626024856403766
1992-07-20 18:00:00,14.688599397587431,-481.22088346226263,-5.621770422317385,-9.267043628185817,-4.675682501690179,1.1505316538717876,-1.0258107548871003
1992-07-20 19:00:00,20.30595493609697,-484.5932828760018,-5.9346124979381045,-8.86892793165881,-3.408761702093446,1.6945740323497596,1.1100308360561684
1992-07-20 20:00:00,16.673621227411516,-474.03607223275645,-5.285757990981974,-4.5067396917969935,-2.469471776596235,-1.464709157326102,-1.247649960688081
1992-07-20 21:00:00,18.587421668858283,-451.0968112789236,-0.7083983129756994,-5.749000723414787,-1.7683683440244509,0.46435390985699376,-2.029107569061375
1992-07-20 22:00:00,34.52904477382732,-472.15125520058683,8.329070496576406,-0.4785825040997018,-4.0104091223300875,0.4171693239408791,3.921603536831823
1992-07-20 23:00:00,41.23466365852737,-468.50605579767057,-7.127691452978689,11.475839430778269,-0.551717874917439,-4.841021850587341,0.2622062785065973
1992-07-21 00:00:00,11.839247087019753,-500.2867786036431,3.6942590280601095,7.215387666318696,-0.4799191675051211,0.8072204228670102,0.8753388039850255
1992-07-21 01:00:00,10.101507895496205,-440.98926732697265,7.700980994368764,5.151796935707193,-2.074969796797551,-0.5695046915874189,-0.9477405994296415
1992-07-21 02:00:00,26.159215992457618,-451.1265273091497,28.60889451363159,10.055611325629007,-0.8924376776128515,2.9469003841144557,-0.19484158123118533
1992-07-21 03:00:00,15.003736883834549,-445.7684346751746,13.303564395758919,3.2671980927329485,1.9484865433178107,-1.7373204041523709,-0.1260187279462225
1992-07-21 04:00:00,23.952590936218236,-437.8818603288385,10.85368639435612,9.505918640977855,-1.0360095710375299,-2.3818945316686464,1.3174727295433826
1992-07-21 05:00:00,8.674216728823728,-418.9555359863077,30.982147758051084,16.349978521983275,1.6525747118976333,0.41946887680818745,0.816600913193992
1992-07-21 06:00:00,18.09140814788044,-428.230448123388,28.35782597867439,1.429000879986618,1.0953557356540489,-0.6899867894650302,2.085121439930848
1992-07-21 07:00:00,25.77663544675569,-428.3720159876735,6.328485360328644,3.506597249084688,-1.256534907399869,-2.8579275523363306,1.2221037683548568
1992-07-21 08:00:00,12.301420369349676,-431.62665357307463,18.44495276558522,-2.3925446757985314,0.5510481568759509,1.3940859503158536,-0.14170563986475615
1992-07-21 09:00:00,6.984476902790617,-431.681324105581,27.73767297528177,6.691170083472645,1.0906109834872502,-0.7032218574941076,-0.5199736284576292
1992-07-21 10:00:00,20.853677546400483,-441.62771038641176,3.604072456785543,8.473453014622875,1.463066995507713,-0.7856842621625781,2.2022999702259884
1992-07-21 11:00:00,24.13032174814452,-454.2990989494288,8.459301267370257,-0.4838138157672036,-0.21368480582578075,-0.9190112853337236,2.4895855760361076
1992-07-21 12:00:00,20.083882060935625,-466.82840823087116,-2.54485422938936,8.680602707197492,0.37042851987426706,1.9750141418988243,1.1900950328004842
1992-07-21 13:00:00,25.172145254851298,-443.79854724728284,2.7312017764354657,-3.2180810092615193,-0.2278588279433688,2.9685324585368273,-1.0103105803116597
1992-07-21 14:00:00,9.16013025938766,-457.19262460272614,-8.931303098815047,-17.60715371745105,-2.4075172684502983,0.3661533574227601,-1.004695386142405
1992-07-21 15:00:00,11.313833258711439,-470.6088477559526,-13.285176167122193,1.3491608495344765,-1.8686889162183624,1.1432448898365064,-0.11503871330194226
1992-07-21 16:00:00,2.8108981516994915,-484.1061236603505,1.2976584539792593,4.432347155706403,0.08047413629702169,0.28784416062648144,0.03531618872039666
1992-07-21 17:00:00,22.08784063003935,-450.7377806221762,-2.653666831855608,-17.775093156811785,-1.711520347499961,1.925164237301459,-1.9640557519780382
1992-07-21 18:00:00,34.99218125919653,-482.908521998888,-9.107588268323862,-3.2573430050960908,-1.652950487932996,3.442664065345253,-1.8248363762724389
1992-07-21 19:00:00,15.184915971132924,-464.9895162957833,-4.391806723830431,-14.165535419131075,-1.5438105669867268,0.06650615489026096,1.5837265638104476
1992-07-21 20:00:00,11.201033541202944,-489.39673837343815,-13.018275780995554,-3.52791365714215,0.12698284511403352,0.8708081039848645,0.7472168608835136
1992-07-21 21:00:00,7.19995960612905,-449.6435548193924,-3.406717825888773,-8.568142149595403,-3.010725540961796,0.65020924800592,0.38418636347470914
1992-07-21 22:00:00,21.824881913118652,-448.41884316816487,-2.2717665019869466,-6.326494055171057,-0.17984894340302793,0.6095970732428788,2.3717218140331884
1992-07-21 23:00:00,25.408743429309038,-464.12345581635213,13.567816663830436,-10.467564086044002,-0.7635906668803386,0.4027440787933255,2.7160872699003056
1992-07-22 00:00:00,8.839965560470123,-441.28666610373114,20.328304776820346,-3.7068782304053576,-1.1586778841344187,-0.839524447917491,-0.4626708261364928
1992-07-22 01:00:00,13.10423446311001,-449.45513427720033,-3.342344762532698,8.059714456306187,1.1060282280902414,-0.5969663817960407,1.3064008602829196
1992-07-22 02:00:00,11.621675370256638,-430.88841669212997,12.505556335498696,10.568837995385366,3.0599000513353127,-0.9186149490285321,-1.2011652893873106
1992-07-22 03:00:00,7.996118750587266,-438.44007512968676,14.499102546729853,11.588331562529564,0.5404901815173606,0.7802770684367583,-0.45384852597947356
1992-07-22 04:00:00,10.012101093518,-410.96051091961266,31.440832573999852,10.820239284338346,-0.1981108244299561,-1.2798381284674358,0.4477815281084193
1992-07-22 05:00:00,32.62516525216564,-394.94933327420324,20.820439980009205,4.696436832736026,1.316144967325945,-2.787057980686862,3.327765363894744
1992-07-22 06:00:00,12.900326824266457,-418.27631501876107,16.104354974499344,14.85245434352218,1.8905650966683185,-1.4253381484548338,-0.8075700122515836
1992-07-22 07:00:00,22.783711503955647,-414.6682277005966,14.557970774712441,1.952941929640688,1.8488429332682577,1.6035194340963832,2.374846723482821
1992-07-22 08:00:00,17.17978270016486,-406.46715643577585,14.046990714625718,11.173198201864004,1.2332363623804254,1.4905515218826437,1.6009253206488294
1992-07-22 09:00:00,6.2816030091412935,-441.99437927837437,14.071730702101076,8.565955971964875,1.4452227282891326,-0.7450167238441812,0.09860701672307737
1992-07-22 10:00:00,24.439850701694407,-418.9334330289076,9.648963165975104,7.817585524183302,1.3769417595271283,-2.7579790879577577,1.1461872862280291
1992-07-22 11:00:00,18.8055764728526,-434.4677455739525,16.2155982669918,3.7251147689621664,1.2572920814246662,2.012823004031598,0.6534359717060756
1992-07-22 12:00:00,27.541509800731653,-434.1315142818147,12.70095821751,2.1404599323153324,-0.7791861060214929,-2.494387139175957,2.5105264499866298
1992-07-22 13:00:00,22.264372460143864,-482.67937303836766,4.376424316414875,3.757476711781266,1.5366463392174567,1.3532163785944018,-2.0725290157177985
1992-07-22 14:00:00,5.8203780390142015,-464.42001320620216,11.19943211557329,-3.948543815903267,-2.1571640161455714,-0.5745863017206063,-0.018252060383473823
1992-07-22 15:00:00,6.233112338922092,-458.84588971452126,-1.6370435776071917,-10.97504767722856,-1.998871985351087,-0.11992133931483384,0.6219560154714123
1992-07-22 16:00:00,25.058847648463008,-446.65248035832974,-2.2662043539636816,-21.224485445695148,-1.728115372255673,0.9673142733312612,-3.0010010905625437
1992-07-22 17:00:00,15.562167456572661,-480.35481428501487,-9.33895403055261,-14.520524417536821,1.077558094359052,0.2183529532091597,-1.5747844735214327
1992-07-22 18:00:00,8.709709310280221,-481.00059901403233,8.038443302004813,1.1665238988256954,-2.494197782136814,-0.6635976598966731,-0.5615963333006643
1992-07-22 19:00:00,5.00612295729095,-464.19673689173413,2.3787167082868423,-15.127998651342287,0.10833356398605065,-0.33938356210719617,-0.41573561956585103
1992-07-22 20:00:00,9.188173438094271,-463.7339779581095,10.01796896532322,-9.491803221639133,-2.009341253937481,1.0308591073132192,-0.11877097170217765
1992-07-22 21:00:00,17.128302135107504,-447.18993081897725,14.60708685409481,-11.847692139675697,0.05651712163032585,0.417760212626848,-2.0851639304152108
1992-07-22 22:00:00,9.7888567749276,-455.6316386052145,-1.3092759018265978,4.536868488379373,2.04491840758443,0.8396019976848648,-0.6976965173692061
1992-07-22 23:00:00,7.265804462429554,-435.4155735600086,13.624080070699804,3.351143542666764,-2.0818584565054064,0.49421173905989557,-0.6990880413943908
1992-07-23 00:00:00,22.452205019269346,-443.5247576760839,8.508646377224979,4.054681110803015,-0.016117521898233678,0.45258714701671465,2.4901397220016808
1992-07-23 01:00:00,24.158753536682145,-419.15850580861087,14.945039314083932,1.716981564294925,-0.11657842875483637,1.288591577351556,2.5848889858550956
1992-07-23 02:00:00,12.703875064440783,-398.9252049217195,16.376025663373305,-12.770634120159135,-0.00820124360340413,-1.1569764700360452,1.3107529437884122
1992-07-23 03:00:00,15.6884215172113,-414.61948298418093,35.12966827709629,-4.680091746403451,1.2567859996223472,-0.6781769066134337,2.022957617470033
1992-07-23 04:00:00,20.808877597102725,-408.03161258794324,23.14081543751419,7.432941878118725,3.2071185942889064,0.7166508532532466,2.324969401276749
1992-07-23 05:00:00,25.138139935624828,-376.2663184538644,16.532655302143976,-1.7019955357404655,2.303780213720491,0.934367658368582,3.418843677468274
1992-07-23 06:00:00,21.87419075377242,-408.81140580214765,30.193971278079523,8.25164289493749,1.5844230722933825,2.092568680827163,1.9328705979568492
1992-07-23 07:00:00,10.213073692780565,-412.8539388450462,40.01840443592104,2.4534669188521647,0.8712807802960238,-0.9153749356145041,-1.0628228254176662
1992-07-23 08:00:00,19.095180423720514,-423.81684910328715,26.613442295675934,6.203256345791217,-2.1059671901388244,-2.096590404626334,1.0680482730893428
1992-07-23 09:00:00,15.442066091955365,-416.90279468386484,35.13258351359019,4.161206300085395,2.241021259964239,-1.3166115955141768,-1.487111176283121
1992-07-23 10:00:00,9.971934334278014,-411.9874371888028,10.73899071210495,5.777162268284244,0.7890388521794122,-0.915067698197123,0.8089453543606389
1992-07-23 11:00:00,32.37077098664763,-424.23559295801874,25.542613590227855,-1.265855749613313,-2.356803033463019,4.440691177711583,0.5777811087621769
1992-07-23 12:00:00,18.997516446151543,-392.28620443976223,39.47847374401658,-0.9652466583284727,1.3489804751485839,2.2854121287369304,0.034311320998022976
1992-07-23 13:00:00,16.427061374636956,-444.9066611665658,14.313597045083034,-9.086124936087096,1.0394214363976948,0.9726872416443755,1.5674945416828063
1992-07-23 14:00:00,32.02735637609355,-454.0116386309372,-1.6825887051163253,-5.3494025974174395,-2.0808684279260756,2.087493729985254,3.2397786119174485
1992-07-23 15:00:00,7.348248330025367,-447.8413834447381,10.48711218703215,-19.263959120931574,-1.4710301204697678,0.7654200609955767,-0.43506960152956814
1992-07-23 16:00:00,24.891029736845578,-433.2662674971226,-0.9879633362638911,-15.905015269646736,-1.292731608803313,2.7868108613454066,0.9256762538851165
1992-07-23 17:00:00,13.889867049355741,-460.51056541592976,5.2237527807426005,-11.900001979438976,-1.48083257067197,-1.1993464287208861,-0.9291178942193514
1992-07-23 18:00:00,22.39148552964895,-452.54295234040404,8.88814635128009,-16.106772355546596,0.4746938269706489,0.29639692507998683,2.4711841600992166
1992-07-23 19:00:00,14.818880096594789,-451.1513647813864,1.222109793345581,5.153246145395759,-1.596475291069576,-0.08110123047780393,1.7303647618494478
1992-07-23 20:00:00,21.46385037213198,-457.53281058404417,4.6605278490187585,-12.240315891635033,-1.1890261470387096,2.1477728131499045,-1.030534701628638
1992-07-23 21:00:00,21.47594932850875,-447.07716844669926,0.5026569428325578,-0.9366849762288458,0.43429713725300745,2.370996065853181,-0.8572863739886976
1992-07-23 22:00:00,24.04400211832556,-457.90065215129613,15.044703812418238,-13.640464038172304,0.1893162918834459,2.837806484733269,-0.5254537011377846
1992-07-23 23:00:00,3.223151377546317,-471.1068715431724,12.22802985752135,4.291771075903901,1.0106509703261923,-0.19311423202382816,0.2892644895608009
1992-07-24 00:00:00,31.14578128800607,-432.23130932351046,26.48872769899906,-11.894526094161703,-2.8811989174373407,3.998373230003323,0.3696451969877984
1992-07-24 01:00:00,20.912464602705302,-404.8526650193881,4.679267672988693,-6.801585593371978,1.9642753301178437,1.7823489700607493,-1.9500154740139435
1992-07-24 02:00:00,5.342284351428059,-411.89504928463157,23.130533682813542,1.2550032533613837,-0.35610182827517256,0.1855282699072751,0.6271455686332552
1992-07-24 03:00:00,15.261818278551589,-420.75834990773683,16.95123605920556,-2.346985659798509,0.29467282849276066,1.203381008340613,1.5621934207545
1992-07-24 04:00:00,6.471275880801121,-404.7781374416464,25.712498747783336,11.668026993309216,3.9367009040341747,-1.0320146564652026,0.04918072908735843
1992-07-24 05:00:00,21.75859775613336,-378.43691989075796,39.07810972490623,-5.201846440303743,3.265291754971799,0.811278709578263,2.8620999832357135
1992-07-24 06:00:00,6.869839054498004,-411.84747395999904,39.00313475025564,-2.796351614494493,2.8756092207067616,0.26202930371258326,0.6566832702953342
1992-07-24 07:00:00,27.04440485115982,-397.32889967676425,28.733396559964923,-6.127600727074714,4.984214086687645,0.09896775108253097,3.431225910791166
1992-07-24 08:00:00,2.0714149460921276,-400.2940100238396,17.611288114070785,-4.919741587472379,1.6183383223965784,-0.14198415888878724,0.2685521193338936
1992-07-24 09:00:00,19.20968472617738,-393.41804042118844,28.067456918060106,8.189370243540981,0.35995119926683783,0.6344779628172523,2.3379188557813513
1992-07-24 10:00:00,22.65478684731204,-423.17658956156265,21.15936323493823,-9.08062222685232,2.7258296596272182,1.248003415088389,2.3449694436372317
1992-07-24 11:00:00,20.348149085587767,-403.63113348395626,16.11779819951568,2.355321220899694,-1.3950448764799077,1.8633085665024152,2.2670695811254338
1992-07-24 12:00:00,23.489081531685073,-436.26900835634615,10.159489004701001,-4.905220414566736,-0.821149639730777,2.2163082098034894,1.545035772114411
1992-07-24 13:00:00,28.419073939390174,-427.0074616796456,18.04501330730288,-20.616845449505682,0.3530751140502986,-0.4854331623080762,-3.412103342966065
1992-07-24 14:00:00,12.40285062700086,-429.67538409603884,0.8553850672747165,-4.473790736854345,-0.4351983197862578,1.234037136205208,-1.0081811746907674
1992-07-24 15:00:00,40.222304207170204,-426.5213628835067,-1.3686505919896454,-19.93082533964639,-2.146721774531205,4.992084675354409,1.3203208331700307
1992-07-24 16:00:00,11.308526382089733,-431.0484149048277,3.2690968278018993,-11.075809371650307,-0.7787465556036656,0.6940792675371614,-1.2504308918122355
1992-07-24 17:00:00,13.893901478803544,-475.881631342739,-6.213476191512546,-4.172035755840403,-2.0644666231571027,-0.24461821753457702,-1.4614877560182338
1992-07-24 18:00:00,10.266669918705642,-441.31990347961414,0.3558870208460081,-8.923975455609737,1.3339187247004505,1.1799150302134764,0.37047226688771356
1992-07-24 19:00:00,28.289632127754466,-485.3576109331549,-13.123416613653546,1.6728440738467318,0.7066984870232552,2.768962610602889,-1.0300453451606248
1992-07-24 20:00:00,23.009071054700428,-468.0203017761363,2.84508430357383,-17.409609316317756,0.7708400392138268,2.5643714095921255,-1.2114296229365489
1992-07-24 21:00:00,12.330755930187452,-451.9364630423336,1.3921078218469294,-17.487659306433606,-0.890947701190901,-1.2309536677025856,0.5460039297177459
1992-07-24 22:00:00,18.60405777490042,-470.23285110114244,9.428247570451806,-8.761362045787138,0.024699963518325208,1.2400086733761675,-1.5404051253723596
1992-07-24 23:00:00,18.8789804405837,-442.88961836038925,18.431839139487423,-7.229242832142075,-1.2957945196618608,1.2632436536511502,1.731441693315431
1992-07-25 00:00:00,10.51862769276083,-429.3806534016568,25.7633070719689,2.5893747324338077,-0.5370323052361571,-0.2944220634883808,1.1815025332633808
1992-07-25 01:00:00,25.497971622543346,-416.66474068275164,21.8267131453394,10.137303875985443,0.45703512620418973,1.4197712033989445,2.684550435881777
1992-07-25 02:00:00,15.436086152599211,-425.8804468174051,30.144502938362606,3.5187610703163887,0.8250049023495032,1.7451567499616243,-0.40929899415678284
1992-07-25 03:00:00,25.61516282322432,-399.1919265507581,24.242816543870454,-1.7008685354310487,0.9919160590540397,0.7621705628892959,3.0994906008641094
1992-07-25 04:00:00,5.029697896846251,-413.1701048806802,20.997106885567593,19.87831058315324,0.8195589008902394,0.2570689842991265,-0.5681528263387305
1992-07-25 05:00:00,6.735119170799698,-399.0767246833387,21.4901393109503,10.796578572873448,-0.5658382110335539,0.8127174462054123,0.33174797380396875
1992-07-25 06:00:00,24.777629823346672,-396.2705908008788,21.787971151902273,13.881270536973597,2.4898700563447873,-1.8730034654918497,-3.0521058300490065
1992-07-25 07:00:00,28.678733094268985,-385.46201873827977,26.11883143796706,-16.154438958287724,-1.5789904705965856,-2.754481711757259,2.3171424723419123
1992-07-25 08:00:00,28.058900808467644,-418.5497271561883,23.046262477519836,9.720899490659574,0.25333260298531296,2.1593055372026746,2.580588785202585
1992-07-25 09:00:00,22.571832927406597,-414.1613971689217,33.21689881072942,2.8929918278165303,2.7085831886826806,-2.2497384657678694,2.1008258556169883
1992-07-25 10:00:00,20.58021059949369,-431.03963680138247,10.16026570799968,5.58172557405521,1.2926000374855628,2.3461776186795325,0.4750699650049802
1992-07-25 11:00:00,17.92805036306135,-440.3729361129813,19.313759405792617,9.812203307623529,-3.5819076231487923,-1.3712074124856617,1.4211321340185707
1992-07-25 12:00:00,32.53504442790927,-458.7978177753635,3.0028560906192507,-4.064527518041934,-1.262205339741122,-2.2132998136104303,-3.3001708466679163
1992-07-25 13:00:00,20.94582424657,-439.7861323725269,-4.835125816902336,-9.759891658676572,-3.142636084535526,-2.4080516568967694,-0.25637113908172965
1992-07-25 14:00:00,7.806297033757298,-476.9509531660133,2.159682211299291,-5.538556481189551,-0.3588911616088163,0.7939635996750767,0.20028499934286986
1992-07-25 15:00:00,38.41392609582834,-487.9712697570083,-2.204014798456398,-2.8221749220609014,0.23091339490881058,2.298308578117284,-3.47539815836088
1992-07-25 16:00:00,9.673869101354944,-477.75278531938625,-1.9406002938032352,-2.0773012423171235,-1.4169916397107793,0.08937725622944002,-1.1000051736014962
1992-07-25 17:00:00,23.58888319332062,-487.26750972705725,7.431172895841918,-3.0483103355824555,-3.134908959031795,0.010347733199596768,-2.7447859570625566
1992-07-25 18:00:00,29.31239614139154,-446.5469306169773,0.7669781485583815,1.5001413902924807,-5.956463937356491,2.979337265948838,-1.468994937459836
1992-07-25 19:00:00,18.34294993900752,-476.56839669292333,-8.983123697947786,-3.126976145023577,-0.0032739963278848316,1.864477055683119,-0.476128536559088
1992-07-25 20:00:00,21.775242036128233,-445.17764473481145,9.285663160114787,3.4533516107406403,0.783531919341875,1.692662160604872,-1.754842887047491
1992-07-25 21:00:00,22.684610940851798,-495.405632666457,10.955550461268077,-2.5646581498459726,-2.9247827764543333,1.5523455215392024,-1.755171974383653
1992-07-25 22:00:00,12.9167598089273,-479.5630288244333,7.673616499637728,11.323729955532299,-0.6729820717516353,0.9688572978386397,-0.9297836018121808
1992-07-25 23:00:00,3.1283623412114783,-441.89956807763696,-11.27035372949052,9.462313035022177,-1.5252907758146896,-0.38895497994807215,0.0847913648861269
1992-07-26 00:00:00,24.62628283931009,-464.75479166802853,17.198040683262523,10.32397494422666,-0.5339742117759964,2.1298989535931963,1.6138590053177726
1992-07-26 01:00:00,12.530045938464202,-458.3482565908585,10.770704626168566,1.5802897634886839,0.1962361841127125,-0.7454646337524835,-1.1490980891412397
1992-07-26 02:00:00,11.10143326589998,-433.55801744368347,24.25172915122987,3.3822917101881274,2.144350840096232,-0.14256308063978362,1.3286147351691504
1992-07-26 03:00:00,26.11265108106576,-446.4018599601404,15.263292610290616,13.495819922420875,2.6810553222580875,0.28937647431139857,2.817486130069903
1992-07-26 04:00:00,12.22451644439272,-442.33337571343367,18.61380642058413,16.503919840097122,1.9162600107343415,-0.925395780468774,-1.2086443862303389
1992-07-26 05:00:00,3.4162565665195905,-417.82326042786843,16.424391037633374,13.339130054586938,1.1849088713042015,0.18658423458150497,0.29792838530244975
1992-07-26 06:00:00,8.966075738816452,-433.2278640874611,8.743577441596514,17.298796571207248,0.296273254388862,-1.0355243583414482,-0.10833316312201441
1992-07-26 07:00:00,19.01502241503896,-428.4919932162837,11.26544949469006,5.311706204089971,1.9616863178603736,-2.284445517262904,-0.04986337794936602
1992-07-26 08:00:00,9.193275251095656,-416.8955963299417,20.755074046348856,14.988196685296975,0.8954998404359272,-1.1464593326524084,-0.033734819286536516
1992-07-26 09:00:00,16.982113988815907,-420.7674788104276,14.860272159076949,-1.908371970964557,-0.24338784020606763,-1.0530169724074256,-1.716037764899021
1992-07-26 10:00:00,20.183539099990835,-433.28824551304405,15.42999117946763,3.40375530818001,1.6443457491706996,1.5896699298443666,1.8347047124668638
1992-07-26 11:00:00,16.228120020295577,-424.05973465036476,12.476613086033852,16.770754103750804,-0.9365853240961459,-0.6093455548936242,2.125264980120277
1992-07-26 12:00:00,12.3258814628364,-467.807028624786,-1.698230497913273,2.1422229582597767,-1.9680497910897103,0.8407294263268189,1.0172902644877335
1992-07-26 13:00:00,5.698561630334147,-484.4404468584677,23.013174651374236,-2.2478962280291706,-5.248203130999479,-0.24712856430909996,0.29079086960785194
1992-07-26 14:00:00,8.542608120182042,-451.01139704080845,-0.7809974838404674,14.19899709620117,-3.760419906003146,-0.7414455126345594,-0.47843064116198075
1992-07-26 15:00:00,24.520595602206512,-479.28545757460216,-10.015247993371347,0.25302330834132647,-1.012105755576606,-1.525021934369097,-2.068276999678968
1992-07-26 16:00:00,18.710661082270914,-494.0783659885034,-6.581757405560386,-0.5823398539941191,-5.065055877802475,1.8090935010009885,-0.7045224530360161
1992-07-26 17:00:00,28.42597423515429,-525.4085173166567,-6.216960321750513,1.4548906711864715,-3.7421357278193854,0.3193419602482812,-3.094651034283189
1992-07-26 18:00:00,14.0606966070156,-478.92914714185093,-1.6787887626339693,2.848824796961445,-0.1180971607739234,-0.7850024572769443,-1.348948529053434
1992-07-26 19:00:00,21.069876894255287,-481.44450165134765,-18.143669657025033,10.95250955508003,-1.4197165093368005,-2.1675482997581987,-0.6521893509667218
1992-07-26 20:00:00,19.240988114617522,-502.43719175399184,6.336894555757819,-8.103926972795058,-0.04694976711070076,0.9077209121720868,1.8837582575415739
1992-07-26 21:00:00,31.091580701431745,-481.20401629178485,-17.68233119854448,-2.797755991276941,-2.906486126132667,-3.0936135770390574,1.7841058740291418
1992-07-26 22:00:00,3.4099321233642628,-467.37941155982935,2.0873428997728434,-2.913954302366502,-3.1343226830468445,0.31187264609269283,-0.23012070150682815
1992-07-26 23:00:00,12.39349728579667,-494.34070023362557,-3.170402565388529,2.0798203769701713,-2.014234979922933,0.7842759878912201,0.9758150092630954
1992-07-27 00:00:00,27.688522666418756,-455.5223477920855,9.506594335727302,1.6937647616310265,-0.1302374463074415,-3.3352819799149964,0.03019932137637868
1992-07-27 01:00:00,21.358056459989356,-455.9298447071944,13.589099953595534,12.472995265127746,-2.908944637062997,1.295100319388062,2.431589544774837
1992-07-27 02:00:00,25.64535714712188,-465.7323894812479,25.787058569022015,13.299331974944067,-0.29688427091752856,-3.054194083019989,0.15276298524373572
1992-07-27 03:00:00,10.905230896096567,-452.08169422130334,21.87531569069189,11.142408176027326,2.182844134067232,-0.7120474279908469,-1.0957695336259108
1992-07-27 04:00:00,11.774700886304029,-447.54446425207016,6.790504047812985,15.557470289306448,-2.257993966105814,1.0330473537128098,0.9343161182303725
1992-07-27 05:00:00,26.123487453872283,-448.7766027841613,13.999795674336747,14.38726545170913,0.8576638195834247,-0.16443240484490862,2.878214121418404
1992-07-27 06:00:00,9.088203916183579,-442.70146055258294,38.94320550263735,18.90939635016256,1.2978931598065724,-0.9777284407276885,0.4928519914337043
1992-07-27 07:00:00,33.8791272999646,-466.80574147812655,14.406427452742408,14.026327820467426,1.7391969131081262,-3.8757198191883226,-0.6094801059012054
1992-07-27 08:00:00,10.634962521937673,-444.1231472637,26.706809426813095,6.7976258819045965,-0.6216952335719812,-0.22500168800029574,-1.1568060788712518
1992-07-27 09:00:00,13.83516970871448,-419.07519079028117,15.201829569220056,8.866739121665695,-0.7165052875324915,0.02186407632511811,1.6647451364544716
1992-07-27 10:00:00,18.9125809725265,-447.299774050296,17.46720249503055,3.9443456985142777,-0.908211979845921,1.6553998662388412,1.8048088515526886
1992-07-27 11:00:00,21.235111894565502,-469.9679290141943,-0.2526897071557288,11.871177408682343,-0.2640212779398403,1.427430055271755,1.965519115651336
1992-07-27 12:00:00,26.819068048986054,-459.89347929047494,-10.228139491838713,-4.768719969851795,-2.3716594018495702,-2.912191886641475,0.5442840299429601
1992-07-27 13:00:00,16.329875738905834,-464.8499441646579,-14.359089662093233,-1.9222303673872911,-3.390829330684091,-0.6111195808682808,-1.6951747233221113
1992-07-27 14:00:00,29.955743241229783,-474.226645328805,-7.296770116005104,0.33656376095235263,-3.9078628130620796,1.6828018503949416,-2.660747581673944
1992-07-27 15:00:00,27.563365472005447,-471.5274243271174,5.070452841528016,-1.0183635243250153,-0.6314271556806448,2.314207434198355,-2.269339550100771
1992-07-27 16:00:00,8.197735226277794,-507.28931869967306,-0.45849928631526815,-3.395003626369949,0.3323521891768697,0.08458405575022099,0.8058103684613127
1992-07-27 17:00:00,11.279399681379648,-479.83449875171067,-1.37609414268399,-1.3536785576009152,-2.3130105911878207,1.147712959656129,0.21462661407257883
1992-07-27 18:00:00,29.211070384591903,-513.619973668653,-15.945097770834014,-0.21855825429299536,-4.204328752716979,2.180146789812563,-2.1993371555526644
1992-07-27 19:00:00,12.299517867717082,-492.2001251470504,6.071758490873828,-0.8650834625017154,0.5539993314152976,1.2381140823943169,0.10679929129383885
1992-07-27 20:00:00,7.224652114036623,-515.2958675164269,6.4618523426600305,-17.174711517077267,-3.2829203785162773,0.7067956301278066,0.10909282566092998
1992-07-27 21:00:00,25.683057455912692,-482.37869550568564,-5.5621547920540175,-4.552196045586827,-3.691944805976548,-1.4490815007770244,2.4783884231488367
1992-07-27 22:00:00,25.765516452787427,-505.39903998281187,15.531718295926291,-18.01590291381907,0.7593181089499722,-1.9021614342284083,1.8548056315614383
1992-07-27 23:00:00,18.95963194821804,-469.10509031374926,-2.30254422725557,-3.8905098473534583,-3.5076664272920612,-1.0253489376256544,-1.7804968412472977
1992-07-28 00:00:00,18.929598405411465,-420.8149093137922,4.1772844825788455,-3.1589004185213834,-0.38302084825956517,0.7642887397059774,2.113646812015935
1992-07-28 01:00:00,12.192232375732951,-482.09457853846516,18.97197856684982,1.4857880529254412,0.42893526032038665,-1.2771326430899608,-0.10495265232213727
1992-07-28 02:00:00,11.948585747258862,-446.25606425663466,8.902944407921623,10.28005675938569,-0.744568618570526,-1.260173210031216,0.42356978064850515
1992-07-28 03:00:00,9.728415534838312,-438.1006229925812,10.685424429111425,13.485136464580986,1.5567913691985318,-1.1137124859308252,-0.3214787409730619
1992-07-28 04:00:00,22.830163437394884,-436.51984218469573,22.85667482175102,12.091362746027645,2.6708381342972243,-0.6114702338380165,2.7955243605872147
1992-07-28 05:00:00,11.994394575325474,-423.2562669336192,10.485853021740066,7.163736472519883,1.436083732742373,-0.8261193063972834,-1.219190961532933
1992-07-28 06:00:00,20.363738643070736,-451.74429585314255,17.444520347353453,8.11239987888945,0.2777546631665746,-1.6952751741475154,1.489877704921908
1992-07-28 07:00:00,9.886797091113513,-407.1651123173806,9.666763127030602,-0.26671761390919846,0.34612940838233236,0.4838624529447239,1.1098163067194733
1992-07-28 08:00:00,27.325720993093533,-426.1423282524005,12.778399886467728,2.5537132040860646,0.29967613202997295,-3.040960033631282,1.9780734376046083
1992-07-28 09:00:00,34.29866118216024,-427.6266618475038,11.195681477304419,11.258572874898213,-0.10401077967017447,-4.032171371757238,-0.9406075168742183
1992-07-28 10:00:00,19.878064092129456,-444.6210606013174,26.59052128959344,8.945594703327215,-0.9624176504306139,-2.177354766749038,0.004905071037716119
1992-07-28 11:00:00,17.45604297769049,-437.6434504133396,8.363377127016483,4.632385066016017,-0.6208773716636901,1.357540836027606,1.478402619979116
1992-07-28 12:00:00,1.8886677028941279,-477.65389223623856,-7.678215519410433,8.755860295236841,1.493517493574933,0.21564973857209235,0.02100990120720879
1992-07-28 13:00:00,9.637333242330694,-450.51490904554623,-9.14233624136479,0.7146714864166304,-0.3959008778869005,-0.24917846027808205,-1.0412024860510827
1992-07-28 14:00:00,16.805165587151677,-479.81158546503184,-16.238870540769334,-13.054524302840392,-1.519190506547662,1.185028719035155,-1.4022478678742953
1992-07-28 15:00:00,10.490765136446337,-470.839472859961,-0.8562807378492481,-3.835673465776668,-0.9348431079164194,0.18213940296078035,1.1072677715930956
1992-07-28 16:00:00,36.220484578886136,-469.4942672634856,-7.5909284055996356,-6.024298341664601,-2.4056889071297825,3.3710480786077412,-2.232087897630231
1992-07-28 17:00:00,7.128419311123346,-471.8199927025437,-9.889163521936196,-0.37587246524550944,-1.4888145080747235,0.6867867195811559,0.23359948627982002
1992-07-28 18:00:00,7.956776498976433,-469.8040929075051,3.3706064929724135,-1.5571100140217553,-3.5352695415821818,0.2866845753244011,0.7937447181241588
1992-07-28 19:00:00,12.9575582056536,-474.75930936138377,-0.11553473448867191,-2.3115547206498865,-4.972442840896047,-0.7531524282601253,1.1805665462182284
1992-07-28 20:00:00,35.21682363279528,-497.65640100177427,5.696174240495383,-1.3627980155402575,-2.455456535816473,-2.8229793145410578,2.2145160311268857
1992-07-28 21:00:00,11.417954581857513,-456.0802761217557,6.860481678607794,-8.418738723956434,-1.9478909216936062,-0.25997679115105754,-1.2535900378837002
1992-07-28 22:00:00,28.699697750363736,-460.55169083370214,10.145666187365078,-14.509217352359258,1.57597500935412,1.3270137706779785,-2.938674948802934
1992-07-28 23:00:00,9.425266992828622,-453.03256882884926,-1.005717477501797,8.188103649287651,-0.0022365326913155147,0.6020049069333852,0.8482879709290307
1992-07-29 00:00:00,27.131797407984998,-469.76432126855303,-2.0427485335160305,-3.941344091022804,0.07880460926512695,0.98700626709244,-3.2116959778511323
1992-07-29 01:00:00,17.4668261751239,-440.98478434095915,15.044411127517959,11.857317717176755,4.20261179240052,1.3915203357274688,1.3720355480693995
1992-07-29 02:00:00,8.677807173968645,-425.27036171338875,24.226097489837947,11.593805296398367,2.4952130374423884,-0.9128962161534552,0.5978690336805274
1992-07-29 03:00:00,16.351307857722976,-419.15250564893165,13.830506564526562,-0.32610569866681527,-0.33779805032126725,0.5162551361531669,2.008072684822444
1992-07-29 04:00:00,2.9049715407266383,-417.50901843153804,24.57618000990668,0.3230185173938619,1.6543782725413676,-0.2672898660154382,0.3017686738061854
1992-07-29 05:00:00,8.658154080806774,-399.6587574006155,16.66824556830088,29.4286189745281,0.3430158102747316,-0.5329393631498541,-1.0148860900750563
1992-07-29 06:00:00,19.780312322713044,-430.50294728796996,22.651447722523116,1.9296804403588694,3.662747035267577,-1.2034824448706394,2.3093697331795413
1992-07-29 07:00:00,10.40401651200433,-434.58709783029326,13.12116802402982,-3.46163158691972,1.6543463532615978,-1.022399447564181,-0.6841883112650848
1992-07-29 08:00:00,8.102225362145633,-446.1998336253534,20.461175615907134,7.184553142735563,2.5831362695543834,-0.7669586514378075,0.5925900225712735
1992-07-29 09:00:00,18.6925753141091,-417.79117898157995,8.066785368702195,9.316710119172175,1.5770993229864971,1.8868054949598008,-1.4618341312042404
1992-07-29 10:00:00,12.312685821741466,-419.3108389262695,20.538905945325713,15.014851596485117,-2.027780623978195,-1.2778627050157503,-0.4357009676786469
1992-07-29 11:00:00,12.772272255286223,-430.92668206088797,20.179854863151647,8.507144756439276,1.9364868786326055,-1.626237544197516,0.17922956892949105
1992-07-29 12:00:00,4.2080753848080255,-438.9386838986048,5.31124980079178,-5.986086312154454,0.9654381384259573,0.46014996790764306,0.09738151911147627
1992-07-29 13:00:00,12.403265664874098,-478.8232792496384,6.750867823892191,-13.97481076236846,0.04630151249998893,-1.1491731496335276,0.48475719806119894
1992-07-29 14:00:00,14.62945464612366,-447.65753966543974,16.831254565448454,-9.476597973804997,-2.61520532338745,-1.6303851392534359,-0.33592561631479195
1992-07-29 15:00:00,20.155965877901433,-465.05736324766866,20.11345998986283,-4.652586151111435,-0.24280119051255333,0.7114007489852413,2.1030351118602857
1992-07-29 16:00:00,7.2926891449471665,-438.51378089138996,0.8608078397932575,-6.6349661326181835,-2.1187019241671887,0.9236458035704402,0.025112816988895212
1992-07-29 17:00:00,24.718945231256818,-485.71348628299324,-21.436595617400467,-11.527667271718684,-4.317710395417719,2.419092888473669,-1.1957097019125047
1992-07-29 18:00:00,18.949160754891857,-484.0769753752024,-5.944791982193863,0.7029769710933831,-3.478377619046324,1.8940425845375084,-0.2773969284055503
1992-07-29 19:00:00,17.616098874054604,-460.66199115168996,-16.364147303396983,-12.53686479162706,-2.3733232668229602,1.7864640157089942,0.7706589839813799
1992-07-29 20:00:00,2.428980580850342,-490.2613852692449,-8.443603321909189,-18.207479194056695,0.09362982308906442,0.023183762744233283,-0.2432531023307582
1992-07-29 21:00:00,12.092600423725838,-468.9596725097815,-1.1937914981214037,-7.5308066010899175,-2.3339329012016847,1.282787489789223,-0.005084261316243649
1992-07-29 22:00:00,16.231623631997184,-429.4099001426037,26.495623871146396,-14.952311250479951,-3.5035794181042945,1.8677315184482395,-1.2001707130923154
1992-07-29 23:00:00,20.082573278560535,-436.1307872577819,1.1805647442849807,-1.25382058266571,-0.25438063572265035,2.4387611177697166,0.06920341948515597
1992-07-30 00:00:00,34.406990168978986,-440.6159171017192,20.135408407894268,-8.478637674748867,0.5064628928330278,3.529861789705732,1.6191018057786188
1992-07-30 01:00:00,16.734648323523647,-399.5656033954316,24.929816201269116,-7.077906074084066,-1.4204220301587485,2.269529070400104,0.2634985668021663
1992-07-30 02:00:00,13.232672392529425,-412.5862641635501,16.67583699276061,-11.692454479474314,4.278571050534296,-1.5532073231584353,0.9375924408293158
1992-07-30 03:00:00,23.100154722168625,-408.0818817908883,26.719654265241914,1.888920936866044,0.70104370286477,1.8883807373513188,-2.133728288285375
1992-07-30 04:00:00,10.71464275313976,-415.1365930498779,31.076819403805352,12.595378483071224,3.0272127689696875,-0.1402295721944843,-1.43098050478044
1992-07-30 05:00:00,4.130429786621504,-384.2697263504266,38.949360567571595,-5.8301117264778775,2.524375120244028,-0.34702405549458004,0.5653887356385401
1992-07-30 06:00:00,30.99240337969428,-427.59920119394195,18.387649711291278,13.91567176120627,2.070818858690943,3.1015358109202067,-2.2523347879576954
1992-07-30 07:00:00,23.246865994676362,-384.3437307084035,18.837304335985372,5.886725105413287,1.7087292706309765,-0.26138278024383377,3.0911226893924115
1992-07-30 08:00:00,9.601972577936614,-391.5747548653236,19.460153510639014,17.804266567230496,1.0676680872314375,-1.3776399107016992,0.3693070885519759
1992-07-30 09:00:00,11.435069533471625,-409.8445941253096,27.65380508541395,3.5215281474492164,-0.2574928212133748,0.8955873044646991,1.0841642894924033
1992-07-30 10:00:00,12.218971885942734,-386.26089681437105,40.381428701867264,-3.239537091501554,1.7287917509356998,-1.2784027939166154,1.1480567401481487
1992-07-30 11:00:00,18.949161132311144,-419.6061479297839,12.264387830765354,-1.1396592589494032,0.2733538717139258,1.1401615368260063,-1.942783882650806
1992-07-30 12:00:00,9.890469311827665,-426.11446201515014,21.511647300447848,-9.948413220090558,1.2594872849687895,-0.23723535547791164,-1.116400284493299
1992-07-30 13:00:00,13.260294836846633,-451.8178916527039,12.35391184584876,-9.582995842254528,2.6652463319841444,0.7903756696287434,-1.1300507863332014
1992-07-30 14:00:00,18.058142369483342,-453.25370028203866,-1.652088420641812,-8.65211510830092,-1.6140391983267717,2.045318374532606,-0.4043745046522705
1992-07-30 15:00:00,18.418800057743944,-443.16286562971675,18.304185146876414,-7.808555570344711,-2.515619410775073,2.0349789591931935,-0.8120974528595675
1992-07-30 16:00:00,20.121426940161747,-448.1051876797414,19.986937953485153,-22.25699970251057,-2.3890345410019878,0.5412682172574081,-2.49939830628724
1992-07-30 17:00:00,28.9019082069502,-455.34392058890836,-0.9526272241115761,-5.879557520974952,2.2404610357071406,2.184657174583528,-2.904627596881897
1992-07-30 18:00:00,19.702066077710406,-456.8707117529116,4.134147781813368,-10.477941772788823,-1.8672658198260492,1.4758962567157417,-1.6303194237730458
1992-07-30 19:00:00,25.10486081033381,-441.12254881802,0.8320598835728594,-14.143966709147547,-2.1867117485268026,-0.2110120369444628,-2.9297014475792187
1992-07-30 20:00:00,4.193020938586729,-460.9596125891856,14.038770309543345,-13.06178730165497,-2.0302410264415354,0.5164360727652564,-0.052872534700995816
1992-07-30 21:00:00,7.096595410397066,-447.0889332482564,19.167727806768752,-9.686415506722597,-3.485423870702358,-0.6290855256060973,0.07837927726965876
1992-07-30 22:00:00,23.846064018821224,-469.8052707000365,10.434127955708536,1.159533718809831,0.9631904214344026,-0.1921632075909313,-2.7551607557208504
1992-07-30 23:00:00,33.49650927575565,-426.9255966693436,17.954391903811064,-8.23289103346833,-1.5444376329223535,2.573065648028148,-3.4265092606778547
1992-07-31 00:00:00,17.867214003624596,-436.1466121269733,21.20562046599704,-5.745730870796115,0.5402441482561365,2.119414202224854,0.5365623610746253
1992-07-31 01:00:00,13.500148789495059,-400.42953617861036,26.76252472675189,3.5445813968218562,2.3053734703543194,-1.6378753089919154,0.7830656012233799
1992-07-31 02:00:00,5.175672568987053,-408.45410909616396,28.78937255491399,-7.76793855168661,1.9540376586450594,0.4725583261636317,-0.13301337390116222
1992-07-31 03:00:00,27.203619086125077,-404.80388782505645,19.843165551387248,-1.0631642352553077,1.032177101297763,3.494728383952081,-0.24750269025498745
1992-07-31 04:00:00,16.64995333690308,-434.3812819530251,27.54586649674636,11.929089698083288,-0.8422698507347017,1.9548939543769581,-0.206927395393246
1992-07-31 05:00:00,15.791884967465233,-427.1193653848584,38.44792182755205,8.893557177965889,2.1987834036759035,-1.241634019124212,-1.5672651640787398
1992-07-31 06:00:00,8.623457200360619,-405.60971597095596,33.915319769997865,3.9010067398971957,3.100636471365367,-1.3209699164847972,0.021037281546811892
1992-07-31 07:00:00,1.8392503964518796,-415.2348393358983,21.39812551869362,13.010127110761498,-1.3134453797344228,0.05660651363992791,-0.17976545139137726
1992-07-31 08:00:00,19.668303530107956,-416.8538545586642,24.458252138734718,11.282629065873026,1.2891007713243872,-0.1916805373461401,2.6451751788300775
1992-07-31 09:00:00,9.343503734231565,-419.5700241381897,25.48821304585202,3.4284738571263818,0.3358231837797564,-0.764204894841374,0.8870438512979911
1992-07-31 10:00:00,6.363039100983419,-433.5542990653352,22.383554773975757,-0.6676986322385483,-2.3610271763274424,0.15500990796105468,0.7284612882344337
1992-07-31 11:00:00,23.698081433710815,-415.3770310788311,17.32965737648056,12.749837032009351,0.3139823958994854,2.7942463050622686,0.4922341699751751
1992-07-31 12:00:00,10.136719756259359,-430.38612536481395,22.54989741561341,2.8692257607840808,0.11183557272966915,-1.1071557765591566,-0.341292546030211
1992-07-31 13:00:00,13.720471787045732,-421.20630772679993,17.5138165070774,-5.646411636060487,0.6213253778489454,1.4533774052957869,0.6965824589689974
1992-07-31 14:00:00,22.979460663087192,-467.84943283476304,8.811274140655387,-15.151638338370105,0.8269922170609766,-2.7936713785084937,0.30031257617458484
1992-07-31 15:00:00,13.22529358656747,-427.7881603445089,5.935071146153148,-13.655334030643376,2.0637940389418694,1.3207083865334353,-0.6875395549399697
1992-07-31 16:00:00,12.483328176734172,-473.17723225457286,15.516216607029353,-2.907033724876375,-0.025236325996030318,-0.7660453435944403,-1.0726898460768055
1992-07-31 17:00:00,27.35706334857932,-465.5257803539895,3.8977138820543766,-14.647353516720909,-3.634904905999875,3.1855866799604864,-0.11154102049902065
1992-07-31 18:00:00,27.155701479129206,-440.9740287722924,3.495726026574716,-15.84882523811574,0.8051764641933625,1.7169485230402501,-2.958070989188675
1992-07-31 19:00:00,22.1131188277971,-453.5326933551536,1.134085523731693,-13.481292621649814,-0.8855655425487023,2.110184954880216,-1.9160264518016832
1992-07-31 20:00:00,35.69834757670029,-490.6380122461714,0.5282080704028149,-11.389049212620499,-0.8730163040966465,0.7256006251931675,3.7857065168319037
1992-07-31 21:00:00,10.62010282363836,-450.6768352932308,6.308881964130264,-3.0887751169924065,0.510556160927701,-0.5769008881349795,-1.0465459740885028
1992-07-31 22:00:00,11.419760116173705,-434.96500360971163,-0.8350642982170631,1.5727217404638196,-0.2585959431245951,-0.7948191948161413,1.175243642577195
1992-07-31 23:00:00,24.031545301824536,-444.91016089603806,16.22726743674108,-6.124879176376201,0.959726274141004,-2.737789427183659,-0.10452491800816435
1992-08-01 00:00:00,7.202667347566585,-434.5082130020553,14.712205510678885,-1.5713005713982864,-3.5366666725177422,0.6488938811449065,0.6247157100945366
1992-08-01 01:00:00,13.92568732167791,-451.7530899155166,26.43790318569907,6.655385594029782,0.7499432336364356,0.292267782951005,-1.5169251976695386
1992-08-01 02:00:00,14.453207513831783,-431.3855850340779,14.891924759311568,2.7131814195468706,2.548185655561978,-1.7241068439669314,0.3429298959372438
1992-08-01 03:00:00,15.249820706910475,-432.86798824505865,35.09917782177411,8.04236016584685,-2.8008865832822067,-0.09011087516880276,1.822253135163049
1992-08-01 04:00:00,17.21794189322052,-441.5502751374931,19.117877752445242,15.890512941677514,0.7797166103168379,-1.2928678284912065,1.5788011279033924
1992-08-01 05:00:00,14.841318666316305,-431.369088764204,19.255026652749763,24.675945290046663,2.9777175220024055,1.1761827351064582,-1.2794229096061536
1992-08-01 06:00:00,29.98392299249756,-425.79232428901287,25.070152470487916,24.03858250191177,-0.1340104869102678,-1.3904580492013092,3.227757857298476
1992-08-01 07:00:00,20.63740094050986,-433.5180417136647,31.59723326514517,4.644057406061951,0.7744342135641944,-1.0103907885646617,2.16587026317774
1992-08-01 08:00:00,2.371412167214605,-436.2739671892968,18.117645630329736,11.267632351906872,2.148416326353774,0.11526464280779089,0.12352678508417025
1992-08-01 09:00:00,18.405722420512035,-440.7421361798677,24.64914644611648,2.786677838534881,0.7739469214841381,0.16622850757296784,-2.232425870554295
1992-08-01 10:00:00,14.307681777255516,-416.59154092255716,13.822877025228884,-4.426663001754383,0.5350085630986727,-1.2887295210767908,1.2234739144049673
1992-08-01 11:00:00,8.772531775423108,-423.51578970857554,17.0992136355177,7.254695155162376,2.533555257652366,-1.0246247449485795,0.42641297840352155
1992-08-01 12:00:00,19.431390287978868,-417.6733884500347,5.083708553165657,7.942549201490089,-3.012601146877171,2.481773121853099,-0.7718056467312823
1992-08-01 13:00:00,24.50396834075542,-474.0434071865353,6.926144882812774,1.8393678736923913,-0.9414727927917126,2.7447149348154594,0.5115700750626896
1992-08-01 14:00:00,26.524958857383883,-465.2830831981182,12.836399316308036,-2.0726642636300374,-2.495283169089057,0.8139393951115089,-2.9975063981890875
1992-08-01 15:00:00,18.80184935988443,-475.7725122406712,-0.38413586703705516,-1.6406990012758025,-0.3258308528924062,1.6934373863075942,-1.1265453195407127
1992-08-01 16:00:00,30.668670057618503,-491.5319005686786,-1.4640617385300017,1.064302162877731,-1.7415178209012876,-3.0001101031108863,-1.4859475512176314
1992-08-01 17:00:00,17.16786364263998,-498.74539606354966,-14.558114580380806,-1.1484454368668757,-3.253965875106074,1.4186669908553076,0.8983090243574667
1992-08-01 18:00:00,34.16555267564689,-474.8842560849077,-19.139274009971505,-8.974896922772853,-2.1482935928523874,-3.3361890925674946,-1.7556178775612947
1992-08-01 19:00:00,12.691063814168523,-473.8903095994077,-4.7667487865394556,-13.175443328564072,0.1442140496154069,-0.2181101204707683,1.3247735712712418
1992-08-01 20:00:00,13.549050412573514,-455.32509260799975,2.166273860223045,-1.372664759995033,-2.3341466914284923,1.3717045461933397,-1.031243053409053
1992-08-01 21:00:00,23.10974077427724,-498.9433886719278,-4.9892603163783615,2.9071776297860534,-0.9347687263442768,1.5518657414541643,-1.7854995714681114
1992-08-01 22:00:00,9.85482827982619,-455.3373885986969,13.598624165657599,-9.943890120534633,0.966094348023004,0.06644158860359847,-1.0564234047433834
1992-08-01 23:00:00,18.693699258509184,-477.9129535119844,7.362035224313855,12.539939763251251,-1.6387126738548754,-0.1857294079231322,2.170499322253802
1992-08-02 00:00:00,26.81641771041659,-478.59189021610814,5.67079323250433,-9.258067096242161,1.169016498018343,-1.6671668730752303,2.402063265641664
1992-08-02 01:00:00,5.517420407154596,-442.5809015468902,18.569305556263394,-0.3176812983766779,0.28961550086517474,-0.2892750147271521,0.5580572858132511
1992-08-02 02:00:00,15.911750276212096,-450.35108450820104,6.452873309517501,9.231724941284108,0.3951995297579898,-1.7631072095527032,0.16727729824586662
1992-08-02 03:00:00,7.561069024996183,-419.4666039212521,12.65552833602299,8.447236677640495,1.025073982798614,-0.5907274260263005,0.6849448980281405
1992-08-02 04:00:00,37.65217632155037,-466.9411891940869,8.007066153796465,10.852547694378309,1.9354469554544838,-4.154730871823005,-0.05438463642014768
1992-08-02 05:00:00,33.773355120935726,-420.1302690215205,15.692651307205569,5.8933924600905225,-0.9988647157988517,-2.909882397901649,-3.1965958082096813
1992-08-02 06:00:00,21.321490608981662,-451.46550671239936,14.239187805989927,6.905536612997527,1.9712894763217588,-2.1408197423530932,-1.1505372605909514
1992-08-02 07:00:00,29.641581933104106,-449.7158181980577,20.23683327936149,15.766282016925679,3.2920387027545517,-3.7713159909751175,-0.0016441705346983415
1992-08-02 08:00:00,13.472039805580442,-473.2647916306615,10.737432062440352,4.572350482049605,-0.5388544907589184,-0.8966117209918989,-1.0900404617522819
1992-08-02 09:00:00,22.068649536383965,-438.6588919804298,16.07210633541453,17.60605865919098,1.0890983922365174,-2.2462401121699562,-1.2510628199771303
1992-08-02 10:00:00,17.391168286654338,-460.39318232686816,2.858100345344348,6.327140345555108,-1.0553860139299571,-1.2631843120876258,-1.5744577214676554
1992-08-02 11:00:00,25.088010569659236,-443.43573165372277,16.17875551634897,4.666732074150909,-0.7277767120105971,1.6117587834493947,2.4616221679623806
1992-08-02 12:00:00,23.80995629959214,-466.39430794275523,0.3164671954339715,-2.9132645208733132,-1.6180491656327065,-1.4803652109619132,-2.0887357605307804
1992-08-02 13:00:00,6.4541110761874965,-493.43269444588867,10.669909898338181,1.8876024366945705,-0.9371961740572352,0.18876646998493668,-0.6461809954975537
1992-08-02 14:00:00,19.62880930581147,-502.0762146867734,5.769436736409384,1.0464365477485176,-1.2527857071371786,1.80886729819858,-0.9242628497432128
1992-08-02 15:00:00,25.93264060489211,-510.0975465189508,-8.653423554734772,-2.3943343387914497,-3.2523362650529837,0.22523085155833245,-2.8618134292389326
1992-08-02 16:00:00,11.699615481448536,-518.3242047351675,-9.576304364219144,4.662964608546495,0.5941239279864382,-0.5240454588044838,-0.9987998536102396
1992-08-02 17:00:00,15.291401036348994,-494.4622305651628,-17.99773489854475,-3.091598893102913,-1.0561743550220215,0.6840054698876287,1.3597642393509333
1992-08-02 18:00:00,36.26413799599919,-519.8489899427467,-14.877627395900204,9.402061893357924,-0.7494945305191741,3.6616722071598446,-0.6314960997025612
1992-08-02 19:00:00,36.0544053823161,-511.85770021954175,5.7934947520644275,4.805753895209059,-2.0658581715529976,-0.08011621369759891,-3.5591114212870987
1992-08-02 20:00:00,47.966014328148994,-500.0955506278909,-3.4333575092451163,2.4620666618562055,-2.8419416313434867,3.631801976920392,-3.970968711056422
1992-08-02 21:00:00,23.56755737816606,-499.74887486782865,3.7932686180391144,11.179196182926768,0.07158907466685471,2.213824772913198,-0.7625628262093782
1992-08-02 22:00:00,18.791138042526974,-488.6344655356017,2.071908465192717,-3.906806675035881,-1.1789459268715188,-1.6240108917464458,1.014006276793998
1992-08-02 23:00:00,27.232378196658026,-472.25431925044103,20.970714319167946,-0.012947031335529324,-1.1450862545845255,-2.8425619584151214,0.2844936952033457
1992-08-03 00:00:00,21.224062517940325,-467.9403887589324,16.49965529172787,8.441717969963639,-0.5074342072051613,0.2439193371503976,-2.1743799183066614
1992-08-03 01:00:00,8.268077238232344,-484.26702102625325,9.728371787903583,3.0707139120538347,-2.1212803935096707,0.5468675134580381,0.7379747576935133
1992-08-03 02:00:00,15.188877289119251,-460.89987665494573,22.963216761678513,14.7514973626858,0.7131215168318537,-1.295889302702351,-1.084138440710303
1992-08-03 03:00:00,24.959237480002404,-476.8589964597017,9.207105187627299,20.746856839943003,-0.6422865641089237,-1.0425378891450734,-2.3670574331862944
1992-08-03 04:00:00,20.547015332363692,-454.44425851837696,20.86951949113918,0.2829112934716136,-0.5528806764727305,0.5224733850802807,2.381865224426952
1992-08-03 05:00:00,31.14582874776319,-440.5290111223014,24.54627465135512,10.089004119523695,-0.71145715440435,-3.812826453126764,0.022277885539413678
1992-08-03 06:00:00,16.72437212002449,-451.3008125204952,6.8592376902172525,7.432108877405369,-2.7391306419956463,-1.4230748516243077,-1.089727890307201
1992-08-03 07:00:00,5.438856516882571,-440.51180427722994,7.237649310469234,18.916151864556287,-0.5302498427735249,0.6169211496569741,0.1256581306714139
1992-08-03 08:00:00,16.86407659614397,-429.11615309300464,14.871942942591367,3.4018395541143267,0.8531246831909802,-0.7249937118469656,-1.8436461777873157
1992-08-03 09:00:00,16.271037505916052,-433.847821842161,21.03890668680011,19.942331654225963,-1.2149500118147403,-1.6692967568624193,0.7745894759376508
1992-08-03 10:00:00,16.536189551614104,-494.0446048300023,21.591819227405253,13.262944738577364,1.4333687423831185,1.5872413445207014,-0.3132254279794667
1992-08-03 11:00:00,14.396964091865705,-478.5372193185228,2.457080497498218,10.374221077304163,-0.243617163771092,-0.7916257836552478,-1.273020537922191
1992-08-03 12:00:00,7.782842921866995,-477.7778057866082,5.283945456575336,19.084275539340155,-3.255912400768916,0.7132064735789537,-0.32134378318709894
1992-08-03 13:00:00,6.720550115508424,-467.5016986221267,6.142590929914708,7.398070366113224,0.834592187715821,0.5582747844674505,0.42564237560086454
1992-08-03 14:00:00,7.016491223020727,-496.2879528452237,-2.7303018893197484,-0.17821222231497114,-1.5859662760548632,0.6908987075785833,0.10057427348901304
1992-08-03 15:00:00,13.62679522340693,-470.4979058825995,-10.18959052866742,12.617169143773868,-2.0306280418176614,-1.1108267317354306,1.033660188765099
1992-08-03 16:00:00,29.52485632236782,-491.87336558338603,-17.96929008096922,9.54588627010184,-0.9085448608834571,2.3253332648410527,-2.0444253282183475
1992-08-03 17:00:00,29.812230885128603,-517.0952795853336,-25.723821640355858,-18.280089028497123,-3.470912211312135,0.7280252467244138,-2.8558944983434147
1992-08-03 18:00:00,31.301394371774965,-517.6144404770539,-6.603360286385195,-6.322852830088821,-1.6671928062465247,3.0495820372418088,-1.1407748658025076
1992-08-03 19:00:00,14.84037066895121,-514.7817054593664,-7.198704069313815,1.2742573504985613,-0.5738243908324513,0.4919732020530503,-1.517304217551409
1992-08-03 20:00:00,24.35953475387002,-524.596223777837,-12.119558030178196,-9.317606961392169,-2.4443985832158446,-0.8193018178893772,-2.3699524246142776
1992-08-03 21:00:00,21.464533410802673,-498.71805483182055,6.165824257507596,3.36045415925146,-1.6615657305032632,0.3798236327254184,-2.203257161007553
1992-08-03 22:00:00,33.150630360550295,-467.10739025479506,-1.4196191507918705,-0.14863107102549122,-1.9102340607067534,1.1727506397778493,-3.6773559294636993
1992-08-03 23:00:00,9.459111287045202,-474.0879658908153,2.7428746065831557,11.207312773685052,-2.300278482878126,0.8715390036239326,0.5626769986913223
1992-08-04 00:00:00,14.823729130344734,-454.02001882396587,10.841549532264544,7.200271829085482,-0.9770632607452945,0.08295461892750655,-1.753795499684704
1992-08-04 01:00:00,9.391128591768204,-473.1797291424377,6.928853732730579,-0.8763764316943421,-0.5368976620378839,0.7495541252018871,-0.7321573382586891
1992-08-04 02:00:00,21.92611108628156,-468.72934716387533,9.558889624201198,6.870564256449983,-0.6295685386911243,-2.5051966164578774,-0.713416614400713
1992-08-04 03:00:00,4.261385791144862,-455.9240704501342,6.513838224323702,6.528512655185574,1.4918665126465167,-0.4302050254477911,0.204752516966345
1992-08-04 04:00:00,33.07580407755616,-457.9865482801188,20.30990805122241,11.75690447821643,-0.5473338838804255,-3.245210691320967,-1.6201469314498156
1992-08-04 05:00:00,15.914098389517283,-411.4124603493531,11.304355124997025,10.89702720900707,2.9608623709848887,-1.526020997281902,1.2053990712614875
1992-08-04 06:00:00,1.6133970145141994,-443.597148434131,18.87371222660691,13.709889246022879,-0.6123324856646972,0.1772489086774754,-0.0817249922444695
1992-08-04 07:00:00,24.955550371904025,-424.5449093290487,25.323184874529307,1.333507798358558,-1.603848815727891,-2.5804264006308437,-1.5866506457373024
1992-08-04 08:00:00,12.615074899516296,-437.32401584514696,17.338645299907,5.6009301036433286,-0.800385311255863,-1.2335721020063095,0.7011489330904089
1992-08-04 09:00:00,36.728612444588755,-454.74299769999396,19.736511242070552,6.195901892589796,0.07711698801226102,-2.8046795862966882,-3.2813361801436134
1992-08-04 10:00:00,16.394840537095515,-436.65127184760263,20.696708471143968,11.533883547755128,-1.4184597840457847,-1.5221627871227204,-0.8903908880462617
1992-08-04 11:00:00,28.07686557140174,-449.84642369205744,5.3882472157542365,-2.601845066020045,-1.7717395444850121,-1.3343634942026534,-3.2227536611996084
1992-08-04 12:00:00,10.688195271752766,-459.96739740156556,14.711639548638233,5.5010240114708555,-1.8862670082871784,0.6620721549314382,-0.9705510654757094
1992-08-04 13:00:00,20.697354845591555,-472.9963965826077,-0.3271395361712539,1.604823336668804,-0.7998549003095332,2.144648743018519,-1.0596629790331744
1992-08-04 14:00:00,37.332605895401095,-475.24903347953904,1.3285944694802212,-4.4042982465995335,1.3993267721793314,0.7731962599079119,-4.0804014577584224
1992-08-04 15:00:00,15.475718757549641,-476.48209683051715,8.828829638178812,-0.2973832608745224,-3.365115314103751,-1.069094412832107,-1.4433369518469084
1992-08-04 16:00:00,21.98872074988204,-463.01798824687864,-1.8197843574852826,-5.7358587359592,-0.6219808312900255,-0.5223828316706969,-2.3245791738058066
1992-08-04 17:00:00,38.53996086645077,-495.39522251894675,1.137597123311938,-13.159445718784898,-2.317873912890011,-1.994320188815337,-3.858282527484765
1992-08-04 18:00:00,26.925013987128736,-498.51872919738446,-3.9455851828965014,0.41559870788395004,-2.739467827058666,1.7129080596542183,-2.6251967047405764
1992-08-04 19:00:00,33.88911992198106,-507.18442664154804,4.940659583101226,-5.0014612396095135,-1.6009418203442283,2.352593025619907,-2.5829252083964853
1992-08-04 20:00:00,32.28722101430672,-488.15243621905654,5.779934374657412,-6.22626813300867,-0.8640333922932751,1.89625852423627,-3.1526504084531397
1992-08-04 21:00:00,2.1353622245101453,-475.52816088846066,15.375456942326148,-9.616838975880231,0.0025695471385512314,0.21935114452751198,-0.04740125911421522
1992-08-04 22:00:00,38.56674655328095,-446.87744086128475,6.704901559896938,-5.486798892139884,-0.7903710471614471,0.12079046513749199,-4.768054328473501
1992-08-04 23:00:00,15.778948367538854,-482.4578626905859,13.362270355645697,5.730288635361104,-0.8317855845635951,0.520762033136987,-1.5470291588864766
1992-08-05 00:00:00,15.626781356434261,-488.80845948653916,34.763147643394284,-1.5871732678776251,0.20302964215847108,1.6701433807908934,0.08986581770391477
1992-08-05 01:00:00,21.40012855536072,-457.20464425505736,13.18745612734332,1.551178282669274,-3.4620922742393736,-1.3964399126417875,1.8103440630902647
1992-08-05 02:00:00,24.31051842514071,-445.1723537932735,7.891656499035766,13.442300231604472,0.3140442262612434,1.2550638890718238,2.412542208853156
1992-08-05 03:00:00,31.991524836329788,-445.18190092173455,21.88057525264273,13.420286085198272,0.19636654339855297,-2.5625789300096575,-2.925946594496974
1992-08-05 04:00:00,2.61967416933815,-394.674485419949,22.216356588703444,-1.5328860378976938,-0.37793087741907,-0.07834300104945478,-0.31751998102095386
1992-08-05 05:00:00,17.013328565507404,-468.20168009447224,21.1155967109077,1.1587763876540353,0.24001907435511294,-1.7865424305141537,0.3833452906079896
1992-08-05 06:00:00,28.089776051092308,-440.3050877570853,25.60708457279526,3.9717310004130146,-0.6547711851787845,2.0040095668243896,2.514605301852271
1992-08-05 07:00:00,27.14564657887012,-431.87012305058124,30.957744352572277,9.805352201574763,-1.347033460081772,-1.765520324626856,2.5525094189665207
1992-08-05 08:00:00,5.421968097350275,-419.4209761793869,18.15533888156637,16.53314032142058,0.5569270554306043,0.03370797693494279,0.6213112464811911
1992-08-05 09:00:00,12.679751227530987,-418.4553068324176,16.438300103223067,12.051870679901176,0.15895378024061851,-0.9328280799416259,1.4627210512510767
1992-08-05 10:00:00,24.232119610781297,-435.02585170268975,9.236811241931566,3.4902292328103734,0.17518649437926792,0.05804800147451883,-2.7852180915224314
1992-08-05 11:00:00,23.541834861792978,-433.51171989546447,25.526582063801136,4.963867992717705,0.33509230366882065,2.071265149625091,-1.969473063102291
1992-08-05 12:00:00,15.32280934530409,-454.3390616291574,27.981560296065016,-6.761151253611883,-2.759644827303816,0.4537765986164052,-1.7003958520033204
1992-08-05 13:00:00,10.743385037706046,-481.8537438496639,0.10216018597954868,-7.091963458523374,-1.9483386853027147,-1.0829855362702776,-0.2909055285408466
1992-08-05 14:00:00,19.150152005982132,-463.141566795458,-16.991927182158214,2.8143019927999324,-2.4960599010772646,1.3762837986288288,1.4697214841520827
1992-08-05 15:00:00,17.060947233520935,-485.2294213919191,-0.963561938851246,-14.924219262238003,-1.8620083166285497,0.3662276661516273,-1.775874612494345
1992-08-05 16:00:00,29.041181690199576,-507.15231992254576,4.784263664384965,-19.168021580012546,-2.1747964500750747,3.3388585631238477,0.04518924850287098
1992-08-05 17:00:00,33.88495041633192,-488.1135884000405,6.353440969950439,10.154444781415709,-0.8127973186341091,-1.20647395259343,-3.556181479267142
1992-08-05 18:00:00,24.2867506185097,-481.9049970423661,11.242104550024159,-4.86393598582195,-0.44248735788235716,0.828613760157063,-2.387300529594738
1992-08-05 19:00:00,28.757868694250217,-474.45983962789376,-7.233936130030412,-15.255724494775464,0.7257609034273522,1.096523503875801,-2.836698647153455
1992-08-05 20:00:00,26.66132591067169,-470.4287560705354,-3.4535846064787616,0.46670266457648957,-0.6947439994643184,0.7053588781531985,-3.15276812589844
1992-08-05 21:00:00,19.79001730596984,-463.5046247898451,-3.790232246249312,-1.9220636446783477,-1.0647000922771088,0.273535694717336,-2.2221024264157223
1992-08-05 22:00:00,15.34364804814825,-434.8608611802674,9.253428845983754,-9.330556857609828,-4.457018080898787,-1.5241854855625956,-0.7947024150242392
1992-08-05 23:00:00,35.66327648947096,-446.5719832960281,14.367143668168271,1.3149349052909227,-1.104852379915409,2.229353514985688,-3.581409253867779
1992-08-06 00:00:00,20.736454851411963,-438.514078719064,26.696039174913754,-0.2844425946120146,-2.0195386712982497,-1.4030522600626076,-1.9444307786646426
1992-08-06 01:00:00,11.1346295745276,-412.5206032040425,23.744233127872242,-8.527945408647163,0.2517476718338024,1.0576415402522896,0.8417577378679482
1992-08-06 02:00:00,22.67739742184578,-409.24635339771567,21.87003563242039,-5.717640886736499,4.357910887041782,2.5484429649879554,0.6702333918864639
1992-08-06 03:00:00,19.235016450129155,-432.55442308224286,26.720064961509994,0.9651011832090042,3.404987905318793,-2.47667965594057,-0.0902553618529901
1992-08-06 04:00:00,14.215197281936724,-409.06310664304345,25.24423355226726,-2.1676318888221733,-2.0825826354052253,-1.513448406810713,0.5566415176512645
1992-08-06 05:00:00,34.62334071405406,-423.6319600635144,28.234838288421216,-0.19828255588931842,-0.5839537439385778,-3.4764599516981907,-2.07917493009921
1992-08-06 06:00:00,23.23360120194065,-409.68901277571047,12.43213456445509,15.173666623984591,3.8991282268003746,0.6377538673355517,2.5878931343451206
1992-08-06 07:00:00,18.204205520471238,-388.21129301803825,30.319454281479068,-11.09087944621744,4.070959082654422,-2.3751748956811842,-0.9989495065187554
1992-08-06 08:00:00,18.625158216239836,-411.9586054832377,23.704348711606585,-5.5107987582554925,2.147415996660387,-2.249880302509669,-0.7352600822457862
1992-08-06 09:00:00,9.69422620531854,-423.70825484417526,32.10121714840881,-2.5842870878998574,0.7759024321298165,-0.9584016832365122,-0.6994718006237058
1992-08-06 10:00:00,34.14616897221675,-444.4011149779491,31.278546795750636,7.695146341903078,1.416140046167864,3.662841033159831,1.8744529271381278
1992-08-06 11:00:00,29.797671525245082,-425.76397620777954,10.296408090540535,10.334726429374072,1.8838352836168544,2.0546298645843377,2.7532300690817317
1992-08-06 12:00:00,25.071672343864343,-440.5092782379172,1.3964757485825938,-6.02061406588121,-0.22660883565259593,2.0825089476145946,-2.038886593117087
1992-08-06 13:00:00,3.1656296144081297,-434.3919387091712,11.46624586174349,-14.433394719519015,0.20754363449732083,0.2925317664891181,-0.20272246594605448
1992-08-06 14:00:00,19.28826780640008,-442.8886830696586,6.964440327835647,-12.531237529751,-0.40975701261933084,0.09510872198885467,-2.187109529178125
1992-08-06 15:00:00,40.98330379317652,-448.54493894948575,2.655221759259627,0.48358741954486373,-0.7756146218106451,4.227567643364535,-2.655268150396323
1992-08-06 16:00:00,11.091836535432838,-447.1883444655102,3.7149858795973874,-15.167678767104881,-0.9152438608512652,0.8925493398913062,-0.8995964411926156
1992-08-06 17:00:00,3.7675384158974663,-469.95540786944423,0.4218198171039669,-12.703546848246301,0.4078454107095626,0.3970382394540858,-0.04024035510330781
1992-08-06 18:00:00,31.681659983376676,-448.1547992377234,14.135736759719627,-19.058154497854567,-0.6891454199679923,0.6271704726666193,-3.6814352195128066
1992-08-06 19:00:00,48.005739422042915,-492.71144972245986,-0.18700964831486644,-9.834630129263504,-1.4272379111213158,2.570036413393002,-4.7814941860073334
1992-08-06 20:00:00,7.893034284259052,-447.46661170753714,3.5768277568444713,-14.701298608046176,1.444750482872068,0.776463623049438,-0.34799462131972825
1992-08-06 21:00:00,28.648529434632145,-476.30354004762296,1.6189131235655863,-5.968893203068579,-2.335993955931123,2.0670044818305104,-2.6824729626341925
1992-08-06 22:00:00,15.803674594099903,-480.5642254445273,13.223777697024376,-12.954201706156445,-0.15986502991166418,0.5559943764982109,-1.5530637523950752
1992-08-06 23:00:00,23.366977521559516,-450.2732926662366,3.852223554456711,-15.949743256721462,-0.9495855233562573,1.2580249334860936,-2.30737467235402
1992-08-07 00:00:00,13.84533146795865,-443.5625644238222,12.565393579898746,10.564512173979407,2.754130113397835,1.4430624938956194,0.28281043621708435
1992-08-07 01:00:00,22.487976673725548,-418.06326126747024,21.82317746179464,-4.256853553727236,-1.7956309838332403,2.5746511837896304,1.829647259815164
1992-08-07 02:00:00,18.03256140394576,-436.4180564877591,12.045369886328121,-16.872522921029567,1.6618171278808889,-0.07933710051696297,-2.000631608583661
1992-08-07 03:00:00,14.034414185820376,-436.9926448790985,20.61580623983202,-14.705571492673311,1.3921894813661377,-1.2572720813268625,-1.0257439548585108
1992-08-07 04:00:00,7.143096187184471,-412.57909284806044,22.37945707536283,6.048529316660021,2.5482210765101305,-0.9677270947027945,-0.2849355229802246
1992-08-07 05:00:00,9.912770330964054,-404.6543787803745,22.288313616376666,16.956186669419857,-0.5925835420672309,-1.1709036170095528,0.6518000994793559
1992-08-07 06:00:00,8.508311396918725,-423.7687173037608,14.9347854474323,10.477987192769513,1.8817444349264694,-1.0320637028623532,-0.32024265411795944
1992-08-07 07:00:00,8.535706993991958,-410.765158146756,23.07595554317762,2.0106240021680586,0.8504635135347159,0.5815595154739062,-0.8293983236593409
1992-08-07 08:00:00,16.86520545195411,-434.055015058237,31.426695511378348,0.15140206549611435,0.3199141605771224,0.8446639019995681,-1.9342504453183518
1992-08-07 09:00:00,22.64034739074407,-419.32352719003603,33.634529173689714,-0.012631520727165224,0.7609340343604843,1.6185536865291938,2.106773005546958
1992-08-07 10:00:00,9.736685486074983,-428.299186853938,28.17494022416424,-2.5236747967443645,1.734052321043692,0.2930786909996962,-1.0488945972367736
1992-08-07 11:00:00,12.240278191516586,-472.89561260324496,22.693926820255598,3.822621116282308,0.40520568796259016,-0.08729574545396473,-1.294220106977908
1992-08-07 12:00:00,40.93566505995823,-436.5700955043684,14.502535667730195,0.7837175561902772,1.163516329849247,4.484549182423699,1.2307374624672902
1992-08-07 13:00:00,27.40436777932762,-454.8207175013988,1.6846880490279545,-0.09929755225620074,-0.4835535062073053,2.6287149972837143,-1.5345035064826336
1992-08-07 14:00:00,19.443495463953283,-474.5870932440647,16.05012968437742,-9.003949335576575,1.5220193807899358,1.4581402492871116,-1.3961223427925904
1992-08-07 15:00:00,21.93116085095161,-438.4234251083248,-3.0485520659169216,-6.4892155294163345,-2.6163381342110545,2.629360472692813,0.19909851071626694
1992-08-07 16:00:00,14.999294548158336,-465.0255007871467,-0.5485100204085054,-12.367866542008098,1.8873320775260403,1.6545499682346445,-0.5621285543643716
1992-08-07 17:00:00,8.295367096499731,-482.3853543083654,1.5260752366857844,-5.677950130785248,1.6420393513161047,0.7594805072501256,-0.37375682152925593
1992-08-07 18:00:00,15.976762199733912,-486.55006271648085,-6.243883766086335,-20.141900519387512,0.53236245620748,1.5986841676406347,-0.7624915097960041
1992-08-07 19:00:00,26.302130535575287,-473.02275472841035,0.04041819525267387,-9.096068651572356,-0.7058220236433941,0.7280724003973136,-3.0406053163732327
1992-08-07 20:00:00,27.21867407458668,-461.67199447234077,12.558284034794553,-3.0658428496929986,-0.694845476501997,-1.270805522462939,-2.837936683961347
1992-08-07 21:00:00,20.973144118290517,-468.48486485937195,-0.2637289269384606,-6.936276137523551,-0.06066658166942701,2.236169519163027,0.09259798302897615
1992-08-07 22:00:00,5.089180051690864,-456.41242881979827,6.440093163901826,0.6140245942068678,-0.5210733355627711,-0.4072079334322397,0.3734398581609957
1992-08-07 23:00:00,25.686440826876094,-472.3909547869082,9.768941743127295,-6.124006916506451,-0.7577038025150219,-0.11859042983803653,-2.975248824847074
1992-08-08 00:00:00,12.604826328582531,-454.27955971402184,23.64486159128307,-9.02177118988293,-0.7099301718938718,-0.044610874076053575,-1.3970845096733728
1992-08-08 01:00:00,32.04754002557727,-428.4450818360039,19.654974564477854,20.81212326166597,-0.3249628138463444,-3.799737666500312,-0.2838232663514427
1992-08-08 02:00:00,21.01736264447012,-435.6645956500227,15.16419976838073,11.366172880043235,0.6439875575879439,-1.2184006187787726,2.104922644314506
1992-08-08 03:00:00,2.047517594653546,-422.8568946737623,27.870054083116944,-4.888689771691753,-0.45958797468345053,0.2245704284715809,0.1386752279481397
1992-08-08 04:00:00,22.593741079887995,-432.092655925501,26.886408269517982,19.2496745759304,1.7079767476019891,2.244616971769312,1.3332803986194572
1992-08-08 05:00:00,9.460597680352462,-405.959859472825,15.580619142413708,12.242382610886752,-0.19518855369763924,-0.5724502833957134,1.0424733616275272
1992-08-08 06:00:00,18.58070938383288,-435.0625428320625,16.38110263791687,4.823713767656802,-0.5473399513739963,-2.0710905524884673,-0.5358578530738243
1992-08-08 07:00:00,44.941925074043255,-439.11813238988447,15.185145716085042,0.5049807847456509,1.6113572613067353,-5.092532791286646,-2.020478486669549
1992-08-08 08:00:00,24.43284712695973,-450.51972981631485,13.90090479962499,20.32626415317015,-1.475721845149562,-1.9615509357201832,1.8840079425877079
1992-08-08 09:00:00,17.03863893535241,-431.8245978267632,29.292339461753723,3.899329448538624,1.6186384341473148,-1.4431596904179593,-1.4661251784225757
1992-08-08 10:00:00,17.07660543713667,-445.3721189814105,17.694622626631716,-6.267282701348538,0.5741153358837336,-1.3880570069475793,1.6737097232626539
1992-08-08 11:00:00,12.133234068899409,-438.72885837933904,12.574208620468452,-1.0523406175315504,-0.6870097177430662,-1.3617982774485802,-0.06098964407638985
1992-08-08 12:00:00,14.415843700725274,-467.00123423588695,11.055536886697952,1.7391809922697077,-0.37550476803816774,0.15601753948237693,-1.5679464937352532
1992-08-08 13:00:00,34.39972103885085,-492.1094930491602,5.9681849892483605,0.3485275609941126,1.2453144583126348,1.6396411718856883,-3.1106555049525246
1992-08-08 14:00:00,4.5671518344457,-475.78949754071397,4.062166142572137,-10.531051953285328,-0.6952498203322411,0.4319864243302108,-0.23625251172322959
1992-08-08 15:00:00,20.536995003668977,-496.90029149286215,8.074299358634988,-6.89270816763232,-2.759288179630205,0.5801776318304815,-2.3721972481080367
1992-08-08 16:00:00,24.8063010332207,-498.8061346979315,14.292171961219825,0.06407495968496812,0.4235182574730473,2.4381147836247616,0.5286735106612632
1992-08-08 17:00:00,32.75995760412668,-476.7774562729853,-2.795816750758674,-0.8786816079965843,0.16920940307965762,1.6293612757275515,-3.50447904820852
1992-08-08 18:00:00,25.43530537367062,-487.56146447108813,-6.81969225165781,4.213942455505524,-1.7239508878816454,2.5932764832014974,-0.7581719295275572
1992-08-08 19:00:00,8.485627932865802,-501.05700216164263,-21.34535525617266,-7.490093276173247,-2.3390682225149377,-0.7501908296240084,0.506089777031852
1992-08-08 20:00:00,26.64095122462265,-492.5185990309322,-0.9837677307264063,-4.384655653254951,-2.076220201877354,2.4377021953036015,-1.2681941106450227
1992-08-08 21:00:00,25.34869305740488,-505.83436575422115,-7.810506658274465,-12.268649473497835,-1.0518203090347298,0.8028131158357155,-2.544655363818425
1992-08-08 22:00:00,17.954971171347108,-502.9526921447846,12.423512995029835,-9.101382362188644,-1.156615351200463,0.5519737258488643,-1.7271098224565025
1992-08-08 23:00:00,6.330772909444055,-467.5844129268503,10.122768038809998,-1.360854759099623,0.06092327624680166,0.4109197711702103,-0.5366963010674879
1992-08-09 00:00:00,17.494376329805732,-451.4987863226787,9.303217853631336,0.7598376548130905,-0.9803160052328199,-1.3145475588993325,-1.4764845124860062
1992-08-09 01:00:00,21.275402778454772,-455.6717841269872,7.732787834184157,-3.223307645722053,-1.7347994781074576,-1.2226843202944537,-1.9821274395706223
1992-08-09 02:00:00,47.299175152031154,-470.8826104238996,18.809181430263106,16.109472205700197,-1.9003180255872678,-5.735604698156996,0.3370209731304106
1992-08-09 03:00:00,6.23079908408657,-451.5480181575335,11.026643081585167,18.83564873868834,0.23492691574211555,0.024398094942823745,-0.6988415465925288
1992-08-09 04:00:00,22.03443449260973,-446.93546390785855,19.161135304019616,1.0907131579987515,1.0547768987405455,-2.157622959145567,1.2665665987809205
1992-08-09 05:00:00,25.68206209616303,-443.9788249259862,8.340710854758347,11.800345495686534,-1.4285478329513817,-2.476627926185744,-1.3909070819046434
1992-08-09 06:00:00,35.66573953596013,-462.6026436741678,25.614495971135742,4.889975662556968,-0.7960868120804953,-3.130340052336394,-2.468873789361537
1992-08-09 07:00:00,9.887799847488386,-437.1488874640499,20.117040692482774,22.057417491114926,0.4265049653224895,-0.062252546951629684,1.1350442273526147
1992-08-09 08:00:00,14.441747059111819,-450.55013370494953,20.85758312369255,15.579472136465185,1.0593123502019606,-0.7776218119807286,1.3879549328460998
1992-08-09 09:00:00,14.362146539840671,-469.68854893820253,0.2045821911044685,7.615261244908677,0.8791201631693167,0.2486521828450225,-1.5227289310952892
1992-08-09 10:00:00,10.702718289740101,-487.4684592275535,9.111119925611797,-3.4686618856469407,-1.1631242481210387,0.006548465823178251,1.0892145399718562
1992-08-09 11:00:00,24.16371062508998,-485.74169943232755,12.969829555658295,-8.476649482708563,1.0505267940235532,0.9545817432395932,-2.244071180656247
1992-08-09 12:00:00,12.517896283786696,-487.42129171184246,-15.386273773841864,10.64683154921693,-1.4527733282404158,0.5052592758504804,-1.127819589401263
1992-08-09 13:00:00,20.55539563895802,-480.50511307857613,3.8615166398155063,7.207597010350508,-0.1507799468439579,1.0612009692109965,-1.8552959700565503
1992-08-09 14:00:00,21.154729985747828,-479.9573314137023,-6.838495078677299,-1.625698342729538,-4.380785595256254,0.881290114439814,-2.0061226939348433
1992-08-09 15:00:00,15.474029962566428,-521.5559668429357,-7.155257310563185,2.8721475461876516,1.3745752164305307,-0.2537489668907495,-1.6262396553996905
1992-08-09 16:00:00,33.05837006688592,-493.2890060094607,-7.4475544039293045,2.680197067482439,1.4441304210114547,-0.3393812242248848,-3.538169263615214
1992-08-09 17:00:00,11.129929848510818,-494.77465607557554,-5.686091562316587,-8.48833194409448,-3.838429007880536,1.0604802929382218,-0.2767427714777638
1992-08-09 18:00:00,46.65801865450332,-519.4178070891877,-9.22349595326151,-6.154524750393286,-3.0774964501354103,2.4263784649359486,-3.9671643594043315
1992-08-09 19:00:00,12.968789136629624,-518.7536129606686,-4.513356919929985,-1.1378707183896024,-3.3631702500076366,-0.08221938393826783,-1.2216720088018722
1992-08-09 20:00:00,6.349336022355741,-476.5471035245113,0.22123533038565313,9.613286860174064,-3.1470648918251585,0.5111930842055076,-0.3653050216666993
1992-08-09 21:00:00,40.56340481629642,-503.5556259966037,-11.993176396515727,5.5638857680374025,-0.5460308903130839,1.024922330813896,-4.359372650088712
1992-08-09 22:00:00,34.761235692431235,-484.9443816863738,-12.732036934354253,0.4502536193908302,-0.926601916098277,3.1612927512789195,-2.451549023086661
1992-08-09 23:00:00,25.183941202455742,-492.1998365975244,0.3889556661189495,-12.358658905562924,-0.22324355773178972,0.7589283973929175,-2.470630676341787
1992-08-10 00:00:00,14.686515723551835,-483.75402433494315,-4.462522495341114,-11.406448954496264,-4.4798929767814375,-1.4399605316259085,-0.7906093293380454
1992-08-10 01:00:00,16.299782106619435,-493.9437890321851,1.4468626734402017,-3.0516244133576675,-0.6182996219480329,-1.1620638008923603,-1.1732903904068657
1992-08-10 02:00:00,11.125351000222377,-467.9869228507088,-2.2623938088690365,17.267590822075796,-0.9820860037220701,-1.1479794096605462,0.35908957522739793
1992-08-10 03:00:00,28.57760348401162,-476.19119065923917,21.203725200837624,30.03103547051453,-0.87011206075616,-1.2183412989453868,-2.90114699603546
1992-08-10 04:00:00,39.22447933853255,-468.30414843411205,23.809811111415502,23.11508448633447,-0.23668831486547193,-4.00719531546031,-1.415082232637275
1992-08-10 05:00:00,17.39023290474545,-443.758441940806,17.651018462795527,3.2019812561008214,-0.24709848328074235,-0.9104669415349803,-1.8667029182294954
1992-08-10 06:00:00,22.766263715393386,-458.35188112766633,32.71811454403387,20.558921543821267,0.2637087262654949,-2.241322542900995,1.0820771276274999
1992-08-10 07:00:00,17.27292755900265,-418.7297330285823,18.567751557671663,5.06924910121823,-0.11047830374359358,-0.27705086823008773,-2.1375970974659246
1992-08-10 08:00:00,15.801427349871277,-458.0216903979995,6.4727986338359536,14.191094418072947,-2.216985494358288,-1.86472208105098,0.2704692809218694
1992-08-10 09:00:00,6.498169024663773,-446.60154999100087,26.006135458773624,4.462260319852161,0.5528184908375863,0.07404531771710532,0.7130346852439549
1992-08-10 10:00:00,9.582167838131035,-459.28370725999207,10.049314989827973,9.990126795930738,-1.6968693490128501,-0.5179707204741318,-0.8442786938937437
1992-08-10 11:00:00,27.254916395322418,-493.8445577309367,10.82131701980434,11.96983093712905,0.26541590786306823,-1.0182053138552012,-2.609164328015559
1992-08-10 12:00:00,14.037597762239045,-513.21793646878,8.968689909064452,-5.838626603727873,-0.8125831945155093,-1.320758868417831,0.2876229588294854
1992-08-10 13:00:00,6.356224228449796,-512.2946743561281,-9.383491804117769,2.3097492043482823,0.9250250897395651,-0.5976431313613402,0.08031870754349468
1992-08-10 14:00:00,21.317834228315196,-497.21709079853855,-0.7064936735220213,3.086714016409716,-0.307343806460578,-1.7846705233013873,-1.4879591474030875
1992-08-10 15:00:00,26.353181694431846,-484.12954242924957,-11.478178382891874,3.83290759309243,1.102095345801719,0.07912668764212683,-2.729162467226912
1992-08-10 16:00:00,23.878065072567665,-514.4757460536091,-13.999062906675565,2.0426589757200055,-0.11573319081725542,-2.296917028278972,-0.35105487824763226
1992-08-10 17:00:00,24.630235538190156,-505.1153308050887,-10.918787751121641,2.422998656249985,-2.1635068830938327,1.0591196911235916,-2.2833959256297525
1992-08-10 18:00:00,1.7729080286751164,-505.68791766992314,-14.064583198189204,-10.564045434493767,-3.106571379746132,0.0380201823695584,-0.1882329422855642
1992-08-10 19:00:00,21.078936007193157,-467.1226824852942,-17.292619375546558,-4.183484253643982,-0.9508082398115018,-1.5982666962925132,-1.7119710026805977
1992-08-10 20:00:00,33.48296168900986,-511.6392457290901,-16.649270055953018,-0.3012478444163511,-0.9934476858423946,1.638033841266482,-3.1282341850337665
1992-08-10 21:00:00,12.130547796459503,-505.9450735948645,0.473607528843349,3.916529895740254,0.7641065681416223,0.9918626951587016,0.8319078941797903
1992-08-10 22:00:00,18.214702206447146,-492.3417486122697,-6.809193318892385,-5.59700286927042,-2.2747917994912887,0.1262931530349906,-2.0231985690501455
1992-08-10 23:00:00,22.432961901070147,-481.90116273845115,0.42380427712626556,5.757164465110843,-2.246503347999215,1.6943788424590138,-1.5709048383254396
1992-08-11 00:00:00,33.006273265422465,-510.23825880311705,-0.9144579124645444,9.576440251332683,0.9653339365525684,0.6481874272984387,-3.5187303240369427
1992-08-11 01:00:00,19.50920264268396,-467.7550596197409,6.365694956877139,11.677362574284595,1.0634043842196137,-2.24102981602376,-0.7259047004028079
1992-08-11 02:00:00,15.518327483865027,-468.700561922027,18.21957409396351,10.605841699665245,-2.778118783681136,-0.7730508306142196,1.4624327634032008
1992-08-11 03:00:00,37.781010688947056,-455.19170733157705,10.107639409838955,-1.170166645010962,0.7973243252694777,-2.029226968090055,-3.876087480056353
1992-08-11 04:00:00,10.18530582666166,-462.33609143174647,13.165748992892151,10.685326029403942,0.7880134020882453,0.3726757721452308,1.009790702754196
1992-08-11 05:00:00,15.066098224426673,-431.94575886446245,15.930406474110166,3.265404213097521,0.3643586325917193,-1.7513091262955456,-0.14839167828519073
1992-08-11 06:00:00,28.57921656727618,-426.52291436791154,12.63104060670941,4.97568820119924,2.0856944090921994,-3.902296808281076,-0.7295400447737777
1992-08-11 07:00:00,9.265455839375349,-434.5298463745992,16.678408607620188,10.356628849404894,-0.4797752834260122,-0.17928175936159346,1.058130315919613
1992-08-11 08:00:00,6.862515215937663,-432.1041929075647,21.14566416112881,12.915095322396809,0.9355930203569847,-0.8349965894424185,0.05536577116450048
1992-08-11 09:00:00,36.766599765932256,-462.70291422036007,23.14058552703975,-2.5819914250247495,3.6016217182572214,-3.873826223231426,-2.4094126743744693
1992-08-11 10:00:00,12.674115070414036,-467.9219703212224,8.124522178371837,18.893098049759335,1.7719339859905041,-1.3828926274033193,-0.12630786957654971
1992-08-11 11:00:00,21.140105592854038,-470.6098958220146,13.066079562069678,6.1196758200039945,-4.053441148165976,-1.285220655733218,-1.7051268594827163
1992-08-11 12:00:00,6.220117600816218,-457.9515774523209,6.018029167471838,8.386889201393636,-0.2593815190108519,-0.47610615583219984,0.4854237589217819
1992-08-11 13:00:00,25.95160628425736,-461.48608527465217,24.386010341406305,6.239406939216011,0.13254088116078538,-0.5362695441119557,-2.839463054873238
1992-08-11 14:00:00,18.549301403985154,-468.634703546814,-9.084640921999705,-3.7378210559522653,0.0712250625631492,1.2900910821475993,-1.5765955085369112
1992-08-11 15:00:00,26.831526494651836,-485.19436337601155,11.502258810746392,2.012116705775929,-0.709165904267598,2.780842103980506,-0.07017613667211975
1992-08-11 16:00:00,22.81493444949412,-487.50608330407806,-5.9358946142723665,-5.314520548449304,-2.7070317150328655,-1.7088787775975567,1.9170780179218538
1992-08-11 17:00:00,17.711954577407393,-481.676400833252,-21.60042816069734,-5.648380189633658,-2.994291635224387,-0.5999431651546471,-1.8632661809604794
1992-08-11 18:00:00,21.003062928457652,-504.7204082353257,-16.545954353755903,-13.57927662635635,-1.082636844919082,1.7514073363126772,1.0366954184131343
1992-08-11 19:00:00,7.805397911277192,-497.9302332384816,-16.28477224768194,-14.91416693750089,0.06305486850730374,0.16905405622026623,-0.7633106043573487
1992-08-11 20:00:00,7.528952988466355,-482.9639447183617,-12.120677679194811,-2.025027556116103,-0.4126667767695441,-0.5698142258925301,-0.5586147794577522
1992-08-11 21:00:00,12.361068599012844,-459.9074075457482,13.300969852155754,-7.688968273425987,-0.3838057938084254,1.2607449220009965,-0.5007010496345266
1992-08-11 22:00:00,26.171321340658967,-467.1367529815501,15.314016911520428,-12.22315550145895,-1.4755177972849882,1.3982753183183407,-2.7843105881196735
1992-08-11 23:00:00,17.224765175435106,-469.0739990835812,17.032775595961876,4.722574310031334,-0.7562510938684103,0.016224948463882546,-1.8271858909124563
1992-08-12 00:00:00,9.25064898270521,-467.52632736918787,-1.309186435314964,13.99476382776405,-1.1558868268234277,1.0400712837878643,0.07771198843875848
1992-08-12 01:00:00,33.77827405617621,-449.47547121170817,12.59875910082259,7.44699455846828,-0.37307969486392034,-3.8851861357650175,0.07406629595837066
1992-08-12 02:00:00,11.730966826364025,-484.6805740689003,12.275202142186755,-9.565967908228478,4.342160175668501,-0.8312464631074938,1.0573878994338453
1992-08-12 03:00:00,15.056120036692574,-425.98767080171103,26.025834157054046,5.470505872916232,3.6077038696484145,-1.8055095697289543,-0.8271779324511999
1992-08-12 04:00:00,13.635015089013427,-423.9787161529026,18.39411842443984,10.671240866609775,0.9484336531488039,-1.600701665919364,-0.41490121133508867
1992-08-12 05:00:00,8.381153848809323,-440.1851863989351,24.812507978344776,13.168964128473291,1.7202516829609875,-0.7339269989200671,-0.7586843966669669
1992-08-12 06:00:00,26.848280255104655,-420.5626085755326,31.68785588359115,3.6328088763945146,1.7182368773503252,-3.4454711267963245,0.012166844004214972
1992-08-12 07:00:00,11.622952471638806,-424.89349541053684,20.921244697687573,1.325340638239079,0.844822484250224,-1.4458104670405207,-0.34978997471150186
1992-08-12 08:00:00,10.861813682080768,-443.6256138129671,9.485870345768532,4.203257507104366,-0.49506248628068894,-0.049731302380857684,-1.2099128494332407
1992-08-12 09:00:00,13.875609122978059,-411.64764761883015,33.15368248890271,10.17934130314886,0.7320194629021929,1.2851773745095731,-0.9724732854524305
1992-08-12 10:00:00,18.435505780021682,-435.0797282238922,0.08953820674211554,10.858859992228432,0.11097366111146256,-2.0785260490202466,0.40434243316559326
1992-08-12 11:00:00,25.353768182154464,-459.80280401566597,12.620026427243431,0.09767171832789834,-0.7606686672934981,1.8223949415522673,-2.0674896160334457
1992-08-12 12:00:00,14.241988979356785,-418.70885078748705,8.505563475172583,-8.000033003593611,2.5391475390591305,0.9633428378840267,-1.4300517892597004
1992-08-12 13:00:00,5.174778254399752,-459.15531172726185,13.425413868188423,-8.05638101038791,1.5918072382575839,0.03098020048846578,0.5858027809719173
1992-08-12 14:00:00,22.334729474452825,-475.14395576376967,22.659907529490784,12.170956584801154,2.3616822576539898,1.9003190811109043,-1.216015612482074
1992-08-12 15:00:00,9.423755554029581,-459.44244478507267,3.0277520791191765,-8.085811946084458,0.6157941635306159,-0.7845423980671276,-0.6542175427095638
1992-08-12 16:00:00,35.63285284643498,-461.481857679658,17.049116736774142,-5.064835076321081,-0.04789956438423282,3.686080618126684,-1.0173444487238696
1992-08-12 17:00:00,14.861565947952853,-472.61303453780323,2.6698156139842304,-7.855208801942336,0.7771847993612724,0.9564302316838401,1.4074134735240795
1992-08-12 18:00:00,36.730716367518355,-521.2950979356538,17.074336320156213,-14.115354789019477,-0.01377110727078723,1.117970107223397,-3.495492618923233
1992-08-12 19:00:00,31.125758065922007,-476.88910637079323,12.887523631417709,-10.643969714298606,-0.259989282055208,1.885209440818707,-3.0910863516718647
1992-08-12 20:00:00,25.40455401338735,-473.61588822960516,4.415171639185537,-22.029071788702677,-1.6490263263023497,0.1345280627159588,-3.028211209670161
1992-08-12 21:00:00,20.118749735747333,-468.8361962391979,9.64590713508247,-18.01417014975572,0.18670427091035469,-0.3856820567676153,-2.2280745238736004
1992-08-12 22:00:00,30.208081242918595,-451.1550219192072,4.093846505911806,-9.919707434336699,0.21718255041114815,0.970016317402997,-3.437425520398555
1992-08-12 23:00:00,25.42502752040158,-448.9202112246077,-2.938314949764564,-20.66647688090233,1.4243373869446168,2.222558655747124,1.8378349598861792
1992-08-13 00:00:00,23.974830929802344,-447.94701798844534,29.24092895139644,-5.0280001601438435,2.9518978494546952,2.6134131471954962,-0.4708678295781907
1992-08-13 01:00:00,24.422467274922766,-458.0319190422189,19.059052308162663,-5.016061578687918,-1.6047745435754752,2.348597563508674,-2.019699063236664
1992-08-13 02:00:00,5.442293012320923,-418.3560363580841,32.95002792101083,6.456524450150597,0.6897159353900858,0.41045911239456895,-0.46364697830072243
1992-08-13 03:00:00,6.404736666233922,-425.69140438602176,26.017203613662947,6.154677195076927,3.240396333150172,0.36848588365295176,-0.5402961236018703
1992-08-13 04:00:00,16.323700133421653,-414.3510429384471,39.60749426572387,9.46830235847927,0.4367309957150908,-1.0060360303071358,1.697621207729056
1992-08-13 05:00:00,9.500021131456876,-395.9727889800963,34.261873058729336,21.477208222680755,2.148734047782847,0.8624845391655599,-0.6896989660187788
1992-08-13 06:00:00,4.7294580279208995,-399.2197938860005,28.22490856255257,12.781612945527177,1.83503549848115,0.43537977774651804,-0.23361968644552344
1992-08-13 07:00:00,21.10606223827745,-409.74106055226565,23.50659224492923,15.428353975553655,1.9471369158808964,-2.5119995315871857,-1.00638868044634
1992-08-13 08:00:00,23.972054905598252,-428.747641196475,21.80445565447539,2.7044809126470675,0.8677781747336925,-2.5905155744065826,1.1459111447544412
1992-08-13 09:00:00,14.996967535858612,-432.4924335861207,26.973819748358906,-4.845043603464077,4.427824096765846,1.1509931314676547,1.0310775979511655
1992-08-13 10:00:00,21.283616773599952,-445.2581617887772,24.46509327895401,-0.13473415388226861,1.9689986045686785,1.3732323291607131,-1.863828920209655
1992-08-13 11:00:00,24.89858733725358,-441.0775313614845,17.51098528115223,-5.583199478782716,-1.8111272669837881,-1.2763939975132375,-2.499845240323576
1992-08-13 12:00:00,22.050400953261263,-413.651027436828,17.134245819174918,7.047632203663021,4.461428038846789,-2.8485986424477527,-0.15628648108595866
1992-08-13 13:00:00,16.662625412644072,-449.28798795515814,23.480668403641538,-23.566680963061923,-2.191914674807584,1.9527198744073058,-0.34427951474078033
1992-08-13 14:00:00,6.969525494157689,-455.44517452111415,6.947939165524747,-3.6959128558038326,-0.8975366729023453,0.23825503218780147,-0.7707565536290006
1992-08-13 15:00:00,16.286583731018876,-460.13704401809935,-1.3641275628936151,-13.838300563946047,-1.3976263382002792,1.9190864795310418,-0.39860243183852034
1992-08-13 16:00:00,8.75796957495244,-457.15587576392454,-0.3256632865739464,-5.856979870762609,2.090313818398446,-0.9118440090235902,-0.2616916723463726
1992-08-13 17:00:00,14.741245168651185,-451.05230990486945,13.446621958439696,-16.225443807969203,-4.096360460566376,0.9717460986452473,-1.6605327132461682
1992-08-13 18:00:00,18.906554710443196,-473.0507953298299,17.19284516420138,-7.376187472301026,-0.5666178582010082,-2.0767062431689434,-0.8563862031354826
1992-08-13 19:00:00,23.514585739919042,-456.75991612363373,-3.573224408833789,-8.403318177853183,-0.7942081658848172,2.3949210982462996,1.0289672304654847
1992-08-13 20:00:00,24.852458573621103,-419.40659590387395,-12.76445051809816,-21.222001048421344,-1.255849784406502,1.8705780110316113,-2.3503903346167867
1992-08-13 21:00:00,22.225868077857335,-499.0300289398773,5.089844840444324,-19.566909150524374,1.1240796779710378,2.0251976840256836,1.224554862501563
1992-08-13 22:00:00,13.482877962812584,-459.5992191639379,13.342895133779724,-16.552238578974475,0.6562142803115344,-1.4582842254636053,-0.2530433388012234
1992-08-13 23:00:00,17.313322144597848,-449.0200109403758,14.162072360255067,-16.819128502956527,-2.235660190517379,1.8749630743398311,-0.7609594477656522
1992-08-14 00:00:00,9.59581907184075,-439.76546675936436,14.196766545671316,-5.505853229106494,0.478205956930707,0.9139845585059565,-0.5653645602661288
1992-08-14 01:00:00,7.605531724776053,-429.7095913665443,24.015835527347104,2.1076223818240374,-0.49881275687663873,0.5242227260896146,-0.7289380665146852
1992-08-14 02:00:00,18.347531373853606,-435.5018882855356,26.682617846106712,1.3150062171062222,0.6277976082323388,-0.16515042230491084,-2.3247403216078606
1992-08-14 03:00:00,25.034720983646604,-372.49044111314447,32.81029015158691,1.7904006613836803,2.561036056486771,-3.589241740033802,-1.0732853629015944
1992-08-14 04:00:00,16.746447407207484,-419.6713052359791,30.698233527371286,-0.5122101327938546,0.26351378505838086,-2.1213565031635095,-0.5142830149594483
1992-08-14 05:00:00,17.690366329486253,-408.9573607597234,12.729342868271235,9.83105711002951,2.3432039762346166,-1.246701838884418,1.8090630459551935
1992-08-14 06:00:00,5.96466727433863,-415.0318345080648,25.862324587326167,-0.3175761781828541,0.09682883329940029,0.6414925596649769,0.3109941355544539
1992-08-14 07:00:00,22.108200981311025,-405.0263589480526,17.85029187400689,9.515006423187272,0.2959371462035931,1.0985941659039744,2.4842237891660828
1992-08-14 08:00:00,11.602967263855026,-408.4547893992155,32.16219926200486,3.406389019634176,1.5355453190479749,1.0328114538498656,-0.8378836887653982
1992-08-14 09:00:00,25.602627352887456,-416.85542560311944,21.254944641605906,-2.6653333773838046,-0.6997485644510563,-1.0349024805027245,-2.923061184703279
1992-08-14 10:00:00,17.077853864071393,-406.9238047055373,19.2344130365435,10.292862366794804,0.5157858890306831,-2.2022709671684404,-0.012445310086016015
1992-08-14 11:00:00,31.401944708675387,-437.9439199786755,19.209830083834788,-1.6760694943978165,1.41667816477745,1.057559860859727,-3.6958621239209872
1992-08-14 12:00:00,13.15287047951529,-428.92358551460467,14.464438474766302,-6.468007212249654,1.7005219233080984,1.4734710303248484,-0.4541337265721144
1992-08-14 13:00:00,20.605568631072966,-474.4047761089335,15.529347692879652,-6.58858143704958,-0.021683972625617276,2.398597515752339,0.2454224829607301
1992-08-14 14:00:00,28.630314198702965,-444.7033296483459,4.192814172842281,-6.036772343534903,-0.6429013412040606,0.20768115746598936,-3.3872597385298016
1992-08-14 15:00:00,28.400761345600205,-458.62270214203545,1.3654675103294318,-11.97182322880637,-2.2605736171261546,2.605094909818478,-1.8111311828837084
1992-08-14 16:00:00,7.961611881908444,-463.38682272786065,-16.18606479839046,-3.2427529710405896,-0.3624032380630293,-0.5561147854523929,-0.6675738228654595
1992-08-14 17:00:00,18.385070607640944,-473.5388221385133,-4.353523207648465,-6.808461289602147,-1.4023918798934423,1.6491771352706417,0.9959136734629177
1992-08-14 18:00:00,37.66939921335639,-482.1143125482707,1.2724682696060965,-1.0017399056282215,-1.1892712195883453,0.037011687627080736,-4.489027544504623
1992-08-14 19:00:00,23.251884670413055,-511.97537600138224,4.427995960531813,-18.61406334837931,0.40136410463998984,-0.581275182475661,-2.2002148030809323
1992-08-14 20:00:00,20.792815879071124,-482.86954402664526,-3.236845585662863,-9.399413862740827,0.08033455184113913,-1.5129199212298161,-1.7630273516198054
1992-08-14 21:00:00,29.60854341220814,-474.01109267786865,7.672577527043863,-13.924972710539912,0.007115762932833614,0.5887714310400083,-3.1371032131533436
1992-08-14 22:00:00,26.373461120411292,-476.18758719988585,18.567823221897687,2.650610260312027,1.9670466451666133,2.8282375520083045,-0.38923752663387157
1992-08-14 23:00:00,8.715332508745119,-451.83659090954444,20.74145176839842,-8.632164204119821,0.1449898722476912,0.43352857009352325,-0.8547920608960526
1992-08-15 00:00:00,13.802149782030776,-456.46230305673373,16.012394348084282,0.8966855473012219,2.8546906337434965,0.4066757794804604,-1.4314939204202493
1992-08-15 01:00:00,16.701878393747815,-435.8813497489762,14.972744235444228,0.3734998726923353,-1.2081430063683338,-0.6024482400966298,1.804365237134875
1992-08-15 02:00:00,24.353833949945503,-446.23913644110405,15.565409294595248,-1.6586699668718436,0.00947239563497465,1.737698550682953,-2.1025970290094618
1992-08-15 03:00:00,0.8062448458080929,-424.8935883765324,16.45386971381749,-0.6770816572517968,1.195191933783191,0.014307943865075584,0.0748540305275498
1992-08-15 04:00:00,20.98505580912853,-426.42380814593344,26.57529608985632,15.514952904349423,2.0232834128744024,2.348685316208458,-1.2129431863097264
1992-08-15 05:00:00,23.2963400978023,-427.8587044461562,18.70688122255526,2.963932610318393,-0.5214539981007438,-2.7362853720958733,-0.5876478519414566
1992-08-15 06:00:00,20.062328845158888,-441.99148917433473,18.44689744632871,2.4388405825501334,2.1535879635004758,-2.030166200133851,1.163925245205073
1992-08-15 07:00:00,14.0045349672623,-407.4332437705721,24.942356294665856,5.9723081617936185,-0.9320242789711144,1.7358595013709492,-0.35117388003707906
1992-08-15 08:00:00,22.413614926933928,-436.32277175360747,11.552559408586076,11.40670697702497,-1.0394968617557332,-2.3249513845288186,1.0081708116423695
1992-08-15 09:00:00,7.723961289784977,-454.68895817063594,19.39500682251724,-0.5331024615962451,1.4740069698251073,-0.28881143636246775,-0.8162826609080174
1992-08-15 10:00:00,17.06660881554969,-423.15286997935357,18.275542444939127,-7.093551558999436,2.4765883612626287,-2.032919200115121,0.6392818552348024
1992-08-15 11:00:00,23.69509432202764,-463.8830715784096,12.710502648252726,-5.656062640444928,-2.089623100281052,-2.4698224532280806,-1.3129923641399455
1992-08-15 12:00:00,22.334229534006088,-473.0303179409958,2.082860137736688,-1.3942216630712598,-1.5789163064898362,1.1188919949974485,-2.2654225672785
1992-08-15 13:00:00,7.607588258309873,-465.8174920631436,6.981293642057493,-0.5913078644673814,-0.06205501877000395,0.13064280753828283,0.8060447380075234
1992-08-15 14:00:00,26.37255281809074,-497.8155718639462,14.07989131317903,-6.457890386750238,1.5240408954087108,0.9374703838869745,-2.477766708081494
1992-08-15 15:00:00,5.838337911554936,-493.1755908927789,-1.9567821851594485,-0.4006032713298925,0.5082297035365255,0.1911541424896319,-0.6561172826092747
1992-08-15 16:00:00,32.781544983282025,-515.745272597958,-13.349666493121909,1.9010692238203724,-2.518618676056208,0.6648649064678284,-3.0517719400294654
1992-08-15 17:00:00,25.54997379194444,-520.9122010020457,-2.3874034831120525,5.799617853793407,-2.308997408504111,2.444415203143151,-0.28125745044670214
1992-08-15 18:00:00,19.248084430832154,-494.36986415178,0.3536280336917659,-3.372415084981326,-3.7826468175816785,0.7912880048244357,-1.8056565444451997
1992-08-15 19:00:00,34.44848321499479,-497.09413991720317,-11.167738605367482,-22.34570170185952,-0.29114392413284756,-1.9512515592092154,-3.311385673242199
1992-08-15 20:00:00,16.875842303743813,-472.80998284680874,3.25054294111981,-3.939845209790485,-1.89866690158672,-0.8895152950145082,-1.555287357189075
1992-08-15 21:00:00,20.34119217004957,-460.52558580208876,-3.7118273700079962,3.9846061952209477,-1.8773531397878886,0.7563493767187054,-2.3092914270067912
1992-08-15 22:00:00,26.380504727865336,-477.99325757427005,7.537221747162577,2.7586821616768686,-2.6241835240783606,-0.5850505827560224,-2.8481607602792396
1992-08-15 23:00:00,6.646696653485819,-469.47939826816753,1.3422163394279978,-2.4251116094999707,0.4480510339945283,0.6671252475632513,-0.23074940007482758
1992-08-16 00:00:00,10.269053377934965,-486.5008688874948,-1.6234226350195877,3.395949571609626,-2.163887348544394,0.710481073274959,-0.7586949076553551
1992-08-16 01:00:00,20.98422114334707,-468.31388190491066,7.668467975051586,1.723339169412252,-0.7450588491097212,-2.4405222737494006,-0.4315576624378351
1992-08-16 02:00:00,11.354743658712795,-453.46844018622767,14.94252639225795,3.316371412819828,1.4373554325616689,-0.7833678698888207,1.0015512148461247
1992-08-16 03:00:00,8.816170887985171,-434.6604414087277,14.296580158220117,11.780094302337414,0.4189084377129617,0.727561748587024,-0.7626726875982894
1992-08-16 04:00:00,23.604363023015416,-436.1054324905717,16.347750719126726,8.275816860094569,1.7623790469525873,-2.5535596165908445,-1.0993708347439668
1992-08-16 05:00:00,38.03792748610741,-445.38050647759576,11.925289282652253,1.929702484631374,-0.26929906209802196,-2.0853013496653254,-3.9956760002458345
1992-08-16 06:00:00,25.077018167801707,-445.3811783175011,22.92918659941147,10.155526818760748,-1.9329643023396883,-2.7839859097524857,-0.47263996167442024
1992-08-16 07:00:00,20.150598359770918,-456.2569469958472,25.17129917973113,2.713697893691562,0.47413079541089365,-1.9275759613719723,-1.1246141843442419
1992-08-16 08:00:00,50.25551213166177,-468.6632843346281,9.81523536938905,6.420134103612607,-0.3656483877900434,-5.474948465936978,2.418647290334545
1992-08-16 09:00:00,27.94634222906171,-466.28603073882334,14.259166404962532,8.522521864145151,2.2807520835697677,-2.971978765425154,-1.124418032895107
1992-08-16 10:00:00,32.729011507971926,-460.5120022806685,10.933987063681561,10.99132199999476,0.9907132827133183,0.686896422814036,-3.5960176855065593
1992-08-16 11:00:00,15.407066211377456,-463.93402308103435,1.638978640978701,6.89023870285625,-2.2935835492440844,-0.7916372208970645,1.6739367390232984
1992-08-16 12:00:00,10.467988520149074,-478.8290271056519,6.372390137633571,3.2418780501139586,-3.8572134994811305,-0.9734323156084492,0.420298005283821
1992-08-16 13:00:00,21.73818286946364,-479.3779899121542,-0.4029747505791459,-3.1975942368998114,-0.40014507075656475,-2.258833585056149,-0.20207726625995714
1992-08-16 14:00:00,17.54483752476074,-464.2161033185847,10.307268027245689,-0.1509492798845935,-0.6512176728368861,-0.8321100834497062,-1.8204043028330479
1992-08-16 15:00:00,20.110889903780752,-494.75290154499663,4.731443780045976,1.063938683179852,-3.049787835599006,0.4876043177277436,-2.173002838593465
1992-08-16 16:00:00,33.611879340978,-507.7369142574831,-2.136267070406233,0.7344523216807062,-4.212946862887809,-1.0327890805099784,-3.3267672999170923
1992-08-16 17:00:00,45.53275920559729,-508.17639264628514,-11.59484055931799,-23.809917110439834,-2.2974370141853573,-0.8822275763390254,-4.605163677069969
1992-08-16 18:00:00,26.013952588726642,-537.9907238170371,3.0304363912890375,-9.423584591889009,-2.5442294009572652,1.1469738078350695,-2.1805219552910886
1992-08-16 19:00:00,11.072911931103429,-498.6352770929339,5.403286072590324,10.549048353229868,-3.2235156308921997,-0.7035285974103609,0.8969827862393908
1992-08-16 20:00:00,12.212220008682438,-500.75118155022597,-10.501029356309083,-1.146005078771938,-0.46824871299317916,-0.7520642788787658,-0.9683560746234149
1992-08-16 21:00:00,23.525272485422857,-496.0234057457439,-4.993561345396742,-2.5366035257870507,-3.7756266928957416,1.2335717358833842,-2.0207694670648415
1992-08-16 22:00:00,35.12006855813694,-506.98145917586174,3.4476506166740153,8.567616590010111,1.2135286025832754,1.7271912824486009,-3.0467254279875067
1992-08-16 23:00:00,29.005720714642376,-498.6362952300928,3.433051678686767,5.780897287787884,-0.7934613853111347,2.2875279108623943,-2.120932472746328
1992-08-17 00:00:00,24.344343808370297,-500.13419369983194,7.054009336091692,-1.5690491927954406,-1.1318147148768443,1.568993419514222,-2.1863152971196245
1992-08-17 01:00:00,53.41166128051966,-470.6571539575209,2.9027897062531363,10.570961689187126,-1.3944749826319196,-5.6047165786988975,0.3687180768219781
1992-08-17 02:00:00,22.55429374920229,-421.51106929045915,9.104365659534068,1.7861501797784451,-1.3355025910488822,-0.1683725717819457,-2.7461036530329888
1992-08-17 03:00:00,11.73606125169362,-451.20689092078084,19.084386568257226,18.89871295094648,0.9940091379142415,-1.308053301154993,-0.3364594738758487
1992-08-17 04:00:00,19.129591471327878,-422.5542679072085,21.635451625456767,8.763049385294739,0.6285034793193472,-0.9933499809868134,-2.060636537722221
1992-08-17 05:00:00,23.889508495112153,-462.27527223844737,13.572438578393104,11.160426642609961,0.4978968545381093,-2.3418250525713495,1.10724049292746
1992-08-17 06:00:00,15.015705467950658,-446.9809397501082,32.98603760189858,16.679060083419813,-0.9685163812454851,-1.4707614292212319,0.6930988834700499
1992-08-17 07:00:00,21.15358004596009,-434.7881634537141,1.7545615895728197,22.135179381465058,-1.5262218299467492,-0.6614665209425894,-2.4738317760239523
1992-08-17 08:00:00,31.632081706983193,-435.0577502405596,24.79693135305501,10.04724707625197,1.9436734954940138,-2.9083462227130195,-2.941763414560199
1992-08-17 09:00:00,18.85066340128049,-484.3084146844458,11.871759272930337,16.971451910411886,-2.9556014829687878,-1.7605116591157222,-0.548650397093421
1992-08-17 10:00:00,24.03649563560106,-471.23375856218576,11.971619854838979,13.19081845497939,-0.4235740611763186,-2.5220698915942372,0.30009961801846696
1992-08-17 11:00:00,41.59398075061342,-456.52955877170115,8.413962460559855,7.904361873557695,1.494836468890108,-4.325603660337448,-2.0654520344710194
1992-08-17 12:00:00,20.03398781521821,-454.10954683030764,-7.462246665743489,5.797962257708362,-1.9790963471753662,-1.8947958594609222,-1.1561975512642022
1992-08-17 13:00:00,29.546928427204577,-496.6680877336196,11.094293630708577,9.849488970779282,-1.8078373456031627,2.907335059229435,0.8275489272413878
1992-08-17 14:00:00,19.666295079178596,-505.43218994612704,14.407197057569228,-0.5364840855522841,-3.062751182692663,0.7618869040994243,-1.8273259069511523
1992-08-17 15:00:00,11.553710166020686,-520.7926468210934,10.862912409252935,6.290606859356445,-0.5117053637568997,-0.4237238350636199,-1.0143393488163
1992-08-17 16:00:00,15.582655189946422,-506.20633887955137,-9.74476039122839,5.430092423630581,-0.3185400749189773,0.626356885832987,-1.399638052816699
1992-08-17 17:00:00,21.617597420068964,-517.5724563060568,0.07407849752770268,-1.6327907463298859,-3.383158616344587,0.027681081555155695,-2.0988601304031036
1992-08-17 18:00:00,7.1219909641764865,-481.4698207256213,1.9507537994619497,3.1756026556880874,-2.5615869541119682,-0.10198892655918246,-0.7141248507660287
1992-08-17 19:00:00,0.7971125557139085,-484.5189478088823,-25.33714201961773,-5.20812909031799,-4.195224081960416,-0.14034195060225219,-0.06778493920857886
1992-08-17 20:00:00,26.17085795949323,-499.58738301761116,-7.485159115849332,1.1814358905948308,-3.479383443140096,-1.9140106287907863,-1.833736772785571
1992-08-17 21:00:00,44.10154835389842,-477.12452088937437,-0.27236772834593204,3.745081225202391,-2.9414036664722367,-0.16608239638432987,-5.063266125563352
1992-08-17 22:00:00,25.870316145316004,-479.3198607552944,6.2125207209100335,-3.987688338173574,0.3030238957079735,0.7946448778705852,-2.6107902601579793
1992-08-17 23:00:00,18.035103903685336,-482.03181829311916,6.880563924645991,-13.277240352572687,-1.8847900283563088,-0.45722182496816405,-1.85850107542366
1992-08-18 00:00:00,12.753782927463961,-463.4973377025752,5.476914883568353,6.65928758346713,1.5051916099539144,-1.302366170545,-0.5141463019279212
1992-08-18 01:00:00,15.811704594939215,-455.0515824012501,7.298324640155654,0.5637751294394531,0.6456495689175191,1.202541084025381,1.2429596117380233
1992-08-18 02:00:00,22.2276171004155,-457.92882678455004,-2.55958629896998,9.174767821208999,1.2851080206411998,0.4260006609890099,-2.466002949660745
1992-08-18 03:00:00,36.437284006171666,-460.98590571177243,15.929094483111887,10.848833934783954,2.5878540193819894,-4.058839817932813,-2.0256328391494014
1992-08-18 04:00:00,11.066370906462442,-449.67045874922263,13.395380263483267,7.712656137224145,0.1851530088188872,-0.7205077203139649,0.9973948358790055
1992-08-18 05:00:00,10.661755418155229,-439.553575801402,45.63930178069833,22.929233225534617,2.2852420364728463,-0.296039046047809,1.0853639029203486
1992-08-18 06:00:00,13.925870637139695,-420.94782532302554,18.815124313591102,-1.4832692263854907,1.4646316282485297,-1.341351652876776,-1.259396542820112
1992-08-18 07:00:00,16.56834522113351,-450.9432663121432,21.820352192400662,10.751833900658596,3.3655239830595596,-0.13827328510093811,2.06295410066023
1992-08-18 08:00:00,9.791126955163342,-446.34472782908637,28.18665569220097,14.034511937309231,1.2968296084836974,0.9953461027669945,0.16443517537875096
1992-08-18 09:00:00,23.87035957560086,-430.1148779820089,12.24599817307806,6.108169507527242,0.848717948664464,0.8556328836878637,2.618922436959135
1992-08-18 10:00:00,30.907740837395263,-461.0999056207721,6.690694096771161,12.269096010879897,-1.2856143668587128,-1.426229874102238,-3.0892189208626233
1992-08-18 11:00:00,25.781219997529792,-445.98213603965104,20.68165007400394,9.226260138660878,1.0836592078942586,1.0936988003667176,-2.8368833529972775
1992-08-18 12:00:00,9.956382271067891,-482.6189519488834,2.686857701165322,-1.6364990130993524,-3.5962037800454874,-0.9026217189693273,-0.4733670492389203
1992-08-18 13:00:00,5.9699640000826735,-479.473106314392,12.90455703471698,3.7626556935735453,-0.46021352965825696,-0.08018105180628687,0.6190029789046965
1992-08-18 14:00:00,34.925575531998035,-484.449884433175,7.916303535413841,-7.143501278147658,-0.031917270147375554,2.946195288882146,-2.4458411103162248
1992-08-18 15:00:00,8.644298660615176,-464.64215351748794,11.394380058827585,-2.4098183697128066,0.2991581012466571,-0.10873270703061189,-0.9228250187357432
1992-08-18 16:00:00,22.612108893795718,-488.90670058603644,-10.324220093669094,-3.6283009068286085,-1.0381082943647468,-1.4508445470155467,-2.0815793135770777
1992-08-18 17:00:00,25.846538003963957,-511.2940446229196,11.28183531396289,-5.011992029547972,-1.9740457539073453,2.347432328339725,-1.593133206009656
1992-08-18 18:00:00,19.186816133297658,-511.5642874928376,-8.382780756981795,-19.056598976405514,0.06669124594260833,-1.1249366691612017,-1.5851734081772175
1992-08-18 19:00:00,16.660841050061574,-461.37266033050935,3.2684638862454447,-18.313543077636467,0.5545601486890275,0.39817248401376887,-1.7382138124344384
1992-08-18 20:00:00,17.89417501161244,-478.9687649368214,-16.932975523309572,-6.718643643121963,0.19384503175674267,1.882580507621535,-0.7360647044245074
1992-08-18 21:00:00,4.658305018606854,-488.4534499665773,13.89678569491621,-1.5825071330273939,-2.7399252590958225,0.39324259034047526,0.3173399653861666
1992-08-18 22:00:00,26.124618996520496,-462.07580620642574,10.99117916090511,-11.335885761368642,-2.032596604793103,1.8823195018850494,-2.2010827778216497
1992-08-18 23:00:00,20.647456299112005,-476.87026523273346,7.761968169330474,1.9515089610114686,0.07923985006355339,-1.0179997734821367,-1.9114322813850357
1992-08-19 00:00:00,27.48086529396412,-452.5295622718754,-9.537212364735709,-4.893683490153937,0.12132119651366309,-2.5485240330675025,-2.215184052604952
1992-08-19 01:00:00,10.545598102961637,-459.33767326895395,20.707215287878597,-2.208479281869291,-1.290557458205928,1.2489597825770158,0.31944229188385476
1992-08-19 02:00:00,6.760232932566672,-439.9080240154911,20.50113915956422,6.355008892550501,0.36400078135050246,0.7344022465674884,0.1554549551444092
1992-08-19 03:00:00,18.091749875671088,-452.7367463927693,22.645335379243342,4.806908805905648,3.6373817002269586,-1.6499317026835087,-1.6519251118382865
1992-08-19 04:00:00,16.735695048121364,-423.66719265726493,25.124766275152158,-3.0865686713205305,1.6159649362622952,0.5879796496341999,-1.838213898489044
1992-08-19 05:00:00,19.539139129882003,-409.88581393644864,17.067757710262406,17.23804580141056,0.4423602397254083,-0.6766446762789367,2.223241832371018
1992-08-19 06:00:00,22.75704155746999,-426.59940451465616,15.002238523641166,7.62548510630327,2.8043773591624896,-2.200377951081467,1.682435764321498
1992-08-19 07:00:00,31.900347275052276,-415.3142131656267,38.900439554822604,2.9424016086910028,-1.7981063580717938,-3.785483849137481,-1.2906238865084552
1992-08-19 08:00:00,51.21147540321027,-437.79132007998754,30.626657996746232,11.760396498901228,-1.3228321434013202,-6.3944670374765264,-0.14380620342587624
1992-08-19 09:00:00,19.420041937664124,-434.3112526467908,18.490333153514023,14.212305401676655,-0.05519920071784329,-1.5474086363294952,2.0099358909484386
1992-08-19 10:00:00,41.91987110513676,-432.96126996341,19.181293435062866,1.3126595307163436,3.5495672051116043,4.0216936248111725,-3.0390057508728376
1992-08-19 11:00:00,9.454188878334891,-429.86282738747224,21.786225499596444,-8.360135377272634,-1.2036779858979028,1.126995349066085,0.24449306948740301
1992-08-19 12:00:00,27.816630431656268,-448.38268239020584,4.057040503288319,4.211415629905149,2.6040930720076005,2.6845013348794575,-1.5365937476346776
1992-08-19 13:00:00,18.577955264938037,-463.9874233861826,40.361176399347954,-4.287712998547349,-2.676514839137146,1.4289749317381983,-1.7933923015670685
1992-08-19 14:00:00,6.752355174327033,-480.3314735998383,9.542333375587546,-8.963984935974374,-0.6588046861576129,0.7022262160576316,0.13642919539309695
1992-08-19 15:00:00,18.829469388209066,-470.7776857163148,5.802805713358396,-1.015205366616681,-2.2866826911242732,1.8027956377219443,-0.9268891956917091
1992-08-19 16:00:00,3.7450136398865217,-490.2626826797244,-4.968505624168872,-26.17485294679429,0.29828126531092436,-0.37608461741525395,0.057498730683291255
1992-08-19 17:00:00,29.933908565737283,-463.06076086261567,7.164128308973698,-21.613016322006455,-0.38061040417367853,0.19979967157425227,-3.4502881998238357
1992-08-19 18:00:00,27.695878805114386,-502.19946579276683,2.066836484766063,-18.59236985239782,0.25080155154130507,2.3949623042818264,-1.5037357290198714
1992-08-19 19:00:00,12.749620701062113,-470.317771423618,-2.6122923701046283,-8.549685050341262,0.9134455656932791,0.3545233330657647,-1.2929289443076848
1992-08-19 20:00:00,14.13218956255999,-473.8692960392481,7.202242479137022,-32.97489974981852,-0.2537319487892127,1.0462063906298067,-1.082482619504948
1992-08-19 21:00:00,3.7224204530440392,-469.0952062017992,4.179962768022941,-13.93989628486127,-0.48573749734928573,-0.3527834009372018,-0.18690738674648927
1992-08-19 22:00:00,19.065197549001024,-458.37129942429465,-2.669340838132918,-9.036636162667136,-2.3681899882073774,0.6330590074277096,-2.0230516204197704
1992-08-19 23:00:00,15.266247722366872,-440.7388611416181,19.717396694020877,-12.310349442273846,-0.3638221281907872,0.5408900088957711,-1.782103851956368
1992-08-20 00:00:00,6.224364837999933,-437.30352973187695,29.35772671321206,-3.017397293243642,-0.7521423241673452,0.583501511915426,-0.47593946286008093
1992-08-20 01:00:00,2.4569753127319633,-453.89318799514933,7.015048831251848,-4.009252805967421,2.168275617739481,0.20961564052750387,0.13801327863591806
1992-08-20 02:00:00,17.58124795669821,-410.2197481661289,18.403048688676325,-3.273023570516126,1.8209708535734004,2.151797409877705,-0.7896843272298102
1992-08-20 03:00:00,28.45987395505427,-434.7051491826105,19.337708568274092,-5.167940622001169,3.4257895823085547,3.2629983733892924,-0.5617560698083914
1992-08-20 04:00:00,28.025608205316452,-417.5840711811213,9.455356177191103,0.0013617113225823374,1.1731709776796804,-3.085967483458787,-2.368850113237969
1992-08-20 05:00:00,4.797957208179468,-402.0159574461707,24.127924365231415,7.022732286049485,2.8681451283658745,-0.7679670567743367,-0.01954828738388492
1992-08-20 06:00:00,10.532878254207706,-411.1521118916603,29.70884924956534,18.961116795602962,0.5395342521327231,0.6648310208871725,1.0443865289054934
1992-08-20 07:00:00,13.99256856849635,-423.7314449213568,29.618572093616116,3.433552603429529,1.747171961709605,-1.684956746632326,0.4717974777973124
1992-08-20 08:00:00,26.138832501978175,-423.696843812979,26.899000447247488,15.002399183886242,2.5009962874098686,2.0572751911652825,-2.1752946263015467
1992-08-20 09:00:00,15.911252706582971,-424.4099512709618,34.42171482449651,-12.206329085722192,4.8166401607265605,-1.7327014862310406,1.7850199485873253
1992-08-20 10:00:00,18.543471701572532,-401.2998775614925,11.466014272256972,4.488517260705447,3.147591932787715,1.1246820309914263,1.9297282305688948
1992-08-20 11:00:00,30.01031300384335,-450.18791117803096,9.299169770411568,8.633501803085263,-2.715365798744889,-2.0794485273827465,-2.85070228914295
1992-08-20 12:00:00,21.13149855201367,-421.9123711130186,34.49295124565381,-4.172519962591677,-1.7360361719039812,2.5429860131988997,1.44427572616595
1992-08-20 13:00:00,9.192496155334977,-465.20341392368556,16.356414037575846,-4.716979838213886,-0.3651274679610492,-0.6878656964512296,0.8635623021016835
1992-08-20 14:00:00,21.740842176067062,-460.2198954148124,4.459790893966554,-16.437102150961167,1.1964891570315475,1.440298445391742,1.9588490999119077
1992-08-20 15:00:00,35.04612995169151,-451.02117677466407,1.7759320388274968,-9.456432272804303,-0.2466599452720485,3.9732726977244774,0.24623505202939544
1992-08-20 16:00:00,17.587505705096227,-474.8267362292713,15.583059610913443,-15.082359365242837,-1.1716467416442116,1.5792049230454812,-1.064699247191266
1992-08-20 17:00:00,14.954320289829068,-467.381704450457,15.545133150393973,-0.4872882404761816,-3.526399202681835,0.48685132684505517,-1.7570060116991044
1992-08-20 18:00:00,37.22569226180588,-471.4694351996314,2.5122683280616105,7.221069630434915,0.6404967691542738,1.026548457332148,-4.336743222019147
1992-08-20 19:00:00,15.175748959441428,-480.2896102963704,-3.2258721575163873,-18.264823291472958,-0.2313187883159451,0.8217491459011244,1.3667182854597175
1992-08-20 20:00:00,28.705625501840025,-438.36257631712175,22.84588652706456,-18.26155292481451,-1.2379550898502025,3.3052449800400288,-0.8144222181906503
1992-08-20 21:00:00,35.917398467626484,-460.9583421637885,1.35019892519463,-4.586647509191258,-0.9884994458573866,2.471243770015535,-3.4537369023022677
1992-08-20 22:00:00,31.195632022395536,-429.12777922855224,8.917187523892057,-8.691101500865562,0.37212086836799096,3.335934195046495,-1.9874858834909763
1992-08-20 23:00:00,12.573121465629331,-476.92502587066434,7.565726425455941,-1.722697124595578,-1.8661835210181326,0.8225949548213494,-1.0595841817073883
1992-08-21 00:00:00,22.463032462712277,-421.25383391137404,17.493829691165896,5.60301149372938,-0.5088860811009518,2.6785440509213174,-0.2051255758647944
1992-08-21 01:00:00,17.609764910385728,-430.13991908735113,26.205617546588403,-13.22662230880921,0.44498236924832024,-0.346440782492754,-2.153770248968547
1992-08-21 02:00:00,22.68566698801473,-424.7258674510084,21.350081737148024,4.010889853280654,2.631174276829137,0.10237237460283888,2.643939612890044
1992-08-21 03:00:00,21.284724280182235,-400.0423330181094,30.51199346029803,8.248142248347182,-0.015128692416136458,-1.6512829210101958,-2.080830966357707
1992-08-21 04:00:00,11.358695929783032,-398.53267797227716,10.579005588574518,11.028219997716135,-0.4888359804429243,1.320610678490711,-0.5506390071533686
1992-08-21 05:00:00,17.689804486812555,-390.7537266046747,19.49596957971321,-2.0444844846052836,1.5676336693682242,-2.3383028365367142,0.3333851706175678
1992-08-21 06:00:00,17.7269315555877,-396.20173414263184,33.4076497049157,-5.403581991066787,2.6562191725072335,-2.4574363127684227,0.1623272210891734
1992-08-21 07:00:00,15.282582877528299,-413.6766422397806,26.124151081565326,4.028236051566571,0.1893228571338622,-1.6023347538546364,0.9347166999828118
1992-08-21 08:00:00,28.21811296798976,-419.9681751310407,26.888482404903495,6.118157842475096,0.5811298119809638,-2.738902241581715,1.9814169500377423
1992-08-21 09:00:00,13.315104913197404,-426.13300337632734,14.462126289473119,0.20423232146972659,0.5392654450321,-1.5023982472840651,-0.488155465658976
1992-08-21 10:00:00,3.929390243247696,-442.4013566003018,35.084126612387166,-11.27793675434891,0.29722390695089673,0.0409753234909479,-0.43055664938193877
1992-08-21 11:00:00,26.17066713756911,-417.4881813942486,13.772412652598842,-8.736498963805236,0.44733739561250085,3.2124579419561687,-1.1237059269643317
1992-08-21 12:00:00,27.66697126280469,-428.85714541983106,28.811650153987298,14.886159674585965,1.0386988657837208,-2.867157282662972,-1.847315908933079
1992-08-21 13:00:00,5.746066919533144,-444.12560975041157,2.9217538642994976,1.2945346366117962,0.9389532349326574,-0.6325181742436723,-0.16451273846410575
1992-08-21 14:00:00,25.676789123785287,-462.9308281091483,-2.1369734583445537,-18.04754265123045,-0.006798201741355259,2.4385376813351636,1.432960902004398
1992-08-21 15:00:00,7.208213562467892,-475.49435734730974,11.739710641332486,-18.75357530175174,0.5137213315220852,-0.7086918155387874,-0.27786597146118797
1992-08-21 16:00:00,9.634184022172525,-474.91366974323637,0.4793721719697306,-9.89659473479879,-0.1635602150023968,-0.08348070179963762,1.0074454955506293
1992-08-21 17:00:00,19.246582917755,-475.73685065353527,1.6567655978676425,-4.077282484814848,-2.161986261090611,-1.9497080594250762,0.5870981858304744
1992-08-21 18:00:00,36.669870128078365,-466.26240539231895,12.230024175213103,-11.999821843143692,0.7442182918067188,3.463110027639424,-2.4844843549319737
1992-08-21 19:00:00,30.08731887263028,-463.881490789291,-7.709028038476891,-3.71492412444651,0.3472546442106537,3.4232425968032434,-0.8653587256992777
1992-08-21 20:00:00,25.985136898006914,-494.6872484708003,19.571271564076106,2.932679517745648,-1.0529739099357636,2.277177938213447,-1.3706935235310058
1992-08-21 21:00:00,36.82142028991112,-465.7527552332159,8.919827155963517,-2.0241111183639093,-2.2858572427956725,2.3868127305389755,-3.730682324673538
1992-08-21 22:00:00,11.017509540381429,-459.1829285161964,6.0264539273866555,-5.4660254431975925,1.5866809590960274,0.18858345715570046,-1.301901158481986
1992-08-21 23:00:00,4.588635427887295,-450.24821392261583,0.14355747852530154,-14.329038458441449,-0.6222497349525944,-0.21838240648017448,-0.4800537701496883
1992-08-22 00:00:00,16.00591729556057,-463.5386426694623,5.086994116912453,-3.0196819047406382,0.7385655876462163,-1.3285181211839077,-1.1073272733188566
1992-08-22 01:00:00,8.946054516171657,-437.0446542772267,21.945472168688898,-6.447352146446246,0.15022760683778585,-0.6409386585559128,0.8879562240250756
1992-08-22 02:00:00,21.24089219695931,-438.95470250191033,25.894979375221425,-0.30341290959573275,-3.1419740985761004,-0.49736548101124656,-2.319280578927554
1992-08-22 03:00:00,11.551011408105659,-420.90487099018685,19.721716478706483,2.8082828792775683,3.353319212001322,0.6369188630632019,1.2080200653870636
1992-08-22 04:00:00,4.971806644721477,-418.9893151912828,33.674915268977045,20.68189668182528,-0.8845903014276272,0.5967671831406248,-0.22727538881118126
1992-08-22 05:00:00,35.345442475319444,-411.6583632909938,25.186685156944264,4.998100282606732,0.17290926179269503,1.9135042729892187,4.204172609821181
1992-08-22 06:00:00,17.45622559172448,-399.4408258437142,21.032036442601814,8.654996724418893,1.9930050057212734,-2.279773183933273,-0.25145332637752804
1992-08-22 07:00:00,4.332613359116741,-416.27946561749076,16.964296792609055,-0.4027605232530962,-0.13586951617653872,-0.5014267462917305,0.11726781561989941
1992-08-22 08:00:00,14.353479607744637,-418.5195659437863,38.73597669764571,12.796176508716966,2.1971024380145514,-1.8834382190524748,-0.32304203560019074
1992-08-22 09:00:00,17.546193543326957,-418.5441577149355,14.631129019154066,9.835898341513447,1.716390588351718,-1.7328334446730875,1.2199447341280572
1992-08-22 10:00:00,15.650053051004047,-451.89328448984054,4.567540681842282,-6.748347037031748,-0.16650830120337873,-1.1280496338089443,1.396929247064739
1992-08-22 11:00:00,23.757255585091407,-455.0109392153213,2.520045233007673,5.805745528470519,-0.7644197623953853,-2.9753360666590436,-0.11830227256413456
1992-08-22 12:00:00,21.651179718156033,-456.3313722878088,19.471640556006772,5.026007688337822,1.2671932548825418,-0.9237992427336836,-2.335502763882347
1992-08-22 13:00:00,16.692387953689764,-469.12909191545094,21.46466605966908,-8.729503023246105,0.641339285095469,-1.0438013962951036,-1.607983789722935
1992-08-22 14:00:00,23.265141096019313,-448.08747682695076,7.4799223385753955,2.82433743657257,1.0850176979067896,-0.39887217310961093,-2.6146609099656444
1992-08-22 15:00:00,21.35065267759723,-478.4857142951788,-5.106421900634075,-2.9688391349588756,-0.27250043120976397,0.6763484657313786,-2.2996650720969214
1992-08-22 16:00:00,16.00943423875282,-502.96987513019843,-6.7557215150533665,-6.582998661220046,-0.35962338969756635,1.7795122298810893,-0.064318569933415
1992-08-22 17:00:00,2.539568510477956,-513.1460364416496,-0.8164679375853865,-0.6953092424503295,-1.1637371529799279,0.24545315930107792,0.006918196542110011
1992-08-22 18:00:00,18.142400657521883,-450.1978768662605,-2.10278552019852,-10.489775327646086,-3.7616072331653396,2.0099535560061783,-0.14207261066228555
1992-08-22 19:00:00,29.33390503683872,-489.9223286678355,-27.67781380886276,-4.420852879192133,0.862304898686969,-2.054578939346811,-2.7143981283061573
1992-08-22 20:00:00,15.59146194975137,-472.44280946655294,-6.190331354068606,-11.113726612052426,-2.3553083167041997,-1.1865963578082992,-1.2698783829236355
1992-08-22 21:00:00,9.332249744293382,-473.555139031178,-4.6791598305548305,-7.889121450553099,-2.2254214202356035,-0.9852983839282687,-0.24379322205438864
1992-08-22 22:00:00,17.16202875713718,-451.27928982047536,-7.646752862882768,-1.0259705448159182,-2.4625132227066735,-1.9482377209268344,0.2126543942930046
1992-08-22 23:00:00,18.646513098772655,-472.0063234070198,6.3316724261215525,1.522075442383032,-1.342108232455862,0.522656436414096,-1.9051629958739142
1992-08-23 00:00:00,26.538095924077265,-499.652006432785,0.8724699712619568,-2.3684865699635114,-1.484927016551612,-1.980513526191626,-1.8750151116997635
1992-08-23 01:00:00,23.118552033218894,-475.5964108584641,0.2810158392410127,6.5270837552763705,-0.741576375415505,-0.535727467982509,-2.4583626397847356
1992-08-23 02:00:00,19.747941170569046,-453.31527489680457,20.910352877189915,7.157629126745601,-4.434520991218928,1.6884930884130476,-1.5215097935546016
1992-08-23 03:00:00,20.92819666395009,-453.2352821691183,21.158041189870033,3.0408496044310005,3.2165915928949644,-0.9948485495637169,-2.1681862945967345
1992-08-23 04:00:00,14.465272463522238,-431.0320839140452,3.014073734487279,19.489602146809645,3.4518254953084386,1.5742847312520916,-0.6609740848172809
1992-08-23 05:00:00,27.451788983341388,-445.06989934429737,20.707750701706644,16.03156029518447,1.2382895390125928,-2.3725435642085246,-2.774834852337281
1992-08-23 06:00:00,23.51561365896954,-409.1170820079573,27.263805189613972,4.47380923317962,1.8357040933408404,-3.1059422338695946,-0.07899522964700323
1992-08-23 07:00:00,8.116919427831165,-448.4606305062385,22.383494354939447,12.900661714088077,-0.5562944690210923,-0.12032357356556522,-0.875866231855549
1992-08-23 08:00:00,16.73489173910046,-436.46988178207386,11.533311404027838,-5.154772983892852,0.38994553488002837,-1.7794326476772575,0.7797165024276915
1992-08-23 09:00:00,3.7336371281705785,-470.67028309536573,15.574180739008565,1.8061021557536838,-0.03383684269776677,0.27067259902460183,-0.2906326970051514
1992-08-23 10:00:00,17.07277327818585,-439.6123075887364,6.1784334642860435,1.22483131051712,2.036756247734751,0.11897288783477561,1.930320976925255
1992-08-23 11:00:00,7.594757858973874,-486.0486113798097,10.110383650963776,12.015920048369876,0.42037719454108646,0.4580736005256317,0.6160820551823052
1992-08-23 12:00:00,14.963610558239646,-468.85046423418504,4.507647387235209,18.952004372318147,1.5890202023351263,-1.0327124908153476,-1.2932431485290248
1992-08-23 13:00:00,8.28598906780958,-481.2348290455792,-8.981852740408048,9.245257553128326,-0.9621958453564842,-0.5020783976226327,0.7303677183433146
1992-08-23 14:00:00,23.622465151974232,-505.6542493218818,-5.088076237719664,-0.26866469949581795,-0.45979397006649747,-0.16382361081054037,2.396733514402094
1992-08-23 15:00:00,4.717235534207624,-506.1256557034432,4.797311425173044,1.8959313941202938,-0.5535250387634797,0.3833430957484466,0.2744903894123213
1992-08-23 16:00:00,19.75947138052594,-491.90686454866784,-10.058023708804491,-6.76524641696936,-3.9030281474630435,-0.9443995610706963,-1.9689422219555466
1992-08-23 17:00:00,41.638605739388176,-511.67686052603403,-9.483956154905417,-7.2399493015321434,-0.6844232988265069,-2.420179813469726,-3.498809245839648
1992-08-23 18:00:00,29.112694448798283,-494.2942061264604,-15.658291184204636,-3.143559850236546,-2.028557237318239,2.965601716675195,-0.053302400212106804
1992-08-23 19:00:00,15.442961422771367,-509.28183290622536,-22.060357099189723,6.712417423791115,-1.7630130458630469,1.113939280181646,-1.1101014285701196
1992-08-23 20:00:00,18.163569669154157,-495.1550575980181,-15.043159074960801,-9.824566999500393,-1.832793254790325,-1.5160303501008587,-1.1828532267416483
1992-08-23 21:00:00,15.501625471491632,-504.0608384391064,-1.1666498056839671,-12.98390367779723,0.847865920670361,-1.535645283267673,0.8425125849578603
1992-08-23 22:00:00,10.117448657053231,-476.8554376873915,10.499044205781551,7.821900043690928,-2.73540356441322,1.0104905528242978,-0.426010953080297
1992-08-23 23:00:00,20.83321302311219,-488.1913665956531,5.440924253265828,-2.2839830747100507,-0.5591564017569581,-0.653316603239659,-2.2825815559409817
1992-08-24 00:00:00,28.18305663770756,-492.25209946671356,1.5528467755289723,5.902707727096782,1.882225417167378,-2.948414277280578,-0.9977670554617342
1992-08-24 01:00:00,9.848755965787122,-462.18382935280033,4.53354617986584,12.48829903747615,-0.028301389959772605,-0.7044159041977135,-0.8392224062299906
1992-08-24 02:00:00,16.898783745420516,-444.177256741819,6.369888927430551,3.8653018200757336,0.46983533421821444,-0.43393868738667624,1.8493304973017408
1992-08-24 03:00:00,15.791797382840487,-463.203850584187,5.147322078958712,9.666174466138695,2.8649721144567297,-1.943539597303729,0.03861873024767121
1992-08-24 04:00:00,21.798557918014097,-449.97879336179847,18.685572875959913,-4.950576890776057,1.3686457286618536,-1.5784116531156425,-1.8986838978674028
1992-08-24 05:00:00,16.497658040541207,-450.8185884746629,15.045471963859192,20.86628723464154,0.1868292929795281,-1.8263643623100543,0.1558005676556537
1992-08-24 06:00:00,24.832816000797724,-429.88016126341904,5.049271689640253,11.267682259215515,1.5983943568284882,-2.895619251164949,0.2033643714121795
1992-08-24 07:00:00,21.59358986941788,-455.3426569400795,20.257696854202067,6.647878056786351,-0.9278978156262344,-1.1691746450427232,-2.1324485227052614
1992-08-24 08:00:00,27.62633883061013,-460.5764014286473,22.494996558782095,1.0227142715330544,1.4415456602785497,-3.176709036758534,0.6592400335199674
1992-08-24 09:00:00,23.504698735032953,-463.3090937825165,13.64663947860597,4.57821112807479,0.0098561529583433,-2.4428820320617404,1.0258001764544298
1992-08-24 10:00:00,31.37927286003397,-446.7641750614518,0.85176667106193,0.5366988835694944,0.9964675845238659,-3.395779179857448,1.9847851019084244
1992-08-24 11:00:00,32.50863748341223,-468.6694835787962,15.92284171396616,16.677513389675518,-1.5679600180733668,-3.586026216694693,-0.05625937480332782
1992-08-24 12:00:00,13.128619612299119,-460.29625115092006,-4.067473351007241,6.1115048456485335,-4.118140752095317,0.6268079777851893,1.317035225000978
1992-08-24 13:00:00,23.937031953280382,-484.1789695542364,-3.2029741626602233,0.7152032886224724,-1.9525878325061492,1.1687632374800472,2.455772043954017
1992-08-24 14:00:00,6.253290339033011,-487.6650066093078,-6.437778331673958,-14.25073201061258,-0.5962207233563627,0.29754514406504673,0.5463031807119565
1992-08-24 15:00:00,15.028920510158773,-507.45990775764983,-11.595022198867131,-0.726941365078984,-3.1874411500684916,1.176878550833891,-0.7986664945850143
1992-08-24 16:00:00,8.626388406910568,-500.0029437336876,-13.438411797130904,7.32486668421118,1.1526853116642468,-0.5283299443519385,-0.6538266800514994
1992-08-24 17:00:00,14.445029998120619,-524.2215188168387,-14.440695368419217,-3.9801541317122435,-3.808219148352411,0.2783630799448533,1.2916668103965807
1992-08-24 18:00:00,24.042112266034508,-499.87339955974693,-21.055215242069252,4.659667352484824,-5.589494145631202,2.0495353389834357,-0.6975376807269649
1992-08-24 19:00:00,4.281617718115728,-515.4849717881605,-8.211049954798785,6.054153552383134,-1.527428240022573,-0.4059148387889112,0.18184026205385861
1992-08-24 20:00:00,26.169886470246002,-496.45329431015887,-5.892880412848246,-16.857605161529868,-1.0491515650296908,-0.4121675668408423,-2.6407663471003167
1992-08-24 21:00:00,22.507602540355347,-489.571807584489,5.922731999182633,-4.113084501302836,-0.7084885187261185,0.6880320597644871,-2.2018422687623787
1992-08-24 22:00:00,18.487439289080925,-476.62404909782254,-1.641857327094943,5.612915074729061,1.7532276731409688,1.8086865019056222,0.6943595589871836
1992-08-24 23:00:00,13.062503529953654,-478.72960265129325,-3.121943830059265,12.900281233675262,-2.4889570904805427,0.5429032425282838,-1.1773589891111647
1992-08-25 00:00:00,16.686304646977582,-475.8591845439202,8.189528101348113,6.663510707129382,-2.1292369007182357,-1.656802749223252,-0.6358907495669457
1992-08-25 01:00:00,26.349972263771896,-427.40434785293075,6.984183742363354,23.23664795168443,-2.496031277231304,-2.851175944112053,1.1884523892425671
1992-08-25 02:00:00,13.906912050147376,-433.1721205180998,-2.3882246588896683,-5.290372397401812,-0.03925786141823118,-0.8618104496246228,1.5373887043660162
1992-08-25 03:00:00,21.16219528228476,-440.4979710478754,10.920234205564764,7.008187146877504,-0.734159063229847,-1.4011573975783673,2.1012902204599313
1992-08-25 04:00:00,9.064622931258397,-456.3126023461391,25.040867308605524,15.779843378867,3.2999662902092153,-1.1665879673744957,0.07461007766188499
1992-08-25 05:00:00,18.371619429868474,-430.1614987708673,14.179184529202914,3.543005878641133,1.5933688093421194,-1.5704716076756482,1.5986736714682888
1992-08-25 06:00:00,23.59436672553235,-449.34120344313953,26.675251523978012,21.558540575416757,-0.6071727908517899,-2.468541248072604,-0.7548089567368443
1992-08-25 07:00:00,19.902063956710858,-422.23187771219995,18.227246936026926,7.122938652630494,-2.9793573183344284,-0.46629661199073985,2.664363365146282
1992-08-25 08:00:00,5.212648636179036,-442.9348263436946,12.426113172971599,3.0754026694786543,1.9405713386472385,0.49895190985334964,-0.213241718904476
1992-08-25 09:00:00,35.77409176940323,-444.6452419528908,29.62222779269524,4.220241155062739,0.4943359301879882,-3.4154620408012524,-2.6309595920744666
1992-08-25 10:00:00,10.521492436479678,-422.37809254620004,7.983979667716701,19.671807899003824,-1.0023381356044299,0.38134045983586873,1.2382889112456272
1992-08-25 11:00:00,20.453967442868315,-435.36063969436805,8.466396684837362,-5.39753266723999,-1.4607656746674413,-2.4361116807951535,0.3900591541251731
1992-08-25 12:00:00,9.944883400905798,-454.6270664631892,18.57363781464859,4.889611202284464,-1.6137421343958238,-0.880551952073553,-0.5306346298814334
1992-08-25 13:00:00,30.091003371815187,-472.3582413495048,-5.852979281992381,11.283637532599265,1.6681306382529777,1.911711729971112,-2.6896777122074402
1992-08-25 14:00:00,19.297511109403462,-493.25084083946155,-0.9483116707852086,7.774385825244645,0.4720637264947325,-1.0053022969024015,-1.7667642761659652
1992-08-25 15:00:00,31.006833621091385,-466.29416677244745,5.05074098680516,-9.073059704442395,-2.6787732789759127,2.025936846776618,-2.9146951551817004
1992-08-25 16:00:00,18.61725610495216,-485.42012075704565,-5.298729049048412,-8.351433166070883,-2.1321090516563377,1.2550716823505166,1.3549242452666572
1992-08-25 17:00:00,10.348466207522321,-487.668171038906,9.000577031580764,-4.718157348112534,-2.459183255062708,-0.8513210211079907,0.5433615350415015
1992-08-25 18:00:00,33.58112961262706,-517.8013831681412,-13.096094567977755,-1.413557473764136,-0.2373050550713134,0.7970954794855066,-3.317439275082006
1992-08-25 19:00:00,23.21326613719612,-501.7748021882908,-9.508591158322353,1.0650727433452751,-4.20865034440825,2.204621184377678,-0.40880920638033036
1992-08-25 20:00:00,34.96751840241538,-511.4064203754154,0.5677517891936875,-13.09168864746627,-4.02774545393879,3.2001320021122703,2.182519086925373
1992-08-25 21:00:00,6.338837229500768,-474.9612370783111,3.297113280958214,-16.151980906136963,-3.8554055941921304,-0.04219674141296373,0.5326132248563132
1992-08-25 22:00:00,36.49662588612171,-470.79034894846905,2.5359580656986735,4.910352073339543,-1.6582107728532431,-0.44436919992743934,-4.3227950709021945
1992-08-25 23:00:00,21.086256412671798,-488.43841787123904,1.8094736012640533,0.7114949854191659,1.8742704233934229,-0.3912267992508774,2.121308638590846
1992-08-26 00:00:00,5.249077547364065,-453.34788043166805,9.976032390924995,2.253791426917753,-0.1852119893305461,-0.14605440470453787,-0.5580785399298613
1992-08-26 01:00:00,46.621374513487545,-457.37878793106046,2.39605930669503,18.244715443171906,1.7589765970114215,-4.39608185251332,3.073850337350631
1992-08-26 02:00:00,20.422215906429088,-472.49096497792243,19.93585943907603,-1.9266164375926638,1.473159370740851,0.843326358644578,1.9746767338653355
1992-08-26 03:00:00,3.478221065688337,-421.1122120990504,10.801108229451403,1.5420985017817634,1.6609748268908433,0.008717784407339182,0.4035668049537431
1992-08-26 04:00:00,9.348494433807826,-394.7092532138675,16.615563940991336,10.84083561207268,1.8945855410011603,-1.1628315349254625,0.4242552993688413
1992-08-26 05:00:00,21.5234388065832,-429.35882280989546,9.43027982331478,5.414215911924109,0.806669472568299,-2.5323699781512445,-1.0892686094691437
1992-08-26 06:00:00,34.14891867340365,-408.41601609303456,36.09920682108507,10.96358240501187,1.9263189606739848,-3.967152142106383,1.679334993254617
1992-08-26 07:00:00,15.931803609892093,-418.474141509142,19.324666432662127,11.957511598887248,1.0067789719107205,-1.9434633747171892,0.11725030266569178
1992-08-26 08:00:00,12.41066669627005,-426.4228319272823,32.43346464562844,-4.371084485182098,0.5431615815802308,-1.2279977747400708,0.8462363327660565
1992-08-26 09:00:00,20.910072602962103,-392.35467773544514,14.54750920835965,4.069159301274408,1.7908541260232946,2.6440861690765796,1.2497209006046364
1992-08-26 10:00:00,12.568374181666888,-447.4669726836266,26.233760748787454,1.2858682813077222,1.8918128514931576,1.293264826174619,-0.029379383818776028
1992-08-26 11:00:00,7.641372533018222,-426.2729812380104,33.20101610745481,8.678808215876485,0.5538938164300621,0.8459297949947806,0.10195414374650691
1992-08-26 12:00:00,5.945472607984618,-462.7155146693809,19.278348882827885,-3.648668743164123,0.9588618768589787,0.005252753226374585,-0.6449400756136133
1992-08-26 13:00:00,9.495708222258942,-466.65572140419556,19.51961655203303,2.1665375934343416,1.5875669407388444,0.4047323719314803,-0.9082506735246535
1992-08-26 14:00:00,39.29398166154556,-445.999465314873,8.387951691432415,3.143443893367417,0.042053322797469816,3.917646632026113,2.734777543933202
1992-08-26 15:00:00,13.619594689872624,-477.210488829549,0.1591213403564451,-2.452813044308252,0.9274187898649386,-0.8117350201846005,-1.3911537781224816
1992-08-26 16:00:00,15.68374654102219,-466.71812359098647,1.9502822377855171,-19.586007219115615,1.1194398553139142,1.2591523893048908,-1.2349994799283244
1992-08-26 17:00:00,25.147128331356914,-476.9856546160932,-13.558612902135105,-2.8938679396861353,0.6633129455866305,1.101425704296597,-2.392410298341673
1992-08-26 18:00:00,17.513881222326532,-466.08053937705256,-5.994191991337808,-12.429519795589759,-2.4225331461621034,0.9794964016802077,-1.6477690651957844
1992-08-26 19:00:00,17.308063117227878,-478.62662365877367,0.2158636664807254,-9.965083108657986,-1.142099583926357,1.3688491539004821,-1.2401277868694582
1992-08-26 20:00:00,5.1096613847239505,-456.98262497875857,-21.228735636966697,-22.95776947152307,0.6632973178904956,0.5096208531589383,-0.2528625123042715
1992-08-26 21:00:00,16.316143996753564,-472.68495454119795,8.58644301721407,-2.8276215249262058,2.917741100138,-0.6960333969556549,1.618892555147318
1992-08-26 22:00:00,22.97116277715122,-452.57921914894274,11.204061127601546,-11.32238994088801,0.9626117933244948,2.5543540869023733,-0.9037283517518577
1992-08-26 23:00:00,10.855748937704195,-449.59485540825847,-2.206219670036446,-8.263284010242268,0.772454898242195,-0.5998036731860559,-1.1020327362083924
1992-08-27 00:00:00,13.505786156763133,-452.95841683367405,20.27812959776997,-0.07224504790351238,-1.1226851105869193,-1.5848941451485505,0.07743016946293545
1992-08-27 01:00:00,11.210496403618773,-448.3129574135858,14.020863765773086,-7.783768175972883,1.852225699569476,1.1731110079338412,-0.32587257869625913
1992-08-27 02:00:00,18.703248289331285,-429.5007191492478,22.24207622428753,1.2559492970566346,1.3514257788393467,2.062640432098868,-0.44191901896605623
1992-08-27 03:00:00,18.98415023118725,-449.1713164737863,16.098696752649253,-8.102375973830016,2.3383236266904333,-1.2464994839634094,1.8892654411542293
1992-08-27 04:00:00,21.085009709834733,-373.63381954748814,35.30431482276,10.64050722321953,3.6210586292102787,1.099712444331177,-2.632313035749775
1992-08-27 05:00:00,11.452135390433318,-391.07116338045785,33.180720151170505,6.317961639414889,4.740147810724862,-1.282694760656806,-1.2433676027230902
1992-08-27 06:00:00,17.235182210229485,-396.91742857358133,19.729878610827754,5.649444922357833,1.3008169988897222,-0.9742615640600981,1.9497726083889482
1992-08-27 07:00:00,14.033169169515496,-378.2158692815584,26.711250932107724,13.852318737785657,1.722085047352723,-1.9027240799375216,-0.5812850075750328
1992-08-27 08:00:00,22.02165380660939,-439.6956474199271,25.00023960229124,13.874293163989492,2.397944923032528,0.360094653066662,2.718948254186877
1992-08-27 09:00:00,13.828439390151377,-400.43533457272247,30.192691226205074,-8.267338163614617,2.8854966667147415,0.6716672607962486,-1.4175931556244017
1992-08-27 10:00:00,32.79505152493031,-440.4564228025117,24.90656557118472,10.747643388615085,0.1887547501061302,-1.0942055959127481,3.715462156703277
1992-08-27 11:00:00,18.90779846277238,-418.6842647580819,22.134745902180452,-6.941543609395778,0.9796896948275886,1.6472380916742388,-1.6991675330190348
1992-08-27 12:00:00,27.431338424757104,-432.10563216660483,19.673975809260195,5.963631590818975,2.6898060247387736,-3.4970557471596275,0.5798162257261279
1992-08-27 13:00:00,17.426425773191436,-463.20619026678366,24.461042182897152,-3.2940789678868003,1.512738790993421,-1.2309516713797657,-1.6162996895260777
1992-08-27 14:00:00,12.756412219269638,-435.8631667463734,4.298584151982554,-11.003165664686833,0.7246560037598995,0.5843197862366504,-1.314323981865127
1992-08-27 15:00:00,6.459994078171035,-434.8232489386835,6.344049322181768,-6.204471540418453,0.8470544458448687,0.4978579072163831,0.5517585426871531
1992-08-27 16:00:00,24.277700426362536,-452.39708978474494,11.385160583448492,-21.295239732433544,-2.3350725709904743,-2.39468982021421,1.0854839307392428
1992-08-27 17:00:00,25.878125072315022,-456.67137718803195,6.044760540053934,-10.969374466500252,-0.22358403423050055,1.5395049550870143,-2.711494633068566
1992-08-27 18:00:00,15.093165985906337,-457.7778753768395,14.190218643840897,-1.0104749827763566,-1.9529592797930835,0.642533166389048,-1.545983252642655
1992-08-27 19:00:00,13.245918217705935,-479.1627707975428,22.70001859021238,-10.165067239401335,-0.992769567533327,1.2504370922696992,-0.7009368308687721
1992-08-27 20:00:00,1.0607518253474981,-456.9577667992864,-9.777509997578328,-2.737955303395351,-3.3150396148247063,0.04463047757104943,-0.03063282535718572
1992-08-27 21:00:00,14.164956448381039,-440.72699895939587,-3.7791244985271373,-7.753796144900395,1.1396219140043788,-1.6015558018045162,-0.0694462218518078
1992-08-27 22:00:00,3.2793433765304014,-440.6175773682535,9.365821488876643,-10.577525821351754,-1.8789880330005226,0.12419096851254396,-0.4075303233357422
1992-08-27 23:00:00,13.842591354441847,-414.5590427763578,20.435741048530662,-4.526685018084187,0.3403314862063549,1.2667211383156713,-1.063318053365575
